normalized_keyword,category,keyword_type,doc_count,mention_count,source_type_counts,example_job_ids,example_job_titles,example_evidence
专业,自动短语,auto_phrase,20714,20714,government:20714,job_535b908c4eb6907ae470;job_a71dc03839e31c2bc183;job_a6c1506ba2bf16faac1d,法务管理岗位一级主任科员及以下 | 财务管理岗位一级主任科员及以下 | 工程监理岗位一级主任科员及以下,专业要求：030105民商法、030103宪法学与行政法学、035102法律（法学 | 专业要求：本科：120203K会计学、120204财务管理 | 专业要求：本科：081001土木工程、120103工程管理、120105工程造价
公务员/事业单位,岗位标签,title_or_tag,20714,20714,government:20714,job_535b908c4eb6907ae470;job_a71dc03839e31c2bc183;job_a6c1506ba2bf16faac1d,法务管理岗位一级主任科员及以下 | 财务管理岗位一级主任科员及以下 | 工程监理岗位一级主任科员及以下,公务员/事业单位 | 公务员/事业单位 | 公务员/事业单位
公务员/事业单位岗位,岗位标签,title_or_tag,20714,20714,government:20714,job_535b908c4eb6907ae470;job_a71dc03839e31c2bc183;job_a6c1506ba2bf16faac1d,法务管理岗位一级主任科员及以下 | 财务管理岗位一级主任科员及以下 | 工程监理岗位一级主任科员及以下,公务员/事业单位岗位 | 公务员/事业单位岗位 | 公务员/事业单位岗位
基层工作经历,公务员条件,constraint,20714,20714,government:20714,job_535b908c4eb6907ae470;job_a71dc03839e31c2bc183;job_a6c1506ba2bf16faac1d,法务管理岗位一级主任科员及以下 | 财务管理岗位一级主任科员及以下 | 工程监理岗位一级主任科员及以下,基层工作经历：二年 | 基层工作经历：二年 | 基层工作经历：二年
学位,自动短语,auto_phrase,20714,20714,government:20714,job_535b908c4eb6907ae470;job_a71dc03839e31c2bc183;job_a6c1506ba2bf16faac1d,法务管理岗位一级主任科员及以下 | 财务管理岗位一级主任科员及以下 | 工程监理岗位一级主任科员及以下,学位要求：硕士 | 学位要求：与最高学历相对应的学位 | 学位要求：与最高学历相对应的学位
学历,自动短语,auto_phrase,20714,20714,government:20714,job_535b908c4eb6907ae470;job_a71dc03839e31c2bc183;job_a6c1506ba2bf16faac1d,法务管理岗位一级主任科员及以下 | 财务管理岗位一级主任科员及以下 | 工程监理岗位一级主任科员及以下,学历要求：仅限硕士研究生 | 学历要求：本科或硕士研究生 | 学历要求：本科或硕士研究生
本科,学历要求,constraint,18323,18323,government:18323,job_a71dc03839e31c2bc183;job_a6c1506ba2bf16faac1d;job_32eea5922c9a977f108b,财务管理岗位一级主任科员及以下 | 工程监理岗位一级主任科员及以下 | 服务管理岗位一级主任科员及以下,公务员/事业单位；本科或硕士研究生；与最高学历相对应的学位；本科：120203K会计学、120204财务管理；研究生：120201会计学、1253会计；中央机关及其省级直属机构综合管理类 | 公务员/事业单位；本科或硕士研究生；与最高学历相对应的学位；本科：081001土木工程、120103工程管理、120105工程造价；研究生：125601工程管理、081402结构工程；中央机关及其省级直属机构综合管理类 | 公务员/事业单位；仅限本科；学士；030301社会学、030302社会工作、030306T老年学、030307T社会政策；中央机关及其省级直属机构综合管理类
与最高学历相对应的学位,岗位标签,title_or_tag,17299,17299,government:17299,job_a71dc03839e31c2bc183;job_a6c1506ba2bf16faac1d;job_8ba32d595b01e4981ea6,财务管理岗位一级主任科员及以下 | 工程监理岗位一级主任科员及以下 | 宣传教育岗位一级主任科员及以下,与最高学历相对应的学位 | 与最高学历相对应的学位 | 与最高学历相对应的学位
最高学历相对应的学位,自动短语,auto_phrase,17299,17299,government:17299,job_a71dc03839e31c2bc183;job_a6c1506ba2bf16faac1d;job_8ba32d595b01e4981ea6,财务管理岗位一级主任科员及以下 | 工程监理岗位一级主任科员及以下 | 宣传教育岗位一级主任科员及以下,公务员/事业单位；本科或硕士研究生；与最高学历相对应的学位；本科：120203K会计学、120204财务管理；研究生：120201会计学、1253会计；中央机关及其省级直属机构综合管理类 | 公务员/事业单位；本科或硕士研究生；与最高学历相对应的学位；本科：081001土木工程、120103工程管理、120105工程造价；研究生：125601工程管理、081402结构工程；中央机关及其省级直属机构综合管理类 | 公务员/事业单位；本科或硕士研究生；与最高学历相对应的学位；本科：130309播音与主持艺术；研究生：1301艺术学、1354戏剧与影视（研究生报考本科阶段专业须为130309播音与主持艺术）；中央机关及其省级直属机构综合管理类
行政执法类,岗位标签,title_or_tag,14954,14954,government:14954,job_db8fee6a94a514e20bd8;job_19409795b6db88d2c450;job_a89381302cbbd06e12ca,二处一级警长及以下 | 三处一级警长及以下 | 四处一级警长及以下,行政执法类 | 行政执法类 | 行政执法类
本科及以上,岗位标签,title_or_tag,14123,14123,government:14123,job_870f91162277b82f20a2;job_3c7a3fbdf4df836b0eae;job_a657bf605bf329100618,学员工作二处一级主任科员及以下 | 培训开发处一级主任科员及以下 | 后勤保障处一级主任科员及以下,本科及以上 | 本科及以上 | 本科及以上
市（地）级及以下直属机构综合管理类,岗位标签,title_or_tag,4178,4178,government:4178,job_2b71598604a92528c06d;job_6e76d916f22d8aa23e9f;job_5492c6559f350f7976a9,一处一级主任科员及以下 | 二处一级主任科员及以下 | 三处一级主任科员及以下,市（地）级及以下直属机构综合管理类 | 市（地）级及以下直属机构综合管理类 | 市（地）级及以下直属机构综合管理类
财会审计,自动短语,auto_phrase,3892,3892,government:3892,job_a91c7e51f4f288b8b541;job_c31e62d62e5ff32dde75;job_7f4d7fdd3191d515857f,一级行政执法员（一） | 一级行政执法员（二） | 一级行政执法员（三）,公务员/事业单位；本科及以上；与最高学历相对应的学位；经济学类、财政学类、金融学类、财会审计类、社会保障类；行政执法类 | 公务员/事业单位；本科及以上；与最高学历相对应的学位；经济学类、财政学类、金融学类、财会审计类、社会保障类；行政执法类 | 公务员/事业单位；本科及以上；与最高学历相对应的学位；经济学类、财政学类、金融学类、财会审计类、社会保障类；行政执法类
硕士,学历要求,constraint,3601,3601,government:3601,job_535b908c4eb6907ae470;job_a71dc03839e31c2bc183;job_a6c1506ba2bf16faac1d,法务管理岗位一级主任科员及以下 | 财务管理岗位一级主任科员及以下 | 工程监理岗位一级主任科员及以下,公务员/事业单位；仅限硕士研究生；硕士；030105民商法、030103宪法学与行政法学、035102法律（法学）；中央机关及其省级直属机构综合管理类 | 公务员/事业单位；本科或硕士研究生；与最高学历相对应的学位；本科：120203K会计学、120204财务管理；研究生：120201会计学、1253会计；中央机关及其省级直属机构综合管理类 | 公务员/事业单位；本科或硕士研究生；与最高学历相对应的学位；本科：081001土木工程、120103工程管理、120105工程造价；研究生：125601工程管理、081402结构工程；中央机关及其省级直属机构综合管理类
仅限本科,岗位标签,title_or_tag,3012,3012,government:3012,job_32eea5922c9a977f108b;job_f1d76ce2ae4c10ee8c10;job_670aff4c3ef0fcf0b0de,服务管理岗位一级主任科员及以下 | 行政后勤岗位一级主任科员及以下 | 财务管理岗位一级主任科员及以下,仅限本科 | 仅限本科 | 仅限本科
学士,岗位标签,title_or_tag,2980,2980,government:2980,job_32eea5922c9a977f108b;job_f1d76ce2ae4c10ee8c10;job_670aff4c3ef0fcf0b0de,服务管理岗位一级主任科员及以下 | 行政后勤岗位一级主任科员及以下 | 财务管理岗位一级主任科员及以下,学士 | 学士 | 学士
一级行政执法员（一）,岗位标签,title_or_tag,2508,2508,government:2508,job_2e0415a3f35386878e84;job_dfc20734c71870087a59;job_065aa0cde6a15c8f99ce,一级行政执法员（一） | 一级行政执法员（一） | 一级行政执法员（一）,一级行政执法员（一） | 一级行政执法员（一） | 一级行政执法员（一）
一级行政执法员（二）,岗位标签,title_or_tag,2507,2507,government:2507,job_43f3362a27603c275188;job_cb42e18aa8b97c292c4b;job_cc157196bb79b7f41566,一级行政执法员（二） | 一级行政执法员（二） | 一级行政执法员（二）,一级行政执法员（二） | 一级行政执法员（二） | 一级行政执法员（二）
党员,公务员条件,constraint,2345,2345,government:2345,job_535b908c4eb6907ae470;job_a71dc03839e31c2bc183;job_a6c1506ba2bf16faac1d,法务管理岗位一级主任科员及以下 | 财务管理岗位一级主任科员及以下 | 工程监理岗位一级主任科员及以下,政治面貌：中共党员 | 政治面貌：中共党员 | 政治面貌：中共党员
硕士研究生及以上,岗位标签,title_or_tag,1984,1984,government:1984,job_24413ca4316ed639beea;job_4ccbd49edc20eee515f4;job_56800a149d994d3ed0a2,档案利用岗位一级主任科员及以下 | 综合调研一 | 综合调研二,硕士研究生及以上 | 硕士研究生及以上 | 硕士研究生及以上
一级行政执法员（三）,岗位标签,title_or_tag,1966,1966,government:1966,job_bcf5ac90360d727e8d41;job_33b2321b5fe7c02e21b7;job_7967545d9d24020a47c3,一级行政执法员（三） | 一级行政执法员（三） | 一级行政执法员（三）,一级行政执法员（三） | 一级行政执法员（三） | 一级行政执法员（三）
综合业务部门一级主任科员及以下,岗位标签,title_or_tag,1644,1644,government:1644,job_f75f4eaf2e6de2955836;job_da87a15cb2c5ad8a099c;job_ce084b873951470d690e,综合业务部门一级主任科员及以下 | 综合业务部门一级主任科员及以下 | 综合业务部门一级主任科员及以下,综合业务部门一级主任科员及以下 | 综合业务部门一级主任科员及以下 | 综合业务部门一级主任科员及以下
中央机关及其省级直属机构综合管理类,岗位标签,title_or_tag,1582,1582,government:1582,job_535b908c4eb6907ae470;job_a71dc03839e31c2bc183;job_a6c1506ba2bf16faac1d,法务管理岗位一级主任科员及以下 | 财务管理岗位一级主任科员及以下 | 工程监理岗位一级主任科员及以下,中央机关及其省级直属机构综合管理类 | 中央机关及其省级直属机构综合管理类 | 中央机关及其省级直属机构综合管理类
一级行政执法员（四）,岗位标签,title_or_tag,1393,1393,government:1393,job_5f6ce1b138d1fc7771b9;job_f1ccabbd25090629da96;job_a8b918fe495710378112,一级行政执法员（四） | 一级行政执法员（四） | 一级行政执法员（四）,一级行政执法员（四） | 一级行政执法员（四） | 一级行政执法员（四）
监管,自动短语,auto_phrase,1181,1181,government:1181,job_0efb037a925ee43096de;job_6414d436ad58042e898f;job_70a9f6756259011fe4e0,监管合作一处一级主任科员及以下 | 监管合作二处一级主任科员及以下 | 监管合作四处一级主任科员及以下,监管合作一处一级主任科员及以下 | 监管合作二处一级主任科员及以下 | 监管合作四处一级主任科员及以下
本科或硕士研究生,岗位标签,title_or_tag,1125,1125,government:1125,job_a71dc03839e31c2bc183;job_a6c1506ba2bf16faac1d;job_8ba32d595b01e4981ea6,财务管理岗位一级主任科员及以下 | 工程监理岗位一级主任科员及以下 | 宣传教育岗位一级主任科员及以下,本科或硕士研究生 | 本科或硕士研究生 | 本科或硕士研究生
审计,自动短语,auto_phrase,990,990,government:990,job_045682485f49d7ef8736;job_856fb09dabc279b66937;job_45c5b706971309e12062,财务管理处一级主任科员及以下 | 业务处室一级主任科员及以下（四） | 一级主任科员及以下,公务员/事业单位；硕士研究生及以上；与最高学历相对应的学位；1202工商管理学（会计学、审计学）、1253会计、1257审计；中央机关及其省级直属机构综合管理类 | 公务员/事业单位；硕士研究生及以上；与最高学历相对应的学位；财务管理、会计、审计；中央机关及其省级直属机构综合管理类 | 公务员/事业单位；硕士研究生及以上；与最高学历相对应的学位；本科：会计学、财政学（020201K）、审计学 研究生：会计学、会计、财政学、审计；中央机关及其省级直属机构综合管理类
财务管理,项目管理,auto_phrase,967,967,government:967,job_a71dc03839e31c2bc183;job_670aff4c3ef0fcf0b0de;job_06ec7125f573563c3a33,财务管理岗位一级主任科员及以下 | 财务管理岗位一级主任科员及以下 | 财务管理岗位一级主任科员及以下,财务管理岗位一级主任科员及以下 | 财务管理岗位一级主任科员及以下 | 财务管理岗位一级主任科员及以下
主要从事金融非现场监管,自动短语,auto_phrase,964,964,government:964,job_25ff419b13a89fe21175;job_6a9aa9cf9011806080c0;job_191615a1a88a69dfcd52,监管部门一级主任科员及以下 | 监管部门一级主任科员及以下 | 监管部门一级主任科员及以下,职位简介：主要从事金融非现场监管、现场检查及其他金融监管工作 | 职位简介：主要从事金融非现场监管、现场检查及其他金融监管工作 | 职位简介：主要从事金融非现场监管、现场检查及其他金融监管工作
现场检查及其他金融监管,自动短语,auto_phrase,964,964,government:964,job_25ff419b13a89fe21175;job_6a9aa9cf9011806080c0;job_191615a1a88a69dfcd52,监管部门一级主任科员及以下 | 监管部门一级主任科员及以下 | 监管部门一级主任科员及以下,职位简介：主要从事金融非现场监管、现场检查及其他金融监管工作 | 职位简介：主要从事金融非现场监管、现场检查及其他金融监管工作 | 职位简介：主要从事金融非现场监管、现场检查及其他金融监管工作
监管部门一级主任科员及以下,岗位标签,title_or_tag,963,963,government:963,job_25ff419b13a89fe21175;job_6a9aa9cf9011806080c0;job_191615a1a88a69dfcd52,监管部门一级主任科员及以下 | 监管部门一级主任科员及以下 | 监管部门一级主任科员及以下,监管部门一级主任科员及以下 | 监管部门一级主任科员及以下 | 监管部门一级主任科员及以下
一级行政执法员（五）,岗位标签,title_or_tag,944,944,government:944,job_0057ca85234a270829c6;job_e329ba65b4feef898a5d;job_0c0b4406ed074f63dd5f,一级行政执法员（五） | 一级行政执法员（五） | 一级行政执法员（五）,一级行政执法员（五） | 一级行政执法员（五） | 一级行政执法员（五）
自动化,自动短语,auto_phrase,843,843,government:843,job_7c33ce2102dc38bcc63c;job_dc90aee72a887b92868c;job_9b996f716008678072eb,监管四级主办及以下 | 科技管理（机械自动化类）二级主办及以下 | 科技管理（机械自动化类）二级主办及以下（一）,公务员/事业单位；本科或硕士研究生；与最高学历相对应的学位；机械类、仪器类、自动化、控制科学与工程；行政执法类 | 公务员/事业单位；本科及以上；与最高学历相对应的学位；本科：机械工程、机械设计制造及其自动化、机械电子工程、车辆工程、电气工程及其自动化、自动化、智能装备与系统、工业智能、电子信息工程、电子科学与技术；研究生：机械制造及其自动化、控制科学与工程、机械工程、电气工程、控制工程；行政执法类 | 公务员/事业单位；本科及以上；与最高学历相对应的学位；本科：机械工程、机械设计制造及其自动化、机械电子工程、车辆工程、电气工程及其自动化、自动化、智能装备与系统、工业智能、电子信息工程、电子科学与技术；研究生：机械制造及其自动化、控制科学与工程、机械工程、电气工程、控制工程；行政执法类
经济学类、财政学类、财会审计类,岗位标签,title_or_tag,759,759,government:759,job_ee22717a704c081f661b;job_fd8a12d526c679b4013d;job_9eb1902bfd57db97467a,一级行政执法员（五） | 一级行政执法员（六） | 一级行政执法员,经济学类、财政学类、财会审计类 | 经济学类、财政学类、财会审计类 | 经济学类、财政学类、财会审计类
英语相关专业,硬约束,auto_phrase,667,667,government:667,job_8f382ec127181379e3f7;job_c5f61b2628fe5e6debc2;job_01e7e2a360b0ee7d8b1a,一级行政执法员（六） | 一级行政执法员（七） | 一级行政执法员（五）,英语相关专业 | 公务员/事业单位；本科及以上；与最高学历相对应的学位；经济学类、财政学类、金融学类、工商管理类、社会保障类、数学类、统计学类、计算机类、电子信息类、法学类、中国语言文学类、英语相关专业；行政执法类 | 公务员/事业单位；本科及以上；与最高学历相对应的学位；经济学类、财政学类、金融学类、工商管理类、社会保障类、数学类、统计学类、计算机类、电子信息类、法学类、中国语言文学类、英语相关专业；行政执法类
一级行政执法员（六）,岗位标签,title_or_tag,579,579,government:579,job_3879395c9e49dd52af83;job_0dc06a8d6e2b2ee2fee3;job_d72b325499a1fdc8db13,一级行政执法员（六） | 一级行政执法员（六） | 一级行政执法员（六）,一级行政执法员（六） | 一级行政执法员（六） | 一级行政执法员（六）
国际贸易等专业,自动短语,auto_phrase,524,524,government:524,job_7f3c73cf080aa00d942a;job_4c1a1edc823d91d2596d;job_e2988a1d66f089d44f76,综合业务部门一级主任科员及以下 | 综合业务部门一级主任科员及以下 | 综合业务部门一级主任科员及以下,公务员/事业单位；硕士研究生及以上；与最高学历相对应的学位；大学本科为理工科专业，研究生为经济金融类专业（不含统计、国际商务、资产评估、经济与贸易类、国际贸易等专业）；中央机关及其省级直属机构综合管理类 | 公务员/事业单位；硕士研究生及以上；与最高学历相对应的学位；经济金融类（不含统计、国际商务、资产评估、经济与贸易类、国际贸易等专业）；中央机关及其省级直属机构综合管理类 | 公务员/事业单位；本科及以上；与最高学历相对应的学位；经济金融类（不含统计、国际商务、资产评估、经济与贸易类、国际贸易等专业）；市（地）级及以下直属机构综合管理类
法律,自动短语,auto_phrase,518,518,government:518,job_a31d034c3d461c470109;job_4a05c697c59f83a3603b;job_4788de7e64d6488fb0d5,一级主任科员及以下 | 一级主任科员及以下 | 会员工作处一级主任科员及以下,公务员/事业单位；硕士研究生及以上；与最高学历相对应的学位；法学、法律、国际法、国际法学、经济学（020101）、应用经济学、应用统计学、应用统计；中央机关及其省级直属机构综合管理类 | 公务员/事业单位；硕士研究生及以上；与最高学历相对应的学位；思想政治教育、汉语言文学、法学、法律、审计学、审计、内部审计；中央机关及其省级直属机构综合管理类 | 公务员/事业单位；硕士研究生及以上；与最高学历相对应的学位；法学0301、马克思主义理论0305、法律 0351、工商管理学1202、公共管理学1204；中央机关及其省级直属机构综合管理类
财政学类、财会审计类,岗位标签,title_or_tag,502,502,government:502,job_fd70b924891bcf3141d5;job_aa4f4fe5ddff5273060a;job_72479179f0aee7395ae2,第一稽查局一级行政执法员（三） | 中国（辽宁）自由贸易试验区营口片区税务分局一级行政执法员（二） | 辽宁（营口）沿海产业基地税务分局一级行政执法员,财政学类、财会审计类 | 财政学类、财会审计类 | 财政学类、财会审计类
经济金融类（不含统计、国际商务、资产评估、经济与贸易类、国际贸易等专业）,岗位标签,title_or_tag,496,496,government:496,job_4c1a1edc823d91d2596d;job_e2988a1d66f089d44f76;job_5f131208ef1e584ff28c,综合业务部门一级主任科员及以下 | 综合业务部门一级主任科员及以下 | 综合业务部门一级主任科员及以下,经济金融类（不含统计、国际商务、资产评估、经济与贸易类、国际贸易等专业） | 经济金融类（不含统计、国际商务、资产评估、经济与贸易类、国际贸易等专业） | 经济金融类（不含统计、国际商务、资产评估、经济与贸易类、国际贸易等专业）
法学类、中国语言文学类、新闻传播学类,岗位标签,title_or_tag,466,466,government:466,job_44148b332370376a8d9a;job_bf79abe276b5b38e07c2;job_0e7a8c83969da0803e52,一级行政执法员（三） | 一级行政执法员（三） | 一级行政执法员（一）,法学类、中国语言文学类、新闻传播学类 | 法学类、中国语言文学类、新闻传播学类 | 法学类、中国语言文学类、新闻传播学类
财政学类、金融学类、财会审计类,岗位标签,title_or_tag,425,425,government:425,job_c1920b72cc681a3d5967;job_5aed672c20fa62e0c0f4;job_06ddc431730bafb0949c,一级行政执法员（三） | 一级行政执法员（四） | 一级行政执法员（一）,财政学类、金融学类、财会审计类 | 财政学类、金融学类、财会审计类 | 财政学类、金融学类、财会审计类
仅限硕士研究生,岗位标签,title_or_tag,424,424,government:424,job_535b908c4eb6907ae470;job_0f5d58f012916cd0e65f;job_b36dbb84aa53a899a308,法务管理岗位一级主任科员及以下 | 文秘岗位一级主任科员及以下 | 党务岗位一级主任科员及以下,仅限硕士研究生 | 仅限硕士研究生 | 仅限硕士研究生
电子信息类、计算机类,岗位标签,title_or_tag,409,409,government:409,job_34f8b3261969e31072a2;job_f1b92a69f67ad9ba6544;job_97bdc6053fe67fc245f0,第一税务分局（重点税源企业税收服务和管理局）一级行政执法员（一） | 第一税务分局（重点税源企业税收服务和管理局）一级行政执法员（二） | 一级行政执法员,电子信息类、计算机类 | 电子信息类、计算机类 | 电子信息类、计算机类
一级行政执法员,岗位标签,title_or_tag,398,398,government:398,job_ede35fbd46876eb771c4;job_df7759d625c383b4a02b;job_320e9b405f49b9b98bce,一级行政执法员 | 一级行政执法员 | 一级行政执法员,一级行政执法员 | 一级行政执法员 | 一级行政执法员
信息安全,安全,technology,371,371,government:371,job_30eff744a87ebc76cdf1;job_b3591e110f2298bdfb87;job_bee8ae1da60fb339c68b,一处一级警长及以下 | 二处一级警长及以下 | 三处一级警长及以下,公务员/事业单位；仅限硕士研究生；硕士；0812计算机科学与技术、0854电子信息（计算机技术、软件工程、人工智能、大数据技术与工程、网络与信息安全）、0835软件工程、0839网络空间安全；行政执法类 | 公务员/事业单位；硕士研究生及以上；与最高学历相对应的学位；0812计算机科学与技术、0854电子信息（计算机技术、软件工程、人工智能、大数据技术与工程、网络与信息安全）、0835软件工程、0839网络空间安全；行政执法类 | 公务员/事业单位；仅限硕士研究生；硕士；0812计算机科学与技术、0854电子信息（计算机技术、软件工程、人工智能、大数据技术与工程、网络与信息安全）、0835软件工程、0839网络空间安全；行政执法类
数学类、统计学类、电子信息类、计算机类,岗位标签,title_or_tag,354,354,government:354,job_af7166719de6d065382d;job_6c0ef0a42891c7178a39;job_53fd03b3de81c2cad961,第二税务分局（税收大数据和风险管理局）一级主管及以下（一） | 第二税务分局（税收大数据和风险管理局）一级主管及以下（二） | 第二税务分局（税收大数据和风险管理局）一级主管及以下（三）,数学类、统计学类、电子信息类、计算机类 | 数学类、统计学类、电子信息类、计算机类 | 数学类、统计学类、电子信息类、计算机类
从事海关口岸一线监管,自动短语,auto_phrase,340,340,government:340,job_ba545f4d808474191b0d;job_7c33ce2102dc38bcc63c;job_636aa02c840b3b395cf4,科技管理（统计分析应用类）四级主办及以下 | 监管四级主办及以下 | 科技管理（电子信息化类）四级主办及以下,职位简介：从事海关口岸一线监管及智慧海关建设工作 | 职位简介：从事海关口岸一线监管、货物查验工作 | 职位简介：从事海关口岸一线监管及智慧海关建设工作
一级行政执法员（七）,岗位标签,title_or_tag,328,328,government:328,job_b76b883e3159603748a2;job_efc2f46445aff8131d7e;job_d2f681274dfa26252472,一级行政执法员（七） | 一级行政执法员（七） | 一级行政执法员（七）,一级行政执法员（七） | 一级行政执法员（七） | 一级行政执法员（七）
经济学类、财政学类、金融学类、财会审计类,岗位标签,title_or_tag,312,312,government:312,job_bfbacd9ddc4baa6ee700;job_906697a810db4a79e6a8;job_56b96c731db3516052e6,一级行政执法员（一） | 一级行政执法员（二） | 一级行政执法员（一）,经济学类、财政学类、金融学类、财会审计类 | 经济学类、财政学类、金融学类、财会审计类 | 经济学类、财政学类、金融学类、财会审计类
主要从事金融监管法律,自动短语,auto_phrase,300,300,government:300,job_9357a4041cfa2fd2f661;job_9336751ff85e0d5dcc4c;job_1bf81fa78997013acbdc,法规部门一级主任科员及以下 | 法规部门一级主任科员及以下 | 法规部门一级主任科员及以下,职位简介：主要从事金融监管法律法规事务工作 | 职位简介：主要从事金融监管法律法规事务工作 | 职位简介：主要从事金融监管法律法规事务工作
法规部门一级主任科员及以下,岗位标签,title_or_tag,299,299,government:299,job_9357a4041cfa2fd2f661;job_9336751ff85e0d5dcc4c;job_1bf81fa78997013acbdc,法规部门一级主任科员及以下 | 法规部门一级主任科员及以下 | 法规部门一级主任科员及以下,法规部门一级主任科员及以下 | 法规部门一级主任科员及以下 | 法规部门一级主任科员及以下
数学类、统计学类,岗位标签,title_or_tag,279,279,government:279,job_9452289ff6c47c2de4d7;job_29d235bccf59f2de9869;job_a75699191b7b9c56a589,一级行政执法员（七） | 一级行政执法员（四） | 一级行政执法员（三）,数学类、统计学类 | 数学类、统计学类 | 数学类、统计学类
会计、财务管理、审计,岗位标签,title_or_tag,278,278,government:278,job_f04bb2bc6df69c3fd33d;job_e872f21ad781fdc2dae3;job_7357df2188d4c458bf94,综合业务部门一级主任科员及以下 | 综合业务部门一级主任科员及以下 | 综合业务部门一级主任科员及以下,会计、财务管理、审计 | 会计、财务管理、审计 | 会计、财务管理、审计
数学类、统计学类、计算机类,岗位标签,title_or_tag,227,227,government:227,job_7c5b7415e1d4ad053eed;job_ac0042ec1ca91b36b78b;job_f12b43c756de552eb9b4,一级行政执法员（六） | 一级行政执法员（六） | 一级行政执法员（三）,数学类、统计学类、计算机类 | 数学类、统计学类、计算机类 | 数学类、统计学类、计算机类
海关业务二级主办及以下,岗位标签,title_or_tag,225,225,government:225,job_0ee6e5f8f4fe4310544a;job_c10fdcd4a3c08e66c2d6;job_3e7e0bd1c98af4b4f98f,海关业务二级主办及以下 | 海关业务二级主办及以下 | 海关业务二级主办及以下,海关业务二级主办及以下 | 海关业务二级主办及以下 | 海关业务二级主办及以下
海关管理、海关检验检疫安全、海关稽查,岗位标签,title_or_tag,224,224,government:224,job_0ee6e5f8f4fe4310544a;job_c10fdcd4a3c08e66c2d6;job_3e7e0bd1c98af4b4f98f,海关业务二级主办及以下 | 海关业务二级主办及以下 | 海关业务二级主办及以下,海关管理、海关检验检疫安全、海关稽查 | 海关管理、海关检验检疫安全、海关稽查 | 海关管理、海关检验检疫安全、海关稽查
主要从事相关金融法律,自动短语,auto_phrase,221,221,government:221,job_da87a15cb2c5ad8a099c;job_b8341acfe979142498d7;job_579df44161bd17dc98d5,综合业务部门一级主任科员及以下 | 综合业务部门一级主任科员及以下 | 综合业务部门一级主任科员及以下,职位简介：主要从事相关金融法律法规事务、综合管理等工作 | 职位简介：主要从事相关金融法律法规事务、综合管理等工作 | 职位简介：主要从事相关金融法律法规事务、综合管理等工作
主要从事金融信息科技风险监管,自动短语,auto_phrase,220,220,government:220,job_dc3fc86cb9837606f7c2;job_d05267b2150a14045fdc;job_611cc44b0b60d5e2abe9,科技部门一级主任科员及以下 | 科技部门一级主任科员及以下 | 科技部门一级主任科员及以下,职位简介：主要从事金融信息科技风险监管、电子设备软硬件管理及信息系统运行维护等工作 | 职位简介：主要从事金融信息科技风险监管、电子设备软硬件管理及信息系统运行维护等工作 | 职位简介：主要从事金融信息科技风险监管、电子设备软硬件管理及信息系统运行维护等工作
科技部门一级主任科员及以下,岗位标签,title_or_tag,219,219,government:219,job_dc3fc86cb9837606f7c2;job_d05267b2150a14045fdc;job_611cc44b0b60d5e2abe9,科技部门一级主任科员及以下 | 科技部门一级主任科员及以下 | 科技部门一级主任科员及以下,科技部门一级主任科员及以下 | 科技部门一级主任科员及以下 | 科技部门一级主任科员及以下
人工智能,AI与大模型,technology,206,206,government:206,job_77b114a3964bb88abc12;job_f10c5cbc5d9903270cee;job_50e38fe1c0354f912bf0,技能培训与技术创新处一级主任科员及以下 | 科创服务处一级主任科员及以下 | 一级主任科员及以下,有较强的数智化素养和人工智能应用能力 | 公务员/事业单位；本科及以上；与最高学历相对应的学位；本科：0701数学类、0702物理学类、0703化学类、0809计算机类、080717T人工智能；研究生：0701数学、0712科学技术史、0714统计学；中央机关及其省级直属机构综合管理类 | 公务员/事业单位；硕士研究生及以上；与最高学历相对应的学位；计算机科学与技术、新能源汽车工程、机器人工程、人工智能、智能科学与技术、控制科学与工程、精密仪器、精密仪器及机械；中央机关及其省级直属机构综合管理类
经济学类、财政学类、金融学类、经济与贸易类、财会审计类,岗位标签,title_or_tag,202,202,government:202,job_34ae55844a69e074a124;job_96a62985f97a24bac54f;job_5db58ffd0070d2fb16a3,第二稽查局一级行政执法员 | 第三稽查局一级行政执法员 | 一级行政执法员（三）,经济学类、财政学类、金融学类、经济与贸易类、财会审计类 | 经济学类、财政学类、金融学类、经济与贸易类、财会审计类 | 经济学类、财政学类、金融学类、经济与贸易类、财会审计类
一级行政执法员（八）,岗位标签,title_or_tag,191,191,government:191,job_4747c7b0736e687f3b7b;job_72bda20fbb0fdf584168;job_77c1d9342b86847f0d88,一级行政执法员（八） | 一级行政执法员（八） | 一级行政执法员（八）,一级行政执法员（八） | 一级行政执法员（八） | 一级行政执法员（八）
事内部财会管理工作及相关监管,项目管理,auto_phrase,190,190,government:190,job_823de308631e6adf0696;job_87d3d0ed48bab4899846;job_c7fa49e7084c0e1c0dae,财会部门一级主任科员及以下 | 财会部门一级主任科员及以下 | 财会部门一级主任科员及以下,职位简介：主要从事内部财会管理工作及相关监管工作 | 职位简介：主要从事内部财会管理工作及相关监管工作 | 职位简介：主要从事内部财会管理工作及相关监管工作
财会部门一级主任科员及以下,岗位标签,title_or_tag,189,189,government:189,job_823de308631e6adf0696;job_87d3d0ed48bab4899846;job_c7fa49e7084c0e1c0dae,财会部门一级主任科员及以下 | 财会部门一级主任科员及以下 | 财会部门一级主任科员及以下,财会部门一级主任科员及以下 | 财会部门一级主任科员及以下 | 财会部门一级主任科员及以下
数学、统计,岗位标签,title_or_tag,170,170,government:170,job_32111de4aa24ae341d28;job_8416ca64ddfe2ac775ee;job_dc3c9ecd6bffa4921149,综合业务部门一级主任科员及以下 | 综合业务部门一级主任科员及以下 | 综合业务部门一级主任科员及以下,数学、统计 | 数学、统计 | 数学、统计
经济学类、金融学类,岗位标签,title_or_tag,156,156,government:156,job_f3159e6f42c6cbb89ca2;job_2e70add5cd4cb2ec4420;job_430af2cfe19c03a919ed,一级行政执法员（六） | 一级行政执法员（四） | 一级行政执法员（三）,经济学类、金融学类 | 经济学类、金融学类 | 经济学类、金融学类
以本科专业,硬约束,auto_phrase,154,154,government:154,job_efb982085425b8f13bab;job_4b10b264755f464f3858;job_1772870bfdcaab0a7fc5,财会部门一级主任科员及以下 | 法规部门一级主任科员及以下 | 统计信息部门一级主任科员及以下,公务员/事业单位；本科及以上；与最高学历相对应的学位；以本科专业报考：120203K会计学、120204财务管理、120207审计学；以研究生专业报考：1202工商管理学（会计学、财务管理、审计学）、1253会计、1257审计；市（地）级及以下直属机构综合管理类 | 公务员/事业单位；本科及以上；与最高学历相对应的学位；以本科专业报考：法学类；以研究生专业报考：0301法学、0351法律；市（地）级及以下直属机构综合管理类 | 公务员/事业单位；本科及以上；与最高学历相对应的学位；以本科专业报考：计算机类；以研究生专业报考：0812计算机科学与技术；市（地）级及以下直属机构综合管理类
以研究生专业,自动短语,auto_phrase,154,154,government:154,job_efb982085425b8f13bab;job_4b10b264755f464f3858;job_1772870bfdcaab0a7fc5,财会部门一级主任科员及以下 | 法规部门一级主任科员及以下 | 统计信息部门一级主任科员及以下,公务员/事业单位；本科及以上；与最高学历相对应的学位；以本科专业报考：120203K会计学、120204财务管理、120207审计学；以研究生专业报考：1202工商管理学（会计学、财务管理、审计学）、1253会计、1257审计；市（地）级及以下直属机构综合管理类 | 公务员/事业单位；本科及以上；与最高学历相对应的学位；以本科专业报考：法学类；以研究生专业报考：0301法学、0351法律；市（地）级及以下直属机构综合管理类 | 公务员/事业单位；本科及以上；与最高学历相对应的学位；以本科专业报考：计算机类；以研究生专业报考：0812计算机科学与技术；市（地）级及以下直属机构综合管理类
财政学类、财会审计类、社会保障类,岗位标签,title_or_tag,152,152,government:152,job_94228ad77a25fe26c0b5;job_51360aca825281e608b3;job_01e48cb17afe7f291101,一级行政执法员（一） | 一级行政执法员（二） | 一级行政执法员（一）,财政学类、财会审计类、社会保障类 | 财政学类、财会审计类、社会保障类 | 财政学类、财会审计类、社会保障类
法学类,岗位标签,title_or_tag,150,150,government:150,job_bcf5ac90360d727e8d41;job_cb42e18aa8b97c292c4b;job_f1ccabbd25090629da96,一级行政执法员（三） | 一级行政执法员（二） | 一级行政执法员（四）,法学类 | 法学类 | 法学类
中国语言文学类、新闻传播学类,岗位标签,title_or_tag,144,144,government:144,job_25177ef4b7247d41921f;job_473a519b920fc54b1129;job_8558bbc9d6e4c7fe565b,综合业务部门一级主任科员及以下 | 综合业务部门一级主任科员及以下 | 综合业务部门一级主任科员及以下,中国语言文学类、新闻传播学类 | 中国语言文学类、新闻传播学类 | 中国语言文学类、新闻传播学类
0351法律,自动短语,auto_phrase,142,142,government:142,job_05b3e96511d1be2a8ee8;job_ec9272947caceb4c1929;job_d34fb041c29d8ad68fc8,综合业务处一级主任科员及以下 | 综合业务处一级主任科员及以下 | 三处一级主任科员及以下,公务员/事业单位；硕士研究生及以上；与最高学历相对应的学位；0202应用经济学、0251金融、0301法学、0351法律；中央机关及其省级直属机构综合管理类 | 公务员/事业单位；硕士研究生及以上；与最高学历相对应的学位；0202应用经济学、0251金融、0301法学、0305马克思主义理论、0307中共党史党建学、0351法律、1201管理科学与工程、1202工商管理学、1204公共管理学、1251工商管理、1252公共管理；中央机关及其省级直属机构综合管理类 | 公务员/事业单位；硕士研究生及以上；与最高学历相对应的学位；020101政治经济学、0303社会学、0351法律、0401教育学、0402心理学、0501中国语言文学、0701数学、1204 公共管理学、0702 物理学、0771心理学；中央机关及其省级直属机构综合管理类
一级主任科员及以下,岗位标签,title_or_tag,142,142,government:142,job_45c5b706971309e12062;job_59a8b63b195745d492d6;job_f61e768330c98751df8f,一级主任科员及以下 | 一级主任科员及以下 | 一级主任科员及以下,一级主任科员及以下 | 一级主任科员及以下 | 一级主任科员及以下
经济学类、财政学类、金融学类、财会审计类、社会保障类,岗位标签,title_or_tag,140,140,government:140,job_a91c7e51f4f288b8b541;job_c31e62d62e5ff32dde75;job_7f4d7fdd3191d515857f,一级行政执法员（一） | 一级行政执法员（二） | 一级行政执法员（三）,经济学类、财政学类、金融学类、财会审计类、社会保障类 | 经济学类、财政学类、金融学类、财会审计类、社会保障类 | 经济学类、财政学类、金融学类、财会审计类、社会保障类
经济学类、财政学类、金融学类、经济与贸易类、工商管理类,岗位标签,title_or_tag,133,133,government:133,job_1a4d69f9b3d0d1bd08e4;job_24ec6f2cb43f4030f795;job_277a371d8bf6163e86da,一级行政执法员（一） | 一级行政执法员（二） | 一级行政执法员（二）,经济学类、财政学类、金融学类、经济与贸易类、工商管理类 | 经济学类、财政学类、金融学类、经济与贸易类、工商管理类 | 经济学类、财政学类、金融学类、经济与贸易类、工商管理类
税费风险管理,项目管理,auto_phrase,130,130,government:130,job_14d92713f421ad2a5d66;job_a905424e9d5e850118a4;job_2a911cb579e31efc877f,一级主办及以下（一） | 一级主办及以下（二） | 一级主办及以下（一）,职位简介：税费风险管理 | 职位简介：税费风险管理 | 职位简介：税费风险管理
经济学类、财政学类、金融学类、工商管理类,岗位标签,title_or_tag,126,126,government:126,job_ed9ec2ac1dec36a27eeb;job_437b7aa2a91d21214cb1;job_70ad8a8a0b83f7090c11,一级行政执法员（一） | 一级行政执法员（二） | 一级行政执法员（一）,经济学类、财政学类、金融学类、工商管理类 | 经济学类、财政学类、金融学类、工商管理类 | 经济学类、财政学类、金融学类、工商管理类
气象类,岗位标签,title_or_tag,123,123,government:123,job_d4bd85bae92940315929;job_e5e4d818760049899af6;job_f551b5bf697f827a8563,办公室二级主任科员及以下 | 应急与减灾处二级主任科员及以下 | 人事处二级主任科员及以下,气象类 | 气象类 | 气象类
综合部门一级主任科员及以下,岗位标签,title_or_tag,122,122,government:122,job_efa5ec1f6a13f9bfa772;job_e67808f8e1a8b335ebaf;job_f129c880b756da64ead0,综合部门一级主任科员及以下 | 综合部门一级主任科员及以下 | 综合部门一级主任科员及以下,综合部门一级主任科员及以下 | 综合部门一级主任科员及以下 | 综合部门一级主任科员及以下
行李物品和其他物品的查验监管,自动短语,auto_phrase,120,120,government:120,job_2e8f05558943f082b8a5;job_3a4bbe359b36d65c1579;job_231e33cb61722a473a20,科技管理（电子信息化类）一级行政执法员 | 科技管理（统计分析应用类）一级行政执法员 | 卫生检疫四级主办及以下（一）,职位简介：从事进出境运输工具、货物、行李物品和其他物品的查验监管，卫生检疫、动植物及其产品检验检疫，以及机电、化工产品等进出口商品法定检验及智慧海关建设等工作 | 职位简介：从事进出境运输工具、货物、行李物品和其他物品的查验监管，卫生检疫、动植物及其产品检验检疫，以及机电、化工产品等进出口商品法定检验及智慧海关建设等工作 | 职位简介：从事进出境运输工具、货物、行李物品和其他物品的查验监管，卫生检疫、动植物及其产品检验检疫，以及机电、化工产品等进出口商品法定检验等工作
法学类、中国语言文学类,岗位标签,title_or_tag,114,114,government:114,job_27804084fb8d6528792a;job_825611edf7b1ad02c5ce;job_c3a0250604102aba802b,一级行政执法员（五） | 一级行政执法员（五） | 一级行政执法员（五）,法学类、中国语言文学类 | 法学类、中国语言文学类 | 法学类、中国语言文学类
法学类、马克思主义理论类、中国语言文学类、新闻传播学类,岗位标签,title_or_tag,114,114,government:114,job_a95513197e170fbbbef8;job_2a3fe9153284ed7cb7bc;job_a04b761fcc59cb1a7af2,一级行政执法员（一） | 一级行政执法员（二） | 一级行政执法员（一）,法学类、马克思主义理论类、中国语言文学类、新闻传播学类 | 法学类、马克思主义理论类、中国语言文学类、新闻传播学类 | 法学类、马克思主义理论类、中国语言文学类、新闻传播学类
法学（0301）、法律（0351）,岗位标签,title_or_tag,113,113,government:113,job_da87a15cb2c5ad8a099c;job_b8341acfe979142498d7;job_579df44161bd17dc98d5,综合业务部门一级主任科员及以下 | 综合业务部门一级主任科员及以下 | 综合业务部门一级主任科员及以下,法学（0301）、法律（0351） | 法学（0301）、法律（0351） | 法学（0301）、法律（0351）
会计学、财务管理、审计学,岗位标签,title_or_tag,107,107,government:107,job_33454b74a4cc963a1bdf;job_e193065547a3e04ddad3;job_a4448b868db41e90b598,财务管理岗 | 一级行政执法员（一） | 财务管理一级行政执法员,会计学、财务管理、审计学 | 会计学、财务管理、审计学 | 会计学、财务管理、审计学
从事税收风险管理,项目管理,auto_phrase,103,103,government:103,job_611ae33d20d31596703a;job_cb840c12503db227bd84;job_0ad33ac145c1c9c8b583,第三税务分局（税收风险管理局）专业技术员 | 第三税务分局（税收风险管理局）专业技术员 | 第三税务分局（税收风险管理局）专业技术员,职位简介：从事税收风险管理相关工作 | 职位简介：从事税收风险管理相关工作 | 职位简介：从事税收风险管理相关工作
一级行政执法员（九）,岗位标签,title_or_tag,102,102,government:102,job_06f3ae7789a51df55e59;job_681a162327dd06413d4c;job_5328da8821e7a1c24f00,一级行政执法员（九） | 一级行政执法员（九） | 一级行政执法员（九）,一级行政执法员（九） | 一级行政执法员（九） | 一级行政执法员（九）
货物查验监管,自动短语,auto_phrase,101,101,government:101,job_17f1852366cced669411;job_1f0d77dc91f02297d875;job_f4eb8bb0241b31a72c5f,货物查验监管四级主办及以下 | 货物查验监管四级主办及以下 | 货物查验监管四级主办及以下,货物查验监管四级主办及以下 | 货物查验监管四级主办及以下 | 货物查验监管四级主办及以下
网络与信息安全,自动短语,auto_phrase,99,99,government:99,job_30eff744a87ebc76cdf1;job_b3591e110f2298bdfb87;job_bee8ae1da60fb339c68b,一处一级警长及以下 | 二处一级警长及以下 | 三处一级警长及以下,公务员/事业单位；仅限硕士研究生；硕士；0812计算机科学与技术、0854电子信息（计算机技术、软件工程、人工智能、大数据技术与工程、网络与信息安全）、0835软件工程、0839网络空间安全；行政执法类 | 公务员/事业单位；硕士研究生及以上；与最高学历相对应的学位；0812计算机科学与技术、0854电子信息（计算机技术、软件工程、人工智能、大数据技术与工程、网络与信息安全）、0835软件工程、0839网络空间安全；行政执法类 | 公务员/事业单位；仅限硕士研究生；硕士；0812计算机科学与技术、0854电子信息（计算机技术、软件工程、人工智能、大数据技术与工程、网络与信息安全）、0835软件工程、0839网络空间安全；行政执法类
金融审计,自动短语,auto_phrase,99,99,government:99,job_acf62b7489125c4c4fb9;job_25395f96fb236bd4395d;job_8df51b3bf467a8dcac2f,综合业务处一级主任科员及以下 | 综合业务处一级主任科员及以下 | 一级主任科员及以下,公务员/事业单位；硕士研究生及以上；与最高学历相对应的学位；国际金融、世界经济、西方经济学、货币银行学、计量经济学、数量经济学、金融工程、金融数学、金融科技、金融审计、计算金融；中央机关及其省级直属机构综合管理类 | 公务员/事业单位；仅限硕士研究生；硕士；国际金融、世界经济、西方经济学、货币银行学、计量经济学、数量经济学、金融工程、金融数学、金融科技、金融审计、计算金融；中央机关及其省级直属机构综合管理类 | 公务员/事业单位；仅限硕士研究生；与最高学历相对应的学位；最高学历专业为国际金融、世界经济、西方经济学、货币银行学、计量经济学、数量经济学、金融工程、金融数学、金融科技、金融审计、计算金融；中央机关及其省级直属机构综合管理类
英语,硬约束,auto_phrase,98,98,government:98,job_80b6787f330391927ae8;job_8bb7ced8f36d39621730;job_1f383c04546af6722365,英语翻译 | 业务处一级主任科员及以下 | 业务处室一级主任科员及以下（三）,公务员/事业单位；本科或硕士研究生；与最高学历相对应的学位；英语（同声传译、口译）；中央机关及其省级直属机构综合管理类 | 公务员/事业单位；本科及以上；与最高学历相对应的学位；英语、国际法学、国际政治、国际关系、外交学；中央机关及其省级直属机构综合管理类 | 公务员/事业单位；仅限博士研究生；博士；外国语言文学、翻译（英语）；中央机关及其省级直属机构综合管理类
经济学类、财政学类、经济与贸易类、财会审计类,岗位标签,title_or_tag,97,97,government:97,job_c7237f17daa00ffb0dce;job_2121ebd05b46ff21c1dc;job_fc505b71cbd83ce0894c,一级行政执法员（一） | 一级行政执法员（二） | 一级行政执法员（一）,经济学类、财政学类、经济与贸易类、财会审计类 | 经济学类、财政学类、经济与贸易类、财会审计类 | 经济学类、财政学类、经济与贸易类、财会审计类
以上均为专业,自动短语,auto_phrase,94,94,government:94,job_8726a4fb5aeeb6fc3220;job_97438a46c69cda4d54fa;job_b35e40ad1d8a9b6a021f,综合处一级主任科员及以下 | 一级主任科员及以下 | 一级科员,公务员/事业单位；硕士研究生及以上；与最高学历相对应的学位；信息与通信工程、计算机科学与技术、软件工程、网络空间安全、电子信息、智能科学与技术（以上均为专业名称）；中央机关及其省级直属机构综合管理类 | 公务员/事业单位；本科及以上；与最高学历相对应的学位；邮政管理、行政管理、物流管理、汉语言文学、法学、思想政治教育、邮政工程、物流工程、会计学、财务管理、财务会计教育、审计学、计算机科学与技术、软件工程、智能科学与技术、数据科学与大数据技术（以上均为专业名称）；市（地）级及以下直属机构综合管理类 | 公务员/事业单位；本科及以上；与最高学历相对应的学位；邮政管理、行政管理、物流管理、汉语言文学、法学、思想政治教育、邮政工程、物流工程、会计学、财务管理、财务会计教育、审计学、计算机科学与技术、软件工程、智能科学与技术、数据科学与大数据技术（以上均为专业名称）；市（地）级及以下直属机构综合管理类
经济学类、财政学类、财会审计类、社会保障类,岗位标签,title_or_tag,92,92,government:92,job_8f6ec0af40cc6eae5d51;job_bd06a672edef9dbe7ce9;job_b580317f285b0ada01a9,一级行政执法员（五） | 一级行政执法员（六） | 一级行政执法员（一）,经济学类、财政学类、财会审计类、社会保障类 | 经济学类、财政学类、财会审计类、社会保障类 | 经济学类、财政学类、财会审计类、社会保障类
本科或研究生专业,硬约束,auto_phrase,91,91,government:91,job_47288d47cc1ec3ed1748;job_164373c8e209169f0f85;job_cee52b2987ee403df203,监管部门一级主任科员及以下 | 监管部门一级主任科员及以下 | 监管部门一级主任科员及以下,公务员/事业单位；本科及以上；与最高学历相对应的学位；本科或研究生专业为经济、财政、金融、经济与贸易类（专业代码02开头）；市（地）级及以下直属机构综合管理类 | 公务员/事业单位；本科及以上；与最高学历相对应的学位；本科或研究生专业为经济、财政、金融、经济与贸易类（专业代码02开头）；市（地）级及以下直属机构综合管理类 | 公务员/事业单位；本科及以上；与最高学历相对应的学位；本科或研究生专业为经济、财政、金融、经济与贸易类（专业代码02开头）；市（地）级及以下直属机构综合管理类
经济学类、财政学类、金融学类、经济与贸易类、财会审计类、社会保障类,岗位标签,title_or_tag,86,86,government:86,job_9be5f98d08c46588faf8;job_86cda10ac2b8a38652f6;job_90cf1b2dbc0174719cbf,一级行政执法员（四） | 一级行政执法员（五） | 一级行政执法员（三）,经济学类、财政学类、金融学类、经济与贸易类、财会审计类、社会保障类 | 经济学类、财政学类、金融学类、经济与贸易类、财会审计类、社会保障类 | 经济学类、财政学类、金融学类、经济与贸易类、财会审计类、社会保障类
航海技术,岗位标签,title_or_tag,86,86,government:86,job_a6ff6d55bf49cc17ab7a;job_065aa0cde6a15c8f99ce;job_9dbe093209cfe632f0ce,四级主办 | 一级行政执法员（一） | 一级行政执法员（四）,航海技术 | 航海技术 | 航海技术
数据分析,数据分析,business,85,85,government:85,job_b3591e110f2298bdfb87;job_07b7461cee5a1c7c8e1d;job_eeb68eaa51630d67a2c0,二处一级警长及以下 | 产业管理处一级主任科员及以下 | 济南铁路公安处基层所队民警,职位简介：主要从事警务大数据分析和案件处置等工作 | 职位简介：负责体育产业政策规划制定、体育产业统计与数据分析等工作 | 职位简介：主要从事火车站及线路治安管理、数据分析、理化检验等工作
主要从事金融监管,自动短语,auto_phrase,82,82,government:82,job_fc252b731858d79aa24a;job_bd2a469d4db302a036f4;job_b5bdf90eeec5e20f90d8,统计信息部门一级主任科员及以下 | 统计信息部门一级主任科员及以下 | 统计信息部门一级主任科员及以下,职位简介：主要从事金融监管数据统计分析工作 | 职位简介：主要从事金融监管数据统计分析工作 | 职位简介：主要从事金融监管数据统计分析工作
大学本科：法学类（030101K）；研究生：法学（0301）、法律（0351）,岗位标签,title_or_tag,82,82,government:82,job_ca0cb35730d20cfb37ac;job_666d3134f996807ce455;job_5df8a7411e5df9568a28,综合业务部门一级主任科员及以下 | 综合业务部门一级主任科员及以下 | 综合业务部门一级主任科员及以下,大学本科：法学类（030101K）；研究生：法学（0301）、法律（0351） | 大学本科：法学类（030101K）；研究生：法学（0301）、法律（0351） | 大学本科：法学类（030101K）；研究生：法学（0301）、法律（0351）
数学类、统计学类、电气类、电子信息类、自动化类、计算机类,岗位标签,title_or_tag,82,82,government:82,job_9907d564aebd41fde63d;job_4483244f01c219aa68e7;job_dbe5b6fb488bc905f86a,第三税务分局一级主任科员及以下（三） | 第三税务分局一级主任科员及以下（五） | 第一稽查局一级主任科员及以下（三）,数学类、统计学类、电气类、电子信息类、自动化类、计算机类 | 数学类、统计学类、电气类、电子信息类、自动化类、计算机类 | 数学类、统计学类、电气类、电子信息类、自动化类、计算机类
统计信息部门一级主任科员及以下,岗位标签,title_or_tag,82,82,government:82,job_fc252b731858d79aa24a;job_bd2a469d4db302a036f4;job_b5bdf90eeec5e20f90d8,统计信息部门一级主任科员及以下 | 统计信息部门一级主任科员及以下 | 统计信息部门一级主任科员及以下,统计信息部门一级主任科员及以下 | 统计信息部门一级主任科员及以下 | 统计信息部门一级主任科员及以下
1257审计,自动短语,auto_phrase,81,81,government:81,job_045682485f49d7ef8736;job_db64e53a654aa03b47a4;job_6a7dbdd5660026be02f6,财务管理处一级主任科员及以下 | 审计和财务监管处一级主任科员及以下 | 业务处室一级主任科员及以下,公务员/事业单位；硕士研究生及以上；与最高学历相对应的学位；1202工商管理学（会计学、审计学）、1253会计、1257审计；中央机关及其省级直属机构综合管理类 | 公务员/事业单位；硕士研究生及以上；与最高学历相对应的学位；120201会计学、120202财务管理、1253会计、1257审计；中央机关及其省级直属机构综合管理类 | 公务员/事业单位；硕士研究生及以上；与最高学历相对应的学位；1202工商管理学（会计学、审计学）、1253会计、1257审计、0202应用经济学（金融学）、0251金融；中央机关及其省级直属机构综合管理类
统计学类、计算机类,岗位标签,title_or_tag,80,80,government:80,job_bad6e147f26abd0be2bc;job_eccbe32dd1a9eea5d4f2;job_b6a46b0d8caaab5dd217,一级行政执法员（五） | 一级行政执法员（三） | 一级行政执法员（四）,统计学类、计算机类 | 统计学类、计算机类 | 统计学类、计算机类
经济学类、财政学类、工商管理类,岗位标签,title_or_tag,78,78,government:78,job_13ec2e22e42fa79c79da;job_a33c804f37885ba1ede4;job_4dbe4f72f5903d7d0e42,一级行政执法员（一） | 一级行政执法员（二） | 一级行政执法员（五）,经济学类、财政学类、工商管理类 | 经济学类、财政学类、工商管理类 | 经济学类、财政学类、工商管理类
机械设计制造及其自动化,自动短语,auto_phrase,75,75,government:75,job_4747c7b0736e687f3b7b;job_410a7ea7425a933dd508;job_89710eac68003d7da44f,一级行政执法员（八） | 一级行政执法员（三） | 科技管理（机械自动化类）一级行政执法员,公务员/事业单位；本科及以上；与最高学历相对应的学位；航海技术（081803K）、轮机工程（081804K）、船舶与海洋工程（081901）、船舶电子电气工程（081808TK）、机械工程（080201）、机械设计制造及其自动化（080202）；行政执法类 | 公务员/事业单位；本科及以上；与最高学历相对应的学位；航海技术（081803K）、轮机工程（081804K）、船舶与海洋工程（081901）、船舶电子电气工程（081808TK）、机械工程（080201）、机械设计制造及其自动化（080202）；行政执法类 | 公务员/事业单位；仅限本科；学士；机械工程、机械设计制造及其自动化、电气工程及其自动化；行政执法类
从事海关一线监管,自动短语,auto_phrase,72,72,government:72,job_0d3514af154d1f4263ff;job_8634e4c9d3ef740a6577;job_c224dba0b4c68f9a823c,科技管理（电子信息化类）一级行政执法员 | 科技管理（电子信息化类）一级行政执法员 | 科技管理（电子信息化类）一级行政执法员,职位简介：从事海关一线监管及智慧海关建设工作 | 职位简介：从事海关一线监管及智慧海关建设工作 | 职位简介：从事海关一线监管及智慧海关建设工作
政策研究,自动短语,auto_phrase,72,72,government:72,job_5cfb461a1524518e7014;job_d5d85a555b56a181c4ff;job_8d7a19902ab69c708f25,就业服务处一级主任科员及以下 | 一级主任科员及以下（英语一） | 业务处室一级主任科员及以下,参与政策研究制定 | 职位简介：1.从事形势分析、政策研究、外贸管理、产业安全与进出口管制、外资管理、自由贸易试验区和自由贸易港建设协调、贸易救济调查、电子商务管理、多双边经贸合作等业务工作和机关人事等综合管理工作 | 职位简介：从事新闻宣传、政策研究、综合性文稿起草等工作
机械自动化,自动短语,auto_phrase,72,72,government:72,job_89710eac68003d7da44f;job_663342fe3b50e2030f16;job_48376201f09f2d71f4cf,科技管理（机械自动化类）一级行政执法员 | 科技管理（机械自动化类）四级主办及以下 | 科技管理（机械自动化类）一级行政执法员,科技管理（机械自动化类）一级行政执法员 | 科技管理（机械自动化类）四级主办及以下 | 科技管理（机械自动化类）一级行政执法员
计算机类、电子信息类、数学类、统计学类,岗位标签,title_or_tag,72,72,government:72,job_20c323e53dbfe7b70ae2;job_47fa318f235aa697695a;job_4e6ea22ea0d7360e96ec,一级行政执法员（三） | 一级行政执法员（四） | 一级行政执法员（三）,计算机类、电子信息类、数学类、统计学类 | 计算机类、电子信息类、数学类、统计学类 | 计算机类、电子信息类、数学类、统计学类
电气工程及其自动化,自动短语,auto_phrase,71,71,government:71,job_635f0ddfd55992ca2dff;job_cc157196bb79b7f41566;job_89710eac68003d7da44f,综合或业务处一级主任科员及以下 | 一级行政执法员（二） | 科技管理（机械自动化类）一级行政执法员,公务员/事业单位；硕士研究生及以上；与最高学历相对应的学位；研究生：矿业工程、安全科学与工程、地质资源与地质工程、电气工程、法学、公安学、纪检监察学、法律 ；本科：采矿工程、安全工程、地质工程、电气工程及其自动化、法学、司法警察学、纪检监察、侦查学、技术侦查学；中央机关及其省级直属机构综合管理类 | 公务员/事业单位；本科及以上；与最高学历相对应的学位；轮机工程、电气工程及其自动化；行政执法类 | 公务员/事业单位；仅限本科；学士；机械工程、机械设计制造及其自动化、电气工程及其自动化；行政执法类
统计学类、电子信息类、计算机类,岗位标签,title_or_tag,70,70,government:70,job_e018ff29f9db96204d3f;job_6f81697fa9cecddb7cf8;job_74d5b3decf225e12a0d2,一级行政执法员（三） | 一级行政执法员（四） | 一级行政执法员（四）,统计学类、电子信息类、计算机类 | 统计学类、电子信息类、计算机类 | 统计学类、电子信息类、计算机类
科技管理（电子信息化类）一级行政执法员,岗位标签,title_or_tag,67,67,government:67,job_c0ab66c00c11702d9fb9;job_0d3514af154d1f4263ff;job_8634e4c9d3ef740a6577,科技管理（电子信息化类）一级行政执法员 | 科技管理（电子信息化类）一级行政执法员 | 科技管理（电子信息化类）一级行政执法员,科技管理（电子信息化类）一级行政执法员 | 科技管理（电子信息化类）一级行政执法员 | 科技管理（电子信息化类）一级行政执法员
计算机类,岗位标签,title_or_tag,66,66,government:66,job_aa3dadafc205c995c477;job_76b1b0dc958850fdce8d;job_9c8e4f902225d0a99ef3,处室一级主任科员及以下 | 一级行政执法员（三） | 一级行政执法员（四）,计算机类 | 计算机类 | 计算机类
一级主办及以下（一）,岗位标签,title_or_tag,65,65,government:65,job_485d1ebbd85f48cea691;job_0534c0f03dbd782958e8;job_dbf3787bf791098a4620,一级主办及以下（一） | 一级主办及以下（一） | 一级主办及以下（一）,一级主办及以下（一） | 一级主办及以下（一） | 一级主办及以下（一）
一级主办及以下（二）,岗位标签,title_or_tag,65,65,government:65,job_41121b14b0d4e7041c87;job_20228147db4622fa2415;job_1241b287437e7998a8e1,一级主办及以下（二） | 一级主办及以下（二） | 一级主办及以下（二）,一级主办及以下（二） | 一级主办及以下（二） | 一级主办及以下（二）
经济与贸易类、工商管理类、社会保障类,岗位标签,title_or_tag,62,62,government:62,job_ed1ae1c432130077b177;job_3bc15b20964610883e2a;job_3d6735a257f754bb12a7,一级行政执法员（一） | 一级行政执法员（二） | 一级行政执法员（三）,经济与贸易类、工商管理类、社会保障类 | 经济与贸易类、工商管理类、社会保障类 | 经济与贸易类、工商管理类、社会保障类
一级行政执法员（十）,岗位标签,title_or_tag,61,61,government:61,job_b563071f4affa6d8f72d;job_464ba9c4661f70c1f225;job_094427a1a09137bb654c,一级行政执法员（十） | 一级行政执法员（十） | 一级行政执法员（十）,一级行政执法员（十） | 一级行政执法员（十） | 一级行政执法员（十）
轮机工程,岗位标签,title_or_tag,60,60,government:60,job_7967545d9d24020a47c3;job_10ce54dd45c4a2a4b1d2;job_11d78f97ac313ee81348,一级行政执法员（三） | 一级行政执法员（二） | 一级行政执法员（二）,轮机工程 | 轮机工程 | 轮机工程
电子信息类（0807）、计算机类（0809）,岗位标签,title_or_tag,59,59,government:59,job_1bb6024edbc7a9ce227b;job_d5b2bafb317c554cd892;job_54bbf2e8ea8496b0f696,综合业务部门一级主任科员及以下 | 综合业务部门一级主任科员及以下 | 综合业务部门一级主任科员及以下,电子信息类（0807）、计算机类（0809） | 电子信息类（0807）、计算机类（0809） | 电子信息类（0807）、计算机类（0809）
一级行政执法员(一),岗位标签,title_or_tag,57,57,government:57,job_f35f2e07bdafd6cf3df6;job_d60a2280374fdffcfd68;job_fe1d1e9e88ecbf8af31a,一级行政执法员(一) | 一级行政执法员(一) | 一级行政执法员(一),一级行政执法员(一) | 一级行政执法员(一) | 一级行政执法员(一)
一级行政执法员(二),岗位标签,title_or_tag,57,57,government:57,job_12cb8f5a83130a6a02dd;job_cd011cb3b2763ff8b64d;job_d77d14a5344f176e3d19,一级行政执法员(二) | 一级行政执法员(二) | 一级行政执法员(二),一级行政执法员(二) | 一级行政执法员(二) | 一级行政执法员(二)
法学类、政治学类、马克思主义理论类、中国语言文学类、新闻传播学类、英语相关专业,岗位标签,title_or_tag,57,57,government:57,job_916c6940bf40e56dbee0;job_b806afa2e38e20ad3852;job_d9865fbb2822d7368a63,一级行政执法员（四） | 一级行政执法员（三） | 一级行政执法员（三）,法学类、政治学类、马克思主义理论类、中国语言文学类、新闻传播学类、英语相关专业 | 法学类、政治学类、马克思主义理论类、中国语言文学类、新闻传播学类、英语相关专业 | 法学类、政治学类、马克思主义理论类、中国语言文学类、新闻传播学类、英语相关专业
120204财务管理,项目管理,auto_phrase,55,55,government:55,job_a71dc03839e31c2bc183;job_670aff4c3ef0fcf0b0de;job_74d9313dd4dfe5076ee9,财务管理岗位一级主任科员及以下 | 财务管理岗位一级主任科员及以下 | 资产管理岗位一级主任科员及以下,公务员/事业单位；本科或硕士研究生；与最高学历相对应的学位；本科：120203K会计学、120204财务管理；研究生：120201会计学、1253会计；中央机关及其省级直属机构综合管理类 | 公务员/事业单位；仅限本科；学士；120203K会计学、120204财务管理；中央机关及其省级直属机构综合管理类 | 公务员/事业单位；本科或硕士研究生；与最高学历相对应的学位；本科：020201K财政学、120204财务管理、120208资产评估；研究生：020203财政学、0256资产评估；中央机关及其省级直属机构综合管理类
120207审计,自动短语,auto_phrase,54,54,government:54,job_591771ba710b934b9f4e;job_d33918fb6bdb1d1fd1c7;job_dee3c05f890d3436e0d6,监管部门一级主任科员及以下 | 监管部门一级主任科员及以下 | 监管部门一级主任科员及以下,公务员/事业单位；仅限本科；学士；120203K会计学、120204财务管理、120207审计学；市（地）级及以下直属机构综合管理类 | 公务员/事业单位；仅限本科；学士；120203K会计学、120204财务管理、120207审计学；市（地）级及以下直属机构综合管理类 | 公务员/事业单位；仅限本科；学士；120203K会计学、120204财务管理、120207审计学；市（地）级及以下直属机构综合管理类
业务处室一级主任科员及以下,岗位标签,title_or_tag,54,54,government:54,job_27c01a694ed1896a114a;job_e7ee4f847b2376c584bc;job_f5c249138ae3a833cd24,业务处室一级主任科员及以下 | 业务处室一级主任科员及以下 | 业务处室一级主任科员及以下,业务处室一级主任科员及以下 | 业务处室一级主任科员及以下 | 业务处室一级主任科员及以下
科技管理（电子信息化类）四级主办及以下,岗位标签,title_or_tag,54,54,government:54,job_636aa02c840b3b395cf4;job_95acb93bdca431dd56b1;job_80dad2c6bc25e65234f4,科技管理（电子信息化类）四级主办及以下 | 科技管理（电子信息化类）四级主办及以下 | 科技管理（电子信息化类）四级主办及以下,科技管理（电子信息化类）四级主办及以下 | 科技管理（电子信息化类）四级主办及以下 | 科技管理（电子信息化类）四级主办及以下
运输工具监管,自动短语,auto_phrase,54,54,government:54,job_80db4cd12c94cd985c2d;job_0e428c43c566e76242f1;job_6dbedcb4b44fa09a0ee8,动物检疫四级主办及以下（一） | 货物查验四级主办及以下（一） | 卫生检疫四级主办及以下（一）,职位简介：从事海关动物检疫等进出境货物查验监管、运输工具监管相关工作 | 职位简介：从事海关进出境货物查验监管、运输工具监管等工作 | 职位简介：从事海关进出境旅客卫生检疫监管、货物查验监管、运输工具监管和口岸卫生监督等工作
食品检验监管,自动短语,auto_phrase,54,54,government:54,job_830d81beabe8c8a8d340;job_b50c0e264321f8b28e97;job_c10c6a1fa555c2e2fff9,食品检验监管一级行政执法员（一） | 食品检验监管一级行政执法员（二） | 食品检验监管四级主办及以下,职位简介：从事海关口岸一线货物查验、食品检验监管工作 | 职位简介：从事海关口岸一线货物查验、食品检验监管工作 | 食品检验监管四级主办及以下
运输工具查验监管,自动短语,auto_phrase,53,53,government:53,job_86a001371e23cdb79913;job_34e2bbb709d5f1661e51;job_f92d383c5ad7c4ea36dc,监管（电子信息化类）一级行政执法员 | 监管（电子信息化类）一级行政执法员 | 口岸监管（电子信息化类）一级行政执法员,职位简介：从事进出境货物、运输工具查验监管、扫描图像智能分析和技术应用管理、智慧海关建设工作 | 职位简介：从事海关口岸一线进出境货物、运输工具查验监管、扫描图像智能分析和技术应用管理、智慧海关建设工作 | 职位简介：从事进出境货物、运输工具查验监管、扫描图像智能分析和技术应用管理、智慧海关建设工作
数学类、统计学类、计算机类、电子信息类,岗位标签,title_or_tag,52,52,government:52,job_1565ae4d214e11c2ac96;job_e8fbae72e3102331f8ff;job_2d14eeaaed22c3e82b08,一级行政执法员（三） | 一级行政执法员（四） | 一级行政执法员（三）,数学类、统计学类、计算机类、电子信息类 | 数学类、统计学类、计算机类、电子信息类 | 数学类、统计学类、计算机类、电子信息类
经济学类、财会审计类,岗位标签,title_or_tag,52,52,government:52,job_934d04e4e9a0a72a30ef;job_f3f1a1679837aebbba15;job_2b5cf4694da620ef9051,第二税务分局一级行政执法员（二） | 第一稽查局一级行政执法员（三） | 第一稽查局一级行政执法员（四）,经济学类、财会审计类 | 经济学类、财会审计类 | 经济学类、财会审计类
研究生专业,自动短语,auto_phrase,51,51,government:51,job_fd47b26339ce0b94f1ea;job_232d3992fed4e33c1535;job_f93b8b96f1c0b94ff334,内设处室（一）一级主任科员及以下 | 男犯监区一级警长及以下 | 男犯监区一级警长及以下,公务员/事业单位；硕士研究生及以上；与最高学历相对应的学位；研究生专业为：02经济学类、03法学类、07理学类、08工学类、12管理学类。本科专业为：07理学类、08工学类。；中央机关及其省级直属机构综合管理类 | 公务员/事业单位；本科及以上；与最高学历相对应的学位；研究生专业：法学、公安学、教育学、心理学；本科专业：法学类、公安学类、教育学类、心理学类。（详见备注）；行政执法类 | 公务员/事业单位；本科及以上；与最高学历相对应的学位；研究生专业：网络空间安全、网络与信息安全；本科专业：信息安全、网络空间安全。（详见备注）；行政执法类
财政学类、金融学类、财会审计类、社会保障类,岗位标签,title_or_tag,51,51,government:51,job_8a1f97a9286f771986ae;job_0e943d58a0b3a4114529;job_2699e87a677195fd12e1,一级行政执法员（一） | 一级行政执法员（二） | 一级行政执法员（一）,财政学类、金融学类、财会审计类、社会保障类 | 财政学类、金融学类、财会审计类、社会保障类 | 财政学类、金融学类、财会审计类、社会保障类
辖区会计类监管,自动短语,auto_phrase,51,51,government:51,job_8846dd6159efdd66477a;job_ead2afc3d18cd6ced0c7;job_ea5ad3366792f7d8240e,辖区会计类监管岗位一级主任科员及以下 | 辖区会计类监管岗位一级主任科员及以下 | 辖区会计类监管岗位一级主任科员及以下,辖区会计类监管岗位一级主任科员及以下 | 辖区会计类监管岗位一级主任科员及以下 | 辖区会计类监管岗位一级主任科员及以下
辖区会计类监管岗位一级主任科员及以下,岗位标签,title_or_tag,51,51,government:51,job_8846dd6159efdd66477a;job_ead2afc3d18cd6ced0c7;job_ea5ad3366792f7d8240e,辖区会计类监管岗位一级主任科员及以下 | 辖区会计类监管岗位一级主任科员及以下 | 辖区会计类监管岗位一级主任科员及以下,辖区会计类监管岗位一级主任科员及以下 | 辖区会计类监管岗位一级主任科员及以下 | 辖区会计类监管岗位一级主任科员及以下
中国语言文学类、新闻传播学类、英语相关专业,岗位标签,title_or_tag,49,49,government:49,job_e770952a51b373e5f763;job_15f95ca4f24e5eb2fd6a;job_1a43847d4f37baffbe3d,一级行政执法员（四） | 一级行政执法员（五） | 一级行政执法员（四）,中国语言文学类、新闻传播学类、英语相关专业 | 中国语言文学类、新闻传播学类、英语相关专业 | 中国语言文学类、新闻传播学类、英语相关专业
事辖区证券期货市场会计类监管,产品运营,auto_phrase,49,49,government:49,job_8846dd6159efdd66477a;job_ead2afc3d18cd6ced0c7;job_ea5ad3366792f7d8240e,辖区会计类监管岗位一级主任科员及以下 | 辖区会计类监管岗位一级主任科员及以下 | 辖区会计类监管岗位一级主任科员及以下,职位简介：主要从事辖区证券期货市场会计类监管工作 | 职位简介：主要从事辖区证券期货市场会计类监管工作 | 职位简介：主要从事辖区证券期货市场会计类监管工作
本科专业,硬约束,auto_phrase,49,49,government:49,job_fd47b26339ce0b94f1ea;job_232d3992fed4e33c1535;job_f93b8b96f1c0b94ff334,内设处室（一）一级主任科员及以下 | 男犯监区一级警长及以下 | 男犯监区一级警长及以下,公务员/事业单位；硕士研究生及以上；与最高学历相对应的学位；研究生专业为：02经济学类、03法学类、07理学类、08工学类、12管理学类。本科专业为：07理学类、08工学类。；中央机关及其省级直属机构综合管理类 | 公务员/事业单位；本科及以上；与最高学历相对应的学位；研究生专业：法学、公安学、教育学、心理学；本科专业：法学类、公安学类、教育学类、心理学类。（详见备注）；行政执法类 | 公务员/事业单位；本科及以上；与最高学历相对应的学位；研究生专业：网络空间安全、网络与信息安全；本科专业：信息安全、网络空间安全。（详见备注）；行政执法类
金融学类、财会审计类,岗位标签,title_or_tag,49,49,government:49,job_376dcf5468a34f3678ce;job_d45b8995c8cde60326b1;job_4bef0ab249968167eae2,一级行政执法员（五） | 稽查局一级行政执法员（三） | 稽查局一级行政执法员（四）,金融学类、财会审计类 | 金融学类、财会审计类 | 金融学类、财会审计类
法学类、新闻传播学类,岗位标签,title_or_tag,48,48,government:48,job_20f7fbcab21969e3dc49;job_24f684379036691abdfb;job_dc1b108a20d148de4161,一级行政执法员（七） | 一级行政执法员（八） | 一级行政执法员（一）,法学类、新闻传播学类 | 法学类、新闻传播学类 | 法学类、新闻传播学类
航海技术、轮机工程,岗位标签,title_or_tag,48,48,government:48,job_2f03aded4129e8ebf44e;job_649b61364c46be7833b9;job_f6f3f6ede71435dd8d65,一级行政执法员（一） | 一级行政执法员（一） | 一级行政执法员（一）,航海技术、轮机工程 | 航海技术、轮机工程 | 航海技术、轮机工程
法学类、中国语言文学类、新闻传播学类、英语相关专业,岗位标签,title_or_tag,47,47,government:47,job_7f5fdb3f41b3c278ad6c;job_5ef3931588aa72fe5fc3;job_2b68c39c31f9b98f6254,一级行政执法员（一） | 一级行政执法员（二） | 一级行政执法员（三）,法学类、中国语言文学类、新闻传播学类、英语相关专业 | 法学类、中国语言文学类、新闻传播学类、英语相关专业 | 法学类、中国语言文学类、新闻传播学类、英语相关专业
电子信息类、自动化类、计算机类,岗位标签,title_or_tag,44,44,government:44,job_84d5867152ccc3194362;job_47cb4515aa1cfc97e9b2;job_c5dc02c34729d1a16d43,一级行政执法员（二） | 一级行政执法员（三） | 一级行政执法员（七）,电子信息类、自动化类、计算机类 | 电子信息类、自动化类、计算机类 | 电子信息类、自动化类、计算机类
经济学类(0201)、金融学类(0203),岗位标签,title_or_tag,44,44,government:44,job_84eda544ff1868a4e541;job_10f5a07c0db977fe6c29;job_b9d83877a3ce31d55bd6,监管部门一级主任科员及以下 | 监管部门一级主任科员及以下 | 监管部门一级主任科员及以下,经济学类(0201)、金融学类(0203) | 经济学类(0201)、金融学类(0203) | 经济学类(0201)、金融学类(0203)
信用风险管理与法律,项目管理,auto_phrase,43,43,government:43,job_a7a13b7efb70b2d67f75;job_fdcd88d7448457abf23d;job_0d628e3ec9d6b3e43f2d,监管工作一级行政执法员（一） | 监管工作一级行政执法员（二） | 法务一级行政执法员,公务员/事业单位；仅限本科；学士；法学、知识产权、信用风险管理与法律防控、国际经贸规则、国际法、国家安全学、海外利益安全；行政执法类 | 公务员/事业单位；仅限本科；学士；法学、知识产权、信用风险管理与法律防控、国际经贸规则、国际法、国家安全学、海外利益安全；行政执法类 | 公务员/事业单位；仅限本科；学士；法学、知识产权、信用风险管理与法律防控、国际经贸规则、国际法；行政执法类
经济学类、财政学类、金融学类、经济与贸易类,岗位标签,title_or_tag,43,43,government:43,job_92863efc6bd84b13d435;job_e72e6cdd5408634c5154;job_81ca02debcda3b019d79,一级行政执法员（二） | 一级行政执法员（三） | 一级行政执法员（一）,经济学类、财政学类、金融学类、经济与贸易类 | 经济学类、财政学类、金融学类、经济与贸易类 | 经济学类、财政学类、金融学类、经济与贸易类
食品监管,自动短语,auto_phrase,43,43,government:43,job_2b617ac5d7736bc997c2;job_04c0e31da9331676609e;job_96213503646d4e5d8731,食品监管四级主办及以下（一） | 食品监管四级主办及以下（二） | 食品监管四级主办及以下,食品监管四级主办及以下（一） | 食品监管四级主办及以下（二） | 食品监管四级主办及以下
一级科员,岗位标签,title_or_tag,42,42,government:42,job_bc2c7037e56142c16ee9;job_b35e40ad1d8a9b6a021f;job_5cba3743bca5741f618b,一级科员 | 一级科员 | 一级科员,一级科员 | 一级科员 | 一级科员
财政学类、工商管理类,岗位标签,title_or_tag,42,42,government:42,job_a2caa1d3ad2dee01d5d7;job_fe897ed6bf9e2695f8b6;job_e4516c2e3eede49d121f,一级行政执法员（七） | 一级行政执法员（一） | 一级行政执法员（二）,财政学类、工商管理类 | 财政学类、工商管理类 | 财政学类、工商管理类
工程审计,自动短语,auto_phrase,40,40,government:40,job_e66b09872293b892e161;job_457fa8722439127ada8d;job_cc7cec5b0fce7f6c801a,综合处一级主任科员及以下 | 一级行政执法员（二） | 财务管理一级行政执法员,公务员/事业单位；本科或硕士研究生；与最高学历相对应的学位；本科：土木工程（081001）、建筑学（082801）、工程造价（120105）、工程审计（120109T）、工商管理（120201K）；研究生：土木工程（0814）、建筑学（0813）、管理科学与工程（1201）、工商管理学（1202）；中央机关及其省级直属机构综合管理类 | 公务员/事业单位；本科及以上；与最高学历相对应的学位；工程管理、工程审计、工商管理；行政执法类 | 公务员/事业单位；仅限本科；学士；审计学、工程审计、财务管理、会计学；行政执法类
法学,岗位标签,title_or_tag,40,40,government:40,job_da59fdefc1e814f29a35;job_323342f980c7a8e60167;job_8f5ffcbd3c0b8e9ba445,业务处室一级主任科员及以下 | 综合处室一级主任科员及以下 | 业务处室一级主任科员及以下,法学 | 法学 | 法学
科技管理（统计分析应用类）一级行政执法员,岗位标签,title_or_tag,40,40,government:40,job_145fb620739e8d2e2b41;job_e076ef11756d40f93100;job_9ba568c47e7b0cd25514,科技管理（统计分析应用类）一级行政执法员 | 科技管理（统计分析应用类）一级行政执法员 | 科技管理（统计分析应用类）一级行政执法员,科技管理（统计分析应用类）一级行政执法员 | 科技管理（统计分析应用类）一级行政执法员 | 科技管理（统计分析应用类）一级行政执法员
经济学类、财政学类、财会审计类、公共管理类,岗位标签,title_or_tag,39,39,government:39,job_9cd65049c3e26efde6cf;job_4e30c8f4acbea1591e85;job_916f11fceb868c5d745f,威海临港经济技术开发区税务分局一级行政执法员（一） | 威海临港经济技术开发区税务分局一级行政执法员（二） | 一级行政执法员（一）,经济学类、财政学类、财会审计类、公共管理类 | 经济学类、财政学类、财会审计类、公共管理类 | 经济学类、财政学类、财会审计类、公共管理类
一级行政执法员（十一）,岗位标签,title_or_tag,38,38,government:38,job_e4d72b10ec4da94eee27;job_0806acd6329c5e84f7e9;job_6da8b93583233935bfc4,一级行政执法员（十一） | 一级行政执法员（十一） | 一级行政执法员（十一）,一级行政执法员（十一） | 一级行政执法员（十一） | 一级行政执法员（十一）
哲学、经济学、法学、教育学、文学、历史学、理学、工学、农学、医学、管理学、艺术学,岗位标签,title_or_tag,38,38,government:38,job_17f65fa36937c4a523e2;job_9fe37d3d90b946d2bc24;job_57b08ded65e545b13b2b,日喀则边境管理支队一级警长及以下（十二） | 日喀则边境管理支队一级警长及以下（三） | 日喀则边境管理支队一级警长及以下（十五）,哲学、经济学、法学、教育学、文学、历史学、理学、工学、农学、医学、管理学、艺术学 | 哲学、经济学、法学、教育学、文学、历史学、理学、工学、农学、医学、管理学、艺术学 | 哲学、经济学、法学、教育学、文学、历史学、理学、工学、农学、医学、管理学、艺术学
法学类、政治学类、马克思主义理论类,岗位标签,title_or_tag,38,38,government:38,job_01d0de81dba7df8fc6e5;job_3c4272b821e88d951b53;job_6a9e64c813edaf0f9190,一级行政执法员（八） | 一级行政执法员（五） | 一级行政执法员（七）,法学类、政治学类、马克思主义理论类 | 法学类、政治学类、马克思主义理论类 | 法学类、政治学类、马克思主义理论类
社会学类、中国语言文学类、新闻传播学类,岗位标签,title_or_tag,38,38,government:38,job_e9547d307e006b0b6379;job_268a0bd798c0513160e1;job_3f42162ab801c847d6e7,稽查局一级行政执法员（一） | 稽查局一级行政执法员（二） | 一级行政执法员（三）,社会学类、中国语言文学类、新闻传播学类 | 社会学类、中国语言文学类、新闻传播学类 | 社会学类、中国语言文学类、新闻传播学类
辖区法律类监管,自动短语,auto_phrase,38,38,government:38,job_eeb1a8f3e23a9e7edb3e;job_5349a0cd0d6e68475fbd;job_48cf9839a55e56015bc1,辖区法律类监管岗位一级主任科员及以下 | 辖区法律类监管岗位一级主任科员及以下 | 辖区法律类监管岗位一级主任科员及以下,辖区法律类监管岗位一级主任科员及以下 | 辖区法律类监管岗位一级主任科员及以下 | 辖区法律类监管岗位一级主任科员及以下
辖区法律类监管岗位一级主任科员及以下,岗位标签,title_or_tag,38,38,government:38,job_eeb1a8f3e23a9e7edb3e;job_5349a0cd0d6e68475fbd;job_48cf9839a55e56015bc1,辖区法律类监管岗位一级主任科员及以下 | 辖区法律类监管岗位一级主任科员及以下 | 辖区法律类监管岗位一级主任科员及以下,辖区法律类监管岗位一级主任科员及以下 | 辖区法律类监管岗位一级主任科员及以下 | 辖区法律类监管岗位一级主任科员及以下
主要从事辖区证券期货市场法律,产品运营,auto_phrase,37,37,government:37,job_eeb1a8f3e23a9e7edb3e;job_5349a0cd0d6e68475fbd;job_48cf9839a55e56015bc1,辖区法律类监管岗位一级主任科员及以下 | 辖区法律类监管岗位一级主任科员及以下 | 辖区法律类监管岗位一级主任科员及以下,职位简介：主要从事辖区证券期货市场法律类监管工作 | 职位简介：主要从事辖区证券期货市场法律类监管工作 | 职位简介：主要从事辖区证券期货市场法律类监管工作
经济学类、财政学类,岗位标签,title_or_tag,37,37,government:37,job_6e1179e31e6605f7c766;job_db604bde2a53073f4f50;job_7941c414da0a61042791,一级行政执法员（二） | 一级行政执法员（一） | 一级行政执法员（二）,经济学类、财政学类 | 经济学类、财政学类 | 经济学类、财政学类
经济学类、金融学类、财会审计类,岗位标签,title_or_tag,37,37,government:37,job_0219684f923f49e326a5;job_156b02c4d7be15595f26;job_fb99e384544a6e0adb12,稽查局一级行政执法员（一） | 稽查局一级行政执法员（二） | 一级行政执法员,经济学类、金融学类、财会审计类 | 经济学类、金融学类、财会审计类 | 经济学类、金融学类、财会审计类
一级主办及以下（三）,岗位标签,title_or_tag,35,35,government:35,job_24aec0228e45e3d3b653;job_0f688fc97000f209261e;job_2cd64d3a2f25110b4329,一级主办及以下（三） | 一级主办及以下（三） | 一级主办及以下（三）,一级主办及以下（三） | 一级主办及以下（三） | 一级主办及以下（三）
一级行政执法员(三),岗位标签,title_or_tag,35,35,government:35,job_364a87534d540c6822c3;job_43f762bc00cf149bcf20;job_b2e3dbc099f630d96388,一级行政执法员(三) | 一级行政执法员(三) | 一级行政执法员(三),一级行政执法员(三) | 一级行政执法员(三) | 一级行政执法员(三)
数学类、电子信息类、计算机类,岗位标签,title_or_tag,35,35,government:35,job_4f2ff3f373d1119f073a;job_f612bd662ad4a4e2ac82;job_909877387d3c22a78bb8,一级行政执法员（一） | 一级行政执法员（二） | 一级行政执法员,数学类、电子信息类、计算机类 | 数学类、电子信息类、计算机类 | 数学类、电子信息类、计算机类
经济学类（02）,岗位标签,title_or_tag,35,35,government:35,job_0fa8f72a06323ea76c6f;job_365dd0e9d2627db2cd90;job_750f29551938b108ceea,监管部门一级主任科员及以下 | 监管部门一级主任科员及以下 | 监管部门一级主任科员及以下,经济学类（02） | 经济学类（02） | 经济学类（02）
财政学类、金融学类、经济与贸易类、财会审计类,岗位标签,title_or_tag,35,35,government:35,job_7be700c42055fadece46;job_70c09996cb408e16e928;job_25605c2ea2d7f54c4d7b,一级行政执法员（一） | 一级行政执法员（二） | 一级行政执法员（一）,财政学类、金融学类、经济与贸易类、财会审计类 | 财政学类、金融学类、经济与贸易类、财会审计类 | 财政学类、金融学类、经济与贸易类、财会审计类
辖区财金类监管,自动短语,auto_phrase,35,35,government:35,job_70b871de056089dbc8b6;job_c494671e5810e9941ff4;job_10cc76ce99efb41718ef,辖区财金类监管岗位一级主任科员及以下 | 辖区财金类监管岗位一级主任科员及以下 | 辖区财金类监管岗位一级主任科员及以下,辖区财金类监管岗位一级主任科员及以下 | 辖区财金类监管岗位一级主任科员及以下 | 辖区财金类监管岗位一级主任科员及以下
辖区财金类监管岗位一级主任科员及以下,岗位标签,title_or_tag,35,35,government:35,job_70b871de056089dbc8b6;job_c494671e5810e9941ff4;job_10cc76ce99efb41718ef,辖区财金类监管岗位一级主任科员及以下 | 辖区财金类监管岗位一级主任科员及以下 | 辖区财金类监管岗位一级主任科员及以下,辖区财金类监管岗位一级主任科员及以下 | 辖区财金类监管岗位一级主任科员及以下 | 辖区财金类监管岗位一级主任科员及以下
一级主办及以下,岗位标签,title_or_tag,34,34,government:34,job_1fda369ea4a60ef20236;job_92a3ad8bada8f53ed9fe;job_abf1a44f92db29499081,一级主办及以下 | 一级主办及以下 | 一级主办及以下,一级主办及以下 | 一级主办及以下 | 一级主办及以下
电子信息类、计算机类、土木类、测绘类,岗位标签,title_or_tag,34,34,government:34,job_d8c816bf6401e00f3694;job_dbe01c2cfd96abc0067b;job_42856b1658ac2f239c1c,一级行政执法员（六） | 一级行政执法员（六） | 一级行政执法员（四）,电子信息类、计算机类、土木类、测绘类 | 电子信息类、计算机类、土木类、测绘类 | 电子信息类、计算机类、土木类、测绘类
经济学类、经济与贸易类、工商管理类、公共管理类,岗位标签,title_or_tag,34,34,government:34,job_fa0e10a223ede892caf2;job_293472675f1e10b4b3a5;job_9c75b8ac475b25d93e33,一级行政执法员（七） | 一级行政执法员（八） | 一级行政执法员（五）,经济学类、经济与贸易类、工商管理类、公共管理类 | 经济学类、经济与贸易类、工商管理类、公共管理类 | 经济学类、经济与贸易类、工商管理类、公共管理类
口岸一线植物及其产品检疫监管,产品运营,auto_phrase,33,33,government:33,job_f3d3c0c99a10db9f7d3b;job_01bbf8763881c0ef724f;job_6e5765424f6e1c0422f2,植物检疫二级主办及以下（一） | 植物检疫二级主办及以下（二） | 植物检疫一级行政执法员,职位简介：从事海关口岸一线植物及其产品检疫监管及货物查验工作 | 职位简介：从事海关口岸一线植物及其产品检疫监管及货物查验工作 | 职位简介：从事海关口岸一线植物及其产品检疫监管及货物查验工作
法学类（0301）,岗位标签,title_or_tag,33,33,government:33,job_4181fe2349204ff4df76;job_f748dc2b8093dfe2b106;job_e8dc21ba34c50cb69dbc,法规部门一级主任科员及以下 | 法规部门一级主任科员及以下 | 法规部门一级主任科员及以下,法学类（0301） | 法学类（0301） | 法学类（0301）
经济学类、金融学类、财会审计类、社会保障类,岗位标签,title_or_tag,33,33,government:33,job_9230e1e6210fae7a89fe;job_325f551ad90341e7406b;job_4fc0ee1f8f7f8906a662,一级行政执法员（二） | 一级行政执法员（三） | 一级行政执法员（一）,经济学类、金融学类、财会审计类、社会保障类 | 经济学类、金融学类、财会审计类、社会保障类 | 经济学类、金融学类、财会审计类、社会保障类
金融学类、经济与贸易类、电子商务类,岗位标签,title_or_tag,33,33,government:33,job_fa2e2f59cc3b25bd08dd;job_00740d8f18289920114b;job_ee9d77d1d68faa536e08,一级行政执法员（四） | 一级行政执法员（六） | 一级行政执法员（十一）,金融学类、经济与贸易类、电子商务类 | 金融学类、经济与贸易类、电子商务类 | 金融学类、经济与贸易类、电子商务类
防灾减灾科一级主任科员及以下,岗位标签,title_or_tag,33,33,government:33,job_889c677d61deaae166bf;job_a5d90e03f2d0d8f09b34;job_27e2814da02636ac0190,防灾减灾科一级主任科员及以下 | 防灾减灾科一级主任科员及以下 | 防灾减灾科一级主任科员及以下,防灾减灾科一级主任科员及以下 | 防灾减灾科一级主任科员及以下 | 防灾减灾科一级主任科员及以下
0201经济学类、0202财政学类、0203金融学类、0204经济与贸易类,岗位标签,title_or_tag,32,32,government:32,job_1f6af1a531c0299dd414;job_4d70af5e15fa0655ca48;job_cde9f4c4732a7c737290,监管部门一级主任科员及以下 | 监管部门一级主任科员及以下 | 监管部门一级主任科员及以下,0201经济学类、0202财政学类、0203金融学类、0204经济与贸易类 | 0201经济学类、0202财政学类、0203金融学类、0204经济与贸易类 | 0201经济学类、0202财政学类、0203金融学类、0204经济与贸易类
哲学类、教育学类、中国语言文学类、新闻传播学类,岗位标签,title_or_tag,32,32,government:32,job_f671a0e428418561cb55;job_c7e8fdb43222be2f9bb1;job_276fb6588b6e4d23ec68,一级行政执法员（七） | 一级行政执法员（七） | 一级行政执法员（一）,哲学类、教育学类、中国语言文学类、新闻传播学类 | 哲学类、教育学类、中国语言文学类、新闻传播学类 | 哲学类、教育学类、中国语言文学类、新闻传播学类
数学类、计算机类,岗位标签,title_or_tag,32,32,government:32,job_c416e8b656cc31c298b1;job_bd240940eefb7842a200;job_4b077109ebe7ab1c330c,一级行政执法员（三） | 一级行政执法员（四） | 一级行政执法员（五）,数学类、计算机类 | 数学类、计算机类 | 数学类、计算机类
法学类、政治学类、社会学类、英语相关专业,岗位标签,title_or_tag,32,32,government:32,job_844d6fb8c3a23978b4b3;job_bc9c6c64f8f23ae4b173;job_b1c3bbcf5a8a5e020932,第二税务分局一级行政执法员（三） | 一级行政执法员（三） | 一级行政执法员（一）,法学类、政治学类、社会学类、英语相关专业 | 法学类、政治学类、社会学类、英语相关专业 | 法学类、政治学类、社会学类、英语相关专业
经济学类、财政学类、金融学类,岗位标签,title_or_tag,32,32,government:32,job_80a7cac00a828909485a;job_8a205a8fb0c9155f224c;job_a8eb453353be4b385a95,一级行政执法员（一） | 一级行政执法员（二） | 一级行政执法员（三）,经济学类、财政学类、金融学类 | 经济学类、财政学类、金融学类 | 经济学类、财政学类、金融学类
财政学类、经济与贸易类、财会审计类,岗位标签,title_or_tag,32,32,government:32,job_cfca28c8bac0156389ae;job_ed7f72b5b1233a5da8d5;job_a7be5af1ae47cbd6519a,第一税务分局（重点税源企业税收服务和管理局）一级行政执法员（一） | 一级行政执法员（二） | 一级行政执法员,财政学类、经济与贸易类、财会审计类 | 财政学类、经济与贸易类、财会审计类 | 财政学类、经济与贸易类、财会审计类
财政学类、金融学类、工商管理类,岗位标签,title_or_tag,32,32,government:32,job_9fb5ccc46b221fc8bc97;job_fc15d28242efd448ea26;job_900cf4f1dace7b6a3499,一级行政执法员（一） | 一级行政执法员（二） | 一级行政执法员（一）,财政学类、金融学类、工商管理类 | 财政学类、金融学类、工商管理类 | 财政学类、金融学类、工商管理类
0301法学类,岗位标签,title_or_tag,31,31,government:31,job_cbf50d7cf97de88ea9ff;job_de3cb72d710c6183bac4;job_a7d2a441a59199e8b3c4,佳木斯海关缉私分局一级警长及以下 | 一级行政执法员（十） | 一级行政执法员（十一）,0301法学类 | 0301法学类 | 0301法学类
法学、知识产权、国际法,岗位标签,title_or_tag,31,31,government:31,job_5613c049c329a5b29e72;job_fdcdbdd878bc315ed409;job_cd212e271c6e50194f9c,法制工作一级行政执法员 | 法制工作一级行政执法员 | 法制工作一级行政执法员,法学、知识产权、国际法 | 法学、知识产权、国际法 | 法学、知识产权、国际法
法学类、马克思主义理论类,岗位标签,title_or_tag,31,31,government:31,job_b64210147a1f9a4d0ef6;job_0cbad57eca6019c36cc5;job_80d32c18b5e8d359ee21,一级行政执法员（五） | 一级行政执法员（五） | 一级行政执法员（五）,法学类、马克思主义理论类 | 法学类、马克思主义理论类 | 法学类、马克思主义理论类
法学类（030101K）,岗位标签,title_or_tag,31,31,government:31,job_45d84ab28b7ca3a635a9;job_13fcbec33c18d3f10e49;job_d91bf870a85fb877f9d0,综合业务部门一级主任科员及以下 | 综合业务部门一级主任科员及以下 | 综合业务部门一级主任科员及以下,法学类（030101K） | 法学类（030101K） | 法学类（030101K）
从事国家审计,自动短语,auto_phrase,30,30,government:30,job_fffbfcaa63404d998517;job_db37cda757a359644cdd;job_34019cd2f555ddf16f0b,审计业务处一级主任科员及以下 | 审计业务处一级主任科员及以下 | 审计业务处一级主任科员及以下,职位简介：从事国家审计工作 | 职位简介：从事国家审计工作 | 职位简介：从事国家审计工作
从事财政预算监管,项目管理,auto_phrase,30,30,government:30,job_27fe0b9fd439354b8088;job_b620b7382501674e4371;job_bc340facbefdce253bbe,一级主任科员及以下 | 一级主任科员及以下 | 一级主任科员及以下,职位简介：从事财政预算监管业务工作 | 职位简介：从事财政预算监管业务工作 | 职位简介：从事财政预算监管业务工作
办公室一级主任科员及以下,岗位标签,title_or_tag,30,30,government:30,job_b36a6d5d580e9b7631a3;job_8e99f00d4097c2fc0cd2;job_0a3b52d98c3c2da14115,办公室一级主任科员及以下 | 办公室一级主任科员及以下 | 办公室一级主任科员及以下,办公室一级主任科员及以下 | 办公室一级主任科员及以下 | 办公室一级主任科员及以下
卫生检疫四级主办及以下,岗位标签,title_or_tag,30,30,government:30,job_48160261681545f303f3;job_1fa260dc2744ebc32985;job_db19e55344ed88c33f32,卫生检疫四级主办及以下 | 卫生检疫四级主办及以下 | 卫生检疫四级主办及以下,卫生检疫四级主办及以下 | 卫生检疫四级主办及以下 | 卫生检疫四级主办及以下
机械类、计算机类、土木类、交通运输类、建筑类,岗位标签,title_or_tag,30,30,government:30,job_b4aff27bc3485c61d67a;job_b849f84e79a163b4300b;job_72e999698019a8b89592,一级主办及以下（三） | 一级主办及以下（一） | 一级主办及以下（二）,机械类、计算机类、土木类、交通运输类、建筑类 | 机械类、计算机类、土木类、交通运输类、建筑类 | 机械类、计算机类、土木类、交通运输类、建筑类
植物生产类、林学类、草学类,岗位标签,title_or_tag,30,30,government:30,job_70dc69415dea9adddb06;job_18c8ba0b02f4b5c963e0;job_afde3272c1dd62009534,植物检疫一级行政执法员（一） | 植物检疫一级行政执法员（二） | 植物检疫一级行政执法员（一）,植物生产类、林学类、草学类 | 植物生产类、林学类、草学类 | 植物生产类、林学类、草学类
海事管理、海上安全与环境管理、海上交通工程,岗位标签,title_or_tag,30,30,government:30,job_caf16c701d16218c2bd5;job_b5b54c893d2881f1afb0;job_8803ed43ad982b372c60,一级行政执法员（二） | 一级行政执法员（五） | 一级行政执法员,海事管理、海上安全与环境管理、海上交通工程 | 海事管理、海上安全与环境管理、海上交通工程 | 海事管理、海上安全与环境管理、海上交通工程
稽查局一级行政执法员（一）,岗位标签,title_or_tag,30,30,government:30,job_37284819be2cb3658bba;job_0219684f923f49e326a5;job_4b461057f10367f699fd,稽查局一级行政执法员（一） | 稽查局一级行政执法员（一） | 稽查局一级行政执法员（一）,稽查局一级行政执法员（一） | 稽查局一级行政执法员（一） | 稽查局一级行政执法员（一）
稽查局一级行政执法员（二）,岗位标签,title_or_tag,30,30,government:30,job_e04394513c1540a7f6ba;job_156b02c4d7be15595f26;job_dab5d3beed4eb9d821b9,稽查局一级行政执法员（二） | 稽查局一级行政执法员（二） | 稽查局一级行政执法员（二）,稽查局一级行政执法员（二） | 稽查局一级行政执法员（二） | 稽查局一级行政执法员（二）
本科或研究生专业为经济、财政、金融、经济与贸易类（专业代码02开头）,岗位标签,title_or_tag,29,29,government:29,job_47288d47cc1ec3ed1748;job_164373c8e209169f0f85;job_cee52b2987ee403df203,监管部门一级主任科员及以下 | 监管部门一级主任科员及以下 | 监管部门一级主任科员及以下,本科或研究生专业为经济、财政、金融、经济与贸易类（专业代码02开头） | 本科或研究生专业为经济、财政、金融、经济与贸易类（专业代码02开头） | 本科或研究生专业为经济、财政、金融、经济与贸易类（专业代码02开头）
植物检疫四级主办及以下,岗位标签,title_or_tag,29,29,government:29,job_536d6681545d9c824259;job_3289a16e6646901f441d;job_4206c92ea02a2b0705c7,植物检疫四级主办及以下 | 植物检疫四级主办及以下 | 植物检疫四级主办及以下,植物检疫四级主办及以下 | 植物检疫四级主办及以下 | 植物检疫四级主办及以下
计算机类、自动化类、数学类、统计学类,岗位标签,title_or_tag,29,29,government:29,job_512323f3f090e4d77760;job_2f732745cb18eaa6a0a3;job_8b748a8c502596988936,一级行政执法员（三） | 一级行政执法员（四） | 一级行政执法员（三）,计算机类、自动化类、数学类、统计学类 | 计算机类、自动化类、数学类、统计学类 | 计算机类、自动化类、数学类、统计学类
防灾减灾科四级主任科员及以下,岗位标签,title_or_tag,29,29,government:29,job_fbc78d539b2d0f3ba1dd;job_55dcf347d41fff1bf104;job_1fdda9eed8f52516721d,防灾减灾科四级主任科员及以下 | 防灾减灾科四级主任科员及以下 | 防灾减灾科四级主任科员及以下,防灾减灾科四级主任科员及以下 | 防灾减灾科四级主任科员及以下 | 防灾减灾科四级主任科员及以下
动物检疫四级主办及以下,岗位标签,title_or_tag,28,28,government:28,job_dd31b16c7ceac1ff0fce;job_aaa1259bf3005b5cb395;job_1aa6252f7762411bb1d4,动物检疫四级主办及以下 | 动物检疫四级主办及以下 | 动物检疫四级主办及以下,动物检疫四级主办及以下 | 动物检疫四级主办及以下 | 动物检疫四级主办及以下
化工监管,自动短语,auto_phrase,28,28,government:28,job_f6155e2d3dac3e8ef87b;job_bbe0120f1e49056f5a0d;job_1d99ec8a01822fff7d5f,化工监管二级主办及以下（一） | 化工监管二级主办及以下（二） | 化工监管一级行政执法员,化工监管二级主办及以下（一） | 化工监管二级主办及以下（二） | 化工监管一级行政执法员
口岸一线动物及其产品检疫监管,产品运营,auto_phrase,28,28,government:28,job_f2c36fa88fbd3c677c55;job_a37a0289ac6e2e537ce7;job_19f2c20cc4debc2a034d,动物检疫二级主办及以下（一） | 动物检疫二级主办及以下（二） | 动物检疫一级行政执法员（一）,职位简介：从事海关口岸一线动物及其产品检疫监管及货物查验工作 | 职位简介：从事海关口岸一线动物及其产品检疫监管及货物查验工作 | 职位简介：从事海关口岸一线动物及其产品检疫监管及货物查验工作
大学本科为理工科专业,硬约束,auto_phrase,28,28,government:28,job_7f3c73cf080aa00d942a;job_f3cc42070e564eec976c;job_de36eeee959d1d396bcc,综合业务部门一级主任科员及以下 | 综合业务部门一级主任科员及以下 | 综合业务部门一级主任科员及以下,公务员/事业单位；硕士研究生及以上；与最高学历相对应的学位；大学本科为理工科专业，研究生为经济金融类专业（不含统计、国际商务、资产评估、经济与贸易类、国际贸易等专业）；中央机关及其省级直属机构综合管理类 | 公务员/事业单位；硕士研究生及以上；与最高学历相对应的学位；大学本科为理工科专业，研究生为经济金融类专业（不含统计、国际商务、资产评估、经济与贸易类、国际贸易等专业）；市（地）级及以下直属机构综合管理类 | 公务员/事业单位；硕士研究生及以上；与最高学历相对应的学位；大学本科为理工科专业，研究生为经济金融类专业（不含统计、国际商务、资产评估、经济与贸易类、国际贸易等专业）；市（地）级及以下直属机构综合管理类
审计业务处一级主任科员及以下,岗位标签,title_or_tag,28,28,government:28,job_fffbfcaa63404d998517;job_db37cda757a359644cdd;job_34019cd2f555ddf16f0b,审计业务处一级主任科员及以下 | 审计业务处一级主任科员及以下 | 审计业务处一级主任科员及以下,审计业务处一级主任科员及以下 | 审计业务处一级主任科员及以下 | 审计业务处一级主任科员及以下
研究生为经济金融类专业,自动短语,auto_phrase,28,28,government:28,job_7f3c73cf080aa00d942a;job_f3cc42070e564eec976c;job_de36eeee959d1d396bcc,综合业务部门一级主任科员及以下 | 综合业务部门一级主任科员及以下 | 综合业务部门一级主任科员及以下,公务员/事业单位；硕士研究生及以上；与最高学历相对应的学位；大学本科为理工科专业，研究生为经济金融类专业（不含统计、国际商务、资产评估、经济与贸易类、国际贸易等专业）；中央机关及其省级直属机构综合管理类 | 公务员/事业单位；硕士研究生及以上；与最高学历相对应的学位；大学本科为理工科专业，研究生为经济金融类专业（不含统计、国际商务、资产评估、经济与贸易类、国际贸易等专业）；市（地）级及以下直属机构综合管理类 | 公务员/事业单位；硕士研究生及以上；与最高学历相对应的学位；大学本科为理工科专业，研究生为经济金融类专业（不含统计、国际商务、资产评估、经济与贸易类、国际贸易等专业）；市（地）级及以下直属机构综合管理类
财政学类、管理科学与工程类、财会审计类、社会保障类,岗位标签,title_or_tag,28,28,government:28,job_b55c8c71d42fcceed4da;job_3581ac3d917f914e818f;job_ce0a09d3b019c772087f,一级行政执法员（一） | 一级行政执法员（一） | 一级行政执法员（三）,财政学类、管理科学与工程类、财会审计类、社会保障类 | 财政学类、管理科学与工程类、财会审计类、社会保障类 | 财政学类、管理科学与工程类、财会审计类、社会保障类
防灾减灾科一级科员及以下,岗位标签,title_or_tag,28,28,government:28,job_8235539e2d4f69a0c1d9;job_049e6a8bbd37e65e0be8;job_8831231d7f646d16edf5,防灾减灾科一级科员及以下 | 防灾减灾科一级科员及以下 | 防灾减灾科一级科员及以下,防灾减灾科一级科员及以下 | 防灾减灾科一级科员及以下 | 防灾减灾科一级科员及以下
080904K信息安全,自动短语,auto_phrase,27,27,government:27,job_0cb333dca9e6920e2c3c;job_5ab90051b1d14765291a;job_5585cd18d234483605d9,监管部门一级主任科员及以下 | 监管部门一级主任科员及以下 | 监管部门一级主任科员及以下,公务员/事业单位；仅限本科；学士；080901计算机科学与技术、080902软件工程、080903网络工程、080904K信息安全、080910T数据科学与大数据技术、080911TK网络空间安全；市（地）级及以下直属机构综合管理类 | 公务员/事业单位；仅限本科；学士；080901计算机科学与技术、080902软件工程、080903网络工程、080904K信息安全、080910T数据科学与大数据技术、080911TK网络空间安全；市（地）级及以下直属机构综合管理类 | 公务员/事业单位；仅限本科；学士；080901计算机科学与技术、080902软件工程、080903网络工程、080904K信息安全、080910T数据科学与大数据技术、080911TK网络空间安全；市（地）级及以下直属机构综合管理类
一级主办及以下（四）,岗位标签,title_or_tag,27,27,government:27,job_b5d9499123a065fd2059;job_4a1212b0170de0372bb2;job_4603d331079a7c64573d,一级主办及以下（四） | 一级主办及以下（四） | 一级主办及以下（四）,一级主办及以下（四） | 一级主办及以下（四） | 一级主办及以下（四）
事辖区证券期货市场财金类监管,产品运营,auto_phrase,27,27,government:27,job_70b871de056089dbc8b6;job_c494671e5810e9941ff4;job_10cc76ce99efb41718ef,辖区财金类监管岗位一级主任科员及以下 | 辖区财金类监管岗位一级主任科员及以下 | 辖区财金类监管岗位一级主任科员及以下,职位简介：主要从事辖区证券期货市场财金类监管工作 | 职位简介：主要从事辖区证券期货市场财金类监管工作 | 职位简介：主要从事辖区证券期货市场财金类监管工作
从事海关口岸一线动物检疫监管,自动短语,auto_phrase,27,27,government:27,job_74a0e27c46101dd2ee52;job_a521a83b5dba30b9755f;job_f885f886f6fd8f8bf76e,动物检疫四级主办及以下（一） | 动物检疫四级主办及以下（二） | 动物检疫一级行政执法员（一）,职位简介：从事海关口岸一线动物检疫监管工作 | 职位简介：从事海关口岸一线动物检疫监管工作 | 职位简介：从事海关口岸一线动物检疫监管及查验工作
含法律,自动短语,auto_phrase,27,27,government:27,job_2b806852f348d2968859;job_bff09340bfcbfc21053f;job_bf77632757fc09fec5f4,监管部门一级主任科员及以下 | 监管部门一级主任科员及以下 | 监管部门一级主任科员及以下,公务员/事业单位；本科或硕士研究生；与最高学历相对应的学位；以本科专业报考：法学。以研究生专业报考：法学（限法学、法学理论、宪法学与行政法学、民商法学、诉讼法学、经济法学）、法律（含法律、法律法学、法律非法学）。；市（地）级及以下直属机构综合管理类 | 公务员/事业单位；本科或硕士研究生；与最高学历相对应的学位；以本科专业报考：法学。以研究生专业报考：法学（限法学、法学理论、宪法学与行政法学、民商法学、诉讼法学、经济法学）、法律（含法律、法律法学、法律非法学）。；市（地）级及以下直属机构综合管理类 | 公务员/事业单位；本科或硕士研究生；与最高学历相对应的学位；以本科专业报考：法学。以研究生专业报考：法学（限法学、法学理论、宪法学与行政法学、民商法学、诉讼法学、经济法学）、法律（含法律、法律法学、法律非法学）。；市（地）级及以下直属机构综合管理类
法学（0301）,岗位标签,title_or_tag,27,27,government:27,job_7fd67ae566754ed4e113;job_936aaa8e57fa579dd93c;job_4b4ecb4c8aa194a733f0,执法督察处一级主任科员及以下 | 法规部门一级主任科员及以下 | 法规部门一级主任科员及以下,法学（0301） | 法学（0301） | 法学（0301）
科技管理（机械自动化类）一级行政执法员,岗位标签,title_or_tag,27,27,government:27,job_89710eac68003d7da44f;job_48376201f09f2d71f4cf;job_e588ef02f49dfb436148,科技管理（机械自动化类）一级行政执法员 | 科技管理（机械自动化类）一级行政执法员 | 科技管理（机械自动化类）一级行政执法员,科技管理（机械自动化类）一级行政执法员 | 科技管理（机械自动化类）一级行政执法员 | 科技管理（机械自动化类）一级行政执法员
财会审计类、社会保障类,岗位标签,title_or_tag,27,27,government:27,job_cca22173d045c4be0e9a;job_2c99b2527194ca07e90c;job_56349daa835ca5d0bf02,一级行政执法员（四） | 一级行政执法员（五） | 一级行政执法员（四）,财会审计类、社会保障类 | 财会审计类、社会保障类 | 财会审计类、社会保障类
财务管理、会计学、审计学,岗位标签,title_or_tag,27,27,government:27,job_9d3fef30d0c6b90c203a;job_d0d698ac020dd82e8c70;job_a6a8bcbb4d7771a95cc5,一级行政执法员（十二） | 一级行政执法员（一） | 综合业务一级行政执法员（一）,财务管理、会计学、审计学 | 财务管理、会计学、审计学 | 财务管理、会计学、审计学
仅限博士研究生,岗位标签,title_or_tag,26,26,government:26,job_ec2e952df06dee437f3d;job_c50ce5e6f40b7968a2a2;job_1f383c04546af6722365,业务处室一级主任科员及以下（一） | 业务处室一级主任科员及以下（二） | 业务处室一级主任科员及以下（三）,仅限博士研究生 | 仅限博士研究生 | 仅限博士研究生
从事海关法务,自动短语,auto_phrase,26,26,government:26,job_0d628e3ec9d6b3e43f2d;job_c8b8b1910a60cde446bc;job_a8294e44cc2df39506b3,法务一级行政执法员 | 法务四级主办及以下 | 法务一级行政执法员（一）,职位简介：从事海关法务管理、普法宣传工作 | 职位简介：从事海关法务工作 | 职位简介：从事海关法务管理、普法宣传工作
从事海关进出境货物查验监管,自动短语,auto_phrase,26,26,government:26,job_b2472938dcc20829353c;job_86fd2ffc1b69d417573f;job_3f571f9ce21f2665f218,法制四级主办及以下 | 动物检疫四级主办及以下 | 科技管理（机械自动化类）四级主办及以下,职位简介：从事海关进出境货物查验监管和法制管理工作 | 职位简介：从事海关进出境货物查验监管和动物检疫监管工作 | 职位简介：从事海关进出境货物查验监管及智慧海关建设工作
军事法学等专业,自动短语,auto_phrase,26,26,government:26,job_502952d1e0c909eca0ab;job_fcdbdd67d1137313aece;job_7c0b576e8f711981988d,法规部门一级主任科员及以下 | 法规部门一级主任科员及以下 | 法规部门一级主任科员及以下,公务员/事业单位；本科及以上；与最高学历相对应的学位；法律、法学、法学理论、宪法学与行政法学、刑法学、民商法学、诉讼法学、经济法学、国际法学、军事法学等专业；市（地）级及以下直属机构综合管理类 | 公务员/事业单位；本科及以上；与最高学历相对应的学位；法律、法学、法学理论、宪法学与行政法学、刑法学、民商法学、诉讼法学、经济法学、国际法学、军事法学等专业；市（地）级及以下直属机构综合管理类 | 公务员/事业单位；本科及以上；与最高学历相对应的学位；法律、法学、法学理论、宪法学与行政法学、刑法学、民商法学、诉讼法学、经济法学、国际法学、军事法学等专业；市（地）级及以下直属机构综合管理类
博士,学历要求,constraint,26,26,government:26,job_ec2e952df06dee437f3d;job_c50ce5e6f40b7968a2a2;job_1f383c04546af6722365,业务处室一级主任科员及以下（一） | 业务处室一级主任科员及以下（二） | 业务处室一级主任科员及以下（三）,公务员/事业单位；仅限博士研究生；博士；哲学（马克思主义哲学）、法学（政治学、法学、马克思主义理论）、历史学（中国史、世界史）；中央机关及其省级直属机构综合管理类 | 公务员/事业单位；仅限博士研究生；博士；工学（软件工程、计算机科学与技术、电子科学与技术、信息与通信工程、安全科学与工程、网络空间安全、电子信息）、理学（系统科学）、管理学（管理科学与工程）、国家安全学；中央机关及其省级直属机构综合管理类 | 公务员/事业单位；仅限博士研究生；博士；外国语言文学、翻译（英语）；中央机关及其省级直属机构综合管理类
工业软件专业,自动短语,auto_phrase,26,26,government:26,job_4bb58440241f16c8d66d;job_faac7cf7966423dca049;job_ca1ad60ec7b13d6ec863,德阳调查队业务科室一级科员 | 乐山调查队业务科室一级科员 | 眉山调查队业务科室一级科员,公务员/事业单位；仅限本科；学士；统计学类、数学类、经济学类、计算机类（不含电影制作、工业软件专业）；市（地）级及以下直属机构综合管理类 | 公务员/事业单位；仅限本科；学士；统计学类、数学类、经济学类、计算机类（不含电影制作、工业软件专业）；市（地）级及以下直属机构综合管理类 | 公务员/事业单位；仅限本科；学士；统计学类、数学类、经济学类、计算机类（不含电影制作、工业软件专业）；市（地）级及以下直属机构综合管理类
法学、知识产权、国际法、国际经贸规则,岗位标签,title_or_tag,26,26,government:26,job_792a931e5d6f473a8918;job_434c60567eb91572f37b;job_c2ffb59ce9f7e72f0d95,法规管理一级行政执法员（一） | 法规管理一级行政执法员（二） | 法规管理一级行政执法员（一）,法学、知识产权、国际法、国际经贸规则 | 法学、知识产权、国际法、国际经贸规则 | 法学、知识产权、国际法、国际经贸规则
经济学类、财政学类、金融学类、经济与贸易类、工商管理类、公共管理类,岗位标签,title_or_tag,26,26,government:26,job_6ab1f44e248969a24587;job_f2d67eaa0669dcd33ec5;job_b6465c6eaaabc5006f9b,一级行政执法员（一） | 一级行政执法员（二） | 一级行政执法员（四）,经济学类、财政学类、金融学类、经济与贸易类、工商管理类、公共管理类 | 经济学类、财政学类、金融学类、经济与贸易类、工商管理类、公共管理类 | 经济学类、财政学类、金融学类、经济与贸易类、工商管理类、公共管理类
网络安全,安全,technology,26,26,government:26,job_8726a4fb5aeeb6fc3220;job_d75d92c59f2c2c5ed8ac;job_e5315219f0a454beff88,综合处一级主任科员及以下 | 武汉铁路公安处基层所队民警 | 武汉铁路公安处基层所队民警,职位简介：从事邮政业网络安全和信息化管理等工作 | 职位简介：主要从事治安管理、网络安全管理和保密管理等工作 | 职位简介：主要从事治安管理、大数据管理、网络安全管理和计算机维护等工作
动物检疫一级行政执法员,岗位标签,title_or_tag,25,25,government:25,job_27f7d15e6341867732a4;job_b2c0114aca04c59d491c;job_f396d1aafd4bf41fa645,动物检疫一级行政执法员 | 动物检疫一级行政执法员 | 动物检疫一级行政执法员,动物检疫一级行政执法员 | 动物检疫一级行政执法员 | 动物检疫一级行政执法员
卫生检疫一级行政执法员,岗位标签,title_or_tag,25,25,government:25,job_ab47fb38040379012615;job_be91c83c02b3845d20b3;job_a955b85e021f5e51ae19,卫生检疫一级行政执法员 | 卫生检疫一级行政执法员 | 卫生检疫一级行政执法员,卫生检疫一级行政执法员 | 卫生检疫一级行政执法员 | 卫生检疫一级行政执法员
工商管理类、公共管理类,岗位标签,title_or_tag,25,25,government:25,job_a1b0d7611a0e41f79956;job_512f29f1265a2368a311;job_434cb019062a7f76b703,一级行政执法员（七） | 一级行政执法员（三） | 一级行政执法员（一）,工商管理类、公共管理类 | 工商管理类、公共管理类 | 工商管理类、公共管理类
经济学类、金融学类、工商管理类,岗位标签,title_or_tag,25,25,government:25,job_4aaaf15797ecacc15b71;job_79cc4f70ca3d5278489a;job_de87b5fad4cb2335653f,一级行政执法员（三） | 一级行政执法员（四） | 稽查局一级主办及以下,经济学类、金融学类、工商管理类 | 经济学类、金融学类、工商管理类 | 经济学类、金融学类、工商管理类
证券相关专业,自动短语,auto_phrase,25,25,government:25,job_2f6dc2854f68b8f54f9b;job_24138f4537fbb89fd502;job_28fc135a8ea1d293d4b1,监管部门一级主任科员及以下 | 监管部门一级主任科员及以下 | 监管部门一级主任科员及以下,公务员/事业单位；硕士研究生及以上；与最高学历相对应的学位；理论经济学（不含经济史、经济思想史相关专业）、应用经济学（不含国际贸易、能源、资源、环境、统计、投资、商务、体育、会展、证券相关专业）、金融、保险、资产评估；中央机关及其省级直属机构综合管理类 | 公务员/事业单位；仅限本科；学士；经济学类、金融学类（不含国际贸易、能源、资源、环境、统计、投资、商务、体育、会展、证券相关专业）；市（地）级及以下直属机构综合管理类 | 公务员/事业单位；仅限本科；学士；经济学类、金融学类（不含国际贸易、能源、资源、环境、统计、投资、商务、体育、会展、证券相关专业）；市（地）级及以下直属机构综合管理类
审计专业,自动短语,auto_phrase,24,24,government:24,job_69d59aa67255c0fb8a27;job_5fdd5627e5ad82c8e0ca;job_9eebdf8a6783bba353e5,业务处室一级主任科员及以下4 | 监管部门一级主任科员及以下 | 监管部门一级主任科员及以下,公务员/事业单位；硕士研究生及以上；与最高学历相对应的学位；学科门类为经济学（02）或会计、审计专业；中央机关及其省级直属机构综合管理类 | 公务员/事业单位；硕士研究生及以上；与最高学历相对应的学位；会计学、财务管理、审计学、资产评估、财务会计教育、会计、审计专业；中央机关及其省级直属机构综合管理类 | 公务员/事业单位；本科及以上；与最高学历相对应的学位；本科或研究生专业为会计学、财务管理、审计学、资产评估、财务会计教育、会计、审计专业；市（地）级及以下直属机构综合管理类
法学类、财政学类、财会审计类,岗位标签,title_or_tag,24,24,government:24,job_ad813573cec5db583477;job_7f1f797f38269249e62b;job_fd8c616da8dce9ae10d5,一级行政执法员（十） | 一级行政执法员（十） | 一级行政执法员（七）,法学类、财政学类、财会审计类 | 法学类、财政学类、财会审计类 | 法学类、财政学类、财会审计类
法学类（法学、信用风险管理与法律防控）,岗位标签,title_or_tag,24,24,government:24,job_56fea8572b5755696f33;job_65afee3a224dc9cd7bd6;job_c654b4e5674d65eebfaa,法规部门一级主任科员及以下 | 法规部门一级主任科员及以下 | 法规部门一级主任科员及以下,法学类（法学、信用风险管理与法律防控） | 法学类（法学、信用风险管理与法律防控） | 法学类（法学、信用风险管理与法律防控）
第一稽查局一级行政执法员（一）,岗位标签,title_or_tag,24,24,government:24,job_3f3428ac02f96b2de59b;job_c5207cf76325194b2d3d;job_fcdbe12377326794b2c9,第一稽查局一级行政执法员（一） | 第一稽查局一级行政执法员（一） | 第一稽查局一级行政执法员（一）,第一稽查局一级行政执法员（一） | 第一稽查局一级行政执法员（一） | 第一稽查局一级行政执法员（一）
第一稽查局一级行政执法员（二）,岗位标签,title_or_tag,24,24,government:24,job_e26aa9bbe545c140218c;job_817051c8265005a1cddb;job_2f3cce6bc5d1c23e4db2,第一稽查局一级行政执法员（二） | 第一稽查局一级行政执法员（二） | 第一稽查局一级行政执法员（二）,第一稽查局一级行政执法员（二） | 第一稽查局一级行政执法员（二） | 第一稽查局一级行政执法员（二）
一级行政执法员（十二）,岗位标签,title_or_tag,23,23,government:23,job_5e50b3b697caa09fb018;job_9d3fef30d0c6b90c203a;job_fc030923130d7d8b007e,一级行政执法员（十二） | 一级行政执法员（十二） | 一级行政执法员（十二）,一级行政执法员（十二） | 一级行政执法员（十二） | 一级行政执法员（十二）
从事财务管理,项目管理,auto_phrase,23,23,government:23,job_a71dc03839e31c2bc183;job_670aff4c3ef0fcf0b0de;job_06ec7125f573563c3a33,财务管理岗位一级主任科员及以下 | 财务管理岗位一级主任科员及以下 | 财务管理岗位一级主任科员及以下,职位简介：从事财务管理相关工作 | 职位简介：从事财务管理工作 | 职位简介：从事财务管理等工作
基础医学类、临床医学类、公共卫生与预防医学类、中医学类、中西医结合类、护理学类,岗位标签,title_or_tag,23,23,government:23,job_231e33cb61722a473a20;job_30a4365a89eb909c9512;job_03b8b6baf8bc191fd750,卫生检疫四级主办及以下（一） | 卫生检疫四级主办及以下（二） | 卫生检疫四级主办及以下（一）,基础医学类、临床医学类、公共卫生与预防医学类、中医学类、中西医结合类、护理学类 | 基础医学类、临床医学类、公共卫生与预防医学类、中医学类、中西医结合类、护理学类 | 基础医学类、临床医学类、公共卫生与预防医学类、中医学类、中西医结合类、护理学类
海关管理、海关稽查、海关检验检疫安全,岗位标签,title_or_tag,23,23,government:23,job_9f41cb5d763c02407790;job_0e2d741f5c8cde740ce9;job_9d2c08f726283f8adae9,海关业务二级主办及以下 | 海关业务二级主办及以下 | 海关业务二级主办及以下,海关管理、海关稽查、海关检验检疫安全 | 海关管理、海关稽查、海关检验检疫安全 | 海关管理、海关稽查、海关检验检疫安全
保险等专业,自动短语,auto_phrase,22,22,government:22,job_40a6ec013e8d1189b6f6;job_a4fb84b2cf095db4d2aa;job_5f96e651d8e59d08f4ab,监管部门一级主任科员及以下 | 监管部门一级主任科员及以下 | 监管部门一级主任科员及以下,公务员/事业单位；本科及以上；与最高学历相对应的学位；大学本科：0203金融学类；研究生：金融、保险等专业；市（地）级及以下直属机构综合管理类 | 公务员/事业单位；本科及以上；与最高学历相对应的学位；大学本科：0203金融学类；研究生：金融、保险等专业；市（地）级及以下直属机构综合管理类 | 公务员/事业单位；本科及以上；与最高学历相对应的学位；大学本科：0203金融学类；研究生：金融、保险等专业；市（地）级及以下直属机构综合管理类
商务英语,硬约束,auto_phrase,22,22,government:22,job_43afb05cef42369f2848;job_c703e035da2bc52c7a40;job_0783c0e600250ccc9734,旅检二级主办及以下 | 综合业务四级主办及以下 | 旅客检疫一级行政执法员,公务员/事业单位；本科及以上；与最高学历相对应的学位；本科：英语、商务英语；研究生：英语语言文学、英语笔译、英语口译；行政执法类 | 公务员/事业单位；本科或硕士研究生；与最高学历相对应的学位；英语、商务英语、英语语言文学、英语笔译、英语口译；行政执法类 | 公务员/事业单位；仅限本科；学士；英语、商务英语、翻译；行政执法类
大学本科：0203金融学类；研究生：金融、保险等专业,岗位标签,title_or_tag,22,22,government:22,job_40a6ec013e8d1189b6f6;job_a4fb84b2cf095db4d2aa;job_5f96e651d8e59d08f4ab,监管部门一级主任科员及以下 | 监管部门一级主任科员及以下 | 监管部门一级主任科员及以下,大学本科：0203金融学类；研究生：金融、保险等专业 | 大学本科：0203金融学类；研究生：金融、保险等专业 | 大学本科：0203金融学类；研究生：金融、保险等专业
数学类、地理科学类、统计学类,岗位标签,title_or_tag,22,22,government:22,job_422527f6c5d3b267d567;job_c28007bd5dfd730c948b;job_2a9d4008b8ecbbf96f0d,一级行政执法员（五） | 一级行政执法员（五） | 第三稽查局一级主办及以下,数学类、地理科学类、统计学类 | 数学类、地理科学类、统计学类 | 数学类、地理科学类、统计学类
植物检疫一级行政执法员,岗位标签,title_or_tag,22,22,government:22,job_5a06ccc55a3ab8ae673c;job_484c293f97321df5953f;job_08e459bf4d273b4140db,植物检疫一级行政执法员 | 植物检疫一级行政执法员 | 植物检疫一级行政执法员,植物检疫一级行政执法员 | 植物检疫一级行政执法员 | 植物检疫一级行政执法员
经济学类、工商管理类,岗位标签,title_or_tag,22,22,government:22,job_7eb40553a23be35944b5;job_a2f9b867d8d1c1d3584c;job_1f9eff67fdeed42faad2,一级行政执法员（三） | 一级行政执法员（二） | 一级行政执法员（一）,经济学类、工商管理类 | 经济学类、工商管理类 | 经济学类、工商管理类
经济学类、财政学类、金融学类、管理科学与工程类、财会审计类、社会保障类,岗位标签,title_or_tag,22,22,government:22,job_7de57cfa995cd7c99d3e;job_179f348e29c9006d6f88;job_def6efa221f5d95b49f4,一级行政执法员（一） | 一级行政执法员（二） | 一级行政执法员（二）,经济学类、财政学类、金融学类、管理科学与工程类、财会审计类、社会保障类 | 经济学类、财政学类、金融学类、管理科学与工程类、财会审计类、社会保障类 | 经济学类、财政学类、金融学类、管理科学与工程类、财会审计类、社会保障类
经济学门类（含金融学类）,岗位标签,title_or_tag,22,22,government:22,job_be254babc3a409a6787a;job_849e3bd32049b6f740ca;job_7f1da9bb228bdef4cfa0,监管部门一级主任科员及以下 | 监管部门一级主任科员及以下 | 监管部门一级主任科员及以下,经济学门类（含金融学类） | 经济学门类（含金融学类） | 经济学门类（含金融学类）
统计学类、数学类、经济学类、计算机类（不含电影制作、工业软件专业）,岗位标签,title_or_tag,22,22,government:22,job_4bb58440241f16c8d66d;job_faac7cf7966423dca049;job_ca1ad60ec7b13d6ec863,德阳调查队业务科室一级科员 | 乐山调查队业务科室一级科员 | 眉山调查队业务科室一级科员,统计学类、数学类、经济学类、计算机类（不含电影制作、工业软件专业） | 统计学类、数学类、经济学类、计算机类（不含电影制作、工业软件专业） | 统计学类、数学类、经济学类、计算机类（不含电影制作、工业软件专业）
西昌铁路公安处基层所队民警,岗位标签,title_or_tag,22,22,government:22,job_cccacd69ac4c98ea4b01;job_abe8ee8e30622af148e3;job_c7d4ccd2c17a9364f840,西昌铁路公安处基层所队民警 | 西昌铁路公安处基层所队民警 | 西昌铁路公安处基层所队民警,西昌铁路公安处基层所队民警 | 西昌铁路公安处基层所队民警 | 西昌铁路公安处基层所队民警
计算机科学与技术、软件工程、网络工程、电子与计算机工程、数据科学与大数据技术,岗位标签,title_or_tag,22,22,government:22,job_fc252b731858d79aa24a;job_2499725f6b503fdeeb85;job_a64922aa66017abf5f67,统计信息部门一级主任科员及以下 | 监管部门一级主任科员及以下 | 科技部门一级主任科员及以下,计算机科学与技术、软件工程、网络工程、电子与计算机工程、数据科学与大数据技术 | 计算机科学与技术、软件工程、网络工程、电子与计算机工程、数据科学与大数据技术 | 计算机科学与技术、软件工程、网络工程、电子与计算机工程、数据科学与大数据技术
0301法学、0351法律,岗位标签,title_or_tag,21,21,government:21,job_fd0ecd37e718c10ca41e;job_e88e9636c99d1bdd41d7;job_a3aa17ec4f6f9a71da87,三处一级警长及以下 | 二处一级警长及以下 | 六处一级警长及以下,0301法学、0351法律 | 0301法学、0351法律 | 0301法学、0351法律
120203K会计学、120204财务管理、120207审计学,岗位标签,title_or_tag,21,21,government:21,job_591771ba710b934b9f4e;job_d33918fb6bdb1d1fd1c7;job_dee3c05f890d3436e0d6,监管部门一级主任科员及以下 | 监管部门一级主任科员及以下 | 监管部门一级主任科员及以下,120203K会计学、120204财务管理、120207审计学 | 120203K会计学、120204财务管理、120207审计学 | 120203K会计学、120204财务管理、120207审计学
一级行政执法员(四),岗位标签,title_or_tag,21,21,government:21,job_4fedba230e7c9fbb3f90;job_81fc3a0cf1fe6a5c4907;job_12155c6f343927022199,一级行政执法员(四) | 一级行政执法员(四) | 一级行政执法员(四),一级行政执法员(四) | 一级行政执法员(四) | 一级行政执法员(四)
业务处一级主任科员及以下,岗位标签,title_or_tag,21,21,government:21,job_8bb7ced8f36d39621730;job_1fee1ce0f71edc231ced;job_2127e476b0effcff31c6,业务处一级主任科员及以下 | 业务处一级主任科员及以下 | 业务处一级主任科员及以下,业务处一级主任科员及以下 | 业务处一级主任科员及以下 | 业务处一级主任科员及以下
仅限专业,自动短语,auto_phrase,21,21,government:21,job_4dd0881b631d78016e7f;job_1f60c8549aaac67463d5;job_a3ac79f43b17e2d2c244,法规部门一级主任科员及以下 | 综合部门一级主任科员及以下 | 综合部门一级主任科员及以下,公务员/事业单位；硕士研究生及以上；与最高学历相对应的学位；研究生为法学类专业（一级学科代码为0301）或法律专业（代码为0351），且本科需为法学专业（仅限专业代码030101K）；中央机关及其省级直属机构综合管理类 | 公务员/事业单位；仅限本科；学士；经济学门类专业、法学（仅限专业代码030101K）、工商管理类专业、公共管理类专业；市（地）级及以下直属机构综合管理类 | 公务员/事业单位；仅限本科；学士；经济学门类专业、法学（仅限专业代码030101K）、工商管理类专业、公共管理类专业；市（地）级及以下直属机构综合管理类
从事海关口岸一线植物检疫监管,自动短语,auto_phrase,21,21,government:21,job_5a06ccc55a3ab8ae673c;job_688095063e298cb08814;job_f71188a4e4420141f0fb,植物检疫一级行政执法员 | 植物检疫一级行政执法员（一） | 植物检疫一级行政执法员（二）,职位简介：从事海关口岸一线植物检疫监管工作 | 职位简介：从事海关口岸一线植物检疫监管工作 | 职位简介：从事海关口岸一线植物检疫监管工作
计算机应用技术等专业,自动短语,auto_phrase,21,21,government:21,job_f0b73e58f36d1fa7920a;job_72a2667ab8b78ded3bbf;job_a4d243bae62b334c319b,统计信息部门一级主任科员及以下 | 科技部门一级主任科员及以下 | 科技部门一级主任科员及以下,公务员/事业单位；硕士研究生及以上；与最高学历相对应的学位；计算机科学与技术、软件工程、网络工程、信息安全、电子与计算机工程、数据科学与大数据技术、网络空间安全、数据科学、计算机应用技术等专业；中央机关及其省级直属机构综合管理类 | 公务员/事业单位；本科及以上；与最高学历相对应的学位；计算机科学与技术、软件工程、网络工程、信息安全、电子与计算机工程、数据科学与大数据技术、网络空间安全、数据科学、计算机应用技术等专业；市（地）级及以下直属机构综合管理类 | 公务员/事业单位；本科及以上；与最高学历相对应的学位；计算机科学与技术、软件工程、网络工程、信息安全、电子与计算机工程、数据科学与大数据技术、网络空间安全、数据科学、计算机应用技术等专业；市（地）级及以下直属机构综合管理类
计算机类、电子信息类、自动化类,岗位标签,title_or_tag,21,21,government:21,job_d94ce983763334ea26cd;job_6c3e539043e5ebd3cdfd;job_203546d2c1b7b42017a3,一级行政执法员（四） | 一级行政执法员（五） | 一级行政执法员（五）,计算机类、电子信息类、自动化类 | 计算机类、电子信息类、自动化类 | 计算机类、电子信息类、自动化类
财务审计,自动短语,auto_phrase,21,21,government:21,job_089140086f011c24e9e8;job_ce49ed18dd3e72a789b5;job_d2e0a4f281c4635669b3,财务监督处一级主任科员及以下 | 财务审计工作一级主任科员及以下 | 济南铁路公安处基层所队民警,参与预算（投资）评审、财务审计、资产评估与监督检查数据库的建设与管理 | 财务审计工作一级主任科员及以下 | 职位简介：主要从事火车站及线路治安管理、行政管理、财务审计、公文写作等工作
财务管理一级行政执法员,岗位标签,title_or_tag,21,21,government:21,job_cc7cec5b0fce7f6c801a;job_8072364eec7b3f0924cd;job_087bd6e302cb51561505,财务管理一级行政执法员 | 财务管理一级行政执法员 | 财务管理一级行政执法员,财务管理一级行政执法员 | 财务管理一级行政执法员 | 财务管理一级行政执法员
财政学类、金融学类、管理科学与工程类、财会审计类,岗位标签,title_or_tag,21,21,government:21,job_9f02027474fa227af9a0;job_c439c24b746780f6c94e;job_0843083e48ecd89e2559,一级行政执法员（一） | 一级行政执法员（二） | 一级行政执法员（一）,财政学类、金融学类、管理科学与工程类、财会审计类 | 财政学类、金融学类、管理科学与工程类、财会审计类 | 财政学类、金融学类、管理科学与工程类、财会审计类
防灾减灾科业务管理一级科员及以下,岗位标签,title_or_tag,21,21,government:21,job_e3c24fd96057cea06e15;job_9e6b0f9c0eaf98a0e634;job_dafd52967f6e257e637b,防灾减灾科业务管理一级科员及以下 | 防灾减灾科业务管理一级科员及以下 | 防灾减灾科业务管理一级科员及以下,防灾减灾科业务管理一级科员及以下 | 防灾减灾科业务管理一级科员及以下 | 防灾减灾科业务管理一级科员及以下
项目管理,项目管理,business,21,21,government:21,job_5ffd2af4a5f8294edb96;job_16fd4875d9e1424175bc;job_ade38a0911808d03a3a1,行政管理处一级主任科员及以下 | 一级主任科员及以下 | 业务处室一级主任科员及以下,职位简介：从事本单位建设项目管理、采购与招投标管理等相关工作 | 公务员/事业单位；硕士研究生及以上；与最高学历相对应的学位；工程管理、项目管理、土木工程、结构工程、管理科学与工程、智能工程与创意设计、建筑环境与能源应用工程、建筑电气与智能化；中央机关及其省级直属机构综合管理类 | 公务员/事业单位；仅限硕士研究生；与最高学历相对应的学位；建筑设计及其理论，建筑技术科学，岩土工程，结构工程，供热、供燃气、通风及空调工程，社会医学与卫生事业管理，建筑学，土木工程，工程管理，项目管理；中央机关及其省级直属机构综合管理类
02经济学类,岗位标签,title_or_tag,20,20,government:20,job_66859de876e313fa4eaf;job_801886dae36b1fadda98;job_249c416c621ffbfffda4,一级主任科员及以下 | 一级主任科员及以下 | 监管部门一级主任科员及以下,02经济学类 | 02经济学类 | 02经济学类
030104T信用风险管理,项目管理,auto_phrase,20,20,government:20,job_023d62df9f3504a5cf8b;job_8bd7fb93e0d4e83d23a7;job_e16c32567bfdf63acd55,法规部门一级主任科员及以下 | 法规部门一级主任科员及以下 | 法规部门一级主任科员及以下,公务员/事业单位；仅限本科；学士；030101K法学、030104T信用风险管理与法律防控；市（地）级及以下直属机构综合管理类 | 公务员/事业单位；仅限本科；学士；030101K法学、030104T信用风险管理与法律防控；市（地）级及以下直属机构综合管理类 | 公务员/事业单位；仅限本科；学士；030101K法学、030104T信用风险管理与法律防控；市（地）级及以下直属机构综合管理类
一级主办及以下（五）,岗位标签,title_or_tag,20,20,government:20,job_17c609f713a240de193d;job_6aa5423427799fae9dce;job_1dbafb0a2931d6333f80,一级主办及以下（五） | 一级主办及以下（五） | 一级主办及以下（五）,一级主办及以下（五） | 一级主办及以下（五） | 一级主办及以下（五）
一级主办及以下（六）,岗位标签,title_or_tag,20,20,government:20,job_0f9d1420fafe57fac28d;job_055b093968ebda99ba01;job_086289eb2947ddcd733f,一级主办及以下（六） | 一级主办及以下（六） | 一级主办及以下（六）,一级主办及以下（六） | 一级主办及以下（六） | 一级主办及以下（六）
从事海关财务管理,项目管理,auto_phrase,20,20,government:20,job_8072364eec7b3f0924cd;job_087bd6e302cb51561505;job_5b17b9c063b205cf28b5,财务管理一级行政执法员 | 财务管理一级行政执法员 | 财务管理四级主办及以下,职位简介：从事海关财务管理、稽核查相关工作 | 职位简介：从事海关财务管理、稽核查相关工作 | 职位简介：从事海关财务管理工作
从事海关进出境行李物品监管,自动短语,auto_phrase,20,20,government:20,job_a20ee340eb84b67e709a;job_69e5392e20cbe7de5884;job_c9dba7ae3a8f81145ec7,科技管理（电子信息化类）四级主办及以下（一） | 科技管理（机械自动化类）四级主办及以下（一） | 科技管理（电子信息化类）四级主办及以下（二）,职位简介：从事海关进出境行李物品监管、货物查验监管、运输工具监管和智慧海关建设等工作 | 职位简介：从事海关进出境行李物品监管、货物查验监管、运输工具监管和智慧海关建设等工作 | 职位简介：从事海关进出境行李物品监管、货物查验监管、运输工具监管和智慧海关建设等工作
法学类、政治学类、马克思主义理论类、中国语言文学类、新闻传播学类,岗位标签,title_or_tag,20,20,government:20,job_cbccaa200376d00a8eba;job_ab5540c3d6f6076ee4da;job_3516415345a2a00741bd,稽查局一级行政执法员（一） | 稽查局一级行政执法员（二） | 一级行政执法员（三）,法学类、政治学类、马克思主义理论类、中国语言文学类、新闻传播学类 | 法学类、政治学类、马克思主义理论类、中国语言文学类、新闻传播学类 | 法学类、政治学类、马克思主义理论类、中国语言文学类、新闻传播学类
法学类（专业代码0301）,岗位标签,title_or_tag,20,20,government:20,job_64aba3536b33469d0626;job_74dee4059064348116fb;job_2df024ec0733b18edbdb,法规部门一级主任科员及以下 | 法规部门一级主任科员及以下 | 法规部门一级主任科员及以下,法学类（专业代码0301） | 法学类（专业代码0301） | 法学类（专业代码0301）
经济学类、财政学类、金融学类、经济与贸易类、工商管理类、社会保障类,岗位标签,title_or_tag,20,20,government:20,job_30ffa09b568584407cf8;job_1818b9d158327e5496b2;job_27bbb76dbd58b9e0852f,一级行政执法员（一） | 一级行政执法员（二） | 一级行政执法员（一）,经济学类、财政学类、金融学类、经济与贸易类、工商管理类、社会保障类 | 经济学类、财政学类、金融学类、经济与贸易类、工商管理类、社会保障类 | 经济学类、财政学类、金融学类、经济与贸易类、工商管理类、社会保障类
经济学类、金融学类、经济与贸易类、电子商务类、财政学类、财会审计类,岗位标签,title_or_tag,20,20,government:20,job_119cf8f1f0b439eeeccc;job_02e1c7650ab1b120a58f;job_ce2b6fed2a389f76dd54,一级行政执法员（六） | 一级行政执法员（七） | 一级行政执法员（六）,经济学类、金融学类、经济与贸易类、电子商务类、财政学类、财会审计类 | 经济学类、金融学类、经济与贸易类、电子商务类、财政学类、财会审计类 | 经济学类、金融学类、经济与贸易类、电子商务类、财政学类、财会审计类
财政学类、金融学类,岗位标签,title_or_tag,20,20,government:20,job_9169756ae3be675c70ce;job_9beed99f52a70a6dbfa7;job_d1d376a685f1be470564,第二稽查局一级行政执法员（一） | 第二稽查局一级行政执法员（二） | 一级行政执法员（一）,财政学类、金融学类 | 财政学类、金融学类 | 财政学类、金融学类
一级主办及以下（七）,岗位标签,title_or_tag,19,19,government:19,job_2fd44e11b6e310aee585;job_987839d6169c91c04f58;job_d8bfdedbda8115436b38,一级主办及以下（七） | 一级主办及以下（七） | 一级主办及以下（七）,一级主办及以下（七） | 一级主办及以下（七） | 一级主办及以下（七）
一级主办及以下（八）,岗位标签,title_or_tag,19,19,government:19,job_4c76cd54cc25c1c94a5e;job_6c2b8d1edf105b68753a;job_8dff133f87703c05a09c,一级主办及以下（八） | 一级主办及以下（八） | 一级主办及以下（八）,一级主办及以下（八） | 一级主办及以下（八） | 一级主办及以下（八）
动物生产类、动物医学类、水产类,岗位标签,title_or_tag,19,19,government:19,job_297377b23c3316735d5c;job_34c261b2e85f5520b11a;job_27e374b89d593b99c093,动物检疫一级行政执法员（一） | 动物检疫一级行政执法员（二） | 动物检疫一级行政执法员（一）,动物生产类、动物医学类、水产类 | 动物生产类、动物医学类、水产类 | 动物生产类、动物医学类、水产类
数学类、统计学类、电子信息类、自动化类、计算机类,岗位标签,title_or_tag,19,19,government:19,job_a754b59c589c592fd316;job_36d668a9c3523c318ba2;job_5993002dfdc24d905fd8,一级行政执法员（三） | 一级科员（六） | 一级科员（三）,数学类、统计学类、电子信息类、自动化类、计算机类 | 数学类、统计学类、电子信息类、自动化类、计算机类 | 数学类、统计学类、电子信息类、自动化类、计算机类
本科：法学、知识产权； 研究生：法学、法律,岗位标签,title_or_tag,19,19,government:19,job_c8b8b1910a60cde446bc;job_f9065c13a22531a5765f;job_4f92c0003993dc880e16,法务四级主办及以下 | 法律管理四级主办及以下（一） | 法律管理四级主办及以下（二）,本科：法学、知识产权； 研究生：法学、法律 | 本科：法学、知识产权； 研究生：法学、法律 | 本科：法学、知识产权； 研究生：法学、法律
法务,自动短语,auto_phrase,19,19,government:19,job_535b908c4eb6907ae470;job_8b4f2e65f2741a315cff;job_d1fed32a0fa8dc617011,法务管理岗位一级主任科员及以下 | 综合业务四级主办及以下（一） | 综合业务四级主办及以下（二）,法务管理岗位一级主任科员及以下 | 职位简介：从事综合业务、法务工作 | 职位简介：从事综合业务、法务工作
法学类、政治学类、中国语言文学类、新闻传播学类,岗位标签,title_or_tag,19,19,government:19,job_793d53b2957e80f48e8c;job_98563d6d4368c6568669;job_377594b95c138805e008,一级行政执法员（三） | 一级行政执法员（三） | 一级行政执法员（五）,法学类、政治学类、中国语言文学类、新闻传播学类 | 法学类、政治学类、中国语言文学类、新闻传播学类 | 法学类、政治学类、中国语言文学类、新闻传播学类
法学类、马克思主义理论类、中国语言文学类,岗位标签,title_or_tag,19,19,government:19,job_33f7079296142b80cad2;job_405fce5d3aa17de905e5;job_ff49ff3dc2eed8b63ef9,一级行政执法员 | 一级行政执法员（一） | 一级行政执法员（六）,法学类、马克思主义理论类、中国语言文学类 | 法学类、马克思主义理论类、中国语言文学类 | 法学类、马克思主义理论类、中国语言文学类
电子信息类、计算机类、土木类,岗位标签,title_or_tag,19,19,government:19,job_10b1a3872176fbc79bad;job_735d7b8cab977c39edde;job_997fdf60be38ce8add00,一级行政执法员（一） | 一级行政执法员（四） | 一级行政执法员（五）,电子信息类、计算机类、土木类 | 电子信息类、计算机类、土木类 | 电子信息类、计算机类、土木类
财政学类、管理科学与工程类、财会审计类,岗位标签,title_or_tag,19,19,government:19,job_b67eded78a1931a01b2e;job_44d5801a3c3b95e21312;job_fcdbe12377326794b2c9,稽查局一级行政执法员（一） | 稽查局一级行政执法员（二） | 第一稽查局一级行政执法员（一）,财政学类、管理科学与工程类、财会审计类 | 财政学类、管理科学与工程类、财会审计类 | 财政学类、管理科学与工程类、财会审计类
从事海关口岸一线食品安全监管,自动短语,auto_phrase,18,18,government:18,job_c3626afe0842834f3d5b;job_d01f5f03fb712ef8a17f;job_04ae829e03e431c6fe66,食品安全四级主办及以下（一） | 食品安全四级主办及以下（二） | 食品安全一级行政执法员（一）,职位简介：从事海关口岸一线食品安全监管工作 | 职位简介：从事海关口岸一线食品安全监管工作 | 职位简介：从事海关口岸一线食品安全监管工作
卫生检疫四级主办及以下（一）,岗位标签,title_or_tag,18,18,government:18,job_4ccc59cb99e47156683c;job_3580a36b0ff3dc0384ad;job_1830812e595f92b0a2db,卫生检疫四级主办及以下（一） | 卫生检疫四级主办及以下（一） | 卫生检疫四级主办及以下（一）,卫生检疫四级主办及以下（一） | 卫生检疫四级主办及以下（一） | 卫生检疫四级主办及以下（一）
卫生检疫四级主办及以下（二）,岗位标签,title_or_tag,18,18,government:18,job_3c2b5761e72b5724fe7d;job_9c0ecfa608a0397a360d;job_a0772e369aa6521e52b2,卫生检疫四级主办及以下（二） | 卫生检疫四级主办及以下（二） | 卫生检疫四级主办及以下（二）,卫生检疫四级主办及以下（二） | 卫生检疫四级主办及以下（二） | 卫生检疫四级主办及以下（二）
数学类、统计学类、物理学类、电子信息类、自动化类、计算机类、建筑类、心理学类,岗位标签,title_or_tag,18,18,government:18,job_ecfa86b79db621ed9c90;job_e3c39aaeae7cb4d09341;job_3d2560d8f94b04f594cd,一级行政执法员（四） | 一级行政执法员（五） | 一级行政执法员（二）,数学类、统计学类、物理学类、电子信息类、自动化类、计算机类、建筑类、心理学类 | 数学类、统计学类、物理学类、电子信息类、自动化类、计算机类、建筑类、心理学类 | 数学类、统计学类、物理学类、电子信息类、自动化类、计算机类、建筑类、心理学类
法学、文学、管理学、艺术学,岗位标签,title_or_tag,18,18,government:18,job_0facdfcc7de6cd79a967;job_322f9e7bd693a2fc103f;job_c6de7d229b6b2f6bb5a9,日喀则边境管理支队一级警长及以下（四） | 日喀则边境管理支队一级警长及以下（五） | 日喀则边境管理支队一级警长及以下（十六）,法学、文学、管理学、艺术学 | 法学、文学、管理学、艺术学 | 法学、文学、管理学、艺术学
法学、知识产权、国际经贸规则,岗位标签,title_or_tag,18,18,government:18,job_6bf7f633ec1285036f2a;job_25114102c7bcf0d195ca;job_e98d3d29bf0ba2ef061e,法务一级行政执法员 | 法制管理四级主办及以下 | 法制管理四级主办及以下,法学、知识产权、国际经贸规则 | 法学、知识产权、国际经贸规则 | 法学、知识产权、国际经贸规则
经济学类、财政学类、金融学类、管理科学与工程类,岗位标签,title_or_tag,18,18,government:18,job_7e80508e1b183b428a23;job_f5ccb68720aaf640882f;job_d4bde5e83f000054ab4c,一级行政执法员（三） | 一级行政执法员（四） | 一级行政执法员（三）,经济学类、财政学类、金融学类、管理科学与工程类 | 经济学类、财政学类、金融学类、管理科学与工程类 | 经济学类、财政学类、金融学类、管理科学与工程类
经济学类、金融学类、社会保障类,岗位标签,title_or_tag,18,18,government:18,job_7fc15f5577807a61d21c;job_2a347d467414ba3fdabb;job_2b9ada9454eba51183e8,一级行政执法员（二） | 一级行政执法员（五） | 一级行政执法员（六）,经济学类、金融学类、社会保障类 | 经济学类、金融学类、社会保障类 | 经济学类、金融学类、社会保障类
经济金融类,岗位标签,title_or_tag,18,18,government:18,job_d5bef171e96e7556dfac;job_e0d8a2464b8101b9dbab;job_58e9ff0622e09daad396,综合业务处一级主任科员及以下 | 综合业务处一级主任科员及以下 | 综合业务处一级主任科员及以下,经济金融类 | 经济金融类 | 经济金融类
综合处一级主任科员及以下,岗位标签,title_or_tag,18,18,government:18,job_e56073cf5ee64d53bc2f;job_e66b09872293b892e161;job_3273d03f92d9b2f8929c,综合处一级主任科员及以下 | 综合处一级主任科员及以下 | 综合处一级主任科员及以下,综合处一级主任科员及以下 | 综合处一级主任科员及以下 | 综合处一级主任科员及以下
食品科学与工程类,岗位标签,title_or_tag,18,18,government:18,job_3f14fff94c7ef2078e35;job_452273a6325908dd6a48;job_f8865d0181632b3b3e48,食品监管一级行政执法员（一） | 食品监管一级行政执法员（二） | 食品监管一级行政执法员（一）,食品科学与工程类 | 食品科学与工程类 | 食品科学与工程类
一级主办及以下（九）,岗位标签,title_or_tag,17,17,government:17,job_75a91ad316fe58340d3a;job_58d2d8d71b30070c844b;job_b0c5585856ed4028f725,一级主办及以下（九） | 一级主办及以下（九） | 一级主办及以下（九）,一级主办及以下（九） | 一级主办及以下（九） | 一级主办及以下（九）
动物检疫一级行政执法员（一）,岗位标签,title_or_tag,17,17,government:17,job_f885f886f6fd8f8bf76e;job_19f2c20cc4debc2a034d;job_d70d684cf125281b94ab,动物检疫一级行政执法员（一） | 动物检疫一级行政执法员（一） | 动物检疫一级行政执法员（一）,动物检疫一级行政执法员（一） | 动物检疫一级行政执法员（一） | 动物检疫一级行政执法员（一）
动物检疫一级行政执法员（二）,岗位标签,title_or_tag,17,17,government:17,job_401cb1f9f89e62803151;job_3f0fcba2c84d3734c2b0;job_b5a3986902a9b2e3ba68,动物检疫一级行政执法员（二） | 动物检疫一级行政执法员（二） | 动物检疫一级行政执法员（二）,动物检疫一级行政执法员（二） | 动物检疫一级行政执法员（二） | 动物检疫一级行政执法员（二）
工商管理类、社会保障类,岗位标签,title_or_tag,17,17,government:17,job_058bcbffc3f431c099fe;job_4ab7bedf0d38e06bfbf7;job_36f0655ccf7d3389308e,一级行政执法员（一） | 一级行政执法员（九） | 一级行政执法员（十一）,工商管理类、社会保障类 | 工商管理类、社会保障类 | 工商管理类、社会保障类
政治学类、马克思主义理论类、中国语言文学类、新闻传播学类,岗位标签,title_or_tag,17,17,government:17,job_89a95fae9e4e82e76b50;job_f72e4fbd962c61aa12ca;job_277ba14dbe6b631e0da0,一级行政执法员（十） | 一级行政执法员（三） | 一级行政执法员（四）,政治学类、马克思主义理论类、中国语言文学类、新闻传播学类 | 政治学类、马克思主义理论类、中国语言文学类、新闻传播学类 | 政治学类、马克思主义理论类、中国语言文学类、新闻传播学类
数学类、物理学类、统计学类,岗位标签,title_or_tag,17,17,government:17,job_85d1b5019212fd1f0d40;job_bad952b9162a039ee3d2;job_4e21f7afae1878d2d8eb,一级行政执法员（四） | 一级行政执法员（四） | 一级行政执法员（四）,数学类、物理学类、统计学类 | 数学类、物理学类、统计学类 | 数学类、物理学类、统计学类
植物检疫一级行政执法员（一）,岗位标签,title_or_tag,17,17,government:17,job_688095063e298cb08814;job_b311e8bd326634628b6c;job_353a09157185093b01ce,植物检疫一级行政执法员（一） | 植物检疫一级行政执法员（一） | 植物检疫一级行政执法员（一）,植物检疫一级行政执法员（一） | 植物检疫一级行政执法员（一） | 植物检疫一级行政执法员（一）
植物检疫一级行政执法员（二）,岗位标签,title_or_tag,17,17,government:17,job_f71188a4e4420141f0fb;job_6b2d67ef4d53d6bad379;job_a201329bc9f35914a8a9,植物检疫一级行政执法员（二） | 植物检疫一级行政执法员（二） | 植物检疫一级行政执法员（二）,植物检疫一级行政执法员（二） | 植物检疫一级行政执法员（二） | 植物检疫一级行政执法员（二）
海外利益安全学专业,自动短语,auto_phrase,17,17,government:17,job_d444262e99c6487c3157;job_ff9d8f89f035ac3afdc9;job_b9cb8ba44f90dfc7892e,法规部门一级主任科员及以下 | 法规部门一级主任科员及以下 | 监管部门一级主任科员及以下,公务员/事业单位；本科及以上；与最高学历相对应的学位；本科：法学类（不含知识产权、监狱学、司法警察学、社区矫正、司法鉴定学、国家安全学、海外利益安全学专业）；研究生：0301法学、0351法律；市（地）级及以下直属机构综合管理类 | 公务员/事业单位；本科及以上；与最高学历相对应的学位；以本科专业报考：法学类（不含知识产权、监狱学、司法警察学、社区矫正、司法鉴定学、国家安全学、海外利益安全学专业）；以研究生专业报考：0301法学、0351法律；市（地）级及以下直属机构综合管理类 | 公务员/事业单位；本科及以上；与最高学历相对应的学位；以本科专业报考：法学类（不含知识产权、监狱学、司法警察学、社区矫正、司法鉴定学、国家安全学、海外利益安全学专业）；以研究生专业报考：0301法学、0351法律；市（地）级及以下直属机构综合管理类
生物统计学专业,自动短语,auto_phrase,17,17,government:17,job_1b31527144c6080fa6c6;job_e51ab0711fc35ec70475;job_3da547a6bbbc5ddfe7c2,黄石调查队业务科室一级科员 | 十堰调查队业务科室一级科员 | 房县调查队四级主任科员及以下,公务员/事业单位；仅限本科；学士；0712统计学类（不含数据科学、生物统计学专业）、0701数学类（不含信息与计算科学专业）；市（地）级及以下直属机构综合管理类 | 公务员/事业单位；仅限本科；学士；0712统计学类（不含数据科学、生物统计学专业）、0701数学类（不含信息与计算科学专业）；市（地）级及以下直属机构综合管理类 | 公务员/事业单位；仅限本科；学士；0712统计学类（不含数据科学、生物统计学专业）、0701数学类（不含信息与计算科学专业）、1203农业经济管理类（不含农村区域发展、乡村治理专业）；市（地）级及以下直属机构综合管理类
第一稽查局一级行政执法员,岗位标签,title_or_tag,17,17,government:17,job_e1e218df77d8e4f488d9;job_56047539a0e958e3018e;job_caa7fb2cec0da9212617,第一稽查局一级行政执法员 | 第一稽查局一级行政执法员 | 第一稽查局一级行政执法员,第一稽查局一级行政执法员 | 第一稽查局一级行政执法员 | 第一稽查局一级行政执法员
经济学类、经济与贸易类、社会保障类,岗位标签,title_or_tag,17,17,government:17,job_9cd16a935c147c85ec2e;job_5eac911818cae554ec91;job_1acea3d8e311bb15155c,一级行政执法员（五） | 一级行政执法员（六） | 一级行政执法员（五）,经济学类、经济与贸易类、社会保障类 | 经济学类、经济与贸易类、社会保障类 | 经济学类、经济与贸易类、社会保障类
综合业务处一级主任科员及以下,岗位标签,title_or_tag,17,17,government:17,job_018233d0935bbacb18fd;job_05b3e96511d1be2a8ee8;job_ec9272947caceb4c1929,综合业务处一级主任科员及以下 | 综合业务处一级主任科员及以下 | 综合业务处一级主任科员及以下,综合业务处一级主任科员及以下 | 综合业务处一级主任科员及以下 | 综合业务处一级主任科员及以下
财务管理四级主办及以下,岗位标签,title_or_tag,17,17,government:17,job_5b17b9c063b205cf28b5;job_d94949957421dfe5187c;job_af71c89be39cf8090c24,财务管理四级主办及以下 | 财务管理四级主办及以下 | 财务管理四级主办及以下,财务管理四级主办及以下 | 财务管理四级主办及以下 | 财务管理四级主办及以下
财政学类、工商管理类、社会保障类,岗位标签,title_or_tag,17,17,government:17,job_d1806fe1c238ab8fe698;job_53c393ad4fc483da2dd7;job_dbd19b9b1f95801123d2,一级行政执法员（三） | 一级行政执法员（四） | 稽查局一级行政执法员（一）,财政学类、工商管理类、社会保障类 | 财政学类、工商管理类、社会保障类 | 财政学类、工商管理类、社会保障类
货物和运输工具监管,自动短语,auto_phrase,17,17,government:17,job_a0d3353104f767b5f0cf;job_fb90015a5b51a8dc73ed;job_7ef6da0ff5a760ad70e5,旅客检疫四级主办及以下 | 旅客查验一级行政执法员 | 旅客检疫四级主办及以下,职位简介：从事海关口岸一线进出境行李物品、货物和运输工具监管工作 | 职位简介：从事海关口岸一线进出境行李物品、货物和运输工具监管工作 | 职位简介：从事海关口岸一线进出境行李物品、货物和运输工具监管查验工作
030101k法学,岗位标签,title_or_tag,16,16,government:16,job_8f11cc0015f91c40b9c6;job_bf46dbb1ac22c7982ede;job_2a41dfae7e4efd43e263,监管部门一级主任科员及以下 | 监管部门一级主任科员及以下 | 法规部门一级主任科员及以下,030101k法学 | 030101k法学 | 030101K法学
事海关口岸一线动植物检疫监管,自动短语,auto_phrase,16,16,government:16,job_05e4a30ac91946190f82;job_9393f387e1c3a8d08ffb;job_c2f622a325c2694c39d2,动植物检疫一级行政执法员 | 动植物检疫一级行政执法员（一） | 动植物检疫一级行政执法员（二）,职位简介：从事海关口岸一线动植物检疫监管工作 | 职位简介：从事海关口岸一线动植物检疫监管工作 | 职位简介：从事海关口岸一线动植物检疫监管工作
工商管理类、管理科学与工程类、社会保障类、物流管理与工程类,岗位标签,title_or_tag,16,16,government:16,job_fe8578db818ddb20cc51;job_1d64123e6b640c3b1dec;job_33075bdd3e9d81231da9,一级行政执法员（五） | 一级行政执法员（六） | 一级行政执法员（二）,工商管理类、管理科学与工程类、社会保障类、物流管理与工程类 | 工商管理类、管理科学与工程类、社会保障类、物流管理与工程类 | 工商管理类、管理科学与工程类、社会保障类、物流管理与工程类
本科或研究生专业为法学类（专业代码03开头）,岗位标签,title_or_tag,16,16,government:16,job_1bf81fa78997013acbdc;job_63872df15ab209a3d7f3;job_5a3c88163136baa5ce7a,法规部门一级主任科员及以下 | 监管部门一级主任科员及以下 | 法规部门一级主任科员及以下,本科或研究生专业为法学类（专业代码03开头） | 本科或研究生专业为法学类（专业代码03开头） | 本科或研究生专业为法学类（专业代码03开头）
法学类、中国语言文学类、英语相关专业,岗位标签,title_or_tag,16,16,government:16,job_203d0d750759491ac524;job_d290d6ef48b860cc2706;job_95292b222083ec048d63,一级行政执法员（八） | 一级行政执法员（一） | 一级行政执法员（五）,法学类、中国语言文学类、英语相关专业 | 法学类、中国语言文学类、英语相关专业 | 法学类、中国语言文学类、英语相关专业
电子信息类（专业代码0807开头）、计算机类（专业代码0809开头）,岗位标签,title_or_tag,16,16,government:16,job_cac47b9544191558bf21;job_2f9d4f664a7cf171a149;job_39d77bdc5de20452c04c,监管部门一级主任科员及以下 | 监管部门一级主任科员及以下 | 监管部门一级主任科员及以下,电子信息类（专业代码0807开头）、计算机类（专业代码0809开头） | 电子信息类（专业代码0807开头）、计算机类（专业代码0809开头） | 电子信息类（专业代码0807开头）、计算机类（专业代码0809开头）
管理科学与工程类、物流管理与工程类、工业工程类,岗位标签,title_or_tag,16,16,government:16,job_5b090d2b9cb7f9c4078e;job_981598592345ddc88b09;job_271a260c82b7c738f4dc,一级行政执法员（九） | 一级行政执法员（四） | 一级行政执法员（四）,管理科学与工程类、物流管理与工程类、工业工程类 | 管理科学与工程类、物流管理与工程类、工业工程类 | 管理科学与工程类、物流管理与工程类、工业工程类
经济学类、工商管理类、社会保障类,岗位标签,title_or_tag,16,16,government:16,job_0ace9a501f7f240572e9;job_1105d136c0d6d0f7058b;job_ed30222a2e0f8bb8cada,一级行政执法员（二） | 一级行政执法员（一） | 一级行政执法员（二）,经济学类、工商管理类、社会保障类 | 经济学类、工商管理类、社会保障类 | 经济学类、工商管理类、社会保障类
经济学类、财政学类、社会保障类,岗位标签,title_or_tag,16,16,government:16,job_c4389f0fb038cf232686;job_1a8374d5063bf231259d;job_4906a34440cd16a5da78,一级行政执法员（一） | 一级行政执法员（二） | 一级行政执法员（一）,经济学类、财政学类、社会保障类 | 经济学类、财政学类、社会保障类 | 经济学类、财政学类、社会保障类
经济学类、财政学类、管理科学与工程类、财会审计类,岗位标签,title_or_tag,16,16,government:16,job_fcf74b026bd87e80bf33;job_55514cea7701142e770e;job_e0325ff1078c8d64187d,一级行政执法员（一） | 一级行政执法员（二） | 一级行政执法员（一）,经济学类、财政学类、管理科学与工程类、财会审计类 | 经济学类、财政学类、管理科学与工程类、财会审计类 | 经济学类、财政学类、管理科学与工程类、财会审计类
经济学类、金融学类、经济与贸易类,岗位标签,title_or_tag,16,16,government:16,job_4d9b1921e2d6cd63a283;job_223cf2cee398d92ad6aa;job_d6ac2667e16794933c2d,稽查局一级行政执法员（二） | 稽查局一级行政执法员（三） | 一级行政执法员（一）,经济学类、金融学类、经济与贸易类 | 经济学类、金融学类、经济与贸易类 | 经济学类、金融学类、经济与贸易类
网络信息安全,自动短语,auto_phrase,16,16,government:16,job_ff8be6546cbebc137cfa;job_d62a962cab313d47ee8b;job_f06edd6804b2f463684e,科技管理（电子信息化类）四级主办及以下 | 物控查检（电子信息化类）四级主办及以下 | 科技管理（电子信息化类）四级主办及以下,职位简介：从事智慧海关建设，海关口岸一线货物查验、网络信息安全工作 | 职位简介：从事智慧海关建设，海关口岸一线货物查验、监管、卡口值守、物流监控、网络信息安全等工作 | 职位简介：从事智慧海关建设，海关口岸一线货物查验、网络信息安全工作
财政学类、财会审计类、公共管理类,岗位标签,title_or_tag,16,16,government:16,job_d8e5a6abaac89bdf9c32;job_746185859e13014a9092;job_939ef348427616973dbe,一级行政执法员（一） | 一级行政执法员（二） | 派出机构一级行政执法员（一）,财政学类、财会审计类、公共管理类 | 财政学类、财会审计类、公共管理类 | 财政学类、财会审计类、公共管理类
马克思主义理论类、中国语言文学类、新闻传播学类,岗位标签,title_or_tag,16,16,government:16,job_8fe3d487ca97af49513d;job_3739621cf09ca8491ae7;job_b7d2273d5c90ac485ae4,一级行政执法员（三） | 一级行政执法员（一） | 一级行政执法员（一）,马克思主义理论类、中国语言文学类、新闻传播学类 | 马克思主义理论类、中国语言文学类、新闻传播学类 | 马克思主义理论类、中国语言文学类、新闻传播学类
0201经济学类、0712统计学类,岗位标签,title_or_tag,15,15,government:15,job_1c3fbf416c4269a8a399;job_0fdfe2afdc7e1c323243;job_5d5ac1a19c6138c336f1,雨花调查队一级科员 | 浏阳调查队一级科员（1） | 醴陵调查队一级科员,0201经济学类、0712统计学类 | 0201经济学类、0712统计学类 | 0201经济学类、0712统计学类
一级主办,岗位标签,title_or_tag,15,15,government:15,job_39c76fef674ac9b9343d;job_f3c6a8660cea3c072b64;job_18ebbfa505222fa6bb35,一级主办 | 一级主办 | 一级主办,一级主办 | 一级主办 | 一级主办
一级主办及以下（十）,岗位标签,title_or_tag,15,15,government:15,job_451f6a898e9e5182b240;job_54097e8b1421699afc43;job_86455ce8e21a3cca3e3a,一级主办及以下（十） | 一级主办及以下（十） | 一级主办及以下（十）,一级主办及以下（十） | 一级主办及以下（十） | 一级主办及以下（十）
不含信息与计算科学专业,自动短语,auto_phrase,15,15,government:15,job_1b31527144c6080fa6c6;job_e51ab0711fc35ec70475;job_3da547a6bbbc5ddfe7c2,黄石调查队业务科室一级科员 | 十堰调查队业务科室一级科员 | 房县调查队四级主任科员及以下,公务员/事业单位；仅限本科；学士；0712统计学类（不含数据科学、生物统计学专业）、0701数学类（不含信息与计算科学专业）；市（地）级及以下直属机构综合管理类 | 公务员/事业单位；仅限本科；学士；0712统计学类（不含数据科学、生物统计学专业）、0701数学类（不含信息与计算科学专业）；市（地）级及以下直属机构综合管理类 | 公务员/事业单位；仅限本科；学士；0712统计学类（不含数据科学、生物统计学专业）、0701数学类（不含信息与计算科学专业）、1203农业经济管理类（不含农村区域发展、乡村治理专业）；市（地）级及以下直属机构综合管理类
从事海关口岸一线卫生检疫监管,自动短语,auto_phrase,15,15,government:15,job_e6672592b3da794ce72a;job_614ba31bd0591f510078;job_891b9b6888115dbc99a0,卫生检疫一级行政执法员（一） | 卫生检疫一级行政执法员（二） | 卫生检疫二级主办及以下,职位简介：从事海关口岸一线卫生检疫监管工作 | 职位简介：从事海关口岸一线卫生检疫监管工作 | 职位简介：从事海关口岸一线卫生检疫监管及货物查验工作
从事海关法律,自动短语,auto_phrase,15,15,government:15,job_62af5cba74c42b6172e5;job_36e57e6a0397499ec57d;job_f3a4e21c25b43c6d3aa6,法制管理四级主办及以下 | 法制管理二级主办及以下 | 法制管理二级主办及以下,职位简介：从事海关法律事务工作 | 职位简介：从事海关法律事务工作 | 职位简介：从事海关法律事务工作
企业监管,自动短语,auto_phrase,15,15,government:15,job_1e69056b7bfe5f638f7c;job_9cec6b8cd121aa6d2720;job_ceef2fb23921726782e6,财务二级主办及以下（一） | 财务二级主办及以下（二） | 财务二级主办及以下（三）,职位简介：从事海关一线税收征管、稽查、企业监管、审计、财务等工作 | 职位简介：从事海关一线税收征管、稽查、企业监管、审计、财务等工作 | 职位简介：从事海关一线税收征管、稽查、企业监管、审计、财务等工作
内部审计,自动短语,auto_phrase,15,15,government:15,job_4a05c697c59f83a3603b;job_f54d1c66c7266ef35219;job_ceef2fb23921726782e6,一级主任科员及以下 | 办公室一级主任科员及以下 | 财务二级主办及以下（三）,公务员/事业单位；硕士研究生及以上；与最高学历相对应的学位；思想政治教育、汉语言文学、法学、法律、审计学、审计、内部审计；中央机关及其省级直属机构综合管理类 | 公务员/事业单位；本科及以上；与最高学历相对应的学位；本科：会计学，财务管理，审计学，内部审计； 研究生：会计学，会计，审计。；中央机关及其省级直属机构综合管理类 | 公务员/事业单位；本科及以上；与最高学历相对应的学位；本科：工程审计、审计学、金融审计、内部审计；研究生：审计；行政执法类
北京铁路公安处基层所队民警,岗位标签,title_or_tag,15,15,government:15,job_fe1caf5e5fe6a2f09611;job_36fd7e3f988728595040;job_98debfcb3ffc0fbfa500,北京铁路公安处基层所队民警 | 北京铁路公安处基层所队民警 | 北京铁路公安处基层所队民警,北京铁路公安处基层所队民警 | 北京铁路公安处基层所队民警 | 北京铁路公安处基层所队民警
卫生检疫一级行政执法员（一）,岗位标签,title_or_tag,15,15,government:15,job_e6672592b3da794ce72a;job_8acd872dd1639e8de8d2;job_3d9f6a5b1cceb569b06e,卫生检疫一级行政执法员（一） | 卫生检疫一级行政执法员（一） | 卫生检疫一级行政执法员（一）,卫生检疫一级行政执法员（一） | 卫生检疫一级行政执法员（一） | 卫生检疫一级行政执法员（一）
卫生检疫一级行政执法员（二）,岗位标签,title_or_tag,15,15,government:15,job_614ba31bd0591f510078;job_b7a186e9fbf4d1217952;job_3181ef07d64a2e498fd2,卫生检疫一级行政执法员（二） | 卫生检疫一级行政执法员（二） | 卫生检疫一级行政执法员（二）,卫生检疫一级行政执法员（二） | 卫生检疫一级行政执法员（二） | 卫生检疫一级行政执法员（二）
大数据分析,数据工程,auto_phrase,15,15,government:15,job_f0c18b501cf7817ea575;job_84934c7cfc0c1c42d97e;job_382e9558c8fa8fa77810,福州铁路公安处基层所队民警 | 深圳机场海关缉私分局一级警长及以下 | 边检站警务技术一级主管及以下（一）,职位简介：主要从事治安管理、大数据分析、系统开发、通信网络日常维护等工作 | 职位简介：主要从事缉私侦查、法制、情报、大数据分析、系统建设等工作 | 职位简介：属于公安机关人民警察，主要从事出入境边防检查、系统开发运维、大数据分析核查、通信网络保障等工作
数学类、统计学类、电子信息类,岗位标签,title_or_tag,15,15,government:15,job_56d3e53cac4b7b7fadd8;job_b5b8215d7c476b1945cc;job_4ed95f9ec148d6ea7b42,一级行政执法员（三） | 一级行政执法员（三） | 一级行政执法员（三）,数学类、统计学类、电子信息类 | 数学类、统计学类、电子信息类 | 数学类、统计学类、电子信息类
本科：林业工程类、植物生产类、动植物检疫、林学、森林保护； 研究生：植物保护,岗位标签,title_or_tag,15,15,government:15,job_203338f788ff9117e124;job_50141c356ba25b67c52b;job_8acf9072a7d9cf8e8f43,植物检疫四级主办及以下（一） | 植物检疫四级主办及以下（二） | 植物检疫四级主办及以下（一）,本科：林业工程类、植物生产类、动植物检疫、林学、森林保护； 研究生：植物保护 | 本科：林业工程类、植物生产类、动植物检疫、林学、森林保护； 研究生：植物保护 | 本科：林业工程类、植物生产类、动植物检疫、林学、森林保护； 研究生：植物保护
植物检疫四级主办及以下（一）,岗位标签,title_or_tag,15,15,government:15,job_6965e4f62d5bc390c4d9;job_36d5283f11b21369a35f;job_aa6f0c8c8f65938afcce,植物检疫四级主办及以下（一） | 植物检疫四级主办及以下（一） | 植物检疫四级主办及以下（一）,植物检疫四级主办及以下（一） | 植物检疫四级主办及以下（一） | 植物检疫四级主办及以下（一）
植物检疫四级主办及以下（二）,岗位标签,title_or_tag,15,15,government:15,job_eb987ad8e988fed4062e;job_d638f5af99a09b6d787c;job_5e8c740c311b6002e110,植物检疫四级主办及以下（二） | 植物检疫四级主办及以下（二） | 植物检疫四级主办及以下（二）,植物检疫四级主办及以下（二） | 植物检疫四级主办及以下（二） | 植物检疫四级主办及以下（二）
法规研究等法律,自动短语,auto_phrase,15,15,government:15,job_76f99e065e0467842e1c;job_156e90c029d822692685;job_47e2ed6ff57ff360949c,法务二级主办及以下（一） | 法务二级主办及以下（二） | 法务二级主办及以下,职位简介：从事海关行政处罚案件办理、法规研究等法律事务工作 | 职位简介：从事海关行政处罚案件办理、法规研究等法律事务工作 | 职位简介：从事海关行政处罚案件办理、法规研究等法律事务工作
海关业务四级主办及以下,岗位标签,title_or_tag,15,15,government:15,job_16a57e9234655c8c97dc;job_55eb1882f107860ee5e7;job_97704277facab1afb081,海关业务四级主办及以下 | 海关业务四级主办及以下 | 海关业务四级主办及以下,海关业务四级主办及以下 | 海关业务四级主办及以下 | 海关业务四级主办及以下
监管四级主办及以下,岗位标签,title_or_tag,15,15,government:15,job_7c33ce2102dc38bcc63c;job_d9580624b4a9714faff6;job_a1362c20bcd6793aeb05,监管四级主办及以下 | 监管四级主办及以下 | 监管四级主办及以下,监管四级主办及以下 | 监管四级主办及以下 | 监管四级主办及以下
税收风险管理,项目管理,auto_phrase,15,15,government:15,job_f65a52cbb6319158449c;job_12404b037434334a1569;job_e8ec1c8e1f246311a8e6,第三税务分局（税收风险管理局）专业技术员 | 第三税务分局（税收风险管理局）专业技术员 | 第三税务分局（税收风险管理局）专业技术员,第三税务分局（税收风险管理局）专业技术员 | 第三税务分局（税收风险管理局）专业技术员 | 第三税务分局（税收风险管理局）专业技术员
经济学类、财政学类、经济与贸易类、财会审计类、社会保障类,岗位标签,title_or_tag,15,15,government:15,job_93c4a086529954c7ba90;job_950484bbd9854b9c0931;job_cc4c7957d772e7f25233,一级行政执法员（三） | 一级行政执法员（四） | 一级行政执法员（一）,经济学类、财政学类、经济与贸易类、财会审计类、社会保障类 | 经济学类、财政学类、经济与贸易类、财会审计类、社会保障类 | 经济学类、财政学类、经济与贸易类、财会审计类、社会保障类
经济学类专业,自动短语,auto_phrase,15,15,government:15,job_9fea4951928abe73843e;job_d89a07dd6834803befcf;job_b3281709573ac2536de5,监管部门一级主任科员及以下 | 监管部门一级主任科员及以下 | 监管部门一级主任科员及以下,公务员/事业单位；硕士研究生及以上；与最高学历相对应的学位；应用经济学类专业（含产业经济学、区域经济学、金融学等）；中央机关及其省级直属机构综合管理类 | 公务员/事业单位；仅限本科；与最高学历相对应的学位；经济学类专业（专业代码前两位为02）；市（地）级及以下直属机构综合管理类 | 公务员/事业单位；仅限本科；与最高学历相对应的学位；经济学类专业（专业代码前两位为02）；市（地）级及以下直属机构综合管理类
经济学类（专业代码0201）、金融学类（专业代码0203）,岗位标签,title_or_tag,15,15,government:15,job_d03feae9f5cc70718c5e;job_a491c3f07c12d0cdcbc7;job_e761e3034273252e4c30,监管部门一级主任科员及以下 | 监管部门一级主任科员及以下 | 监管部门一级主任科员及以下,经济学类（专业代码0201）、金融学类（专业代码0203） | 经济学类（专业代码0201）、金融学类（专业代码0203） | 经济学类（专业代码0201）、金融学类（专业代码0203）
综合管理办公室一级主任科员及以下,岗位标签,title_or_tag,15,15,government:15,job_2726b12e259c81781cb7;job_1f2f38c78bea73de7719;job_dae329874b588b33ce3c,综合管理办公室一级主任科员及以下 | 综合管理办公室一级主任科员及以下 | 综合管理办公室一级主任科员及以下,综合管理办公室一级主任科员及以下 | 综合管理办公室一级主任科员及以下 | 综合管理办公室一级主任科员及以下
财会审计类、财政学类、经济学类、金融学类、经济与贸易类、社会保障类,岗位标签,title_or_tag,15,15,government:15,job_5a77cdfc38375f3848ba;job_e14ca2b48c8605396af2;job_c4946ec8b3ada3f49a22,第一税务分局（重点税源企业税收服务和管理局）一级主办及以下（一） | 第一税务分局（重点税源企业税收服务和管理局）一级主办及以下（二） | 海口综合保税区税务分局一级行政执法员（二）,财会审计类、财政学类、经济学类、金融学类、经济与贸易类、社会保障类 | 财会审计类、财政学类、经济学类、金融学类、经济与贸易类、社会保障类 | 财会审计类、财政学类、经济学类、金融学类、经济与贸易类、社会保障类
一级主办及以下（十一）,岗位标签,title_or_tag,14,14,government:14,job_2b61d57e34e11611980e;job_522ebda8423aa378cda9;job_ce656da7039d8a286d4d,一级主办及以下（十一） | 一级主办及以下（十一） | 一级主办及以下（十一）,一级主办及以下（十一） | 一级主办及以下（十一） | 一级主办及以下（十一）
一级主办及以下（十三）,岗位标签,title_or_tag,14,14,government:14,job_51c883970bfa37a8f7c1;job_46643eea36a253732f97;job_d46b9f1b20312ce7d769,一级主办及以下（十三） | 一级主办及以下（十三） | 一级主办及以下（十三）,一级主办及以下（十三） | 一级主办及以下（十三） | 一级主办及以下（十三）
一级主办及以下（十二）,岗位标签,title_or_tag,14,14,government:14,job_cb4b2db3085754494149;job_134d811d5b6d6235b5ce;job_da9d47d4ff51eb531bfb,一级主办及以下（十二） | 一级主办及以下（十二） | 一级主办及以下（十二）,一级主办及以下（十二） | 一级主办及以下（十二） | 一级主办及以下（十二）
一级主办及以下（十五）,岗位标签,title_or_tag,14,14,government:14,job_d31e91590478f3b56604;job_e06e61f20bdf02fd9091;job_597c1477069b434c4e36,一级主办及以下（十五） | 一级主办及以下（十五） | 一级主办及以下（十五）,一级主办及以下（十五） | 一级主办及以下（十五） | 一级主办及以下（十五）
一级主办及以下（十四）,岗位标签,title_or_tag,14,14,government:14,job_1ca6bbba690e91ed5ad1;job_21b89ede9e4929de1b6e;job_80316089d8449dbf8f18,一级主办及以下（十四） | 一级主办及以下（十四） | 一级主办及以下（十四）,一级主办及以下（十四） | 一级主办及以下（十四） | 一级主办及以下（十四）
不含电影制作专业,自动短语,auto_phrase,14,14,government:14,job_f5f16af73ebdb92221c6;job_9d2c3de47ca3a0743d45;job_c3e055dec5cc42ba4968,嘉峪关调查队业务科室二级主任科员及以下 | 白银调查队业务科室二级主任科员及以下 | 甘南调查队业务科室二级主任科员及以下,公务员/事业单位；本科及以上；与最高学历相对应的学位；统计学类、数学类、计算机类（不含电影制作专业）；市（地）级及以下直属机构综合管理类 | 公务员/事业单位；本科及以上；与最高学历相对应的学位；统计学类、数学类、计算机类（不含电影制作专业）；市（地）级及以下直属机构综合管理类 | 公务员/事业单位；本科及以上；与最高学历相对应的学位；统计学类、计算机类（不含电影制作专业）；市（地）级及以下直属机构综合管理类
事海关口岸一线货物查验等监管,自动短语,auto_phrase,14,14,government:14,job_794ae96900d570919493;job_c921d0c93e83d6260d99;job_f64e44198326c3dbe1ff,驻泉港办事处科技管理（电子信息化类）四级主办及以下 | 驻安溪办事处科技管理（统计分析应用类）四级主办及以下 | 科技管理（电子信息化类）一级行政执法员,职位简介：从事海关口岸一线货物查验等监管工作，及智慧海关建设工作 | 职位简介：从事海关口岸一线货物查验等监管工作，及智慧海关建设工作 | 职位简介：从事海关口岸一线货物查验等监管工作，及智慧海关建设工作
会计学、财务管理、审计学、资产评估,岗位标签,title_or_tag,14,14,government:14,job_e4573e4777ab1165056f;job_47bb726c99d53766a468;job_93b44e02f60540cfca6d,财务管理一级行政执法员 | 财会部门一级主任科员及以下 | 财会部门一级主任科员及以下,会计学、财务管理、审计学、资产评估 | 会计学、财务管理、审计学、资产评估 | 会计学、财务管理、审计学、资产评估
动物医学、水生动物医学、水产养殖学、动植物检疫、实验动物学、兽医公共卫生,岗位标签,title_or_tag,14,14,government:14,job_19f2c20cc4debc2a034d;job_3f0fcba2c84d3734c2b0;job_d70d684cf125281b94ab,动物检疫一级行政执法员（一） | 动物检疫一级行政执法员（二） | 动物检疫一级行政执法员（一）,动物医学、水生动物医学、水产养殖学、动植物检疫、实验动物学、兽医公共卫生 | 动物医学、水生动物医学、水产养殖学、动植物检疫、实验动物学、兽医公共卫生 | 动物医学、水生动物医学、水产养殖学、动植物检疫、实验动物学、兽医公共卫生
大学本科：0301法学类； 研究生：0301法学、0351法律,岗位标签,title_or_tag,14,14,government:14,job_30a12664b8179d4b9f19;job_90492187f32aefe596fc;job_7c236730ffbfc9ff33cb,大同铁路公安处基层所队民警 | 济南铁路公安处基层所队民警 | 济南铁路公安处基层所队民警,大学本科：0301法学类； 研究生：0301法学、0351法律 | 大学本科：0301法学类； 研究生：0301法学、0351法律 | 大学本科：0301法学类； 研究生：0301法学、0351法律
岸一线进出境旅客卫生检疫监管,自动短语,auto_phrase,14,14,government:14,job_0c61c07b6acad2829b14;job_7d92f804cb748f1466e6;job_faaa84cb58d9312445fd,卫生检疫一级行政执法员 | 卫生检疫一级行政执法员 | 卫生检疫一级行政执法员（一）,职位简介：从事海关口岸一线进出境旅客卫生检疫监管及查验工作 | 职位简介：从事海关口岸一线进出境旅客卫生检疫监管及查验工作 | 职位简介：从事海关口岸一线进出境旅客卫生检疫监管工作
成都铁路公安处基层所队民警,岗位标签,title_or_tag,14,14,government:14,job_2ce7ca73c351e0e98bc0;job_080d2e7fc64209de1607;job_4851579c316ac4358d1d,成都铁路公安处基层所队民警 | 成都铁路公安处基层所队民警 | 成都铁路公安处基层所队民警,成都铁路公安处基层所队民警 | 成都铁路公安处基层所队民警 | 成都铁路公安处基层所队民警
武汉铁路公安处基层所队民警,岗位标签,title_or_tag,14,14,government:14,job_d75d92c59f2c2c5ed8ac;job_842a5072c42a1abc9a81;job_3d9e2bbff77c661bbf38,武汉铁路公安处基层所队民警 | 武汉铁路公安处基层所队民警 | 武汉铁路公安处基层所队民警,武汉铁路公安处基层所队民警 | 武汉铁路公安处基层所队民警 | 武汉铁路公安处基层所队民警
法学、法律,岗位标签,title_or_tag,14,14,government:14,job_9fa9611ed58e724e519a;job_8b7d74a9d80e7cf7d36f;job_68e7261283194d0e83c4,监督处一级主任科员及以下 | 一级行政执法员（三） | 法规部门一级主任科员及以下,法学、法律 | 法学、法律 | 法学、法律
科技管理（机械自动化类）四级主办及以下,岗位标签,title_or_tag,14,14,government:14,job_663342fe3b50e2030f16;job_d29c0120053361fd8a2c;job_507ccb6beebe34ea981c,科技管理（机械自动化类）四级主办及以下 | 科技管理（机械自动化类）四级主办及以下 | 科技管理（机械自动化类）四级主办及以下,科技管理（机械自动化类）四级主办及以下 | 科技管理（机械自动化类）四级主办及以下 | 科技管理（机械自动化类）四级主办及以下
稽查局一级行政执法员（三）,岗位标签,title_or_tag,14,14,government:14,job_524c7ee89c7092cb0ee7;job_223cf2cee398d92ad6aa;job_d45b8995c8cde60326b1,稽查局一级行政执法员（三） | 稽查局一级行政执法员（三） | 稽查局一级行政执法员（三）,稽查局一级行政执法员（三） | 稽查局一级行政执法员（三） | 稽查局一级行政执法员（三）
第二稽查局一级行政执法员（一）,岗位标签,title_or_tag,14,14,government:14,job_9169756ae3be675c70ce;job_a6746009ea893940b94f;job_6edaa73d6dec7212570b,第二稽查局一级行政执法员（一） | 第二稽查局一级行政执法员（一） | 第二稽查局一级行政执法员（一）,第二稽查局一级行政执法员（一） | 第二稽查局一级行政执法员（一） | 第二稽查局一级行政执法员（一）
第二稽查局一级行政执法员（二）,岗位标签,title_or_tag,14,14,government:14,job_9beed99f52a70a6dbfa7;job_5488cf4770a0f4e457a1;job_6cbb8d9ce715ab22ce7d,第二稽查局一级行政执法员（二） | 第二稽查局一级行政执法员（二） | 第二稽查局一级行政执法员（二）,第二稽查局一级行政执法员（二） | 第二稽查局一级行政执法员（二） | 第二稽查局一级行政执法员（二）
管理科学与工程类、工商管理类、公共管理类、图书情报与档案管理类,岗位标签,title_or_tag,14,14,government:14,job_389074b997d36236976b;job_7036c74581b24b7a10c3;job_2a4f7682d690761c9f95,一级行政执法员（八） | 一级行政执法员（九） | 一级行政执法员（七）,管理科学与工程类、工商管理类、公共管理类、图书情报与档案管理类 | 管理科学与工程类、工商管理类、公共管理类、图书情报与档案管理类 | 管理科学与工程类、工商管理类、公共管理类、图书情报与档案管理类
管理科学与工程类、社会保障类、电子商务类,岗位标签,title_or_tag,14,14,government:14,job_3ac67b6445f5688f7bcc;job_1d1e64f8a91af008495e;job_a6d6df6fac1474de4783,一级行政执法员（五） | 一级行政执法员（六） | 一级行政执法员（三）,管理科学与工程类、社会保障类、电子商务类 | 管理科学与工程类、社会保障类、电子商务类 | 管理科学与工程类、社会保障类、电子商务类
经济学类、财会审计类、社会保障类,岗位标签,title_or_tag,14,14,government:14,job_384f4acd3d04fc3df0dd;job_9e107de0b5deeac926a5;job_504539a2d5e5f2dfec75,一级行政执法员（一） | 一级行政执法员（二） | 一级行政执法员（一）,经济学类、财会审计类、社会保障类 | 经济学类、财会审计类、社会保障类 | 经济学类、财会审计类、社会保障类
经济学类、财政学类、管理科学与工程类、工商管理类,岗位标签,title_or_tag,14,14,government:14,job_363695fc40826b3ce110;job_9e5095a9ad5c08441a0c;job_47009bdd560ab1f6349b,一级行政执法员 | 一级行政执法员（一） | 一级行政执法员（二）,经济学类、财政学类、管理科学与工程类、工商管理类 | 经济学类、财政学类、管理科学与工程类、工商管理类 | 经济学类、财政学类、管理科学与工程类、工商管理类
经济学类专业（专业代码前两位为02）,岗位标签,title_or_tag,14,14,government:14,job_d89a07dd6834803befcf;job_b3281709573ac2536de5;job_2136a3b80e83abbe89b7,监管部门一级主任科员及以下 | 监管部门一级主任科员及以下 | 监管部门一级主任科员及以下,经济学类专业（专业代码前两位为02） | 经济学类专业（专业代码前两位为02） | 经济学类专业（专业代码前两位为02）
辖区计算机类监管,自动短语,auto_phrase,14,14,government:14,job_de0e7f7c13f97323c9d4;job_4610fdd1126c0b2dcfd8;job_fa2d125a7ece02441e57,辖区计算机类监管岗位一级主任科员及以下 | 辖区计算机类监管岗位一级主任科员及以下 | 辖区计算机类监管岗位一级主任科员及以下,辖区计算机类监管岗位一级主任科员及以下 | 辖区计算机类监管岗位一级主任科员及以下 | 辖区计算机类监管岗位一级主任科员及以下
辖区计算机类监管岗位一级主任科员及以下,岗位标签,title_or_tag,14,14,government:14,job_de0e7f7c13f97323c9d4;job_4610fdd1126c0b2dcfd8;job_fa2d125a7ece02441e57,辖区计算机类监管岗位一级主任科员及以下 | 辖区计算机类监管岗位一级主任科员及以下 | 辖区计算机类监管岗位一级主任科员及以下,辖区计算机类监管岗位一级主任科员及以下 | 辖区计算机类监管岗位一级主任科员及以下 | 辖区计算机类监管岗位一级主任科员及以下
重庆铁路公安处基层所队民警,岗位标签,title_or_tag,14,14,government:14,job_b62fb30a89ef6d2881cd;job_210aede2943d10868d14;job_5d0ffad289d1d2f515d5,重庆铁路公安处基层所队民警 | 重庆铁路公安处基层所队民警 | 重庆铁路公安处基层所队民警,重庆铁路公安处基层所队民警 | 重庆铁路公安处基层所队民警 | 重庆铁路公安处基层所队民警
030101K法学、030104T信用风险管理与法律防控,岗位标签,title_or_tag,13,13,government:13,job_023d62df9f3504a5cf8b;job_8bd7fb93e0d4e83d23a7;job_e16c32567bfdf63acd55,法规部门一级主任科员及以下 | 法规部门一级主任科员及以下 | 法规部门一级主任科员及以下,030101K法学、030104T信用风险管理与法律防控 | 030101K法学、030104T信用风险管理与法律防控 | 030101K法学、030104T信用风险管理与法律防控
一级主任科员及以下（一）,岗位标签,title_or_tag,13,13,government:13,job_f335d385240c96709999;job_b52493f8afaf3f861cec;job_74a7f820365a11b855e1,一级主任科员及以下（一） | 一级主任科员及以下（一） | 一级主任科员及以下（一）,一级主任科员及以下（一） | 一级主任科员及以下（一） | 一级主任科员及以下（一）
一级主任科员及以下（二）,岗位标签,title_or_tag,13,13,government:13,job_cc4635077c78c673f33e;job_6d9b9dff7616b7b1ebe4;job_f7081bd44e214b02a79d,一级主任科员及以下（二） | 一级主任科员及以下（二） | 一级主任科员及以下（二）,一级主任科员及以下（二） | 一级主任科员及以下（二） | 一级主任科员及以下（二）
一级行政执法员（十三）,岗位标签,title_or_tag,13,13,government:13,job_aaf693a88f61e8f89d7d;job_ebdc8cf8cc900597b69b;job_0059ba81738732747d41,一级行政执法员（十三） | 一级行政执法员（十三） | 一级行政执法员（十三）,一级行政执法员（十三） | 一级行政执法员（十三） | 一级行政执法员（十三）
主要从事非法移民羁押监管,自动短语,auto_phrase,13,13,government:13,job_e6f78393a027f3096a63;job_2473ea4cbcd306ac94af;job_1067cc1545b43758f02d,瑞丽遣返中心执行队一级警长及以下（一） | 瑞丽遣返中心执行队一级警长及以下（二） | 瑞丽遣返中心执行队一级警长及以下（三）,职位简介：属于公安机关人民警察，主要从事非法移民羁押监管、国籍身份核查、实施遣返等工作 | 职位简介：属于公安机关人民警察，主要从事非法移民羁押监管、国籍身份核查、实施遣返及政策研究、公文写作等工作 | 职位简介：属于公安机关人民警察，主要从事非法移民羁押监管、国籍身份核查、实施遣返及对外交流合作、外语翻译等工作
以本科专业报考：会计学、财务管理、审计学。以研究生专业报考：会计学、会计、审计,岗位标签,title_or_tag,13,13,government:13,job_d75c37288bad252187ad;job_58c33300527eef372ca4;job_baef67b0ecf7a7a1c414,监管部门一级主任科员及以下 | 监管部门一级主任科员及以下 | 监管部门一级主任科员及以下,以本科专业报考：会计学、财务管理、审计学。以研究生专业报考：会计学、会计、审计 | 以本科专业报考：会计学、财务管理、审计学。以研究生专业报考：会计学、会计、审计 | 以本科专业报考：会计学、财务管理、审计学。以研究生专业报考：会计学、会计、审计
关口岸一线货物查验及食品监管,自动短语,auto_phrase,13,13,government:13,job_2ef55b011b27c2af3ed3;job_c42e3175932276e40897;job_72cc1ef4bba988da42f0,食品检验四级主办及以下 | 食品检验四级主办及以下 | 食品检验四级主办及以下,职位简介：从事海关口岸一线货物查验及食品监管等工作 | 职位简介：从事海关口岸一线货物查验及食品监管等工作 | 职位简介：从事海关口岸一线货物查验及食品监管等工作
关口岸一线进出境货物查验监管,自动短语,auto_phrase,13,13,government:13,job_23e64826c2a7e66aebc1;job_cbf48d60e93fe8df098a;job_9c38fd591a268679008b,货物查验四级主办 | 货物查验一级行政执法员 | 货物监管四级主办及以下,职位简介：从事海关口岸一线进出境货物查验监管工作 | 职位简介：从事海关口岸一线进出境货物查验监管工作 | 职位简介：从事海关口岸一线进出境货物查验监管工作
哲学类、法学类、政治学类、马克思主义理论类、中国语言文学类、新闻传播学类,岗位标签,title_or_tag,13,13,government:13,job_996cd704e8b0b17d5f0d;job_8a4d12592563b34c22aa;job_43f4c2e564cabe12feed,海口综合保税区税务分局一级行政执法员（一） | 海口国家高新技术产业开发区税务分局一级行政执法员（一） | 海口桂林洋经济开发区税务分局一级行政执法员（一）,哲学类、法学类、政治学类、马克思主义理论类、中国语言文学类、新闻传播学类 | 哲学类、法学类、政治学类、马克思主义理论类、中国语言文学类、新闻传播学类 | 哲学类、法学类、政治学类、马克思主义理论类、中国语言文学类、新闻传播学类
大学本科：经济学类、财政学类、金融学类、经济与贸易类；研究生：经济学类、金融学类,岗位标签,title_or_tag,13,13,government:13,job_1520f0c2f508d1fdf651;job_57e997061ad769cb993f;job_b7050ed54a1aa9b9548a,监管部门一级主任科员及以下 | 监管部门一级主任科员及以下 | 监管部门一级主任科员及以下,大学本科：经济学类、财政学类、金融学类、经济与贸易类；研究生：经济学类、金融学类 | 大学本科：经济学类、财政学类、金融学类、经济与贸易类；研究生：经济学类、金融学类 | 大学本科：经济学类、财政学类、金融学类、经济与贸易类；研究生：经济学类、金融学类
法学类（专业代码03开头）,岗位标签,title_or_tag,13,13,government:13,job_9336751ff85e0d5dcc4c;job_673321947bbf6526afba;job_5ced68439a860b3dd23f,法规部门一级主任科员及以下 | 监管部门一级主任科员及以下 | 监管部门一级主任科员及以下,法学类（专业代码03开头） | 法学类（专业代码03开头） | 法学类（专业代码03开头）
电子信息类、计算机类、测绘类,岗位标签,title_or_tag,13,13,government:13,job_25922b38c628f6add698;job_282b9e631dd2545340b6;job_205791ac11a2441f0208,一级科员（一） | 一级行政执法员（二） | 一级行政执法员（一）,电子信息类、计算机类、测绘类 | 电子信息类、计算机类、测绘类 | 电子信息类、计算机类、测绘类
监管一级行政执法员,岗位标签,title_or_tag,13,13,government:13,job_22c2390666c3c5c04ac9;job_86a8e9710ace2bebd010;job_00ca425e8a9de81f5643,监管一级行政执法员 | 监管一级行政执法员 | 监管一级行政执法员,监管一级行政执法员 | 监管一级行政执法员 | 监管一级行政执法员
经济工程专业,自动短语,auto_phrase,13,13,government:13,job_182f8f5723cdf3d3dc15;job_f53e8fb7a6d1a3b02a44;job_f846c6627b21d1dbce55,闽侯调查队一级科员 | 连江调查队一级科员 | 安溪调查队一级科员,公务员/事业单位；仅限本科；学士；统计学类（不含生物统计学）、经济学类（不含资源与环境经济学、商务经济学、经济工程专业）、会计学（120203）、财务管理（120204）、计算机科学与技术（080901）；市（地）级及以下直属机构综合管理类 | 公务员/事业单位；仅限本科；学士；统计学类（不含生物统计学）、经济学类（不含资源与环境经济学、商务经济学、经济工程专业）、会计学（120203）、财务管理（120204）、计算机科学与技术（080901）；市（地）级及以下直属机构综合管理类 | 公务员/事业单位；仅限本科；学士；统计学类（不含生物统计学）、经济学类（不含资源与环境经济学、商务经济学、经济工程专业）、会计学（120203）、财务管理（120204）、计算机科学与技术（080901）；市（地）级及以下直属机构综合管理类
综合业务一级行政执法员,岗位标签,title_or_tag,13,13,government:13,job_53d04776312f2349f708;job_ae6f7755fb34f059dbd4;job_468d25e5e7aff59bde9d,综合业务一级行政执法员 | 综合业务一级行政执法员 | 综合业务一级行政执法员,综合业务一级行政执法员 | 综合业务一级行政执法员 | 综合业务一级行政执法员
财会审计类、公共管理类,岗位标签,title_or_tag,13,13,government:13,job_50bb01e1ede47d2a219c;job_3c6d0ad7472e532d3b8b;job_0f61718b820b8aad8e2a,一级行政执法员（九） | 一级行政执法员（五） | 一级行政执法员（一）,财会审计类、公共管理类 | 财会审计类、公共管理类 | 财会审计类、公共管理类
辖区证券期货市场计算机类监管,产品运营,auto_phrase,13,13,government:13,job_de0e7f7c13f97323c9d4;job_4610fdd1126c0b2dcfd8;job_fa2d125a7ece02441e57,辖区计算机类监管岗位一级主任科员及以下 | 辖区计算机类监管岗位一级主任科员及以下 | 辖区计算机类监管岗位一级主任科员及以下,职位简介：主要从事辖区证券期货市场计算机类监管工作 | 职位简介：主要从事辖区证券期货市场计算机类监管工作或内部综合管理工作 | 职位简介：主要从事辖区证券期货市场计算机类监管工作
金融学类、工商管理类,岗位标签,title_or_tag,13,13,government:13,job_54cb629fcc8b3529ad40;job_9ec4c811e2593b135ae0;job_cb420ba49eb425e8ed55,一级行政执法员（三） | 一级行政执法员（二） | 一级行政执法员（三）,金融学类、工商管理类 | 金融学类、工商管理类 | 金融学类、工商管理类
金融学类、财会审计类、社会保障类,岗位标签,title_or_tag,13,13,government:13,job_7f965e64a07d47a1dd0f;job_ab392b650e30549e4997;job_858f5fc028c4330f1b93,一级行政执法员 | 一级行政执法员（三） | 一级行政执法员（三）,金融学类、财会审计类、社会保障类 | 金融学类、财会审计类、社会保障类 | 金融学类、财会审计类、社会保障类
预防医学、临床医学、基础医学,岗位标签,title_or_tag,13,13,government:13,job_4ccc59cb99e47156683c;job_3c2b5761e72b5724fe7d;job_a2d5f1aba512b3d46089,卫生检疫四级主办及以下（一） | 卫生检疫四级主办及以下（二） | 卫生检疫一级行政执法员（一）,预防医学、临床医学、基础医学 | 预防医学、临床医学、基础医学 | 预防医学、临床医学、基础医学
食品检验四级主办及以下,岗位标签,title_or_tag,13,13,government:13,job_0834398b0d62b20016e4;job_b5e1f8e9c415350576d9;job_7e81fab0742b004b473e,食品检验四级主办及以下 | 食品检验四级主办及以下 | 食品检验四级主办及以下,食品检验四级主办及以下 | 食品检验四级主办及以下 | 食品检验四级主办及以下
临床医学、预防医学、卫生监督、卫生检验与检疫、医学检验技术、基础医学,岗位标签,title_or_tag,12,12,government:12,job_af3763fa5bb5b4064191;job_f835f8a1c91895b2e780;job_994e08f80a521821ca9e,卫生检疫一级行政执法员（一） | 卫生检疫一级行政执法员（二） | 卫生检疫一级行政执法员,临床医学、预防医学、卫生监督、卫生检验与检疫、医学检验技术、基础医学 | 临床医学、预防医学、卫生监督、卫生检验与检疫、医学检验技术、基础医学 | 临床医学、预防医学、卫生监督、卫生检验与检疫、医学检验技术、基础医学
从事海关财务管理及审计,项目管理,auto_phrase,12,12,government:12,job_cb050959c2388a427add;job_71a732f48d93f522dcea;job_7d0a17aa07a574227a48,财务管理一级行政执法员（一） | 财务管理一级行政执法员（二） | 财务管理二级主办及以下（一）,职位简介：从事海关财务管理及审计工作 | 职位简介：从事海关财务管理及审计工作 | 职位简介：从事海关财务管理及审计工作
从事海关食品检验监管,自动短语,auto_phrase,12,12,government:12,job_6793715a9ab1b319963b;job_e93d4417984a25742bc2;job_c348d19ee2d74ada890c,食品检验监管四级主办及以下 | 食品检验监管四级主办及以下（一） | 食品检验监管四级主办及以下（二）,职位简介：从事海关食品检验监管等工作 | 职位简介：从事海关食品检验监管工作 | 职位简介：从事海关食品检验监管工作
会计学、审计学、财务管理,岗位标签,title_or_tag,12,12,government:12,job_77451d4b90826c9b5614;job_d758bdec6880a42ab019;job_17a16328ca4656d6e674,一级行政执法员（二） | 财务管理一级行政执法员 | 办公综合一级行政执法员,会计学、审计学、财务管理 | 会计学、审计学、财务管理 | 会计学、审计学、财务管理
含审计,自动短语,auto_phrase,12,12,government:12,job_fbcd6470ed6e76259fd2;job_ea5ad3366792f7d8240e;job_c824c7cdae0b94906ab0,审计业务处一级主任科员及以下 | 辖区会计类监管岗位一级主任科员及以下 | 辖区会计类监管岗位一级主任科员及以下,公务员/事业单位；硕士研究生及以上；与最高学历相对应的学位；本科专业：会计学、审计学、财务管理、金融学类、财政学类； 研究生专业：会计学（含会计专硕）、审计学（含审计专硕）；市（地）级及以下直属机构综合管理类 | 公务员/事业单位；本科及以上；与最高学历相对应的学位；会计学（含会计硕士）、审计学（含审计硕士）、财务管理；中央机关及其省级直属机构综合管理类 | 公务员/事业单位；本科及以上；与最高学历相对应的学位；会计学（含会计硕士）、审计学（含审计硕士）；中央机关及其省级直属机构综合管理类
土木类、测绘类、环境科学与工程类,岗位标签,title_or_tag,12,12,government:12,job_e7eba55dd1136f920257;job_555f30fa0925fcc74037;job_8a35dca4909133e2b171,一级行政执法员（八） | 一级行政执法员（五） | 一级行政执法员（六）,土木类、测绘类、环境科学与工程类 | 土木类、测绘类、环境科学与工程类 | 土木类、测绘类、环境科学与工程类
数学类、大数据管理与应用、统计学、应用统计学,岗位标签,title_or_tag,12,12,government:12,job_3a4bbe359b36d65c1579;job_8f980a6ebae44e0ea14b;job_b2ebab1bd1dcf051b23f,科技管理（统计分析应用类）一级行政执法员 | 科技管理（统计分析应用类）一级行政执法员 | 科技管理（统计分析应用类）一级行政执法员,数学类、大数据管理与应用、统计学、应用统计学 | 数学类、大数据管理与应用、统计学、应用统计学 | 数学类、大数据管理与应用、统计学、应用统计学
机械类、仪器类、材料类、电子信息类、自动化类、轻工类、核工程类、电气类,岗位标签,title_or_tag,12,12,government:12,job_f3a88cca95be75e8aab0;job_a075df7a504f7a765f82;job_3414c66cf0526fad9a5f,监管一级行政执法员（二） | 监管一级行政执法员（三） | 监管一级行政执法员（三）,机械类、仪器类、材料类、电子信息类、自动化类、轻工类、核工程类、电气类 | 机械类、仪器类、材料类、电子信息类、自动化类、轻工类、核工程类、电气类 | 机械类、仪器类、材料类、电子信息类、自动化类、轻工类、核工程类、电气类
水利工程、土木工程（限结构工程、岩土工程）,岗位标签,title_or_tag,12,12,government:12,job_438499823060c9d13837;job_aa3704afe627fe56b513;job_55dcead508495b117ab0,规划计划处一级主任科员及以下 | 建设与运行管理处一级主任科员及以下 | 监督处一级主任科员及以下,水利工程、土木工程（限结构工程、岩土工程） | 水利工程、土木工程（限结构工程、岩土工程） | 水利工程、土木工程（限结构工程、岩土工程）
汉语言文学050101、网络与新媒体050306、播音与主持艺术130309,岗位标签,title_or_tag,12,12,government:12,job_f6668211063278373e09;job_124bf74819ca93b9de5a;job_446574f515d3a4e520e8,日喀则边境管理支队一级警长及以下（十三） | 日喀则边境管理支队一级警长及以下（十四） | 日喀则边境管理支队一级警长及以下（二十）,汉语言文学050101、网络与新媒体050306、播音与主持艺术130309 | 汉语言文学050101、网络与新媒体050306、播音与主持艺术130309 | 汉语言文学050101、网络与新媒体050306、播音与主持艺术130309
法学类、政治学类、公安学类,岗位标签,title_or_tag,12,12,government:12,job_835e787f0237d07afafa;job_7ade1fd59e62a0eca2a1;job_780c8382879b7c00f3c7,一级主办及以下（二） | 一级行政执法员（二） | 一级主办及以下（二）,法学类、政治学类、公安学类 | 法学类、政治学类、公安学类 | 法学类、政治学类、公安学类
海外利益安全等专业,自动短语,auto_phrase,12,12,government:12,job_c67b5bfd54bc0fcdfa75;job_11454deb399ca916ce35;job_54a072540df8edf0aacb,法规部门一级主任科员及以下 | 法规部门一级主任科员及以下 | 法规部门一级主任科员及以下,公务员/事业单位；本科及以上；与最高学历相对应的学位；本科：法学类（不含监狱学、司法警察学、社区矫正、司法鉴定学、国家安全学、海外利益安全等专业）；硕士研究生及以上：法学、法律；市（地）级及以下直属机构综合管理类 | 公务员/事业单位；本科及以上；与最高学历相对应的学位；本科：法学类（不含监狱学、司法警察学、社区矫正、司法鉴定学、国家安全学、海外利益安全等专业）；硕士研究生及以上：法学、法律；市（地）级及以下直属机构综合管理类 | 公务员/事业单位；本科及以上；与最高学历相对应的学位；本科：法学类（不含监狱学、司法警察学、社区矫正、司法鉴定学、国家安全学、海外利益安全等专业）；硕士研究生及以上：法学、法律；市（地）级及以下直属机构综合管理类
科技管理（统计分析应用类）四级主办及以下,岗位标签,title_or_tag,12,12,government:12,job_ba545f4d808474191b0d;job_6409e03eadef240e034d;job_31616a57c3b6664d5d35,科技管理（统计分析应用类）四级主办及以下 | 科技管理（统计分析应用类）四级主办及以下 | 科技管理（统计分析应用类）四级主办及以下,科技管理（统计分析应用类）四级主办及以下 | 科技管理（统计分析应用类）四级主办及以下 | 科技管理（统计分析应用类）四级主办及以下
第二稽查局一级行政执法员,岗位标签,title_or_tag,12,12,government:12,job_34ae55844a69e074a124;job_cb86ec6c5fda78f7db85;job_9e122b71ceeee520f031,第二稽查局一级行政执法员 | 第二稽查局一级行政执法员 | 第二稽查局一级行政执法员,第二稽查局一级行政执法员 | 第二稽查局一级行政执法员 | 第二稽查局一级行政执法员
经济学类、财政学类、工商管理类、社会保障类,岗位标签,title_or_tag,12,12,government:12,job_9d36d94d32918d0d8a36;job_ba53bdb2ee06f1b1e4cd;job_afd676ab37664e2db024,一级行政执法员（三） | 一级行政执法员（一） | 一级行政执法员（二）,经济学类、财政学类、工商管理类、社会保障类 | 经济学类、财政学类、工商管理类、社会保障类 | 经济学类、财政学类、工商管理类、社会保障类
经济学类、财政学类、经济与贸易类、工商管理类、社会保障类,岗位标签,title_or_tag,12,12,government:12,job_8e498abc6095072ca7a6;job_2a3c8b8dc51307902e7d;job_6fc467c243fe25f2c502,一级行政执法员（一） | 一级行政执法员（二） | 一级行政执法员（一）,经济学类、财政学类、经济与贸易类、工商管理类、社会保障类 | 经济学类、财政学类、经济与贸易类、工商管理类、社会保障类 | 经济学类、财政学类、经济与贸易类、工商管理类、社会保障类
经济学类、金融学类、电子商务类、工商管理类,岗位标签,title_or_tag,12,12,government:12,job_5ed7bc935b49e97120d8;job_3d37aa940a5cdfb98b27;job_f0d34dc8bdf949b6c1d2,一级行政执法员（一） | 一级行政执法员（二） | 一级行政执法员（一）,经济学类、金融学类、电子商务类、工商管理类 | 经济学类、金融学类、电子商务类、工商管理类 | 经济学类、金融学类、电子商务类、工商管理类
统计学类、数学类、电子信息类、计算机类,岗位标签,title_or_tag,12,12,government:12,job_2788df2c3fe3caff0869;job_4b7ad38883862a2c15bf;job_690733ba7c70d8692975,一级行政执法员（五） | 一级行政执法员（六） | 一级行政执法员（三）,统计学类、数学类、电子信息类、计算机类 | 统计学类、数学类、电子信息类、计算机类 | 统计学类、数学类、电子信息类、计算机类
综合业务四级主办及以下,岗位标签,title_or_tag,12,12,government:12,job_9780a512f826f10ca0d6;job_88c3eae0fddd7cc72621;job_6bdab3a14095ed0eec10,综合业务四级主办及以下 | 综合业务四级主办及以下 | 综合业务四级主办及以下,综合业务四级主办及以下 | 综合业务四级主办及以下 | 综合业务四级主办及以下
财政学类、经济与贸易类、工商管理类,岗位标签,title_or_tag,12,12,government:12,job_ad10a5ff734ffe446f56;job_eb0f0aaa516bd3d511bd;job_684ed8a4a6938419307b,一级行政执法员（二） | 一级行政执法员（三） | 一级行政执法员（一）,财政学类、经济与贸易类、工商管理类 | 财政学类、经济与贸易类、工商管理类 | 财政学类、经济与贸易类、工商管理类
财政学类、金融学类、经济与贸易类、工商管理类,岗位标签,title_or_tag,12,12,government:12,job_ab6c6db049a0560aa574;job_9f76ed24f52e8709f507;job_867facb6693ecc499020,一级行政执法员（一） | 一级行政执法员（二） | 一级行政执法员（一）,财政学类、金融学类、经济与贸易类、工商管理类 | 财政学类、金融学类、经济与贸易类、工商管理类 | 财政学类、金融学类、经济与贸易类、工商管理类
飞行标准处一级主任科员及以下,岗位标签,title_or_tag,12,12,government:12,job_388d8aa35c360df65878;job_67eff64cd5321caf9130;job_89bcd69216afd507cdf9,飞行标准处一级主任科员及以下 | 飞行标准处一级主任科员及以下 | 飞行标准处一级主任科员及以下,飞行标准处一级主任科员及以下 | 飞行标准处一级主任科员及以下 | 飞行标准处一级主任科员及以下
乡村治理专业,自动短语,auto_phrase,11,11,government:11,job_3da547a6bbbc5ddfe7c2;job_d056a87dffeaeff66c3b;job_3cc916cc2f3b82f56b28,房县调查队四级主任科员及以下 | 襄阳所辖县级调查队一级科员（1） | 襄阳所辖县级调查队一级科员（2）,公务员/事业单位；仅限本科；学士；0712统计学类（不含数据科学、生物统计学专业）、0701数学类（不含信息与计算科学专业）、1203农业经济管理类（不含农村区域发展、乡村治理专业）；市（地）级及以下直属机构综合管理类 | 公务员/事业单位；仅限本科；学士；0712统计学类（不含数据科学、生物统计学专业）、0701数学类（不含信息与计算科学专业）、1203农业经济管理类（不含农村区域发展、乡村治理专业）；市（地）级及以下直属机构综合管理类 | 公务员/事业单位；仅限本科；学士；0712统计学类（不含数据科学、生物统计学专业）、0701数学类（不含信息与计算科学专业）、1203农业经济管理类（不含农村区域发展、乡村治理专业）；市（地）级及以下直属机构综合管理类
从事海关进出境货物查验及监管,自动短语,auto_phrase,11,11,government:11,job_a1df48ad0a455ddbcc49;job_605559d2cd8ec368db16;job_fa7739bb9f0ab31a42e1,海关业务二级主办及以下 | 监管四级主办及以下 | 海关业务二级主办及以下,职位简介：从事海关进出境货物查验及监管工作 | 职位简介：从事海关进出境货物查验及监管工作 | 职位简介：从事海关进出境货物查验及监管工作
会计、财务管理、审计等专业,岗位标签,title_or_tag,11,11,government:11,job_9c4e4552adf33d51e1b0;job_cac5cbd2a6916467a224;job_2fdeb8a19e9c7e8471e0,财会部门一级主任科员及以下 | 财会部门一级主任科员及以下 | 财会部门一级主任科员及以下,会计、财务管理、审计等专业 | 会计、财务管理、审计等专业 | 会计、财务管理、审计等专业
大学本科：0301法学类（法学）； 研究生：0301法学、0351法律,岗位标签,title_or_tag,11,11,government:11,job_414d8b01cd5141c8ee6e;job_f0886a5bbd86078563d1;job_3a639554a2d11d175c36,北京铁路公安处基层所队民警 | 北京铁路公安处基层所队民警 | 北京铁路公安处基层所队民警,大学本科：0301法学类（法学）； 研究生：0301法学、0351法律 | 大学本科：0301法学类（法学）； 研究生：0301法学、0351法律 | 大学本科：0301法学类（法学）； 研究生：0301法学、0351法律
天津铁路公安处基层所队民警,岗位标签,title_or_tag,11,11,government:11,job_4c5c5ed3565ecd17ca2b;job_18655be39ad5a38d5171;job_3c3fdf7460a9682c142b,天津铁路公安处基层所队民警 | 天津铁路公安处基层所队民警 | 天津铁路公安处基层所队民警,天津铁路公安处基层所队民警 | 天津铁路公安处基层所队民警 | 天津铁路公安处基层所队民警
审计等专业,自动短语,auto_phrase,11,11,government:11,job_9c4e4552adf33d51e1b0;job_cac5cbd2a6916467a224;job_2fdeb8a19e9c7e8471e0,财会部门一级主任科员及以下 | 财会部门一级主任科员及以下 | 财会部门一级主任科员及以下,公务员/事业单位；硕士研究生及以上；与最高学历相对应的学位；会计、财务管理、审计等专业；中央机关及其省级直属机构综合管理类 | 公务员/事业单位；本科及以上；与最高学历相对应的学位；会计、财务管理、审计等专业；市（地）级及以下直属机构综合管理类 | 公务员/事业单位；本科及以上；与最高学历相对应的学位；会计、财务管理、审计等专业；市（地）级及以下直属机构综合管理类
工业软件等专业,自动短语,auto_phrase,11,11,government:11,job_afc6a7cf47dcf0871e75;job_5e301fd0e753938b6f4f;job_c181f4581dc14ad66475,科技部门一级主任科员及以下 | 科技部门一级主任科员及以下 | 科技部门一级主任科员及以下,公务员/事业单位；本科及以上；与最高学历相对应的学位；本科：计算机类（不含物联网工程、数字媒体技术、空间信息与数字技术、新媒体技术、电影制作、服务科学与工程、虚拟现实技术、区块链工程、工业软件等专业）；硕士研究生及以上：计算机类（计算机科学与技术、软件工程等专业）；市（地）级及以下直属机构综合管理类 | 公务员/事业单位；仅限本科；学士；计算机类（不含物联网工程、数字媒体技术、空间信息与数字技术、新媒体技术、电影制作、服务科学与工程、虚拟现实技术、区块链工程、工业软件等专业）；市（地）级及以下直属机构综合管理类 | 公务员/事业单位；本科及以上；与最高学历相对应的学位；本科：计算机类（不含物联网工程、数字媒体技术、空间信息与数字技术、新媒体技术、电影制作、服务科学与工程、虚拟现实技术、区块链工程、工业软件等专业）；硕士研究生及以上：计算机类（计算机科学与技术、软件工程等专业）；市（地）级及以下直属机构综合管理类
政治学类、中国语言文学类、新闻传播学类,岗位标签,title_or_tag,11,11,government:11,job_c69be07204ec4ba3969b;job_9937fb1de947d0eef9fd;job_54e83d1076a3cc19d2de,一级行政执法员（十） | 一级行政执法员（十一） | 一级行政执法员（十）,政治学类、中国语言文学类、新闻传播学类 | 政治学类、中国语言文学类、新闻传播学类 | 政治学类、中国语言文学类、新闻传播学类
数学类、电子信息类、计算机类、环境科学与工程类,岗位标签,title_or_tag,11,11,government:11,job_a58a3d706e0f269ecfd6;job_f117d0ab27223221fe16;job_0a0bcde3f5b4459bb107,一级行政执法员（五） | 一级行政执法员（六） | 一级行政执法员（五）,数学类、电子信息类、计算机类、环境科学与工程类 | 数学类、电子信息类、计算机类、环境科学与工程类 | 数学类、电子信息类、计算机类、环境科学与工程类
数学类、统计学类、地理科学类,岗位标签,title_or_tag,11,11,government:11,job_e027cc2f1ef19bfe3785;job_990fa093f6710841e15f;job_b25d9b3268ca826f4b12,一级行政执法员（三） | 一级行政执法员（四） | 一级行政执法员（一）,数学类、统计学类、地理科学类 | 数学类、统计学类、地理科学类 | 数学类、统计学类、地理科学类
数学类、统计学类、电气类、电子信息类、计算机类、土木类,岗位标签,title_or_tag,11,11,government:11,job_93d39e9462351d9a56b9;job_f4b3733175b5139d73c5;job_dc853d22fa0635f74050,一级行政执法员（八） | 一级行政执法员（六） | 一级行政执法员（四）,数学类、统计学类、电气类、电子信息类、计算机类、土木类 | 数学类、统计学类、电气类、电子信息类、计算机类、土木类 | 数学类、统计学类、电气类、电子信息类、计算机类、土木类
数学类、统计学类、计算机类、 电子信息类,岗位标签,title_or_tag,11,11,government:11,job_d90165cdff7e1d355655;job_aea3da5a614adc7f22cb;job_f4c7884d8d9437028040,一级行政执法员（五） | 一级行政执法员（六） | 一级行政执法员（七）,数学类、统计学类、计算机类、 电子信息类 | 数学类、统计学类、计算机类、 电子信息类 | 数学类、统计学类、计算机类、 电子信息类
本科或研究生专业为经济学门类（02）,岗位标签,title_or_tag,11,11,government:11,job_9fba017e262e70d17e18;job_634d3439b9348a9df77f;job_032c06d7edc5b5b561e8,监管部门一级主任科员及以下 | 监管部门一级主任科员及以下 | 监管部门一级主任科员及以下,本科或研究生专业为经济学门类（02） | 本科或研究生专业为经济学门类（02） | 本科或研究生专业为经济学门类（02）
机械制造及其自动化,自动短语,auto_phrase,11,11,government:11,job_d29c0120053361fd8a2c;job_507ccb6beebe34ea981c;job_dc90aee72a887b92868c,科技管理（机械自动化类）四级主办及以下 | 科技管理（机械自动化类）四级主办及以下 | 科技管理（机械自动化类）二级主办及以下,公务员/事业单位；本科或硕士研究生；与最高学历相对应的学位；本科：机械工程、机械设计制造及其自动化、机械电子工程、车辆工程、汽车服务工程； 研究生：机械制造及其自动化、机械电子工程、车辆工程、机械工程；行政执法类 | 公务员/事业单位；本科或硕士研究生；与最高学历相对应的学位；本科：机械工程、机械设计制造及其自动化、机械电子工程、车辆工程、汽车服务工程； 研究生：机械制造及其自动化、机械电子工程、车辆工程、机械工程；行政执法类 | 公务员/事业单位；本科及以上；与最高学历相对应的学位；本科：机械工程、机械设计制造及其自动化、机械电子工程、车辆工程、电气工程及其自动化、自动化、智能装备与系统、工业智能、电子信息工程、电子科学与技术；研究生：机械制造及其自动化、控制科学与工程、机械工程、电气工程、控制工程；行政执法类
气象专业,自动短语,auto_phrase,11,11,government:11,job_8d30d2a319adff76f38e;job_7df7a931ab290338b62f;job_d52e8041c1ac61f7e454,人事处四级主任科员及以下 | 防灾减灾科四级主任科员及以下 | 服务与社会管理处四级主任科员及以下,公务员/事业单位；硕士研究生及以上；与最高学历相对应的学位；大气科学、气象学、应用气象学、大气物理学与大气环境、气候学、大气遥感与大气探测、地球气候与环境（气象专业方向）；市（地）级及以下直属机构综合管理类 | 公务员/事业单位；硕士研究生及以上；与最高学历相对应的学位；大气科学、气象学、应用气象学、大气物理学与大气环境、气候学、大气遥感与大气探测、地球气候与环境（气象专业方向）；市（地）级及以下直属机构综合管理类 | 公务员/事业单位；硕士研究生及以上；与最高学历相对应的学位；大气科学、气象学、应用气象学、大气物理学与大气环境、气候学、大气遥感与大气探测、地球气候与环境（气象专业方向）；市（地）级及以下直属机构综合管理类
特设专业,自动短语,auto_phrase,11,11,government:11,job_437a5591c700ecdc69e2;job_1bd55ba74e7b88e55ba7;job_fb439c0577510fea68c1,延安调查队业务科室一级科员 | 榆林调查队业务科室一级科员 | 西咸新区调查队一级科员,公务员/事业单位；仅限本科；学士；统计学类（特设专业除外）、数学类（特设专业除外）；市（地）级及以下直属机构综合管理类 | 公务员/事业单位；仅限本科；学士；统计学类（特设专业除外）、数学类（特设专业除外）；市（地）级及以下直属机构综合管理类 | 公务员/事业单位；仅限本科；学士；统计学类（特设专业除外）、数学类（特设专业除外）；市（地）级及以下直属机构综合管理类
监察执法处二级主任科员及以下,岗位标签,title_or_tag,11,11,government:11,job_ddc21cd85d64f44a42f6;job_c86a6bce9e4e7c870a81;job_9e0b92b236e2f173e6f3,监察执法处二级主任科员及以下 | 监察执法处二级主任科员及以下 | 监察执法处二级主任科员及以下,监察执法处二级主任科员及以下 | 监察执法处二级主任科员及以下 | 监察执法处二级主任科员及以下
监管（电子信息化类）四级主办及以下,岗位标签,title_or_tag,11,11,government:11,job_6c8fd5dd26c16500219e;job_401a356e0896807414b4;job_5b601ca7040bef517087,监管（电子信息化类）四级主办及以下 | 监管（电子信息化类）四级主办及以下 | 监管（电子信息化类）四级主办及以下,监管（电子信息化类）四级主办及以下 | 监管（电子信息化类）四级主办及以下 | 监管（电子信息化类）四级主办及以下
稽查局一级行政执法员,岗位标签,title_or_tag,11,11,government:11,job_262c9fb451d9b7377abf;job_a0df00a4d4e9ce750830;job_4bac50bd5186cfa42845,稽查局一级行政执法员 | 稽查局一级行政执法员 | 稽查局一级行政执法员,稽查局一级行政执法员 | 稽查局一级行政执法员 | 稽查局一级行政执法员
经济、财政、金融、经济与贸易类（专业代码02开头）,岗位标签,title_or_tag,11,11,government:11,job_937381f649b3e01c3908;job_479f8ca98860f7a74058;job_86b4d7efd89090681fe5,监管部门一级主任科员及以下 | 监管部门一级主任科员及以下 | 监管部门一级主任科员及以下,经济、财政、金融、经济与贸易类（专业代码02开头） | 经济、财政、金融、经济与贸易类（专业代码02开头） | 经济、财政、金融、经济与贸易类（专业代码02开头）
经济学类,岗位标签,title_or_tag,11,11,government:11,job_fa61ffb4c5bae60c6e30;job_19b4254a56a6d732fa67;job_a2ec9abe287d2c9d7b3e,监管部门一级主任科员及以下 | 监管部门一级主任科员及以下 | 监管部门一级主任科员及以下,经济学类 | 经济学类 | 经济学类
统计学类（特设专业除外）、数学类（特设专业除外）,岗位标签,title_or_tag,11,11,government:11,job_437a5591c700ecdc69e2;job_1bd55ba74e7b88e55ba7;job_fb439c0577510fea68c1,延安调查队业务科室一级科员 | 榆林调查队业务科室一级科员 | 西咸新区调查队一级科员,统计学类（特设专业除外）、数学类（特设专业除外） | 统计学类（特设专业除外）、数学类（特设专业除外） | 统计学类（特设专业除外）、数学类（特设专业除外）
综合管理科一级主任科员及以下,岗位标签,title_or_tag,11,11,government:11,job_c8fd86162cf8e41dc857;job_166fd08f4a318ac7f8fc;job_ced54e6b29b687f128f5,综合管理科一级主任科员及以下 | 综合管理科一级主任科员及以下 | 综合管理科一级主任科员及以下,综合管理科一级主任科员及以下 | 综合管理科一级主任科员及以下 | 综合管理科一级主任科员及以下
财会审计类、公共管理类、电子商务类,岗位标签,title_or_tag,11,11,government:11,job_b3b0a67e3ea86fc2b7c3;job_aa40446ba0189467166a;job_0f1a1d3bdb9dbf9647e0,一级行政执法员（三） | 一级行政执法员（五） | 一级行政执法员（六）,财会审计类、公共管理类、电子商务类 | 财会审计类、公共管理类、电子商务类 | 财会审计类、公共管理类、电子商务类
金融学类、经济与贸易类、财会审计类,岗位标签,title_or_tag,11,11,government:11,job_1abfe4c78868c91184de;job_0f3a5628ffdedf274b14;job_7eaa4e2aefc592bef2a3,一级行政执法员（一） | 一级行政执法员（二） | 一级行政执法员（五）,金融学类、经济与贸易类、财会审计类 | 金融学类、经济与贸易类、财会审计类 | 金融学类、经济与贸易类、财会审计类
食品监管一级行政执法员,岗位标签,title_or_tag,11,11,government:11,job_d58412e66160b741b35f;job_bb0b8f35dceb033e1ea7;job_7d09ada72b90b4ed4874,食品监管一级行政执法员 | 食品监管一级行政执法员 | 食品监管一级行政执法员,食品监管一级行政执法员 | 食品监管一级行政执法员 | 食品监管一级行政执法员
食品科学与工程、食品质量与安全、食品安全与检测、生物科学、生物技术,岗位标签,title_or_tag,11,11,government:11,job_821302f431760633e68d;job_403f8b0b0835e94bd4bc;job_1f8c84547329175d4454,食品监管二级主办及以下（一） | 食品监管二级主办及以下（二） | 食品监管二级主办及以下（一）,食品科学与工程、食品质量与安全、食品安全与检测、生物科学、生物技术 | 食品科学与工程、食品质量与安全、食品安全与检测、生物科学、生物技术 | 食品科学与工程、食品质量与安全、食品安全与检测、生物科学、生物技术
一处一级警长及以下,岗位标签,title_or_tag,10,10,government:10,job_86a5d3ef1ac6270f8d53;job_30eff744a87ebc76cdf1;job_36e39529919f55799f74,一处一级警长及以下 | 一处一级警长及以下 | 一处一级警长及以下,一处一级警长及以下 | 一处一级警长及以下 | 一处一级警长及以下
一级警长及以下（一）,岗位标签,title_or_tag,10,10,government:10,job_ae7d1d97a69f7fe48560;job_e7f6f3a9d7ece0443ca8;job_8259e9c51a926c132d07,一级警长及以下（一） | 一级警长及以下（一） | 一级警长及以下（一）,一级警长及以下（一） | 一级警长及以下（一） | 一级警长及以下（一）
中国语言文学类、英语相关专业,岗位标签,title_or_tag,10,10,government:10,job_1434f1d6d436a2ac52a8;job_8b72bbeedb72a7e2055b;job_d4fb1b70ad3e47d779fd,一级行政执法员（四） | 一级行政执法员（三） | 一级行政执法员（三）,中国语言文学类、英语相关专业 | 中国语言文学类、英语相关专业 | 中国语言文学类、英语相关专业
主要从事财务管理,项目管理,auto_phrase,10,10,government:10,job_333e37c06fa13cccd73c;job_f7d2526c99c124538ed3;job_f3e76134a48b0028cb50,十一处一级警长及以下 | 七处一级警长及以下 | 四处一级主任科员及以下,职位简介：主要从事财务管理和案件侦办等工作 | 职位简介：主要从事财务管理和执法办案等工作 | 职位简介：主要从事财务管理和政府采购工作
主要负责执法执勤和数据分析,数据工程,auto_phrase,10,10,government:10,job_86c5882e0634a014680d;job_30e47989a4f58901635c;job_e4da763aca0ad66bab56,技术保障队一级警长及以下 | 边检站一级警长及以下（一） | 边检站一级警长及以下（二）,职位简介：属于公安机关人民警察，主要负责执法执勤和数据分析、软件研发等工作 | 职位简介：属于公安机关人民警察，主要负责执法执勤和数据分析、软件研发等工作 | 职位简介：属于公安机关人民警察，主要负责执法执勤和数据分析、软件研发等工作
从事一线统计专业,自动短语,auto_phrase,10,10,government:10,job_c2d76f578b8bd2c0a76f;job_95429959b9e5c33d1daf;job_ff0c8021dc477953a3b9,张家口调查队综合科室一级科员（1） | 张家口调查队综合科室一级科员（2） | 秦皇岛调查队综合科室一级科员（1）,职位简介：从事一线统计专业调查、数据处理、统计分析撰写等工作 | 职位简介：从事一线统计专业调查、数据处理、统计分析撰写等工作 | 职位简介：从事一线统计专业调查、数据处理、统计分析撰写等工作
从事海关口岸一线食品检验监管,自动短语,auto_phrase,10,10,government:10,job_c56dc8904b91dcc9efa8;job_fe125a01fe4cacbbd6ce;job_08c5558b34a3a6b1ff89,食品查验四级主办及以下（一） | 食品查验四级主办及以下（二） | 食品检验监管一级行政执法员,职位简介：从事海关口岸一线食品检验监管工作 | 职位简介：从事海关口岸一线食品检验监管工作 | 职位简介：从事海关口岸一线食品检验监管工作
以上各专业类别均不含特设专业,自动短语,auto_phrase,10,10,government:10,job_d68a16997b84aade18ca;job_308fb6d1d7e84c7549f4;job_1858d159c8a29c55f95a,正安调查队一级科员 | 道真调查队一级科员 | 桐梓调查队一级科员,公务员/事业单位；仅限本科；学士；经济学类、统计学类、数学类、计算机类、法学类、社会学类、测绘类（不含测绘工程），以上各专业类别均不含特设专业、国家控制布点专业、特设控制布点专业；市（地）级及以下直属机构综合管理类 | 公务员/事业单位；仅限本科；学士；经济学类、统计学类、数学类、计算机类、法学类、社会学类、测绘类（不含测绘工程），以上各专业类别均不含特设专业、国家控制布点专业、特设控制布点专业；市（地）级及以下直属机构综合管理类 | 公务员/事业单位；仅限本科；学士；经济学类、统计学类、数学类、计算机类、法学类、社会学类、测绘类（不含测绘工程），以上各专业类别均不含特设专业、国家控制布点专业、特设控制布点专业；市（地）级及以下直属机构综合管理类
动物检疫四级主办及以下（一）,岗位标签,title_or_tag,10,10,government:10,job_74a0e27c46101dd2ee52;job_8be66c5c6eba820cf2ec;job_19eeb9554a702575f9ae,动物检疫四级主办及以下（一） | 动物检疫四级主办及以下（一） | 动物检疫四级主办及以下（一）,动物检疫四级主办及以下（一） | 动物检疫四级主办及以下（一） | 动物检疫四级主办及以下（一）
动物检疫四级主办及以下（二）,岗位标签,title_or_tag,10,10,government:10,job_a521a83b5dba30b9755f;job_126f4b47bfeff5416070;job_fb0abcf1d4873b22af4b,动物检疫四级主办及以下（二） | 动物检疫四级主办及以下（二） | 动物检疫四级主办及以下（二）,动物检疫四级主办及以下（二） | 动物检疫四级主办及以下（二） | 动物检疫四级主办及以下（二）
动物检疫监管,自动短语,auto_phrase,10,10,government:10,job_c44a34b4c64ba2303148;job_de4d8461edf5844e6876;job_f35a7ff011d51be408a4,动物检疫一级行政执法员 | 动物检疫监管四级主办及以下 | 动物检疫监管四级主办及以下,职位简介：从事海关口岸一线货物查验、动物检疫监管工作 | 动物检疫监管四级主办及以下 | 动物检疫监管四级主办及以下
化学类、化工与制药类,岗位标签,title_or_tag,10,10,government:10,job_9b7cbedde8c1dfdd24dc;job_e6d122e7f04528273b73;job_2e113a2470221a6b2c5e,化工监管一级行政执法员（一） | 化工监管一级行政执法员（二） | 化工监管一级行政执法员（一）,化学类、化工与制药类 | 化学类、化工与制药类 | 化学类、化工与制药类
商品检验监管,自动短语,auto_phrase,10,10,government:10,job_1f7d7baadfe7d28e7f01;job_29d269d8cc5841f6ecb7;job_a60b1acbe5ab570c6a9e,商品检验监管一级行政执法员（一） | 商品检验监管一级行政执法员（二） | 商品检验监管一级行政执法员,商品检验监管一级行政执法员（一） | 商品检验监管一级行政执法员（二） | 商品检验监管一级行政执法员
国家控制布点专业,自动短语,auto_phrase,10,10,government:10,job_d68a16997b84aade18ca;job_308fb6d1d7e84c7549f4;job_1858d159c8a29c55f95a,正安调查队一级科员 | 道真调查队一级科员 | 桐梓调查队一级科员,公务员/事业单位；仅限本科；学士；经济学类、统计学类、数学类、计算机类、法学类、社会学类、测绘类（不含测绘工程），以上各专业类别均不含特设专业、国家控制布点专业、特设控制布点专业；市（地）级及以下直属机构综合管理类 | 公务员/事业单位；仅限本科；学士；经济学类、统计学类、数学类、计算机类、法学类、社会学类、测绘类（不含测绘工程），以上各专业类别均不含特设专业、国家控制布点专业、特设控制布点专业；市（地）级及以下直属机构综合管理类 | 公务员/事业单位；仅限本科；学士；经济学类、统计学类、数学类、计算机类、法学类、社会学类、测绘类（不含测绘工程），以上各专业类别均不含特设专业、国家控制布点专业、特设控制布点专业；市（地）级及以下直属机构综合管理类
基础医学类、临床医学类、公共卫生与预防医学类、中西医结合类、卫生检验与检疫,岗位标签,title_or_tag,10,10,government:10,job_9e6405eea4f25bc11a8a;job_adc1f3135e8a320807cd;job_1ffc1b561ca886bdd188,卫生检疫一级行政执法员（一） | 卫生检疫一级行政执法员（二） | 卫生检疫一级行政执法员,基础医学类、临床医学类、公共卫生与预防医学类、中西医结合类、卫生检验与检疫 | 基础医学类、临床医学类、公共卫生与预防医学类、中西医结合类、卫生检验与检疫 | 基础医学类、临床医学类、公共卫生与预防医学类、中西医结合类、卫生检验与检疫
处室一级主任科员及以下,岗位标签,title_or_tag,10,10,government:10,job_49648f723877f2feb6d2;job_1855b08558840e7ca462;job_cb442a5d767e7743c00b,处室一级主任科员及以下 | 处室一级主任科员及以下 | 处室一级主任科员及以下,处室一级主任科员及以下 | 处室一级主任科员及以下 | 处室一级主任科员及以下
大学本科：法学（030101K）；研究生：法学（0301）、法律（0351）,岗位标签,title_or_tag,10,10,government:10,job_7385c186c0b7d3164d07;job_2727aa0f8ec3c9d7c6bb;job_707c6f8b8c3416193442,法规部门一级主任科员及以下 | 法规部门一级主任科员及以下 | 法规部门一级主任科员及以下,大学本科：法学（030101K）；研究生：法学（0301）、法律（0351） | 大学本科：法学（030101K）；研究生：法学（0301）、法律（0351） | 大学本科：法学（030101K）；研究生：法学（0301）、法律（0351）
本科或研究生专业为会计（学）、财务管理、审计（学）,岗位标签,title_or_tag,10,10,government:10,job_4ead89adf22bbfd9e965;job_75304a87f21530108f7f;job_2e6edcf1a6b72c276912,财会部门一级主任科员及以下 | 财会部门一级主任科员及以下 | 财会部门一级主任科员及以下,本科或研究生专业为会计（学）、财务管理、审计（学） | 本科或研究生专业为会计（学）、财务管理、审计（学） | 本科或研究生专业为会计（学）、财务管理、审计（学）
植物检疫等进出境行李物品监管,自动短语,auto_phrase,10,10,government:10,job_14f76014fe98f0dd18b4;job_a082ac9f4dc92febe18d;job_e1f8d4ae7094be0de959,植物检疫四级主办及以下（一） | 植物检疫四级主办及以下（二） | 植物检疫四级主办及以下（三）,职位简介：从事海关植物检疫等进出境行李物品监管、货物查验监管、运输工具监管相关工作 | 职位简介：从事海关植物检疫等进出境行李物品监管、货物查验监管、运输工具监管相关工作 | 职位简介：从事海关植物检疫等进出境行李物品监管、货物查验监管、运输工具监管相关工作
法制一级行政执法员,岗位标签,title_or_tag,10,10,government:10,job_2a5d76087596ce067397;job_d99de6a26c6dc785b5ee;job_fec8aa09f0219f21d40e,法制一级行政执法员 | 法制一级行政执法员 | 法制一级行政执法员,法制一级行政执法员 | 法制一级行政执法员 | 法制一级行政执法员
法学类、政治学类、中国语言文学类,岗位标签,title_or_tag,10,10,government:10,job_4b36fec36d9eeb3597a9;job_3b6083fb7f9784ed14a3;job_6db3914145b19a1a7021,一级行政执法员（一） | 一级行政执法员（二） | 一级行政执法员（二）,法学类、政治学类、中国语言文学类 | 法学类、政治学类、中国语言文学类 | 法学类、政治学类、中国语言文学类
法规管理一级行政执法员,岗位标签,title_or_tag,10,10,government:10,job_04e8c2eb29b70edfa6a9;job_5efc6d8dfc19a6b60726;job_be9abbf1238e469ada61,法规管理一级行政执法员 | 法规管理一级行政执法员 | 法规管理一级行政执法员,法规管理一级行政执法员 | 法规管理一级行政执法员 | 法规管理一级行政执法员
特设控制布点专业,自动短语,auto_phrase,10,10,government:10,job_d68a16997b84aade18ca;job_308fb6d1d7e84c7549f4;job_1858d159c8a29c55f95a,正安调查队一级科员 | 道真调查队一级科员 | 桐梓调查队一级科员,公务员/事业单位；仅限本科；学士；经济学类、统计学类、数学类、计算机类、法学类、社会学类、测绘类（不含测绘工程），以上各专业类别均不含特设专业、国家控制布点专业、特设控制布点专业；市（地）级及以下直属机构综合管理类 | 公务员/事业单位；仅限本科；学士；经济学类、统计学类、数学类、计算机类、法学类、社会学类、测绘类（不含测绘工程），以上各专业类别均不含特设专业、国家控制布点专业、特设控制布点专业；市（地）级及以下直属机构综合管理类 | 公务员/事业单位；仅限本科；学士；经济学类、统计学类、数学类、计算机类、法学类、社会学类、测绘类（不含测绘工程），以上各专业类别均不含特设专业、国家控制布点专业、特设控制布点专业；市（地）级及以下直属机构综合管理类
电力系统及其自动化,自动短语,auto_phrase,10,10,government:10,job_a06263a5415703cf0114;job_fca27c8cacef59d7e0c0;job_8f9b4aa7b9aabd9f3a5f,一级行政执法员（十一） | 一级行政执法员（十四） | 业务处室一级主任科员及以下,公务员/事业单位；硕士研究生及以上；与最高学历相对应的学位；电机与电器、电力系统及其自动化、电力电子与电力传动；行政执法类 | 公务员/事业单位；硕士研究生及以上；与最高学历相对应的学位；电机与电器、电力系统及其自动化、电力电子与电力传动；行政执法类 | 公务员/事业单位；硕士研究生及以上；与最高学历相对应的学位；电气工程及其自动化、电力系统及其自动化、热能与动力工程、自动化；中央机关及其省级直属机构综合管理类
监管（电子信息化类）一级行政执法员,岗位标签,title_or_tag,10,10,government:10,job_86a001371e23cdb79913;job_34e2bbb709d5f1661e51;job_630c2164271e82768b64,监管（电子信息化类）一级行政执法员 | 监管（电子信息化类）一级行政执法员 | 监管（电子信息化类）一级行政执法员,监管（电子信息化类）一级行政执法员 | 监管（电子信息化类）一级行政执法员 | 监管（电子信息化类）一级行政执法员
石家庄铁路公安处基层所队民警,岗位标签,title_or_tag,10,10,government:10,job_7dbfbc1452aaa1cb4089;job_2646abca84f5cb41e424;job_e6d6b3a7272b4e76ff45,石家庄铁路公安处基层所队民警 | 石家庄铁路公安处基层所队民警 | 石家庄铁路公安处基层所队民警,石家庄铁路公安处基层所队民警 | 石家庄铁路公安处基层所队民警 | 石家庄铁路公安处基层所队民警
科技管理（电子信息化类）二级主办及以下,岗位标签,title_or_tag,10,10,government:10,job_1d9bef6ed81bae6e1137;job_026486619b27c5ec8431;job_81612b9e0f55df62eccf,科技管理（电子信息化类）二级主办及以下 | 科技管理（电子信息化类）二级主办及以下 | 科技管理（电子信息化类）二级主办及以下,科技管理（电子信息化类）二级主办及以下 | 科技管理（电子信息化类）二级主办及以下 | 科技管理（电子信息化类）二级主办及以下
经济学类、经济与贸易类、管理科学与工程类、财会审计类,岗位标签,title_or_tag,10,10,government:10,job_208f05d29263f2f44ef7;job_3fbcff3d7d7e9566873c;job_c8a9bd3b2ef6c52f81c5,一级行政执法员（三） | 一级行政执法员（四） | 一级行政执法员（三）,经济学类、经济与贸易类、管理科学与工程类、财会审计类 | 经济学类、经济与贸易类、管理科学与工程类、财会审计类 | 经济学类、经济与贸易类、管理科学与工程类、财会审计类
经济学类、财政学类、金融学类、管理科学与工程类、工商管理类,岗位标签,title_or_tag,10,10,government:10,job_72de993f134f639922c7;job_0eb23ba16cab652f25cf;job_d97b4bbc0c4c60be70f3,一级行政执法员（三） | 一级行政执法员（一） | 一级行政执法员（二）,经济学类、财政学类、金融学类、管理科学与工程类、工商管理类 | 经济学类、财政学类、金融学类、管理科学与工程类、工商管理类 | 经济学类、财政学类、金融学类、管理科学与工程类、工商管理类
经济学类、财政学类、金融学类、经济与贸易类、财会审计类、管理科学与工程类,岗位标签,title_or_tag,10,10,government:10,job_2c20a1407545baed62b0;job_74640236d0d771711785;job_1eb719ac62561426864b,一级行政执法员（四） | 第二稽查局一级行政执法员（一） | 稽查局一级行政执法员,经济学类、财政学类、金融学类、经济与贸易类、财会审计类、管理科学与工程类 | 经济学类、财政学类、金融学类、经济与贸易类、财会审计类、管理科学与工程类 | 经济学类、财政学类、金融学类、经济与贸易类、财会审计类、管理科学与工程类
经济学类、金融学类、经济与贸易类、电子商务类,岗位标签,title_or_tag,10,10,government:10,job_b343228116411cb59956;job_960c5d5157673dd7ab7c;job_40e0ec02be2dd4560da8,一级行政执法员（五） | 一级行政执法员（二） | 一级行政执法员（六）,经济学类、金融学类、经济与贸易类、电子商务类 | 经济学类、金融学类、经济与贸易类、电子商务类 | 经济学类、金融学类、经济与贸易类、电子商务类
经济学类、金融学类、经济与贸易类、社会保障类,岗位标签,title_or_tag,10,10,government:10,job_62c8e9e570c61d6a113b;job_7ba89496dfdf2fe3245b;job_4a47a31db5481f90fae9,一级行政执法员（一） | 一级行政执法员（二） | 一级行政执法员（一）,经济学类、金融学类、经济与贸易类、社会保障类 | 经济学类、金融学类、经济与贸易类、社会保障类 | 经济学类、金融学类、经济与贸易类、社会保障类
统计学类、数学类,岗位标签,title_or_tag,10,10,government:10,job_c9d1bcecd208e48a8fca;job_18bbe719ac58e5e7a954;job_a97ca9efb15d1f65a382,小店调查队一级科员（1） | 小店调查队一级科员（2） | 原平调查队一级科员,统计学类、数学类 | 统计学类、数学类 | 统计学类、数学类
统计学类、电子信息类、自动化类、计算机类,岗位标签,title_or_tag,10,10,government:10,job_d0e2b0bd2eed4fd4ad4b;job_d7c3138fd5da0876b331;job_421444a3e4520fcbc44b,一级行政执法员（一） | 一级行政执法员（四） | 一级行政执法员（五）,统计学类、电子信息类、自动化类、计算机类 | 统计学类、电子信息类、自动化类、计算机类 | 统计学类、电子信息类、自动化类、计算机类
计算机科学与技术、软件工程、网络工程、数据科学与大数据技术,岗位标签,title_or_tag,10,10,government:10,job_f0279cbdba2329d07b86;job_f9d92632daa1315f7c71;job_2664ed8fe8d899c3a885,监管部门一级主任科员及以下 | 监管部门一级主任科员及以下 | 监管部门一级主任科员及以下,计算机科学与技术、软件工程、网络工程、数据科学与大数据技术 | 计算机科学与技术、软件工程、网络工程、数据科学与大数据技术 | 计算机科学与技术、软件工程、网络工程、数据科学与大数据技术
计算机类、电子信息类、自动化类、能源动力类,岗位标签,title_or_tag,10,10,government:10,job_417c4b344af62ab3e46f;job_d5f4e2d348ff2ad58893;job_0c120db27d400b801112,一级行政执法员（五） | 一级行政执法员（三） | 一级行政执法员（三）,计算机类、电子信息类、自动化类、能源动力类 | 计算机类、电子信息类、自动化类、能源动力类 | 计算机类、电子信息类、自动化类、能源动力类
财务一级行政执法员,岗位标签,title_or_tag,10,10,government:10,job_c3046a6c0e1b9be28569;job_6285a77a3c7dac82fa66;job_3a4efb14521f4bdd6401,财务一级行政执法员 | 财务一级行政执法员 | 财务一级行政执法员,财务一级行政执法员 | 财务一级行政执法员 | 财务一级行政执法员
财政学类、工商管理类、公共管理类,岗位标签,title_or_tag,10,10,government:10,job_8f105acdb4bac10ec7c0;job_82f7c8944ff3151435f4;job_bad0dc555318b1cacff7,一级行政执法员（一） | 一级行政执法员（二） | 一级行政执法员（一）,财政学类、工商管理类、公共管理类 | 财政学类、工商管理类、公共管理类 | 财政学类、工商管理类、公共管理类
财政学类、金融学类、工商管理类、社会保障类,岗位标签,title_or_tag,10,10,government:10,job_be3bc60c06ae5dd7241e;job_3d7b7ed139f4e5b41b4e;job_8b3193f010a19ef8ee13,一级行政执法员（一） | 一级行政执法员（二） | 一级行政执法员（一）,财政学类、金融学类、工商管理类、社会保障类 | 财政学类、金融学类、工商管理类、社会保障类 | 财政学类、金融学类、工商管理类、社会保障类
软件工程等专业,自动短语,auto_phrase,10,10,government:10,job_aeb9ba74f02d62de49a3;job_afc6a7cf47dcf0871e75;job_c181f4581dc14ad66475,科技部门一级主任科员及以下 | 科技部门一级主任科员及以下 | 科技部门一级主任科员及以下,公务员/事业单位；硕士研究生及以上；与最高学历相对应的学位；计算机类（计算机科学与技术、软件工程等专业）；中央机关及其省级直属机构综合管理类 | 公务员/事业单位；本科及以上；与最高学历相对应的学位；本科：计算机类（不含物联网工程、数字媒体技术、空间信息与数字技术、新媒体技术、电影制作、服务科学与工程、虚拟现实技术、区块链工程、工业软件等专业）；硕士研究生及以上：计算机类（计算机科学与技术、软件工程等专业）；市（地）级及以下直属机构综合管理类 | 公务员/事业单位；本科及以上；与最高学历相对应的学位；本科：计算机类（不含物联网工程、数字媒体技术、空间信息与数字技术、新媒体技术、电影制作、服务科学与工程、虚拟现实技术、区块链工程、工业软件等专业）；硕士研究生及以上：计算机类（计算机科学与技术、软件工程等专业）；市（地）级及以下直属机构综合管理类
马克思主义理论类、中国语言文学类、新闻传播学类、英语相关专业,岗位标签,title_or_tag,10,10,government:10,job_2955bb7fc3816919b974;job_f67f3c0e7d99e6a2c440;job_08031e03d13b975f95d1,一级行政执法员（一） | 一级行政执法员（二） | 一级行政执法员（七）,马克思主义理论类、中国语言文学类、新闻传播学类、英语相关专业 | 马克思主义理论类、中国语言文学类、新闻传播学类、英语相关专业 | 马克思主义理论类、中国语言文学类、新闻传播学类、英语相关专业
0301法学,岗位标签,title_or_tag,9,9,government:9,job_95850b27db37ab4036e1;job_86e447adc803459bdbdf;job_078df7d957a46e15f7fa,政策法规岗位一级主任科员及以下 | 法制总队一级警长及以下 | 法规部门一级主任科员及以下,0301法学 | 0301法学 | 0301法学
一级主办及以下（十七）,岗位标签,title_or_tag,9,9,government:9,job_5e5f8d0a52ea66f59ac8;job_945f21bdf8798cb1cd24;job_8c4d23d8634f2ac58907,一级主办及以下（十七） | 一级主办及以下（十七） | 一级主办及以下（十七）,一级主办及以下（十七） | 一级主办及以下（十七） | 一级主办及以下（十七）
一级主办及以下（十六）,岗位标签,title_or_tag,9,9,government:9,job_30e464fd7eee80e36299;job_71f43ec366250d62ad7e;job_408e4ec2fd2a22629d69,一级主办及以下（十六） | 一级主办及以下（十六） | 一级主办及以下（十六）,一级主办及以下（十六） | 一级主办及以下（十六） | 一级主办及以下（十六）
二处一级警长及以下,岗位标签,title_or_tag,9,9,government:9,job_db8fee6a94a514e20bd8;job_e88e9636c99d1bdd41d7;job_47b9ecb119ebb0a49fa1,二处一级警长及以下 | 二处一级警长及以下 | 二处一级警长及以下,二处一级警长及以下 | 二处一级警长及以下 | 二处一级警长及以下
仅限大专,岗位标签,title_or_tag,9,9,government:9,job_087ae921a7264eefb838;job_ddc0da55acc2e8fe83ed;job_1bd8b183fc5fec8c4cd1,伊犁边境管理支队一级警长及以下（四） | 塔城边境管理支队一级警长及以下（四） | 克州边境管理支队一级警长及以下（三）,仅限大专 | 仅限大专 | 仅限大专
从事海关一线货物查验等监管,自动短语,auto_phrase,9,9,government:9,job_7f652c5ff6ec7483d2f0;job_d9580624b4a9714faff6;job_96213503646d4e5d8731,驻石狮办事处食品监管四级主办及以下 | 监管四级主办及以下 | 食品监管四级主办及以下,职位简介：从事海关一线货物查验等监管工作 | 职位简介：从事海关一线货物查验等监管工作 | 职位简介：从事海关一线货物查验等监管工作
办公综合四级主办及以下,岗位标签,title_or_tag,9,9,government:9,job_9a93121d26193636b70f;job_157cc0a344d33aa620dc;job_9a95e7efa096cd30d8ce,办公综合四级主办及以下 | 办公综合四级主办及以下 | 办公综合四级主办及以下,办公综合四级主办及以下 | 办公综合四级主办及以下 | 办公综合四级主办及以下
动植物检疫一级行政执法员,岗位标签,title_or_tag,9,9,government:9,job_4a0694d3a153a53ff2be;job_a51592ed4440fc43171c;job_2799cc5583357ec42a12,动植物检疫一级行政执法员 | 动植物检疫一级行政执法员 | 动植物检疫一级行政执法员,动植物检疫一级行政执法员 | 动植物检疫一级行政执法员 | 动植物检疫一级行政执法员
化妆品检验监管,自动短语,auto_phrase,9,9,government:9,job_72bae96f5dff00f8523c;job_3b0f3363237f2390cf9e;job_3c659f022bee22ce6444,食品、化妆品检验二级主办及以下（一） | 食品、化妆品检验二级主办及以下（二） | 食品、化妆品检验一级行政执法员,职位简介：从事海关口岸一线食品、化妆品检验监管及货物查验工作 | 职位简介：从事海关口岸一线食品、化妆品检验监管及货物查验工作 | 职位简介：从事海关口岸一线食品、化妆品检验监管及货物查验工作
口岸监管,自动短语,auto_phrase,9,9,government:9,job_6ad011e5d7950bdf8e99;job_f92d383c5ad7c4ea36dc;job_37b94dd3e76a13ae9540,口岸监管一级行政执法员 | 口岸监管（电子信息化类）一级行政执法员 | 口岸监管一级行政执法员,口岸监管一级行政执法员 | 口岸监管（电子信息化类）一级行政执法员 | 口岸监管一级行政执法员
商品检验一级行政执法员,岗位标签,title_or_tag,9,9,government:9,job_401f9e546a0e425c8e3b;job_ea75a0069ddd48724d42;job_5c0b0049bae2da8d0abd,商品检验一级行政执法员 | 商品检验一级行政执法员 | 商品检验一级行政执法员,商品检验一级行政执法员 | 商品检验一级行政执法员 | 商品检验一级行政执法员
大气科学、气象学、应用气象学,岗位标签,title_or_tag,9,9,government:9,job_889c677d61deaae166bf;job_75ccdb41a6665861095e;job_a5d90e03f2d0d8f09b34,防灾减灾科一级主任科员及以下 | 业务科技科一级主任科员及以下 | 防灾减灾科一级主任科员及以下,大气科学、气象学、应用气象学 | 大气科学、气象学、应用气象学 | 大气科学、气象学、应用气象学
工程审计、会计学、财务管理、审计学、财政学、税收学、金融学、精算学,岗位标签,title_or_tag,9,9,government:9,job_0287fcedaefdd02795e8;job_e6a02c72c49ad30e95ab;job_65cd54ec49e1f21c3baf,财务一级行政执法员 | 财务一级行政执法员 | 财务一级行政执法员（一）,工程审计、会计学、财务管理、审计学、财政学、税收学、金融学、精算学 | 工程审计、会计学、财务管理、审计学、财政学、税收学、金融学、精算学 | 工程审计、会计学、财务管理、审计学、财政学、税收学、金融学、精算学
工程管理科一级主任科员及以下,岗位标签,title_or_tag,9,9,government:9,job_ac9e8ba614ff9e176f7f;job_30fb1d874dbe8dd85fd1;job_43a1747bfb2f7a71987f,工程管理科一级主任科员及以下 | 工程管理科一级主任科员及以下 | 工程管理科一级主任科员及以下,工程管理科一级主任科员及以下 | 工程管理科一级主任科员及以下 | 工程管理科一级主任科员及以下
市场营销,产品运营,business,9,9,government:9,job_ee0941206c9044f74718;job_bdb74c2a704905dcdba5;job_9055e76e871823885ee7,财会部门一级主任科员及以下 | 财会部门一级主任科员及以下 | 财会部门一级主任科员及以下,公务员/事业单位；本科及以上；与最高学历相对应的学位；财会类（会计、审计、财务管理、工商管理（不含企业管理、市场营销、国际商务、人力资源管理等专业））；市（地）级及以下直属机构综合管理类 | 公务员/事业单位；本科及以上；与最高学历相对应的学位；财会类（会计、审计、财务管理、工商管理（不含企业管理、市场营销、国际商务、人力资源管理等专业））；市（地）级及以下直属机构综合管理类 | 公务员/事业单位；本科及以上；与最高学历相对应的学位；财会类（会计、审计、财务管理、工商管理（不含企业管理、市场营销、国际商务、人力资源管理等专业））；市（地）级及以下直属机构综合管理类
应急减灾科一级科员及以下,岗位标签,title_or_tag,9,9,government:9,job_adeba2db31d9b0eac2b4;job_5ac371c6a25f5aab5d4b;job_de4239bda436a207002f,应急减灾科一级科员及以下 | 应急减灾科一级科员及以下 | 应急减灾科一级科员及以下,应急减灾科一级科员及以下 | 应急减灾科一级科员及以下 | 应急减灾科一级科员及以下
手语翻译专业,自动短语,auto_phrase,9,9,government:9,job_17ae51b350fdf315f647;job_47bd21c1808f3afbb9e1;job_009bc4ccd17f76e996a4,宁河调查队综合科室一级科员 | 兴安调查队业务科室一级科员（1） | 兴安调查队业务科室一级科员（2）,公务员/事业单位；仅限本科；学士；中国语言文学类（不含中国少数民族语言文学、古典文献学、手语翻译专业）；市（地）级及以下直属机构综合管理类 | 公务员/事业单位；仅限本科；学士；统计学类、数学类、经济学类、中国语言文学类（不含汉语国际教育、中国少数民族语言文学、手语翻译专业）；市（地）级及以下直属机构综合管理类 | 公务员/事业单位；仅限本科；学士；统计学类、数学类、经济学类、中国语言文学类（不含汉语国际教育、中国少数民族语言文学、手语翻译专业）；市（地）级及以下直属机构综合管理类
数学类、地理科学类、统计学类、电子信息类、计算机类、土木类、测绘类、建筑类,岗位标签,title_or_tag,9,9,government:9,job_62f9e92e45ef1300c971;job_862f4b8ea386da0f0f70;job_4b01737d45892be5e6b6,一级行政执法员（四） | 一级行政执法员（五） | 一级行政执法员（六）,数学类、地理科学类、统计学类、电子信息类、计算机类、土木类、测绘类、建筑类 | 数学类、地理科学类、统计学类、电子信息类、计算机类、土木类、测绘类、建筑类 | 数学类、地理科学类、统计学类、电子信息类、计算机类、土木类、测绘类、建筑类
数学类、物理学类、化学类、统计学类,岗位标签,title_or_tag,9,9,government:9,job_2d7f95dbe3427b847d09;job_8ff83dfada58f2c82d83;job_21e5bfce1787ae4c8ca1,一级科员（一） | 一级行政执法员（一） | 一级行政执法员（五）,数学类、物理学类、化学类、统计学类 | 数学类、物理学类、化学类、统计学类 | 数学类、物理学类、化学类、统计学类
数学类、统计学类、电子信息类、计算机类、土木类、测绘类,岗位标签,title_or_tag,9,9,government:9,job_cc36c3498d148b11d637;job_5ad03472b2790c54e327;job_02ded0049c462cd3175d,稽查局一级主任科员及以下（三） | 第一稽查局一级主任科员及以下（三） | 第二稽查局一级主任科员及以下（三）,数学类、统计学类、电子信息类、计算机类、土木类、测绘类 | 数学类、统计学类、电子信息类、计算机类、土木类、测绘类 | 数学类、统计学类、电子信息类、计算机类、土木类、测绘类
数学类、统计学类、计算机类、电子信息类、材料类、安全科学与工程类,岗位标签,title_or_tag,9,9,government:9,job_a300e6933db1fdc9e5c4;job_4e143f7d8af0a9aca6cb;job_f016464021da2834bf29,第二税务分局一级行政执法员（二） | 第一稽查局一级行政执法员（二） | 第二稽查局一级行政执法员（二）,数学类、统计学类、计算机类、电子信息类、材料类、安全科学与工程类 | 数学类、统计学类、计算机类、电子信息类、材料类、安全科学与工程类 | 数学类、统计学类、计算机类、电子信息类、材料类、安全科学与工程类
新闻宣传四级主办及以下,岗位标签,title_or_tag,9,9,government:9,job_45fcecdd6e2b40eca3e4;job_1fa2e0418735b789bb62;job_176c62461e3f6640cfc3,新闻宣传四级主办及以下 | 新闻宣传四级主办及以下 | 新闻宣传四级主办及以下,新闻宣传四级主办及以下 | 新闻宣传四级主办及以下 | 新闻宣传四级主办及以下
机械类、自动化类,岗位标签,title_or_tag,9,9,government:9,job_9888ec7c679969679d08;job_49a51c77404ccb641c30;job_0e2d7cb3e7006348c0ae,一级行政执法员（六） | 一级行政执法员（六） | 一级行政执法员（六）,机械类、自动化类 | 机械类、自动化类 | 机械类、自动化类
检验监管,自动短语,auto_phrase,9,9,government:9,job_ab47fb38040379012615;job_be91c83c02b3845d20b3;job_a955b85e021f5e51ae19,卫生检疫一级行政执法员 | 卫生检疫一级行政执法员 | 卫生检疫一级行政执法员,职位简介：从事海关口岸一线货物查验、检验监管、卫生检疫工作 | 职位简介：从事海关一线货物查验、检验监管、卫生检疫工作 | 职位简介：从事海关口岸一线货物查验、检验监管、卫生检疫工作
植物生产类,岗位标签,title_or_tag,9,9,government:9,job_104d1c5411b6d6d2e1cd;job_1baef93abe5066011b4a;job_0b94a7e8b9361822bb5d,植物检疫二级主办及以下（一） | 植物检疫二级主办及以下（二） | 植物检疫二级主办及以下（一）,植物生产类 | 植物生产类 | 植物生产类
法学类、政治学类、马克思主义理论类、新闻传播学类,岗位标签,title_or_tag,9,9,government:9,job_8120b6375be5ae2fa0fc;job_58a6cbaed45e89a028f5;job_faf4fb89f468e7be0bfc,一级行政执法员（一） | 一级行政执法员（二） | 一级行政执法员（三）,法学类、政治学类、马克思主义理论类、新闻传播学类 | 法学类、政治学类、马克思主义理论类、新闻传播学类 | 法学类、政治学类、马克思主义理论类、新闻传播学类
法学类、教育学类、中国语言文学类,岗位标签,title_or_tag,9,9,government:9,job_a8977dde7dc2d202aabd;job_da776522072f3455d777;job_c3c670fe7cf83dcba5be,组织人事处一级主任科员及以下 | 一级行政执法员（一） | 一级行政执法员（三）,法学类、教育学类、中国语言文学类 | 法学类、教育学类、中国语言文学类 | 法学类、教育学类、中国语言文学类
法学类、英语相关专业,岗位标签,title_or_tag,9,9,government:9,job_b0ef566b44705753bcf2;job_369691fbb31fc46f8db8;job_82cc1fb414216f04d4c0,一级行政执法员（五） | 一级行政执法员（一） | 一级行政执法员（二）,法学类、英语相关专业 | 法学类、英语相关专业 | 法学类、英语相关专业
海关管理、海关检验检疫安全 、海关稽查,岗位标签,title_or_tag,9,9,government:9,job_7efcd889c84a76951f67;job_8e62444455f6b5b588c4;job_df5fd6d6b0df9a1a37b4,海关业务二级主办及以下 | 海关业务二级主办及以下 | 海关业务二级主办及以下,海关管理、海关检验检疫安全 、海关稽查 | 海关管理、海关检验检疫安全 、海关稽查 | 海关管理、海关检验检疫安全 、海关稽查
登轮监管,自动短语,auto_phrase,9,9,government:9,job_62c7b34bfb565bf2698d;job_1720dfff20385071ffde;job_0c8a2bbe853f0c1f64f4,登轮监管一级行政执法员 | 登轮监管一级行政执法员 | 登轮监管二级主办及以下,登轮监管一级行政执法员 | 登轮监管一级行政执法员 | 登轮监管二级主办及以下
监管一级行政执法员（一）,岗位标签,title_or_tag,9,9,government:9,job_bd8f4c898999836b1fa1;job_39bd040983f67f52968f;job_81bbae9dbb23fb1ac1bb,监管一级行政执法员（一） | 监管一级行政执法员（一） | 监管一级行政执法员（一）,监管一级行政执法员（一） | 监管一级行政执法员（一） | 监管一级行政执法员（一）
监管一级行政执法员（二）,岗位标签,title_or_tag,9,9,government:9,job_f3a88cca95be75e8aab0;job_c7782bae61c935b9fc9f;job_cfbfff0c480f85a7841a,监管一级行政执法员（二） | 监管一级行政执法员（二） | 监管一级行政执法员（二）,监管一级行政执法员（二） | 监管一级行政执法员（二） | 监管一级行政执法员（二）
督察室一级主任科员及以下,岗位标签,title_or_tag,9,9,government:9,job_e3d5d0e63f0678144910;job_12de86ca3eaf4ddc5100;job_9ff356dccec2d8574d4c,督察室一级主任科员及以下 | 督察室一级主任科员及以下 | 督察室一级主任科员及以下,督察室一级主任科员及以下 | 督察室一级主任科员及以下 | 督察室一级主任科员及以下
第三税务分局（税收风险管理局）专业技术员,岗位标签,title_or_tag,9,9,government:9,job_f65a52cbb6319158449c;job_12404b037434334a1569;job_e8ec1c8e1f246311a8e6,第三税务分局（税收风险管理局）专业技术员 | 第三税务分局（税收风险管理局）专业技术员 | 第三税务分局（税收风险管理局）专业技术员,第三税务分局（税收风险管理局）专业技术员 | 第三税务分局（税收风险管理局）专业技术员 | 第三税务分局（税收风险管理局）专业技术员
第二税务分局一级行政执法员,岗位标签,title_or_tag,9,9,government:9,job_28b247d12000a17b8831;job_3ada2f92e9201dc85443;job_9a67211bbb73b8fe25b3,第二税务分局一级行政执法员 | 第二税务分局一级行政执法员 | 第二税务分局一级行政执法员,第二税务分局一级行政执法员 | 第二税务分局一级行政执法员 | 第二税务分局一级行政执法员
管理科学与工程类、工商管理类,岗位标签,title_or_tag,9,9,government:9,job_5617f495a61213a36d00;job_18262963e60dbe704f2d;job_35f3da3fc62aebabd1b6,一级行政执法员（一） | 一级行政执法员（二） | 一级行政执法员（三）,管理科学与工程类、工商管理类 | 管理科学与工程类、工商管理类 | 管理科学与工程类、工商管理类
管理科学与工程类、工商管理类、社会保障类、电子商务类,岗位标签,title_or_tag,9,9,government:9,job_1ec0da75ea8f7f8cc48b;job_c4c48c35962ec3cbd40a;job_e4624a28e1303124fb7e,一级行政执法员（三） | 一级行政执法员（三） | 一级行政执法员（四）,管理科学与工程类、工商管理类、社会保障类、电子商务类 | 管理科学与工程类、工商管理类、社会保障类、电子商务类 | 管理科学与工程类、工商管理类、社会保障类、电子商务类
经济学类、社会保障类,岗位标签,title_or_tag,9,9,government:9,job_d50159b55618711ecf2d;job_c3fae71bb81467d6a18f;job_5f4d3103c17b2bb1abb6,一级行政执法员（四） | 一级行政执法员（二） | 一级行政执法员（四）,经济学类、社会保障类 | 经济学类、社会保障类 | 经济学类、社会保障类
经济学类、财会审计类、公共管理类,岗位标签,title_or_tag,9,9,government:9,job_6df65808d67d26adadf5;job_d9dba42213c302094364;job_d599f89c233a4e68b5e1,一级行政执法员（一） | 一级行政执法员（二） | 一级行政执法员（三）,经济学类、财会审计类、公共管理类 | 经济学类、财会审计类、公共管理类 | 经济学类、财会审计类、公共管理类
经济学类、财政学类、工商管理类、公共管理类,岗位标签,title_or_tag,9,9,government:9,job_d79f052386b4ac71530e;job_fe3a6f959e3e74394339;job_d834364bae9600af72f6,一级行政执法员（三） | 一级行政执法员（四） | 一级行政执法员（三）,经济学类、财政学类、工商管理类、公共管理类 | 经济学类、财政学类、工商管理类、公共管理类 | 经济学类、财政学类、工商管理类、公共管理类
经济学类、财政学类、金融学类、管理科学与工程类、财会审计类,岗位标签,title_or_tag,9,9,government:9,job_8e395d3486931adaa273;job_0a9e82adeeeefd1df8d8;job_d01fbe3157638a61f040,一级行政执法员（三） | 一级行政执法员（四） | 一级行政执法员（一）,经济学类、财政学类、金融学类、管理科学与工程类、财会审计类 | 经济学类、财政学类、金融学类、管理科学与工程类、财会审计类 | 经济学类、财政学类、金融学类、管理科学与工程类、财会审计类
经济学类、财政学类、金融学类、经济与贸易类、工商管理类、公共管理类、电子商务类,岗位标签,title_or_tag,9,9,government:9,job_0fa695a06d623db919a2;job_700757d3c4f2dab255d3;job_aa303ccaeecf75ec4463,稽查局一级行政执法员（一） | 稽查局一级行政执法员（二） | 一级行政执法员（三）,经济学类、财政学类、金融学类、经济与贸易类、工商管理类、公共管理类、电子商务类 | 经济学类、财政学类、金融学类、经济与贸易类、工商管理类、公共管理类、电子商务类 | 经济学类、财政学类、金融学类、经济与贸易类、工商管理类、公共管理类、电子商务类
经济学类、财政学类、金融学类、经济与贸易类、管理科学与工程类、工商管理类,岗位标签,title_or_tag,9,9,government:9,job_6e23ffe08fac662268c5;job_601c3beddf9230ddad78;job_dbfa5d717fd7a9bd87a8,一级行政执法员（一） | 一级行政执法员（二） | 一级行政执法员（一）,经济学类、财政学类、金融学类、经济与贸易类、管理科学与工程类、工商管理类 | 经济学类、财政学类、金融学类、经济与贸易类、管理科学与工程类、工商管理类 | 经济学类、财政学类、金融学类、经济与贸易类、管理科学与工程类、工商管理类
经济学类、财政学类、金融学类、经济与贸易类、财会审计类、公共管理类,岗位标签,title_or_tag,9,9,government:9,job_cedf4a270fe0f1789473;job_32668c058229de0004c1;job_dc670ebec9f461ed5ca6,一级行政执法员（一） | 一级行政执法员（二） | 一级行政执法员（一）,经济学类、财政学类、金融学类、经济与贸易类、财会审计类、公共管理类 | 经济学类、财政学类、金融学类、经济与贸易类、财会审计类、公共管理类 | 经济学类、财政学类、金融学类、经济与贸易类、财会审计类、公共管理类
航海技术（081803K）,岗位标签,title_or_tag,9,9,government:9,job_7e78dd655178140463ab;job_03b1e301823c1efb5200;job_a875fb56d4dc9805750f,一级行政执法员（一） | 一级行政执法员（一） | 一级行政执法员（三）,航海技术（081803K） | 航海技术（081803K） | 航海技术（081803K）
计算机类、土木类,岗位标签,title_or_tag,9,9,government:9,job_d51f89e43543e99769d8;job_0d81e4a92901f41c76fd;job_55dc612941b2229adafd,一级行政执法员（六） | 一级行政执法员（五） | 一级行政执法员（七）,计算机类、土木类 | 计算机类、土木类 | 计算机类、土木类
货物监管,自动短语,auto_phrase,9,9,government:9,job_734a69b9e98e472ed12e;job_3e768fc792d66ab264a7;job_9c38fd591a268679008b,货物监管（机械自动化类）一级行政执法员 | 货物监管（机械自动化类）一级行政执法员 | 货物监管四级主办及以下,货物监管（机械自动化类）一级行政执法员 | 货物监管（机械自动化类）一级行政执法员 | 货物监管四级主办及以下
贵阳铁路公安处基层所队民警,岗位标签,title_or_tag,9,9,government:9,job_bd25d38db7ebffa78da7;job_ca1ca0e987189ad781ca;job_948432cbd80ba57be506,贵阳铁路公安处基层所队民警 | 贵阳铁路公安处基层所队民警 | 贵阳铁路公安处基层所队民警,贵阳铁路公安处基层所队民警 | 贵阳铁路公安处基层所队民警 | 贵阳铁路公安处基层所队民警
轮机工程（081804K）,岗位标签,title_or_tag,9,9,government:9,job_0e0c7ce558e536ad1562;job_a6dfcaa3c52f984ff142;job_6755308a088333d81ceb,一级行政执法员（三） | 一级行政执法员（二） | 一级行政执法员（四）,轮机工程（081804K） | 轮机工程（081804K） | 轮机工程（081804K）
运营,产品运营,business,9,9,government:9,job_f42f052bde42ffa6efa2;job_fddda7b658adab6a078d;job_a0a565adfc8e2f121d15,建设与运行处一级主任科员及以下 | 边检站一级警长及以下（十） | 边检站一级警长及以下（十五）,职位简介：从事核电建设与运营管理等工作 | 职位简介：属于公安机关人民警察，主要从事出入境边防检查、新媒体运营、融媒体平台搭建维护、系统开发运维、大数据分析核查等工作 | 职位简介：属于公安机关人民警察，主要从事出入境边防检查、公文写作、涉外交流、新闻宣传、新媒体运营、融媒体平台搭建维护、警营文化建设、政策研究、警务保障等工作
金融学类、经济与贸易类、社会保障类,岗位标签,title_or_tag,9,9,government:9,job_b1721007eaac89186bb3;job_59a53c10f2bb6d3b1486;job_4c82dfebe3f51fe47e80,一级行政执法员（三） | 一级行政执法员（四） | 一级行政执法员（三）,金融学类、经济与贸易类、社会保障类 | 金融学类、经济与贸易类、社会保障类 | 金融学类、经济与贸易类、社会保障类
0808自动化,自动短语,auto_phrase,8,8,government:8,job_42e734571300b0c1da8f;job_7189ce43b096c841f4e7;job_8cb21c63623923f51cd9,信息管理岗位一级主任科员及以下 | 国内协调处一级主任科员及以下（一） | 综合处（体育卫生处）一级主任科员及以下,公务员/事业单位；本科或硕士研究生；与最高学历相对应的学位；本科：0807电子信息类、0808自动化类、0809计算机类；研究生：0810信息与通信工程、 0811控制科学与工程、 0812计算机科学与技术、0854电子信息；中央机关及其省级直属机构综合管理类 | 公务员/事业单位；本科及以上；与最高学历相对应的学位；本科：0807电子信息类、0808自动化类、0809计算机类 研究生：0811控制科学与工程、0812计算机科学与技术、0835软件工程、0839网络空间安全、0854电子信息、1405智能科学与技术；中央机关及其省级直属机构综合管理类 | 公务员/事业单位；本科或硕士研究生；与最高学历相对应的学位；本科：0808自动化类、0809计算机类，行政管理专业、法学专业。硕士研究生：0301法学类、0812计算机科学与技术类，行政管理专业。；中央机关及其省级直属机构综合管理类
一级行政执法员(五),岗位标签,title_or_tag,8,8,government:8,job_e695b34bb3661da599b2;job_48a179c1fdb77f05fbb1;job_a60c86b2dfb1efab849d,一级行政执法员(五) | 一级行政执法员(五) | 一级行政执法员(五),一级行政执法员(五) | 一级行政执法员(五) | 一级行政执法员(五)
从事海关卫生检疫监管,自动短语,auto_phrase,8,8,government:8,job_3d9f6a5b1cceb569b06e;job_3181ef07d64a2e498fd2;job_6234a6e1d9a44779e2fe,卫生检疫一级行政执法员（一） | 卫生检疫一级行政执法员（二） | 卫生检疫一级行政执法员,职位简介：从事海关卫生检疫监管工作 | 职位简介：从事海关卫生检疫监管工作 | 职位简介：从事海关卫生检疫监管工作
从事海关植物检疫监管,自动短语,auto_phrase,8,8,government:8,job_930ba5be1a09703ac054;job_7b2c2f5e250a77a110e6;job_a3d6c4dd5e65e5097c0c,植物检疫一级行政执法员 | 动植物检疫处植物检疫四级主管及以下 | 植物检疫四级主办及以下,职位简介：从事海关植物检疫监管工作 | 职位简介：从事海关植物检疫监管工作 | 职位简介：从事海关植物检疫监管工作
从事能源监管,自动短语,auto_phrase,8,8,government:8,job_45d6416f315293099120;job_729e9d9b6313038b17da;job_25b9f5e1c7671f742088,江西业务办公室一级主任科员及以下 | 西藏业务办公室一级主任科员及以下 | 稽查处一级主任科员及以下,职位简介：从事能源监管等相关工作 | 职位简介：从事能源监管等相关工作 | 职位简介：从事能源监管等相关工作
会计学、财务管理,岗位标签,title_or_tag,8,8,government:8,job_b307de8edb7125c83b7e;job_92dccedecf60c2911de3;job_e9a4bd6d30bfaa1f79b3,财务 | 一级行政执法员（七） | 一级行政执法员（四）,会计学、财务管理 | 会计学、财务管理 | 会计学、财务管理
公共卫生与预防医学类,岗位标签,title_or_tag,8,8,government:8,job_39eac50f79a1eefe4f77;job_7837fb9c52e683b29f2f;job_73cafbe62f122f1298df,卫生检疫二级主办及以下（一） | 卫生检疫二级主办及以下（二） | 卫生检疫二级主办及以下（一）,公共卫生与预防医学类 | 公共卫生与预防医学类 | 公共卫生与预防医学类
公安学类（0306）、公安技术类（0831）,岗位标签,title_or_tag,8,8,government:8,job_9018805da54e94e46dfc;job_58f403f3a4f16db16cb5;job_95145fa94991d53683c5,综合业务部门一级主任科员及以下 | 综合业务部门一级主任科员及以下 | 综合业务部门一级主任科员及以下,公安学类（0306）、公安技术类（0831） | 公安学类（0306）、公安技术类（0831） | 公安学类（0306）、公安技术类（0831）
农林经济管理等专业,项目管理,auto_phrase,8,8,government:8,job_28d51080f6d866665814;job_49c31446b001199b930a;job_c5440055d0a64fcdd3db,财会部门一级主任科员及以下 | 财会部门一级主任科员及以下 | 财会部门一级主任科员及以下,公务员/事业单位；硕士研究生及以上；与最高学历相对应的学位；财会类专业（会计、审计、财务管理、工商管理、农林经济管理等专业）；中央机关及其省级直属机构综合管理类 | 公务员/事业单位；仅限本科；与最高学历相对应的学位；财会类专业（会计、审计、财务管理、工商管理、农林经济管理等专业）；市（地）级及以下直属机构综合管理类 | 公务员/事业单位；仅限本科；与最高学历相对应的学位；财会类专业（会计、审计、财务管理、工商管理、农林经济管理等专业）；市（地）级及以下直属机构综合管理类
办公室四级主任科员及以下,岗位标签,title_or_tag,8,8,government:8,job_4300216501a6176e01cb;job_3a2356dcf7b4afb658ec;job_b6313f4a7e79a16a598d,办公室四级主任科员及以下 | 办公室四级主任科员及以下 | 办公室四级主任科员及以下,办公室四级主任科员及以下 | 办公室四级主任科员及以下 | 办公室四级主任科员及以下
办公综合一级行政执法员,岗位标签,title_or_tag,8,8,government:8,job_d0a1fe2beb2409762df7;job_d206609a6096da1d2f40;job_700ad3027ba9a0ba8cc5,办公综合一级行政执法员 | 办公综合一级行政执法员 | 办公综合一级行政执法员,办公综合一级行政执法员 | 办公综合一级行政执法员 | 办公综合一级行政执法员
动物医学类、水产类、动物科学,岗位标签,title_or_tag,8,8,government:8,job_c55a9382333053e15dc7;job_076a83e684719510316e;job_2278b70fdb1a94561252,动物检疫二级主办及以下（一） | 动物检疫二级主办及以下（二） | 动物检疫二级主办及以下（一）,动物医学类、水产类、动物科学 | 动物医学类、水产类、动物科学 | 动物医学类、水产类、动物科学
化学类,岗位标签,title_or_tag,8,8,government:8,job_672a0f21118c3ca242de;job_463602d185fdea999cfc;job_5c0b0049bae2da8d0abd,商品检验一级行政执法员（一） | 商品检验一级行政执法员（二） | 商品检验一级行政执法员,化学类 | 化学类 | 化学类
化工产品检验监管,产品运营,auto_phrase,8,8,government:8,job_a469b5e482c7ac26c13e;job_0d969dc0542f7b8a5efe;job_e3b97a5676fcf280d238,化工产品检验监管一级行政执法员 | 化工产品检验监管一级行政执法员 | 化工产品检验监管一级行政执法员,化工产品检验监管一级行政执法员 | 化工产品检验监管一级行政执法员 | 化工产品检验监管一级行政执法员
化工监管一级行政执法员,岗位标签,title_or_tag,8,8,government:8,job_1d99ec8a01822fff7d5f;job_c288f38b6e80797ac56b;job_a4159196f321b8c01f1c,化工监管一级行政执法员 | 化工监管一级行政执法员 | 化工监管一级行政执法员,化工监管一级行政执法员 | 化工监管一级行政执法员 | 化工监管一级行政执法员
大专或本科,岗位标签,title_or_tag,8,8,government:8,job_38d8a337bd43de410658;job_919181da235fb327f056;job_e2182474d1a13c1e48e2,策克出入境边防检查站一级警长及以下（三） | 策克出入境边防检查站一级警长及以下（六） | 呼伦贝尔边境管理支队一级警长及以下（八）,大专或本科 | 大专或本科 | 大专或本科
密码科学与技术专业,自动短语,auto_phrase,8,8,government:8,job_fca8dab607853d0b8219;job_75375ba7bf4aa4e53285;job_6e879d9baed4e11b6acd,乌海调查队业务科室一级科员（3） | 库伦调查队一级科员 | 宁夏调查总队业务处室一级科员,公务员/事业单位；仅限本科；学士；统计学类、数学类、计算机类（不含电影制作、保密技术、虚拟现实技术、密码科学与技术专业）、经济学类、中国语言文学类（不含汉语国际教育、中国少数民族语言文学、手语翻译专业）；市（地）级及以下直属机构综合管理类 | 公务员/事业单位；仅限本科；学士；统计学类、数学类、计算机类（不含电影制作、保密技术、虚拟现实技术、密码科学与技术专业）、经济学类、中国语言文学类（不含汉语国际教育、中国少数民族语言文学、手语翻译专业）；市（地）级及以下直属机构综合管理类 | 公务员/事业单位；仅限本科；学士；经济学类、数学类、统计学类、计算机类（不含物联网工程、数字媒体技术、智能科学与技术、空间信息与数字技术、电影制作、服务科学与工程、虚拟现实技术、区块链工程、密码科学与技术专业）；中央机关及其省级直属机构综合管理类
工商管理类、公共管理类、物流管理与工程类,岗位标签,title_or_tag,8,8,government:8,job_6487c19d6a56dee02f10;job_45df94fcc970d1bd39a8;job_93991ceff51f2a4b04b8,一级行政执法员（七） | 一级行政执法员（八） | 一级行政执法员（三）,工商管理类、公共管理类、物流管理与工程类 | 工商管理类、公共管理类、物流管理与工程类 | 工商管理类、公共管理类、物流管理与工程类
数学类、电子信息类、自动化类、计算机类,岗位标签,title_or_tag,8,8,government:8,job_55781a2137e9c710b60f;job_95719f34a42931705253;job_03670aafc9a9d14e5fd9,一级行政执法员（四） | 一级行政执法员（一） | 一级行政执法员（三）,数学类、电子信息类、自动化类、计算机类 | 数学类、电子信息类、自动化类、计算机类 | 数学类、电子信息类、自动化类、计算机类
数学类、统计学类、机械类,岗位标签,title_or_tag,8,8,government:8,job_f0ce028d2c1b9e9a6155;job_cb9bbe8fe6ff59a851e0;job_69d87428db49d773e4b6,一级行政执法员（一） | 一级行政执法员（二） | 一级行政执法员（三）,数学类、统计学类、机械类 | 数学类、统计学类、机械类 | 数学类、统计学类、机械类
数学类、统计学类、电子信息类、自动化类,岗位标签,title_or_tag,8,8,government:8,job_4c9a7e0987845358c588;job_58d1bf0728f2ca8fc320;job_20063b9ce29fbadc02f3,一级行政执法员（五） | 一级行政执法员（三） | 一级行政执法员（三）,数学类、统计学类、电子信息类、自动化类 | 数学类、统计学类、电子信息类、自动化类 | 数学类、统计学类、电子信息类、自动化类
本科：法学类（0301）；研究生：法学,岗位标签,title_or_tag,8,8,government:8,job_e610c6ba37dfaac2cd46;job_2609b338ece0c05e4b4a;job_41a65b99e616c6247dd8,法制管理四级主办及以下（一） | 法制管理四级主办及以下（二） | 法制管理四级主办及以下（三）,本科：法学类（0301）；研究生：法学 | 本科：法学类（0301）；研究生：法学 | 本科：法学类（0301）；研究生：法学
机械类、电气类、自动化类,岗位标签,title_or_tag,8,8,government:8,job_e67b9bf02bcc166920a7;job_2af12e7dea86baef3dee;job_42c67a40dc10ec13bb2c,一级行政执法员（三） | 一级行政执法员（四） | 一级行政执法员（四）,机械类、电气类、自动化类 | 机械类、电气类、自动化类 | 机械类、电气类、自动化类
柳州铁路公安处基层所队民警,岗位标签,title_or_tag,8,8,government:8,job_bff82d38ab1de07781fd;job_8ba53b4553f31caed3b2;job_629c6d9de8b1a8a00ce2,柳州铁路公安处基层所队民警 | 柳州铁路公安处基层所队民警 | 柳州铁路公安处基层所队民警,柳州铁路公安处基层所队民警 | 柳州铁路公安处基层所队民警 | 柳州铁路公安处基层所队民警
核与辐射安全监督岗位一级主任科员及以下,岗位标签,title_or_tag,8,8,government:8,job_f7045303a55416c074b2;job_552b9a5df2c4dae3b43b;job_10ed3e98562554db55c4,核与辐射安全监督岗位一级主任科员及以下 | 核与辐射安全监督岗位一级主任科员及以下 | 核与辐射安全监督岗位一级主任科员及以下,核与辐射安全监督岗位一级主任科员及以下 | 核与辐射安全监督岗位一级主任科员及以下 | 核与辐射安全监督岗位一级主任科员及以下
植物保护、动植物检疫、森林保护、农学、植物科学与技术,岗位标签,title_or_tag,8,8,government:8,job_6e5765424f6e1c0422f2;job_0ae2f09dd87ea8be20a1;job_7f1c70998907b71ad592,植物检疫一级行政执法员 | 植物检疫一级行政执法员（一） | 植物检疫一级行政执法员（二）,植物保护、动植物检疫、森林保护、农学、植物科学与技术 | 植物保护、动植物检疫、森林保护、农学、植物科学与技术 | 植物保护、动植物检疫、森林保护、农学、植物科学与技术
水利工程（0815，085902）,岗位标签,title_or_tag,8,8,government:8,job_a4e907a359cc2fca2e37;job_da0168120a121c0d6a4e;job_c0548b162be9a0d50379,河湖管理处一级主任科员及以下 | 水旱灾害防御处一级主任科员及以下 | 机关党委一级主任科员及以下,水利工程（0815，085902） | 水利工程（0815，085902） | 水利工程（0815，085902）
水政水资源科一级主任科员及以下,岗位标签,title_or_tag,8,8,government:8,job_1ff6982e13797cb71d33;job_aa04c6cdf5294f847407;job_dc9181a197c803fa5588,水政水资源科一级主任科员及以下 | 水政水资源科一级主任科员及以下 | 水政水资源科一级主任科员及以下,水政水资源科一级主任科员及以下 | 水政水资源科一级主任科员及以下 | 水政水资源科一级主任科员及以下
法制管理四级主办及以下,岗位标签,title_or_tag,8,8,government:8,job_62af5cba74c42b6172e5;job_25114102c7bcf0d195ca;job_e98d3d29bf0ba2ef061e,法制管理四级主办及以下 | 法制管理四级主办及以下 | 法制管理四级主办及以下,法制管理四级主办及以下 | 法制管理四级主办及以下 | 法制管理四级主办及以下
法学类、公安学类、中国语言文学类、新闻传播学类,岗位标签,title_or_tag,8,8,government:8,job_26435eb76467576366d2;job_69fda4d54306c5c42fd4;job_c4b6f792d04062088462,一级行政执法员（五） | 一级行政执法员（三） | 一级行政执法员（四）,法学类、公安学类、中国语言文学类、新闻传播学类 | 法学类、公安学类、中国语言文学类、新闻传播学类 | 法学类、公安学类、中国语言文学类、新闻传播学类
法学类、社会学类、中国语言文学类、新闻传播学类,岗位标签,title_or_tag,8,8,government:8,job_a2d72c2aa38e8e3ff8da;job_457bc65f835984ffd5c5;job_409c842e6888fc1afc41,一级行政执法员（三） | 一级行政执法员（四） | 一级行政执法员（三）,法学类、社会学类、中国语言文学类、新闻传播学类 | 法学类、社会学类、中国语言文学类、新闻传播学类 | 法学类、社会学类、中国语言文学类、新闻传播学类
法律管理四级主办及以下（一）,岗位标签,title_or_tag,8,8,government:8,job_f9065c13a22531a5765f;job_5b8fca6c2d56fb39077f;job_8880a45d6f41856ebfc3,法律管理四级主办及以下（一） | 法律管理四级主办及以下（一） | 法律管理四级主办及以下（一）,法律管理四级主办及以下（一） | 法律管理四级主办及以下（一） | 法律管理四级主办及以下（一）
法律管理四级主办及以下（二）,岗位标签,title_or_tag,8,8,government:8,job_4f92c0003993dc880e16;job_ccb6d94cd84b816d0090;job_8672ae47d7f2fe2a5300,法律管理四级主办及以下（二） | 法律管理四级主办及以下（二） | 法律管理四级主办及以下（二）,法律管理四级主办及以下（二） | 法律管理四级主办及以下（二） | 法律管理四级主办及以下（二）
法规管理一级行政执法员（一）,岗位标签,title_or_tag,8,8,government:8,job_792a931e5d6f473a8918;job_c2ffb59ce9f7e72f0d95;job_18d4f743fde66765e5f8,法规管理一级行政执法员（一） | 法规管理一级行政执法员（一） | 法规管理一级行政执法员（一）,法规管理一级行政执法员（一） | 法规管理一级行政执法员（一） | 法规管理一级行政执法员（一）
法规管理一级行政执法员（二）,岗位标签,title_or_tag,8,8,government:8,job_434c60567eb91572f37b;job_31e010d166dc9be26fee;job_d9221ca310aae0eb2f49,法规管理一级行政执法员（二） | 法规管理一级行政执法员（二） | 法规管理一级行政执法员（二）,法规管理一级行政执法员（二） | 法规管理一级行政执法员（二） | 法规管理一级行政执法员（二）
济南铁路公安处基层所队民警,岗位标签,title_or_tag,8,8,government:8,job_90492187f32aefe596fc;job_19acc1cedef764b4fd23;job_d2e0a4f281c4635669b3,济南铁路公安处基层所队民警 | 济南铁路公安处基层所队民警 | 济南铁路公安处基层所队民警,济南铁路公安处基层所队民警 | 济南铁路公安处基层所队民警 | 济南铁路公安处基层所队民警
监察执法处一级主任科员及以下,岗位标签,title_or_tag,8,8,government:8,job_f8f65b4f62bc65b50d76;job_9bfcb34e4af5c60cc17b;job_db01f59df6d63fff91de,监察执法处一级主任科员及以下 | 监察执法处一级主任科员及以下 | 监察执法处一级主任科员及以下,监察执法处一级主任科员及以下 | 监察执法处一级主任科员及以下 | 监察执法处一级主任科员及以下
监察执法处三级主任科员及以下,岗位标签,title_or_tag,8,8,government:8,job_0ccdb304bcb117d228aa;job_3977b118bad9ec330c58;job_77f2198b1492f014bafb,监察执法处三级主任科员及以下 | 监察执法处三级主任科员及以下 | 监察执法处三级主任科员及以下,监察执法处三级主任科员及以下 | 监察执法处三级主任科员及以下 | 监察执法处三级主任科员及以下
税收大数据和风险管理,数据工程,auto_phrase,8,8,government:8,job_af7166719de6d065382d;job_6c0ef0a42891c7178a39;job_53fd03b3de81c2cad961,第二税务分局（税收大数据和风险管理局）一级主管及以下（一） | 第二税务分局（税收大数据和风险管理局）一级主管及以下（二） | 第二税务分局（税收大数据和风险管理局）一级主管及以下（三）,第二税务分局（税收大数据和风险管理局）一级主管及以下（一） | 第二税务分局（税收大数据和风险管理局）一级主管及以下（二） | 第二税务分局（税收大数据和风险管理局）一级主管及以下（三）
稽查局一级行政执法员（四）,岗位标签,title_or_tag,8,8,government:8,job_4bef0ab249968167eae2;job_0914da8fc93d51483fc8;job_3b826ef8f09434b71936,稽查局一级行政执法员（四） | 稽查局一级行政执法员（四） | 稽查局一级行政执法员（四）,稽查局一级行政执法员（四） | 稽查局一级行政执法员（四） | 稽查局一级行政执法员（四）
第一税务分局（重点税源企业税收服务和管理局）一级行政执法员,岗位标签,title_or_tag,8,8,government:8,job_8f1b9a0b78e380f0fa8f;job_c59cba1ff2e94d301d79;job_f995815d7b5b011d331a,第一税务分局（重点税源企业税收服务和管理局）一级行政执法员 | 第一税务分局（重点税源企业税收服务和管理局）一级行政执法员 | 第一税务分局（重点税源企业税收服务和管理局）一级行政执法员,第一税务分局（重点税源企业税收服务和管理局）一级行政执法员 | 第一税务分局（重点税源企业税收服务和管理局）一级行政执法员 | 第一税务分局（重点税源企业税收服务和管理局）一级行政执法员
经济与贸易类、财会审计类、社会保障类,岗位标签,title_or_tag,8,8,government:8,job_dc1bc07d0eea404d42a2;job_aaa54d57879096719e79;job_840a6888df02cf5046cc,一级行政执法员（三） | 一级行政执法员（四） | 一级行政执法员,经济与贸易类、财会审计类、社会保障类 | 经济与贸易类、财会审计类、社会保障类 | 经济与贸易类、财会审计类、社会保障类
经济学类、公共管理类,岗位标签,title_or_tag,8,8,government:8,job_9b3814a9f7ae1dea0d1d;job_b07a2e9b39b24f833314;job_0686c2a71e0d8804f14c,一级行政执法员（三） | 一级行政执法员（二） | 一级行政执法员（六）,经济学类、公共管理类 | 经济学类、公共管理类 | 经济学类、公共管理类
经济学类、经济与贸易类、工商管理类,岗位标签,title_or_tag,8,8,government:8,job_ef873ab3506144d3be92;job_b4fc3941791580d6d291;job_f383ef03d85b69b3443a,一级行政执法员（六） | 一级行政执法员（五） | 一级行政执法员（四）,经济学类、经济与贸易类、工商管理类 | 经济学类、经济与贸易类、工商管理类 | 经济学类、经济与贸易类、工商管理类
经济学类、财政学类、财会审计类、电子商务类,岗位标签,title_or_tag,8,8,government:8,job_49aff5a4c90fd91aa932;job_56e431e7e3ba3747fa0b;job_b8415c2c24fe8e280c59,一级行政执法员（一） | 一级行政执法员（二） | 一级行政执法员（一）,经济学类、财政学类、财会审计类、电子商务类 | 经济学类、财政学类、财会审计类、电子商务类 | 经济学类、财政学类、财会审计类、电子商务类
经济学类、财政学类、金融学类、社会保障类,岗位标签,title_or_tag,8,8,government:8,job_86d49911e05155daf7c1;job_f219873cc74c6c976c4b;job_57fde94ac3fb020b922a,一级行政执法员 | 一级行政执法员（一） | 一级行政执法员（二）,经济学类、财政学类、金融学类、社会保障类 | 经济学类、财政学类、金融学类、社会保障类 | 经济学类、财政学类、金融学类、社会保障类
经济学类、财政学类、金融学类、财会审计类、电子商务类,岗位标签,title_or_tag,8,8,government:8,job_7ad074d838e9020acfb7;job_4d64b24eaad2ebbeb844;job_1d1dbe5b62de5292f3eb,一级行政执法员（一） | 一级行政执法员（二） | 一级行政执法员（九）,经济学类、财政学类、金融学类、财会审计类、电子商务类 | 经济学类、财政学类、金融学类、财会审计类、电子商务类 | 经济学类、财政学类、金融学类、财会审计类、电子商务类
统计学类,岗位标签,title_or_tag,8,8,government:8,job_54ef7408beacf01f6b96;job_3f4cda4a7bde7134cba0;job_8c33b34d8f540aef1218,统计信息部门一级主任科员及以下 | 监管部门一级主任科员及以下 | 统计信息部门一级主任科员及以下,统计学类 | 统计学类 | 统计学类
统计学类、机械类、计算机类,岗位标签,title_or_tag,8,8,government:8,job_96d9dc6e24875f62298d;job_b3a016e363875a53bb91;job_487935abbf0b3315182e,一级行政执法员（五） | 一级行政执法员（六） | 一级行政执法员（四）,统计学类、机械类、计算机类 | 统计学类、机械类、计算机类 | 统计学类、机械类、计算机类
综合管理办公室一级科员及以下,岗位标签,title_or_tag,8,8,government:8,job_56881a6d0b927f0bb053;job_8befe94eb1fee5ccae15;job_02725970dce9a523f4b5,综合管理办公室一级科员及以下 | 综合管理办公室一级科员及以下 | 综合管理办公室一级科员及以下,综合管理办公室一级科员及以下 | 综合管理办公室一级科员及以下 | 综合管理办公室一级科员及以下
计算机类、能源动力类、数学类、统计学类,岗位标签,title_or_tag,8,8,government:8,job_39d1e6442da64832612f;job_6cd4b881c38137086cf3;job_42aef59ff90769fce848,一级行政执法员（二） | 一级行政执法员（三） | 一级行政执法员（三）,计算机类、能源动力类、数学类、统计学类 | 计算机类、能源动力类、数学类、统计学类 | 计算机类、能源动力类、数学类、统计学类
财会类专业,自动短语,auto_phrase,8,8,government:8,job_28d51080f6d866665814;job_49c31446b001199b930a;job_c5440055d0a64fcdd3db,财会部门一级主任科员及以下 | 财会部门一级主任科员及以下 | 财会部门一级主任科员及以下,公务员/事业单位；硕士研究生及以上；与最高学历相对应的学位；财会类专业（会计、审计、财务管理、工商管理、农林经济管理等专业）；中央机关及其省级直属机构综合管理类 | 公务员/事业单位；仅限本科；与最高学历相对应的学位；财会类专业（会计、审计、财务管理、工商管理、农林经济管理等专业）；市（地）级及以下直属机构综合管理类 | 公务员/事业单位；仅限本科；与最高学历相对应的学位；财会类专业（会计、审计、财务管理、工商管理、农林经济管理等专业）；市（地）级及以下直属机构综合管理类
财会类专业（会计、审计、财务管理、工商管理、农林经济管理等专业）,岗位标签,title_or_tag,8,8,government:8,job_28d51080f6d866665814;job_49c31446b001199b930a;job_c5440055d0a64fcdd3db,财会部门一级主任科员及以下 | 财会部门一级主任科员及以下 | 财会部门一级主任科员及以下,财会类专业（会计、审计、财务管理、工商管理、农林经济管理等专业） | 财会类专业（会计、审计、财务管理、工商管理、农林经济管理等专业） | 财会类专业（会计、审计、财务管理、工商管理、农林经济管理等专业）
食品科学与工程、食品质量与安全、食品安全与检测,岗位标签,title_or_tag,8,8,government:8,job_0a05d65b39891d96bdab;job_6939b6fa55ecfb21b027;job_1616997d39e4c2a939ba,食品安全监管一级行政执法员 | 食品安全监管一级行政执法员 | 食品安全监管一级行政执法员,食品科学与工程、食品质量与安全、食品安全与检测 | 食品科学与工程、食品质量与安全、食品安全与检测 | 食品科学与工程、食品质量与安全、食品安全与检测
120218T内部审计,自动短语,auto_phrase,7,7,government:7,job_4994b51cb90073e79d9e;job_e10a6710a67942bf0e98;job_8d82b4af73bb11412f4e,财会部门一级主任科员及以下 | 财会部门一级主任科员及以下 | 满洲里出入境边防检查站一级警长及以下（七）,公务员/事业单位；本科及以上；与最高学历相对应的学位；大学本科：120203K会计学、120204财务管理、120207审计学、120218T内部审计；研究生：1253会计、1257审计；市（地）级及以下直属机构综合管理类 | 公务员/事业单位；仅限本科；学士；120203K会计学、120204财务管理、120207审计学、120218T内部审计；市（地）级及以下直属机构综合管理类 | 公务员/事业单位；本科及以上；与最高学历相对应的学位；研究生：020203财政学、020204/0251金融学、0257审计、120201/1253会计学。本科：0201经济学类、0202财政学类、0203金融学类、120203K会计学、120207审计学、120218T内部审计。；行政执法类
从事海关稽查审计,自动短语,auto_phrase,7,7,government:7,job_f19e30ba4fb6efdabd44;job_df9bcdb72941c1e08a45;job_271d4775440e261b8aff,稽查审计四级主办及以下（一） | 稽查审计四级主办及以下（二） | 稽查审计一级行政执法员（一）,职位简介：从事海关稽查审计工作 | 职位简介：从事海关稽查审计工作 | 职位简介：从事海关稽查审计工作
以本科专业报考：金融学类；以研究生专业报考：金融、保险,岗位标签,title_or_tag,7,7,government:7,job_9caf567af300b83f4445;job_a22f0e2a53ebe0119b31;job_29eadd26baba287d7ffa,监管部门一级主任科员及以下 | 监管部门一级主任科员及以下 | 监管部门一级主任科员及以下,以本科专业报考：金融学类；以研究生专业报考：金融、保险 | 以本科专业报考：金融学类；以研究生专业报考：金融、保险 | 以本科专业报考：金融学类；以研究生专业报考：金融、保险
会计学、财务管理、审计学、财政学、金融学、税收学、会计、审计、金融,岗位标签,title_or_tag,7,7,government:7,job_b5a5f2ebe8b9129be539;job_7b4244cfbdb2bbe15982;job_1dd95f712d5e60099d8f,财务四级主办及以下 | 财务四级主办及以下（一） | 财务四级主办及以下（二）,会计学、财务管理、审计学、财政学、金融学、税收学、会计、审计、金融 | 会计学、财务管理、审计学、财政学、金融学、税收学、会计、审计、金融 | 会计学、财务管理、审计学、财政学、金融学、税收学、会计、审计、金融
会计学类,岗位标签,title_or_tag,7,7,government:7,job_8846dd6159efdd66477a;job_0edadae9bdf3efb970cc;job_6124fccb9906bb413500,辖区会计类监管岗位一级主任科员及以下 | 辖区会计类监管岗位一级主任科员及以下 | 辖区会计类监管岗位一级主任科员及以下,会计学类 | 会计学类 | 会计学类
侦查学、经济犯罪侦查、公安情报学、技术侦查学,岗位标签,title_or_tag,7,7,government:7,job_27a7fe6684f4e520df2c;job_bd8f4c898999836b1fa1;job_39bd040983f67f52968f,稽核查一级行政执法员 | 监管一级行政执法员（一） | 监管一级行政执法员（一）,侦查学、经济犯罪侦查、公安情报学、技术侦查学 | 侦查学、经济犯罪侦查、公安情报学、技术侦查学 | 侦查学、经济犯罪侦查、公安情报学、技术侦查学
俄语,岗位标签,title_or_tag,7,7,government:7,job_61896117cbe6ef1a5bd8;job_1b3ed45728b2c49fd2ad;job_82e50739f94b250774b0,俄语 | 俄语 | 六处一级警长及以下,俄语 | 俄语 | 俄语
公共管理学（1204）,岗位标签,title_or_tag,7,7,government:7,job_9c136fb3267feeb0cbef;job_e69a0e86acdd46076b7f;job_52cce30f84a2107c83fd,综合业务部门一级主任科员及以下 | 综合业务部门一级主任科员及以下 | 综合业务部门一级主任科员及以下,公共管理学（1204） | 公共管理学（1204） | 公共管理学（1204）
化工产品检验监管及一线监管,产品运营,auto_phrase,7,7,government:7,job_73e756761bf5cae40602;job_348f75fd37084ee196d8;job_17ba51101c42c9ea98bc,查验二级主办及以下 | 查验二级主办及以下 | 查验二级主办及以下（一）,职位简介：从事海关货物查验、化工产品检验监管及一线监管工作 | 职位简介：从事海关货物查验、化工产品检验监管及一线监管工作 | 职位简介：从事海关货物查验、化工产品检验监管及一线监管工作
卫生检疫监管,自动短语,auto_phrase,7,7,government:7,job_a57eb7df3425a448b805;job_8acd872dd1639e8de8d2;job_b7a186e9fbf4d1217952,卫生检疫一级行政执法员 | 卫生检疫一级行政执法员（一） | 卫生检疫一级行政执法员（二）,职位简介：从事海关口岸一线货物查验、卫生检疫监管工作 | 职位简介：从事海关口岸一线货物查验、卫生检疫监管工作 | 职位简介：从事海关口岸一线货物查验、卫生检疫监管工作
危化监管,自动短语,auto_phrase,7,7,government:7,job_bb9c36526df1a5ba0eee;job_f011c47fa692fcad3fa9;job_2fd95408cffa99f33c50,危化监管四级主办及以下 | 危化监管四级主办及以下 | 危化监管四级主办及以下,危化监管四级主办及以下 | 危化监管四级主办及以下 | 危化监管四级主办及以下
大学本科：会计学、财务管理、审计学；研究生：会计、审计,岗位标签,title_or_tag,7,7,government:7,job_7b8f0948c1154689b0f4;job_841a2d542b9aee0594f3;job_0cc7e7eb79275343905d,财会部门一级主任科员及以下 | 财会部门一级主任科员及以下 | 财会部门一级主任科员及以下,大学本科：会计学、财务管理、审计学；研究生：会计、审计 | 大学本科：会计学、财务管理、审计学；研究生：会计、审计 | 大学本科：会计学、财务管理、审计学；研究生：会计、审计
岸一线卫生检疫及医学检验监管,自动短语,auto_phrase,7,7,government:7,job_069a34ef45419301fcc3;job_89418d84d5d0fb334348;job_7b6ec92c5eca24c201d8,卫生检疫四级主办及以下 | 卫生检疫四级主办及以下 | 卫生检疫四级主办及以下（一）,职位简介：从事海关口岸一线卫生检疫及医学检验监管工作 | 职位简介：从事海关口岸一线卫生检疫及医学检验监管工作 | 职位简介：从事海关口岸一线卫生检疫及医学检验监管工作
数学类、统计学类、能源动力类,岗位标签,title_or_tag,7,7,government:7,job_18e05011f7fb5bec2f66;job_2c26762c85996bc12eb8;job_8b8026f0aec2f1d5adac,一级行政执法员（三） | 一级行政执法员 | 一级行政执法员（一）,数学类、统计学类、能源动力类 | 数学类、统计学类、能源动力类 | 数学类、统计学类、能源动力类
最高学历专业,自动短语,auto_phrase,7,7,government:7,job_8df51b3bf467a8dcac2f;job_e4e1888840c6f32faa13;job_f47dc4f762cd2dc83295,一级主任科员及以下 | 一级主任科员及以下 | 一级主任科员及以下,公务员/事业单位；仅限硕士研究生；与最高学历相对应的学位；最高学历专业为国际金融、世界经济、西方经济学、货币银行学、计量经济学、数量经济学、金融工程、金融数学、金融科技、金融审计、计算金融；中央机关及其省级直属机构综合管理类 | 公务员/事业单位；仅限硕士研究生；与最高学历相对应的学位；最高学历专业为国际金融、世界经济、西方经济学、货币银行学、计量经济学、数量经济学、金融工程、金融数学、金融科技、金融审计、计算金融；中央机关及其省级直属机构综合管理类 | 公务员/事业单位；仅限硕士研究生；与最高学历相对应的学位；最高学历专业为国际金融、世界经济、西方经济学、货币银行学、计量经济学、数量经济学、金融工程、金融数学、金融科技、金融审计、计算金融；中央机关及其省级直属机构综合管理类
机械类、能源动力类、电子信息类、计算机类,岗位标签,title_or_tag,7,7,government:7,job_01f32d75e096d0b7ee95;job_f6845ba3efa198a0d663;job_b49f7f9a93b35264d48c,一级行政执法员（七） | 一级行政执法员（九） | 一级行政执法员（九）,机械类、能源动力类、电子信息类、计算机类 | 机械类、能源动力类、电子信息类、计算机类 | 机械类、能源动力类、电子信息类、计算机类
法学、文学、管理学,岗位标签,title_or_tag,7,7,government:7,job_82ab2890d0b361a191cd;job_7640bca7d9bb682cd5bd;job_3da47de955277c9ca934,聂拉木出入境边防检查站一级警长及以下（二） | 聂拉木出入境边防检查站一级警长及以下（三） | 吉隆出入境边防检查站一级警长及以下（二）,法学、文学、管理学 | 法学、文学、管理学 | 法学、文学、管理学
法学类、政治学类、社会学类、马克思主义理论类、中国语言文学类、新闻传播学类,岗位标签,title_or_tag,7,7,government:7,job_21890d34e323741badbc;job_a0460cb60cd4368bcf57;job_8f44b5c77de5b51077fa,一级行政执法员（三） | 一级行政执法员（四） | 一级行政执法员（一）,法学类、政治学类、社会学类、马克思主义理论类、中国语言文学类、新闻传播学类 | 法学类、政治学类、社会学类、马克思主义理论类、中国语言文学类、新闻传播学类 | 法学类、政治学类、社会学类、马克思主义理论类、中国语言文学类、新闻传播学类
法学类、社会学类、马克思主义理论类、中国语言文学类、新闻传播学类,岗位标签,title_or_tag,7,7,government:7,job_9a67211bbb73b8fe25b3;job_8424c67b26a2ad7a6f24;job_15ccf135ee5802cff0dc,第二税务分局一级行政执法员 | 一级行政执法员（三） | 一级行政执法员（四）,法学类、社会学类、马克思主义理论类、中国语言文学类、新闻传播学类 | 法学类、社会学类、马克思主义理论类、中国语言文学类、新闻传播学类 | 法学类、社会学类、马克思主义理论类、中国语言文学类、新闻传播学类
法学（仅限专业代码030101K）,岗位标签,title_or_tag,7,7,government:7,job_d1e40bcb847cfa1c7ee7;job_a44d0391e0a4e8fbe1e9;job_3222d469e74c3b8b2eec,法规部门一级主任科员及以下 | 法规部门一级主任科员及以下 | 法规部门一级主任科员及以下,法学（仅限专业代码030101K） | 法学（仅限专业代码030101K） | 法学（仅限专业代码030101K）
物控查检四级主办及以下,岗位标签,title_or_tag,7,7,government:7,job_259a63403072e176dafb;job_7449e62d6af1ff437736;job_7a844875a126cfdd8613,物控查检四级主办及以下 | 物控查检四级主办及以下 | 物控查检四级主办及以下,物控查检四级主办及以下 | 物控查检四级主办及以下 | 物控查检四级主办及以下
电气工程及其自动化、机械工程、机械设计制造及其自动化、机械电子工程,岗位标签,title_or_tag,7,7,government:7,job_14da300f3141c24e6a72;job_96a6c47817749082fcde;job_e2f7ee0fbc082003da9c,监管（机械自动化类）一级行政执法员 | 监管（机械自动化类）一级行政执法员 | 科技管理（机械自动化类）一级行政执法员,电气工程及其自动化、机械工程、机械设计制造及其自动化、机械电子工程 | 电气工程及其自动化、机械工程、机械设计制造及其自动化、机械电子工程 | 电气工程及其自动化、机械工程、机械设计制造及其自动化、机械电子工程
稽查审计,自动短语,auto_phrase,7,7,government:7,job_f19e30ba4fb6efdabd44;job_df9bcdb72941c1e08a45;job_271d4775440e261b8aff,稽查审计四级主办及以下（一） | 稽查审计四级主办及以下（二） | 稽查审计一级行政执法员（一）,稽查审计四级主办及以下（一） | 稽查审计四级主办及以下（二） | 稽查审计一级行政执法员（一）
稽核查监管,自动短语,auto_phrase,7,7,government:7,job_c2583d58bffa98c87d0e;job_4d3eaae019ee87a0317c;job_043261b9b15b4e4725c4,稽核查监管四级主办及以下（一） | 稽核查监管四级主办及以下（二） | 稽核查监管四级主办及以下（三）,稽核查监管四级主办及以下（一） | 稽核查监管四级主办及以下（二） | 稽核查监管四级主办及以下（三）
第二税务分局一级行政执法员（一）,岗位标签,title_or_tag,7,7,government:7,job_0b4622ca2022acf49e42;job_61986361687f1fe6a2ee;job_8c073244d8bcfcdcfdca,第二税务分局一级行政执法员（一） | 第二税务分局一级行政执法员（一） | 第二税务分局一级行政执法员（一）,第二税务分局一级行政执法员（一） | 第二税务分局一级行政执法员（一） | 第二税务分局一级行政执法员（一）
第二税务分局一级行政执法员（二）,岗位标签,title_or_tag,7,7,government:7,job_678c935e2e7063e12e98;job_934d04e4e9a0a72a30ef;job_4a33a678384e7e49a960,第二税务分局一级行政执法员（二） | 第二税务分局一级行政执法员（二） | 第二税务分局一级行政执法员（二）,第二税务分局一级行政执法员（二） | 第二税务分局一级行政执法员（二） | 第二税务分局一级行政执法员（二）
管理科学与工程类、图书情报与档案管理类、电子商务类,岗位标签,title_or_tag,7,7,government:7,job_c1cb53c6f564eabd236b;job_38db74aa3e282a6e2265;job_65e690e2cbd08e329990,一级行政执法员（三） | 一级行政执法员（四） | 一级行政执法员（九）,管理科学与工程类、图书情报与档案管理类、电子商务类 | 管理科学与工程类、图书情报与档案管理类、电子商务类 | 管理科学与工程类、图书情报与档案管理类、电子商务类
管理科学与工程类、物流管理与工程类、电子商务类,岗位标签,title_or_tag,7,7,government:7,job_fc1c670dd8981be89912;job_9eac9aa53138b79c28c8;job_1e63de210b267babba7b,一级行政执法员（四） | 一级行政执法员（五） | 一级行政执法员（六）,管理科学与工程类、物流管理与工程类、电子商务类 | 管理科学与工程类、物流管理与工程类、电子商务类 | 管理科学与工程类、物流管理与工程类、电子商务类
管理科学与工程类、社会保障类,岗位标签,title_or_tag,7,7,government:7,job_b7d0036dbb696c5a8e5c;job_881bffcad400978eb4e6;job_8a2bc6a1f389079bd1ca,一级行政执法员（五） | 一级行政执法员（六） | 一级行政执法员（六）,管理科学与工程类、社会保障类 | 管理科学与工程类、社会保障类 | 管理科学与工程类、社会保障类
经济学类、农业经济管理类、电子商务类,岗位标签,title_or_tag,7,7,government:7,job_4460b68196159c3cec09;job_9ef2d9d63575967eab2e;job_a50af9690a091563f8dd,一级行政执法员（五） | 一级行政执法员（六） | 一级行政执法员（五）,经济学类、农业经济管理类、电子商务类 | 经济学类、农业经济管理类、电子商务类 | 经济学类、农业经济管理类、电子商务类
经济学类、管理科学与工程类、工商管理类,岗位标签,title_or_tag,7,7,government:7,job_d791c81281ee1428f7f9;job_1398b79c9f031ef0ec3b;job_a7f2d900ba069332225e,一级行政执法员（一） | 一级行政执法员（二） | 一级行政执法员（一）,经济学类、管理科学与工程类、工商管理类 | 经济学类、管理科学与工程类、工商管理类 | 经济学类、管理科学与工程类、工商管理类
经济学类、经济与贸易类,岗位标签,title_or_tag,7,7,government:7,job_b59a67d415e066ff949f;job_9cb03d956b2ca64c2342;job_5af993ec4f70429303ed,一级行政执法员（四） | 一级行政执法员（四） | 一级行政执法员（一）,经济学类、经济与贸易类 | 经济学类、经济与贸易类 | 经济学类、经济与贸易类
经济学类、财政学类、公共管理类,岗位标签,title_or_tag,7,7,government:7,job_058958fce1ea9a63de05;job_1214e945824126c1175e;job_3b3a8ade034d65ff2584,一级行政执法员（一） | 一级行政执法员（二） | 一级行政执法员（三）,经济学类、财政学类、公共管理类 | 经济学类、财政学类、公共管理类 | 经济学类、财政学类、公共管理类
经济学类、财政学类、经济与贸易类、管理科学与工程类,岗位标签,title_or_tag,7,7,government:7,job_12ef7231bdfdb9722fd8;job_a571f46b8cb0740db256;job_cb31d656100e5e7ce90d,一级行政执法员（四） | 一级行政执法员（五） | 一级行政执法员（一）,经济学类、财政学类、经济与贸易类、管理科学与工程类 | 经济学类、财政学类、经济与贸易类、管理科学与工程类 | 经济学类、财政学类、经济与贸易类、管理科学与工程类
经济学类、金融学类、公共管理类,岗位标签,title_or_tag,7,7,government:7,job_6b79979ece77977708eb;job_820de3058ddedc14a412;job_910b26375e50f59edbb7,一级行政执法员（二） | 一级行政执法员（三） | 一级行政执法员（七）,经济学类、金融学类、公共管理类 | 经济学类、金融学类、公共管理类 | 经济学类、金融学类、公共管理类
统计学类、数学类、经济学类,岗位标签,title_or_tag,7,7,government:7,job_33fefd8fad5e5abdba3b;job_e6eac81a4f4a31bb4056;job_7471d5d96b33d56e8410,乌海调查队业务科室一级科员（1） | 乌海调查队业务科室一级科员（2） | 阿拉善调查队业务科室一级科员,统计学类、数学类、经济学类 | 统计学类、数学类、经济学类 | 统计学类、数学类、经济学类
统计学类、数学类、计算机类,岗位标签,title_or_tag,7,7,government:7,job_b9467f9eb76620e286d4;job_d397e0bd91d25a9a6bc8;job_4c569ccae41c95d06f3a,蓟州调查队业务科室一级科员（1） | 蓟州调查队业务科室一级科员（2） | 双鸭山调查队业务科一级科员,统计学类、数学类、计算机类 | 统计学类、数学类、计算机类 | 统计学类、数学类、计算机类
统计学类、数学类、计算机类（不含电影制作专业）,岗位标签,title_or_tag,7,7,government:7,job_f5f16af73ebdb92221c6;job_9d2c3de47ca3a0743d45;job_f637b353d4ac15e3f5cb,嘉峪关调查队业务科室二级主任科员及以下 | 白银调查队业务科室二级主任科员及以下 | 永登调查队一级科员,统计学类、数学类、计算机类（不含电影制作专业） | 统计学类、数学类、计算机类（不含电影制作专业） | 统计学类、数学类、计算机类（不含电影制作专业）
统计学类、计算机类、土木类,岗位标签,title_or_tag,7,7,government:7,job_56db50754244c1947d26;job_2b3375c0b1806eda7023;job_db4dfa92ecad8ecbed14,一级行政执法员（五） | 一级行政执法员（二） | 一级行政执法员（三）,统计学类、计算机类、土木类 | 统计学类、计算机类、土木类 | 统计学类、计算机类、土木类
西班牙语,岗位标签,title_or_tag,7,7,government:7,job_dc4fb355d8974ea0e965;job_545287ff91b518f8a467;job_ba6e5791ee73293fa5d4,西班牙语翻译 | 西班牙语翻译岗一级主任科员及以下 | 西班牙语,西班牙语 | 西班牙语 | 西班牙语
计算机科学与技术、软件工程、网络工程、信息安全,岗位标签,title_or_tag,7,7,government:7,job_16b7b68b9523bfa32515;job_7c67d02f4ce622bb4069;job_986754ae66c9287a2eee,科技部门一级主任科员及以下 | 科技部门一级主任科员及以下 | 科技部门一级主任科员及以下,计算机科学与技术、软件工程、网络工程、信息安全 | 计算机科学与技术、软件工程、网络工程、信息安全 | 计算机科学与技术、软件工程、网络工程、信息安全
计算机类、电子信息类、自动化类、统计学类,岗位标签,title_or_tag,7,7,government:7,job_9c7f8416e974d8dd947e;job_d03f410727b372cdb44c;job_a430c7a23388369d76ca,一级行政执法员（三） | 一级行政执法员（四） | 一级行政执法员（五）,计算机类、电子信息类、自动化类、统计学类 | 计算机类、电子信息类、自动化类、统计学类 | 计算机类、电子信息类、自动化类、统计学类
计算机类、电气类、安全科学与工程类、电子信息类,岗位标签,title_or_tag,7,7,government:7,job_ee8960ca5bd7c9c6dee4;job_96e09d1e47d104d4195b;job_d415bb7b1b7f9c8b70e4,一级行政执法员（三） | 一级行政执法员（四） | 一级行政执法员（三）,计算机类、电气类、安全科学与工程类、电子信息类 | 计算机类、电气类、安全科学与工程类、电子信息类 | 计算机类、电气类、安全科学与工程类、电子信息类
计算机类专业,岗位标签,title_or_tag,7,7,government:7,job_f97e5a7d6a55660c5f80;job_844eb5ee965f17377b6b;job_9e2c8191fcbd1a999ed5,科技部门一级主任科员及以下 | 科技部门一级主任科员及以下 | 科技部门一级主任科员及以下,计算机类专业 | 计算机类专业 | 计算机类专业
财会类,岗位标签,title_or_tag,7,7,government:7,job_01a663d43320dfc3369e;job_a47dd7300951715b594c;job_ce2882c27592a0298c13,财会部门一级主任科员及以下 | 财会部门一级主任科员及以下 | 财会部门一级主任科员及以下,财会类 | 财会类 | 财会类
财务处一级主任科员及以下,岗位标签,title_or_tag,7,7,government:7,job_b57a4523e9b67196b0a2;job_78177d1c71a20e036b70;job_a4c742b6f94d446898b3,财务处一级主任科员及以下 | 财务处一级主任科员及以下 | 财务处一级主任科员及以下,财务处一级主任科员及以下 | 财务处一级主任科员及以下 | 财务处一级主任科员及以下
财政学类、财会审计类、电子商务类,岗位标签,title_or_tag,7,7,government:7,job_cb787859303da08a63aa;job_33ce739ada56f8fb9fec;job_aeee91aa7d5f2810bdec,一级行政执法员（一） | 一级行政执法员（二） | 一级行政执法员,财政学类、财会审计类、电子商务类 | 财政学类、财会审计类、电子商务类 | 财政学类、财会审计类、电子商务类
财政学类、金融学类、社会保障类,岗位标签,title_or_tag,7,7,government:7,job_a8875283be99d42a27e4;job_c6cd90580345258b32b9;job_2df180ed807366e5250c,一级行政执法员（一） | 一级行政执法员（二） | 一级行政执法员（一）,财政学类、金融学类、社会保障类 | 财政学类、金融学类、社会保障类 | 财政学类、金融学类、社会保障类
财政学类、金融学类、经济与贸易类,岗位标签,title_or_tag,7,7,government:7,job_61986361687f1fe6a2ee;job_e542f5ce48e6a1f15dee;job_6385dbebf10df64ba519,第二税务分局一级行政执法员（一） | 一级行政执法员（三） | 一级行政执法员（一）,财政学类、金融学类、经济与贸易类 | 财政学类、金融学类、经济与贸易类 | 财政学类、金融学类、经济与贸易类
财政学类、金融学类、财会审计类、电子商务类,岗位标签,title_or_tag,7,7,government:7,job_e89053058e2ca23da7bf;job_09a1885a6f7e76661e75;job_8c0d30b4c93970e2a94e,一级行政执法员（四） | 一级行政执法员（一） | 一级行政执法员（二）,财政学类、金融学类、财会审计类、电子商务类 | 财政学类、金融学类、财会审计类、电子商务类 | 财政学类、金融学类、财会审计类、电子商务类
财政学类、金融学类、财会审计类、管理科学与工程类,岗位标签,title_or_tag,7,7,government:7,job_bf06dbc4a82c65b53655;job_8b7f4434ac300e14af0e;job_0967d948ede202d7b2c9,一级行政执法员（一） | 一级行政执法员（二） | 一级行政执法员（一）,财政学类、金融学类、财会审计类、管理科学与工程类 | 财政学类、金融学类、财会审计类、管理科学与工程类 | 财政学类、金融学类、财会审计类、管理科学与工程类
货物监管四级主办及以下,岗位标签,title_or_tag,7,7,government:7,job_9c38fd591a268679008b;job_144f6ecda8113381061b;job_27a5b69a10954e9185db,货物监管四级主办及以下 | 货物监管四级主办及以下 | 货物监管四级主办及以下,货物监管四级主办及以下 | 货物监管四级主办及以下 | 货物监管四级主办及以下
进出境货物查验监管和财务管理,项目管理,auto_phrase,7,7,government:7,job_c2583d58bffa98c87d0e;job_4d3eaae019ee87a0317c;job_043261b9b15b4e4725c4,稽核查监管四级主办及以下（一） | 稽核查监管四级主办及以下（二） | 稽核查监管四级主办及以下（三）,职位简介：从事海关稽核查、进出境货物查验监管和财务管理、审计等工作 | 职位简介：从事海关稽核查、进出境货物查验监管和财务管理、审计等工作 | 职位简介：从事海关稽核查、进出境货物查验监管和财务管理、审计等工作
金融学类,岗位标签,title_or_tag,7,7,government:7,job_4e5211ee7ff46a822265;job_035b2e48921cdb7902bc;job_25eef75c55f7e6a9d294,自由贸易港改革发展处一级主任科员及以下 | 监管部门一级主任科员及以下 | 监管部门一级主任科员及以下,金融学类 | 金融学类 | 金融学类
锦州铁路公安处基层所队民警,岗位标签,title_or_tag,7,7,government:7,job_3bef26d76c848d4ff2c3;job_eb06508133bb4f0c8373;job_7fa11051d0bc7da5630e,锦州铁路公安处基层所队民警 | 锦州铁路公安处基层所队民警 | 锦州铁路公安处基层所队民警,锦州铁路公安处基层所队民警 | 锦州铁路公安处基层所队民警 | 锦州铁路公安处基层所队民警
食品检验监管四级主办及以下,岗位标签,title_or_tag,7,7,government:7,job_c10c6a1fa555c2e2fff9;job_daba96256ffe55dd0ccc;job_bb6e329e8d8ba108dca0,食品检验监管四级主办及以下 | 食品检验监管四级主办及以下 | 食品检验监管四级主办及以下,食品检验监管四级主办及以下 | 食品检验监管四级主办及以下 | 食品检验监管四级主办及以下
食品监管一级行政执法员（一）,岗位标签,title_or_tag,7,7,government:7,job_9ded5b62fb963ff32b9d;job_06ce4a8f8f2c70bbe5cb;job_3f14fff94c7ef2078e35,食品监管一级行政执法员（一） | 食品监管一级行政执法员（一） | 食品监管一级行政执法员（一）,食品监管一级行政执法员（一） | 食品监管一级行政执法员（一） | 食品监管一级行政执法员（一）
食品监管一级行政执法员（二）,岗位标签,title_or_tag,7,7,government:7,job_6d4a744fc8b9ea26731e;job_478d97da4edfe993c9b0;job_452273a6325908dd6a48,食品监管一级行政执法员（二） | 食品监管一级行政执法员（二） | 食品监管一级行政执法员（二）,食品监管一级行政执法员（二） | 食品监管一级行政执法员（二） | 食品监管一级行政执法员（二）
食品科学与工程、食品质量与安全、食品卫生与营养学,岗位标签,title_or_tag,7,7,government:7,job_c3626afe0842834f3d5b;job_d01f5f03fb712ef8a17f;job_04ae829e03e431c6fe66,食品安全四级主办及以下（一） | 食品安全四级主办及以下（二） | 食品安全一级行政执法员（一）,食品科学与工程、食品质量与安全、食品卫生与营养学 | 食品科学与工程、食品质量与安全、食品卫生与营养学 | 食品科学与工程、食品质量与安全、食品卫生与营养学
0809计算机类,岗位标签,title_or_tag,6,6,government:6,job_2c56daed3b390a0d905d;job_97a618d18ca15367c153;job_47202ea007dd24342103,佳木斯海关缉私分局一级警长及以下 | 综合部门一级主任科员及以下 | 监管部门一级主任科员及以下,0809计算机类 | 0809计算机类 | 0809计算机类
10数据科学与大数据技术专业,数据工程,auto_phrase,6,6,government:6,job_4e4cf81858e7552251c1;job_440097f07271af4de2f8;job_e5fc7e32dbb9c8c11615,南京调查队综合处室一级科员（1） | 南京调查队综合处室一级科员（2） | 溧阳调查队一级科员,公务员/事业单位；仅限本科；学士；0201经济学类，0204经济与贸易类，0701数学类，0712统计学类（生物统计学除外），080910数据科学与大数据技术专业；中央机关及其省级直属机构综合管理类 | 公务员/事业单位；仅限本科；学士；0201经济学类，0204经济与贸易类，0701数学类，0712统计学类（生物统计学除外），080910数据科学与大数据技术专业；中央机关及其省级直属机构综合管理类 | 公务员/事业单位；仅限本科；学士；0201经济学类，0701数学类，0712统计学类（生物统计学除外），080910数据科学与大数据技术专业；市（地）级及以下直属机构综合管理类
一处一级主任科员及以下,岗位标签,title_or_tag,6,6,government:6,job_2a9b640fa4c54d85075b;job_a58d13a9dfef7b2463e9;job_67bc2ad13ace4ecc37d6,一处一级主任科员及以下 | 一处一级主任科员及以下 | 一处一级主任科员及以下,一处一级主任科员及以下 | 一处一级主任科员及以下 | 一处一级主任科员及以下
一级主任科员及以下（三）,岗位标签,title_or_tag,6,6,government:6,job_c693ea7f65089bef3667;job_ac4ed5981b042f33720c;job_be8526d1bb827e96ca5c,一级主任科员及以下（三） | 一级主任科员及以下（三） | 一级主任科员及以下（三）,一级主任科员及以下（三） | 一级主任科员及以下（三） | 一级主任科员及以下（三）
一级主任科员及以下（四）,岗位标签,title_or_tag,6,6,government:6,job_1229dcb539442680f214;job_7c2809125895a0db56c4;job_b2afc49822213c2712d4,一级主任科员及以下（四） | 一级主任科员及以下（四） | 一级主任科员及以下（四）,一级主任科员及以下（四） | 一级主任科员及以下（四） | 一级主任科员及以下（四）
三处一级警长及以下,岗位标签,title_or_tag,6,6,government:6,job_19409795b6db88d2c450;job_fd0ecd37e718c10ca41e;job_bee8ae1da60fb339c68b,三处一级警长及以下 | 三处一级警长及以下 | 三处一级警长及以下,三处一级警长及以下 | 三处一级警长及以下 | 三处一级警长及以下
不含生物统计学专业,自动短语,auto_phrase,6,6,government:6,job_3ada703871b5bd8ff0dc;job_6b0254574927c38def8a;job_4b01b13e7efbb2c1113e,抚顺调查队业务科室一级科员 | 辽阳调查队业务科室一级科员 | 建平调查队一级科员（1）,公务员/事业单位；仅限本科；学士；统计学类（不含生物统计学专业）、经济学类（不含资源与环境经济学、商务经济学、能源经济、劳动经济学、经济工程、数字经济专业）；市（地）级及以下直属机构综合管理类 | 公务员/事业单位；仅限本科；学士；经济学类、统计学类（不含生物统计学专业）；市（地）级及以下直属机构综合管理类 | 公务员/事业单位；仅限本科；学士；工商管理类（不含市场营销、物业管理、文化产业管理、劳动关系、体育经济与管理、市场营销教育、零售业管理、创业管理、海关稽查专业）、统计学类（不含生物统计学专业）；市（地）级及以下直属机构综合管理类
业务科技科一级主任科员及以下,岗位标签,title_or_tag,6,6,government:6,job_75ccdb41a6665861095e;job_7ddd8bd0ea6fca7a5280;job_bedbfef75eec24473284,业务科技科一级主任科员及以下 | 业务科技科一级主任科员及以下 | 业务科技科一级主任科员及以下,业务科技科一级主任科员及以下 | 业务科技科一级主任科员及以下 | 业务科技科一级主任科员及以下
事民航公安保卫和空防安全监管,自动短语,auto_phrase,6,6,government:6,job_70f05faad8636398a86b;job_98a5e00a2f1fa3eb26d8;job_4c1b5ff0a22d2e1f26a2,一级主任科员及以下 | 一级主任科员及以下 | 一级主任科员及以下,职位简介：主要从事民航公安保卫和空防安全监管工作 | 职位简介：主要从事民航公安保卫和空防安全监管工作 | 职位简介：主要从事民航公安保卫和空防安全监管工作
事海关进出境旅客卫生检疫监管,自动短语,auto_phrase,6,6,government:6,job_6dbedcb4b44fa09a0ee8;job_3bea1e1a0f2e28f5f78a;job_e65f2921b5895b824d5a,卫生检疫四级主办及以下（一） | 卫生检疫四级主办及以下（二） | 卫生检疫四级主办及以下（三）,职位简介：从事海关进出境旅客卫生检疫监管、货物查验监管、运输工具监管和口岸卫生监督等工作 | 职位简介：从事海关进出境旅客卫生检疫监管、货物查验监管、运输工具监管和口岸卫生监督等工作 | 职位简介：从事海关进出境旅客卫生检疫监管、货物查验监管、运输工具监管和口岸卫生监督等工作
二处一级主任科员及以下,岗位标签,title_or_tag,6,6,government:6,job_2e6e8584c22ffbdc7e5f;job_515d22ed3ea991942369;job_80c0791a8da3f5686272,二处一级主任科员及以下 | 二处一级主任科员及以下 | 二处一级主任科员及以下,二处一级主任科员及以下 | 二处一级主任科员及以下 | 二处一级主任科员及以下
从事机关司局金融监管,自动短语,auto_phrase,6,6,government:6,job_8df51b3bf467a8dcac2f;job_e4e1888840c6f32faa13;job_2135a6bbddd8c082794b,一级主任科员及以下 | 一级主任科员及以下 | 一级主任科员及以下,职位简介：从事机关司局金融监管或综合类工作 | 职位简介：从事机关司局金融监管或综合类工作 | 职位简介：从事机关司局金融监管或综合类工作
从事海关动物检疫监管,自动短语,auto_phrase,6,6,government:6,job_402fc21358441d1d93cb;job_1aa6252f7762411bb1d4;job_59c9a2c66fc8f36e0794,动物检疫一级行政执法员 | 动物检疫四级主办及以下 | 动物检疫一级行政执法员,职位简介：从事海关动物检疫监管工作 | 职位简介：从事海关动物检疫监管工作 | 职位简介：从事海关动物检疫监管工作
会计学、财务管理、审计学、财政学,岗位标签,title_or_tag,6,6,government:6,job_c3046a6c0e1b9be28569;job_6285a77a3c7dac82fa66;job_3a4efb14521f4bdd6401,财务一级行政执法员 | 财务一级行政执法员 | 财务一级行政执法员,会计学、财务管理、审计学、财政学 | 会计学、财务管理、审计学、财政学 | 会计学、财务管理、审计学、财政学
会计学、财务管理、审计学、资产评估、财务会计教育专业,岗位标签,title_or_tag,6,6,government:6,job_27ab8636a9480928e973;job_41e9e6b681d4ec5a03f5;job_4cdc79f1e93a9576e252,监管部门一级主任科员及以下 | 监管部门一级主任科员及以下 | 监管部门一级主任科员及以下,会计学、财务管理、审计学、资产评估、财务会计教育专业 | 会计学、财务管理、审计学、资产评估、财务会计教育专业 | 会计学、财务管理、审计学、资产评估、财务会计教育专业
办公室一级警长及以下,岗位标签,title_or_tag,6,6,government:6,job_25808a5bd05d8cf7e491;job_ba5726e07057949c5ecd;job_3ad2935e718e86f46cb0,办公室一级警长及以下 | 办公室一级警长及以下 | 办公室一级警长及以下,办公室一级警长及以下 | 办公室一级警长及以下 | 办公室一级警长及以下
化工监管四级主办及以下,岗位标签,title_or_tag,6,6,government:6,job_5befa45c8c8585929763;job_6765d29f12b921d80bf8;job_e4de860e022b9f15cd20,化工监管四级主办及以下 | 化工监管四级主办及以下 | 化工监管四级主办及以下,化工监管四级主办及以下 | 化工监管四级主办及以下 | 化工监管四级主办及以下
卫生检疫及一线监管,自动短语,auto_phrase,6,6,government:6,job_2b6ef6d4022cdc099c47;job_dd1f9040cfbeb98e6748;job_117f70ff56eac6d1f861,卫生检疫二级主办及以下（一） | 卫生检疫二级主办及以下（二） | 卫生检疫二级主办及以下（一）,职位简介：从事海关货物查验、卫生检疫及一线监管工作 | 职位简介：从事海关货物查验、卫生检疫及一线监管工作 | 职位简介：从事海关货物查验、卫生检疫及一线监管工作
口岸监管一级行政执法员,岗位标签,title_or_tag,6,6,government:6,job_6ad011e5d7950bdf8e99;job_37b94dd3e76a13ae9540;job_732f2b4af4df0eccd7af,口岸监管一级行政执法员 | 口岸监管一级行政执法员 | 口岸监管一级行政执法员,口岸监管一级行政执法员 | 口岸监管一级行政执法员 | 口岸监管一级行政执法员
哲学类、中国语言文学类、新闻传播学类,岗位标签,title_or_tag,6,6,government:6,job_d7a1603c55f92603317e;job_d1db64382dd7b0d60abb;job_1c13457d81367644c733,一级行政执法员（七） | 一级行政执法员（八） | 一级行政执法员（八）,哲学类、中国语言文学类、新闻传播学类 | 哲学类、中国语言文学类、新闻传播学类 | 哲学类、中国语言文学类、新闻传播学类
商品检验监管一级行政执法员,岗位标签,title_or_tag,6,6,government:6,job_a60b1acbe5ab570c6a9e;job_79850865183be0e1cc98;job_20510edab6a43bdf1e03,商品检验监管一级行政执法员 | 商品检验监管一级行政执法员 | 商品检验监管一级行政执法员,商品检验监管一级行政执法员 | 商品检验监管一级行政执法员 | 商品检验监管一级行政执法员
四处一级警长及以下,岗位标签,title_or_tag,6,6,government:6,job_a89381302cbbd06e12ca;job_f458c3e855d16362a8ed;job_116f1583d04804905a97,四处一级警长及以下 | 四处一级警长及以下 | 四处一级警长及以下,四处一级警长及以下 | 四处一级警长及以下 | 四处一级警长及以下
四级主办及以下,岗位标签,title_or_tag,6,6,government:6,job_757f83645119241427e1;job_d0b7d8e209a904523649;job_efb8fd8dda123d40cfae,四级主办及以下 | 四级主办及以下 | 四级主办及以下,四级主办及以下 | 四级主办及以下 | 四级主办及以下
土木类、建筑类,岗位标签,title_or_tag,6,6,government:6,job_1fda369ea4a60ef20236;job_f6b3dc69ea77aa8227de;job_f02ca50baa0057d3f683,一级主办及以下 | 一级行政执法员（三） | 一级行政执法员（五）,土木类、建筑类 | 土木类、建筑类 | 土木类、建筑类
地理科学类、电子信息类、自动化类、计算机类、测绘类,岗位标签,title_or_tag,6,6,government:6,job_625e9bc3a712106034bb;job_12c53e42726cc980b05e;job_175726bfc933ebedcc86,一级行政执法员（二） | 一级行政执法员（一） | 一级行政执法员,地理科学类、电子信息类、自动化类、计算机类、测绘类 | 地理科学类、电子信息类、自动化类、计算机类、测绘类 | 地理科学类、电子信息类、自动化类、计算机类、测绘类
大同铁路公安处基层所队民警,岗位标签,title_or_tag,6,6,government:6,job_63485bc6a81ec5d9ea4b;job_21a617a1ac4e0b04cde6;job_e3a34527e795374115da,大同铁路公安处基层所队民警 | 大同铁路公安处基层所队民警 | 大同铁路公安处基层所队民警,大同铁路公安处基层所队民警 | 大同铁路公安处基层所队民警 | 大同铁路公安处基层所队民警
工商管理类、社会保障类、物流管理与工程类,岗位标签,title_or_tag,6,6,government:6,job_7149465df14e01310b41;job_22032a7656d8e2121e8a;job_1ee0b5d0a9e23aa059cf,一级行政执法员 | 一级行政执法员 | 一级行政执法员,工商管理类、社会保障类、物流管理与工程类 | 工商管理类、社会保障类、物流管理与工程类 | 工商管理类、社会保障类、物流管理与工程类
工学门类、理学门类、经济学门类、法学门类、文学门类、管理学门类,岗位标签,title_or_tag,6,6,government:6,job_ebdc8cf8cc900597b69b;job_9f8a8bccc35ba9086828;job_fc030923130d7d8b007e,一级行政执法员（十三） | 一级行政执法员（十一） | 一级行政执法员（十二）,工学门类、理学门类、经济学门类、法学门类、文学门类、管理学门类 | 工学门类、理学门类、经济学门类、法学门类、文学门类、管理学门类 | 工学门类、理学门类、经济学门类、法学门类、文学门类、管理学门类
市场监管,产品运营,auto_phrase,6,6,government:6,job_9d6bae774ff422badd09;job_68bafc128ce8ecf9f4dc;job_79f8aefe6ec317775de8,市场监管岗一级主任科员及以下 | 市场监管处一级主任科员及以下 | 市场监管处一级主任科员及以下,市场监管岗一级主任科员及以下 | 市场监管处一级主任科员及以下 | 市场监管处一级主任科员及以下
广州铁路公安处基层所队民警,岗位标签,title_or_tag,6,6,government:6,job_54fe11563463c0cfc063;job_c7b0d7254e82fbca1720;job_3fba59130d251b9c6c28,广州铁路公安处基层所队民警 | 广州铁路公安处基层所队民警 | 广州铁路公安处基层所队民警,广州铁路公安处基层所队民警 | 广州铁路公安处基层所队民警 | 广州铁路公安处基层所队民警
数学类、化学类、统计学类,岗位标签,title_or_tag,6,6,government:6,job_3ce6cf44c639add6f1e3;job_a510d74603c84a92fc87;job_57c94507a1071f4382c0,一级行政执法员（一） | 一级行政执法员（二） | 一级行政执法员（三）,数学类、化学类、统计学类 | 数学类、化学类、统计学类 | 数学类、化学类、统计学类
数学类、统计学类、机械类、能源动力类,岗位标签,title_or_tag,6,6,government:6,job_5d6e9365edfb8535b911;job_89a67f0fc0b97d999a54;job_10c201f6bb197a121478,一级行政执法员（五） | 一级行政执法员（六） | 一级行政执法员（三）,数学类、统计学类、机械类、能源动力类 | 数学类、统计学类、机械类、能源动力类 | 数学类、统计学类、机械类、能源动力类
数学类、统计学类、环境科学与工程类,岗位标签,title_or_tag,6,6,government:6,job_412df5d4f3ee15b825ec;job_3cd97007f5f8cc979b62;job_51a122b90e3e96c173cc,一级行政执法员（二） | 一级行政执法员（五） | 一级行政执法员（六）,数学类、统计学类、环境科学与工程类 | 数学类、统计学类、环境科学与工程类 | 数学类、统计学类、环境科学与工程类
旅客检疫四级主办及以下,岗位标签,title_or_tag,6,6,government:6,job_a0d3353104f767b5f0cf;job_7ef6da0ff5a760ad70e5;job_b44411d3557740c7665d,旅客检疫四级主办及以下 | 旅客检疫四级主办及以下 | 旅客检疫四级主办及以下,旅客检疫四级主办及以下 | 旅客检疫四级主办及以下 | 旅客检疫四级主办及以下
本科专业为法学类（0301），或研究生专业为法学（0301）、法律（0351）,岗位标签,title_or_tag,6,6,government:6,job_f712e2bea830a8ec5802;job_a61ca3b489dbe4fb92cd;job_89862e8955211bf3e0e3,法规部门一级主任科员及以下 | 法规部门一级主任科员及以下 | 法规部门一级主任科员及以下,本科专业为法学类（0301），或研究生专业为法学（0301）、法律（0351） | 本科专业为法学类（0301），或研究生专业为法学（0301）、法律（0351） | 本科专业为法学类（0301），或研究生专业为法学（0301）、法律（0351）
本科：会计学、财务管理、审计学； 研究生：会计、审计,岗位标签,title_or_tag,6,6,government:6,job_fd091bf554e456fa1bc6;job_3bbf55f27029ebcee47c;job_9093f042a84619efb496,财务管理四级主办及以下 | 财务管理四级主办及以下 | 财务管理四级主办及以下,本科：会计学、财务管理、审计学； 研究生：会计、审计 | 本科：会计学、财务管理、审计学； 研究生：会计、审计 | 本科：会计学、财务管理、审计学； 研究生：会计、审计
本科：法学类（0301）；研究生：法学（0301）、法律（0351）,岗位标签,title_or_tag,6,6,government:6,job_e289c8a9b8b1a0e02237;job_8ace5fa6d6625937724a;job_a148e88d345eaf0000cc,法规部门一级主任科员及以下 | 法规部门一级主任科员及以下 | 综合部门一级主任科员及以下,本科：法学类（0301）；研究生：法学（0301）、法律（0351） | 本科：法学类（0301）；研究生：法学（0301）、法律（0351） | 本科：法学类（0301）；研究生：法学（0301）、法律（0351）
本科：运动训练（040202）；研究生：运动训练（045202）,岗位标签,title_or_tag,6,6,government:6,job_540724ddf09ae2b44ea3;job_0d5ccc12029493d2adea;job_523331c9609024c2152c,延边边境管理支队一级警长及以下（十三） | 延边边境管理支队一级警长及以下（十四） | 白山边境管理支队一级警长及以下（十一）,本科：运动训练（040202）；研究生：运动训练（045202） | 本科：运动训练（040202）；研究生：运动训练（045202） | 本科：运动训练（040202）；研究生：运动训练（045202）
机关党委一级主任科员及以下,岗位标签,title_or_tag,6,6,government:6,job_b6086b2432f135a033f0;job_0c4383efeaf0a5a8abd9;job_cdc83ad42ae9eda99bdc,机关党委一级主任科员及以下 | 机关党委一级主任科员及以下 | 机关党委一级主任科员及以下,机关党委一级主任科员及以下 | 机关党委一级主任科员及以下 | 机关党委一级主任科员及以下
法制四级主办及以下,岗位标签,title_or_tag,6,6,government:6,job_ba7068427f2cd930ae1e;job_b2472938dcc20829353c;job_9280b2e6608104c00a8f,法制四级主办及以下 | 法制四级主办及以下 | 法制四级主办及以下,法制四级主办及以下 | 法制四级主办及以下 | 法制四级主办及以下
法学、法律、侦查学,岗位标签,title_or_tag,6,6,government:6,job_8b4f2e65f2741a315cff;job_d1fed32a0fa8dc617011;job_729a9f57300025411086,综合业务四级主办及以下（一） | 综合业务四级主办及以下（二） | 综合业务四级主办及以下（一）,法学、法律、侦查学 | 法学、法律、侦查学 | 法学、法律、侦查学
法学、知识产权、法律、民商法学、经济法学、诉讼法学、宪法学与行政法学、国际法学,岗位标签,title_or_tag,6,6,government:6,job_da7647dc805bc230db5e;job_008cfdef999e6c295e72;job_aff0095e0c3239114166,法律四级主办及以下（一） | 法律四级主办及以下（二） | 法律四级主办及以下（一）,法学、知识产权、法律、民商法学、经济法学、诉讼法学、宪法学与行政法学、国际法学 | 法学、知识产权、法律、民商法学、经济法学、诉讼法学、宪法学与行政法学、国际法学 | 法学、知识产权、法律、民商法学、经济法学、诉讼法学、宪法学与行政法学、国际法学
法学类、政治学类、社会学类、马克思主义理论类,岗位标签,title_or_tag,6,6,government:6,job_39011010987bb5e4e739;job_426b4c32e3152975202f;job_8d744ce3dcad7dcc4bd4,一级行政执法员（二） | 一级行政执法员（三） | 一级行政执法员（六）,法学类、政治学类、社会学类、马克思主义理论类 | 法学类、政治学类、社会学类、马克思主义理论类 | 法学类、政治学类、社会学类、马克思主义理论类
法学（030101K）,岗位标签,title_or_tag,6,6,government:6,job_2d1584748b6ee3ca01b2;job_e6b2160ca21eb2fc5725;job_26ef33ac4e828f30ccf5,法规部门一级主任科员及以下 | 法规部门一级主任科员及以下 | 法规部门一级主任科员及以下,法学（030101K） | 法学（030101K） | 法学（030101K）
法律管理四级主办及以下,岗位标签,title_or_tag,6,6,government:6,job_3b8e1bb815e61cc80dc3;job_66ad4325fa19c271ec34;job_b60bb48941e1e5f891b3,法律管理四级主办及以下 | 法律管理四级主办及以下 | 法律管理四级主办及以下,法律管理四级主办及以下 | 法律管理四级主办及以下 | 法律管理四级主办及以下
法语,岗位标签,title_or_tag,6,6,government:6,job_c6cb6b3137e89bf993b6;job_93f05ed5d1bad4c6c459;job_ae7d1d97a69f7fe48560,法语翻译 | 法语 | 一级警长及以下（一）,法语 | 法语 | 法语
海关业务一级行政执法员,岗位标签,title_or_tag,6,6,government:6,job_39d34be5e21d98dcfe57;job_169e5f2c6c2ae225d091;job_29d861bb064e8ebc7f8d,海关业务一级行政执法员 | 海关业务一级行政执法员 | 海关业务一级行政执法员,海关业务一级行政执法员 | 海关业务一级行政执法员 | 海关业务一级行政执法员
深圳铁路公安处基层所队民警,岗位标签,title_or_tag,6,6,government:6,job_8be7a9796aa35f2014ad;job_7543399966086c539c71;job_ed3816f9fd46e1565bf4,深圳铁路公安处基层所队民警 | 深圳铁路公安处基层所队民警 | 深圳铁路公安处基层所队民警,深圳铁路公安处基层所队民警 | 深圳铁路公安处基层所队民警 | 深圳铁路公安处基层所队民警
科技管理（统计分析应用类）二级主办及以下,岗位标签,title_or_tag,6,6,government:6,job_9bdff5cca4faa921da92;job_3c72bc62ab34fdfc72e3;job_8d36cbd77a79d40ecc43,科技管理（统计分析应用类）二级主办及以下 | 科技管理（统计分析应用类）二级主办及以下 | 科技管理（统计分析应用类）二级主办及以下,科技管理（统计分析应用类）二级主办及以下 | 科技管理（统计分析应用类）二级主办及以下 | 科技管理（统计分析应用类）二级主办及以下
稽查局一级主办及以下,岗位标签,title_or_tag,6,6,government:6,job_f8ac981cdc8050c2c449;job_f3d338117a9cd6da203d;job_37a4aff399ec5618ff62,稽查局一级主办及以下 | 稽查局一级主办及以下 | 稽查局一级主办及以下,稽查局一级主办及以下 | 稽查局一级主办及以下 | 稽查局一级主办及以下
经济与贸易类、财会审计类,岗位标签,title_or_tag,6,6,government:6,job_5d2da7e8f046c6c33d3b;job_a8c34a8b0e45ddafb8a9;job_4da91fc826efaf6daff4,一级行政执法员（六） | 一级行政执法员（三） | 一级行政执法员（四）,经济与贸易类、财会审计类 | 经济与贸易类、财会审计类 | 经济与贸易类、财会审计类
经济与贸易类、金融学类、管理科学与工程类、社会保障类,岗位标签,title_or_tag,6,6,government:6,job_bd99c397f686b1a6600f;job_518cf7b145747b2a55cd;job_f0f4b3a2420460c0f814,一级行政执法员（三） | 一级行政执法员（一） | 一级行政执法员（二）,经济与贸易类、金融学类、管理科学与工程类、社会保障类 | 经济与贸易类、金融学类、管理科学与工程类、社会保障类 | 经济与贸易类、金融学类、管理科学与工程类、社会保障类
经济学、金融学、金融工程、经济与贸易类、财政学类,岗位标签,title_or_tag,6,6,government:6,job_f02040ca0c4b34c6de05;job_d54fb362ba222dd1c88b;job_4ac8c8b16d634a4e7d4a,税收征管二级主办及以下 | 税收征管一级行政执法员 | 税收征管四级主办及以下,经济学、金融学、金融工程、经济与贸易类、财政学类 | 经济学、金融学、金融工程、经济与贸易类、财政学类 | 经济学、金融学、金融工程、经济与贸易类、财政学类
经济学类、经济与贸易类、电子商务类,岗位标签,title_or_tag,6,6,government:6,job_355114ac048f45861773;job_bbb95bda43b1e81c9c4b;job_e4299eb6ab5791f13e55,一级行政执法员（二） | 一级行政执法员（三） | 一级行政执法员（三）,经济学类、经济与贸易类、电子商务类 | 经济学类、经济与贸易类、电子商务类 | 经济学类、经济与贸易类、电子商务类
经济学类、经济与贸易类、财会审计类,岗位标签,title_or_tag,6,6,government:6,job_646af402151f86f3ee2d;job_25cf96f838920e1d0cf5;job_49c6d6fc7b08a5479b8f,一级行政执法员（一） | 一级行政执法员（二） | 一级行政执法员,经济学类、经济与贸易类、财会审计类 | 经济学类、经济与贸易类、财会审计类 | 经济学类、经济与贸易类、财会审计类
经济学类、经济与贸易类、财会审计类、社会保障类,岗位标签,title_or_tag,6,6,government:6,job_0807b685886750701118;job_957554fc5b02260ed1fc;job_34e57d24d9f85a2499a5,一级行政执法员（七） | 一级行政执法员（三） | 一级行政执法员（四）,经济学类、经济与贸易类、财会审计类、社会保障类 | 经济学类、经济与贸易类、财会审计类、社会保障类 | 经济学类、经济与贸易类、财会审计类、社会保障类
经济学类、财政学类、经济与贸易类、工商管理类,岗位标签,title_or_tag,6,6,government:6,job_90d2809c7919cabd863b;job_a4bb17f6b64c602fc5d6;job_dd8e4ed1acc923f712b1,一级行政执法员（一） | 一级行政执法员（二） | 一级行政执法员（四）,经济学类、财政学类、经济与贸易类、工商管理类 | 经济学类、财政学类、经济与贸易类、工商管理类 | 经济学类、财政学类、经济与贸易类、工商管理类
经济学类、财政学类、金融学类、工商管理类、公共管理类,岗位标签,title_or_tag,6,6,government:6,job_a86a9e03bb6638ecac72;job_635fb6420ed02527567c;job_8ee1b50bbcaf4c257c83,一级行政执法员（一） | 一级行政执法员（二） | 一级行政执法员（二）,经济学类、财政学类、金融学类、工商管理类、公共管理类 | 经济学类、财政学类、金融学类、工商管理类、公共管理类 | 经济学类、财政学类、金融学类、工商管理类、公共管理类
经济学类、财政学类、金融学类、工商管理类、社会保障类,岗位标签,title_or_tag,6,6,government:6,job_c8b34717fccff0c36502;job_e98f485fba4422143def;job_5a789a83b7c97a1728d7,一级行政执法员（一） | 一级行政执法员（二） | 一级行政执法员（一）,经济学类、财政学类、金融学类、工商管理类、社会保障类 | 经济学类、财政学类、金融学类、工商管理类、社会保障类 | 经济学类、财政学类、金融学类、工商管理类、社会保障类
经济学类、财政学类、金融学类、管理科学与工程类、工商管理类、社会保障类,岗位标签,title_or_tag,6,6,government:6,job_ea4e083eb5b0bf751e86;job_cd6d9053d4d2c4b60f74;job_d61f562146331a12a70d,一级行政执法员（一） | 一级行政执法员（二） | 一级行政执法员（三）,经济学类、财政学类、金融学类、管理科学与工程类、工商管理类、社会保障类 | 经济学类、财政学类、金融学类、管理科学与工程类、工商管理类、社会保障类 | 经济学类、财政学类、金融学类、管理科学与工程类、工商管理类、社会保障类
经济学类、财政学类、金融学类、管理科学与工程类、财会审计类、公共管理类,岗位标签,title_or_tag,6,6,government:6,job_313a88d7b60a89a42db2;job_b3353630741a4c2e0eaf;job_c7b77eb290829ef63251,一级行政执法员（一） | 一级行政执法员（二） | 一级行政执法员（三）,经济学类、财政学类、金融学类、管理科学与工程类、财会审计类、公共管理类 | 经济学类、财政学类、金融学类、管理科学与工程类、财会审计类、公共管理类 | 经济学类、财政学类、金融学类、管理科学与工程类、财会审计类、公共管理类
经济学类、财政学类、金融学类、经济与贸易类、社会保障类,岗位标签,title_or_tag,6,6,government:6,job_bd90ff390b4f416ba819;job_bd54ab66ba0c0452b1c2;job_d96fd1427c3abcfb91ed,一级行政执法员（五） | 一级行政执法员（三） | 一级行政执法员（一）,经济学类、财政学类、金融学类、经济与贸易类、社会保障类 | 经济学类、财政学类、金融学类、经济与贸易类、社会保障类 | 经济学类、财政学类、金融学类、经济与贸易类、社会保障类
经济学类、金融学类、管理科学与工程类,岗位标签,title_or_tag,6,6,government:6,job_2436c6ac146aeed951d1;job_d54c481cdf76a52a8c47;job_a950fadc256d0c81b9a9,一级行政执法员（五） | 一级行政执法员（六） | 一级行政执法员（五）,经济学类、金融学类、管理科学与工程类 | 经济学类、金融学类、管理科学与工程类 | 经济学类、金融学类、管理科学与工程类
统计学类、电子信息类,岗位标签,title_or_tag,6,6,government:6,job_6d7e096838b7034e80c0;job_bc0685992c03c1c46875;job_9a5ebad5019bbe01405f,一级行政执法员（六） | 一级行政执法员（一） | 一级行政执法员（五）,统计学类、电子信息类 | 统计学类、电子信息类 | 统计学类、电子信息类
统计学类、自动化类、计算机类,岗位标签,title_or_tag,6,6,government:6,job_933fb4c5d29f88a8de79;job_e6fa6a272530e2c990f9;job_c9a1f04217b7eda941e3,一级行政执法员（三） | 一级行政执法员（一） | 一级行政执法员（二）,统计学类、自动化类、计算机类 | 统计学类、自动化类、计算机类 | 统计学类、自动化类、计算机类
统计学类（统计学、 应用统计学）、会计学、财务管理,岗位标签,title_or_tag,6,6,government:6,job_331221a480c6767da4fb;job_43efedc8e55171d48a6d;job_abbe473a5bed70292c13,三河调查队一级科员 | 易县调查队一级科员 | 青县调查队一级科员,统计学类（统计学、 应用统计学）、会计学、财务管理 | 统计学类（统计学、 应用统计学）、会计学、财务管理 | 统计学类（统计学、 应用统计学）、会计学、财务管理
统计学类（统计学、 应用统计学）、软件工程、网络工程,岗位标签,title_or_tag,6,6,government:6,job_b275d1ab9b1820cd9990;job_86894bd6e72e4363c4c0;job_ff0c8021dc477953a3b9,承德调查队综合科室一级科员（1） | 承德调查队综合科室一级科员（2） | 秦皇岛调查队综合科室一级科员（1）,统计学类（统计学、 应用统计学）、软件工程、网络工程 | 统计学类（统计学、 应用统计学）、软件工程、网络工程 | 统计学类（统计学、 应用统计学）、软件工程、网络工程
综合处室一级主任科员及以下,岗位标签,title_or_tag,6,6,government:6,job_323342f980c7a8e60167;job_63b1f84b873ccd1041ae;job_33acdfcf569b59b2f06c,综合处室一级主任科员及以下 | 综合处室一级主任科员及以下 | 综合处室一级主任科员及以下,综合处室一级主任科员及以下 | 综合处室一级主任科员及以下 | 综合处室一级主任科员及以下
蚌埠铁路公安处基层所队民警,岗位标签,title_or_tag,6,6,government:6,job_f154b80c16d4b226bd39;job_d20c3a2bfea0a5822ac2;job_4acc15cf78e459b2e5e3,蚌埠铁路公安处基层所队民警 | 蚌埠铁路公安处基层所队民警 | 蚌埠铁路公安处基层所队民警,蚌埠铁路公安处基层所队民警 | 蚌埠铁路公安处基层所队民警 | 蚌埠铁路公安处基层所队民警
计算机科学与技术、软件工程、网络工程、统计学类（统计学、 应用统计学）,岗位标签,title_or_tag,6,6,government:6,job_f2ed4a0d37a2ced742a7;job_67fb99634b830bf671e6;job_0380de7ba209876e8a26,张北调查队一级科员 | 沽源调查队一级科员 | 蔚县调查队一级科员,计算机科学与技术、软件工程、网络工程、统计学类（统计学、 应用统计学） | 计算机科学与技术、软件工程、网络工程、统计学类（统计学、 应用统计学） | 计算机科学与技术、软件工程、网络工程、统计学类（统计学、 应用统计学）
计算机类、电子信息类、数学类、统计学类、自动化类,岗位标签,title_or_tag,6,6,government:6,job_9bb2a4f19873b9242485;job_0d1821d0f6ee53a6e425;job_15a8385d3c785e9e3998,一级行政执法员（五） | 一级行政执法员（六） | 一级行政执法员（七）,计算机类、电子信息类、数学类、统计学类、自动化类 | 计算机类、电子信息类、数学类、统计学类、自动化类 | 计算机类、电子信息类、数学类、统计学类、自动化类
计算机类、电子信息类、材料类、建筑类,岗位标签,title_or_tag,6,6,government:6,job_556c619a85292c1b209f;job_d76c5b7e670dbe971091;job_4437991eaedfae4ef8b2,一级行政执法员（七） | 一级行政执法员（八） | 一级行政执法员（五）,计算机类、电子信息类、材料类、建筑类 | 计算机类、电子信息类、材料类、建筑类 | 计算机类、电子信息类、材料类、建筑类
语言学及应用语言学专业,自动短语,auto_phrase,6,6,government:6,job_f392426f1e02a8ec290b;job_57f9dc1e1792f96a6c10;job_3a79e021739a127c37f6,驻马店调查队业务科室四级主任科员及以下 | 办公室一级主任科员及以下 | 办公室一级主任科员及以下,公务员/事业单位；本科或硕士研究生；与最高学历相对应的学位；本科：统计学类（不含生物统计学）、数学类（不含数理基础科学)，汉语言文学专业；研究生：统计学、应用统计、数学，语言学及应用语言学专业、中国现当代文学专业、汉语言文字学专业；市（地）级及以下直属机构综合管理类 | 公务员/事业单位；硕士研究生及以上；与最高学历相对应的学位；气象类；语言学及应用语言学专业、中国现当代文学专业、秘书学专业；中央机关及其省级直属机构综合管理类 | 公务员/事业单位；硕士研究生及以上；与最高学历相对应的学位；气象类；语言学及应用语言学专业、中国现当代文学专业、秘书学专业；市（地）级及以下直属机构综合管理类
财务会计教育专业,自动短语,auto_phrase,6,6,government:6,job_27ab8636a9480928e973;job_41e9e6b681d4ec5a03f5;job_4cdc79f1e93a9576e252,监管部门一级主任科员及以下 | 监管部门一级主任科员及以下 | 监管部门一级主任科员及以下,公务员/事业单位；仅限本科；学士；会计学、财务管理、审计学、资产评估、财务会计教育专业；市（地）级及以下直属机构综合管理类 | 公务员/事业单位；仅限本科；学士；会计学、财务管理、审计学、资产评估、财务会计教育专业；市（地）级及以下直属机构综合管理类 | 公务员/事业单位；仅限本科；学士；会计学、财务管理、审计学、资产评估、财务会计教育专业；市（地）级及以下直属机构综合管理类
财务科一级主任科员及以下,岗位标签,title_or_tag,6,6,government:6,job_e8c46504bba9df6f00ab;job_01a95021074df2a375b1;job_da2076229caaa3a7ff68,财务科一级主任科员及以下 | 财务科一级主任科员及以下 | 财务科一级主任科员及以下,财务科一级主任科员及以下 | 财务科一级主任科员及以下 | 财务科一级主任科员及以下
财政学类、财会审计类、管理科学与工程类,岗位标签,title_or_tag,6,6,government:6,job_6b7b3a9426f43a1736cd;job_4c7c23a11b3968838d1a;job_0b0f822b74923a356986,一级行政执法员（一） | 一级行政执法员（二） | 一级行政执法员（五）,财政学类、财会审计类、管理科学与工程类 | 财政学类、财会审计类、管理科学与工程类 | 财政学类、财会审计类、管理科学与工程类
财政学类、金融学类、财会审计类、公共管理类,岗位标签,title_or_tag,6,6,government:6,job_be308abbb48a8a803339;job_994fb121cdb0f30bf79a;job_6b20116745514c0e717d,一级行政执法员（一） | 一级行政执法员（二） | 一级行政执法员（一）,财政学类、金融学类、财会审计类、公共管理类 | 财政学类、金融学类、财会审计类、公共管理类 | 财政学类、金融学类、财会审计类、公共管理类
郑州铁路公安处基层所队民警,岗位标签,title_or_tag,6,6,government:6,job_2e829187abd9070bb2dc;job_5c4a999d4f4c93b3d3aa;job_5c94d2e9c8a44bf7bff8,郑州铁路公安处基层所队民警 | 郑州铁路公安处基层所队民警 | 郑州铁路公安处基层所队民警,郑州铁路公安处基层所队民警 | 郑州铁路公安处基层所队民警 | 郑州铁路公安处基层所队民警
采矿工程,岗位标签,title_or_tag,6,6,government:6,job_f8f65b4f62bc65b50d76;job_9bfcb34e4af5c60cc17b;job_2cbb2d2772760ec7f24c,监察执法处一级主任科员及以下 | 监察执法处一级主任科员及以下 | 监察执法处三级主任科员及以下职位,采矿工程 | 采矿工程 | 采矿工程
金融学类、工商管理类、农业经济管理类,岗位标签,title_or_tag,6,6,government:6,job_7562e2e7d97fa8aa4914;job_7ecdc1d9f2cdbc704094;job_3bc3052f909bc55c74a2,一级行政执法员（五） | 一级行政执法员（六） | 一级行政执法员（四）,金融学类、工商管理类、农业经济管理类 | 金融学类、工商管理类、农业经济管理类 | 金融学类、工商管理类、农业经济管理类
金融学类、经济与贸易类,岗位标签,title_or_tag,6,6,government:6,job_e162bdc83c2e53438b2c;job_3a4772497a4d6dd3c58d;job_13f5dcee6d19897d7547,一级行政执法员（一） | 一级行政执法员（五） | 一级行政执法员（六）,金融学类、经济与贸易类 | 金融学类、经济与贸易类 | 金融学类、经济与贸易类
防汛办公室一级主任科员及以下,岗位标签,title_or_tag,6,6,government:6,job_57e3e23d75af86ccd805;job_43007b171c67d715dbaa;job_446df41f56bb9ef3e54a,防汛办公室一级主任科员及以下 | 防汛办公室一级主任科员及以下 | 防汛办公室一级主任科员及以下,防汛办公室一级主任科员及以下 | 防汛办公室一级主任科员及以下 | 防汛办公室一级主任科员及以下
阿拉伯语,岗位标签,title_or_tag,6,6,government:6,job_389ed0defe2a8fff8897;job_ba9acabacd78230e7749;job_6ecfac70032afff97f06,阿拉伯语翻译 | 阿拉伯语 | 一级主任科员及以下,阿拉伯语 | 阿拉伯语 | 阿拉伯语
食品监管四级主办及以下（一）,岗位标签,title_or_tag,6,6,government:6,job_2b617ac5d7736bc997c2;job_2e01143a7d53af3c6439;job_9006c9e232441e5caab3,食品监管四级主办及以下（一） | 食品监管四级主办及以下（一） | 食品监管四级主办及以下（一）,食品监管四级主办及以下（一） | 食品监管四级主办及以下（一） | 食品监管四级主办及以下（一）
食品监管四级主办及以下（二）,岗位标签,title_or_tag,6,6,government:6,job_04c0e31da9331676609e;job_484db94b460a1d222089;job_78ecbaf55b329c0e85e5,食品监管四级主办及以下（二） | 食品监管四级主办及以下（二） | 食品监管四级主办及以下（二）,食品监管四级主办及以下（二） | 食品监管四级主办及以下（二） | 食品监管四级主办及以下（二）
0257审计,自动短语,auto_phrase,5,5,government:5,job_8d82b4af73bb11412f4e;job_72c04861e54d3f8f6164;job_2b1cf487e447491a4061,满洲里出入境边防检查站一级警长及以下（七） | 二连出入境边防检查站一级警长及以下（六） | 策克出入境边防检查站一级警长及以下（五）,公务员/事业单位；本科及以上；与最高学历相对应的学位；研究生：020203财政学、020204/0251金融学、0257审计、120201/1253会计学。本科：0201经济学类、0202财政学类、0203金融学类、120203K会计学、120207审计学、120218T内部审计。；行政执法类 | 公务员/事业单位；本科及以上；与最高学历相对应的学位；研究生：020203财政学、020204/0251金融学、0257审计、120201/1253会计学。本科：0201经济学类、0202财政学类、0203金融学类、120203K会计学、120207审计学、120218T内部审计。；行政执法类 | 公务员/事业单位；本科及以上；与最高学历相对应的学位；研究生：020203财政学、020204/0251金融学、0257审计、120201/1253会计学。本科：0201经济学类、0202财政学类、0203金融学类、120203K会计学、120207审计学、120218T内部审计。；行政执法类
035102法律,自动短语,auto_phrase,5,5,government:5,job_535b908c4eb6907ae470;job_ea4972d45c6bd0a6b622;job_c75950275aa5958c9cb8,法务管理岗位一级主任科员及以下 | 南宁出入境边防检查站一级警长及以下（二） | 桂林出入境边防检查站一级警长及以下（三）,公务员/事业单位；仅限硕士研究生；硕士；030105民商法、030103宪法学与行政法学、035102法律（法学）；中央机关及其省级直属机构综合管理类 | 公务员/事业单位；硕士研究生及以上；与最高学历相对应的学位；0301法学（行政法、刑法、国际法方向），035102法律（法学）；行政执法类 | 公务员/事业单位；硕士研究生及以上；与最高学历相对应的学位；0301法学（行政法、刑法、国际法方向），035102法律（法学）；行政执法类
120109T工程审计,自动短语,auto_phrase,5,5,government:5,job_5ffd2af4a5f8294edb96;job_f4c2ab1c308d88d55b59;job_1c9ede55677da8a75caf,行政管理处一级主任科员及以下 | 策克出入境边防检查站一级警长及以下（七） | 呼伦贝尔边境管理支队一级警长及以下（七）,公务员/事业单位；仅限硕士研究生；硕士；本科：081001土木工程、120103工程管理、120105工程造价、120109T工程审计；研究生：0814土木工程、0859土木水利、1201管理科学与工程、1256工程管理；中央机关及其省级直属机构综合管理类 | 公务员/事业单位；本科及以上；与最高学历相对应的学位；研究生：0813/0851建筑学、130501设计学、0814/085213/085901土木工程。本科：0810土木类、081802交通工程、082801建筑学、120105工程造价、130503环境设计、120109T工程审计。；行政执法类 | 公务员/事业单位；本科及以上；与最高学历相对应的学位；研究生：0813/0851建筑学、130501设计学、0814/085213/085901土木工程。本科：0810土木类、081802交通工程、082801建筑学、120105工程造价、130503环境设计、120109T工程审计。；行政执法类
1202工商管理学（财务管理、会计学、审计学）、1253会计、1257审计,岗位标签,title_or_tag,5,5,government:5,job_f7d2526c99c124538ed3;job_fc275773053adbc91bbd;job_28bfb2bc55bb574f27aa,七处一级警长及以下 | 财会部门一级主任科员及以下 | 财会部门一级主任科员及以下,1202工商管理学（财务管理、会计学、审计学）、1253会计、1257审计 | 1202工商管理学（财务管理、会计学、审计学）、1253会计、1257审计 | 1202工商管理学（财务管理、会计学、审计学）、1253会计、1257审计
一级行政执法员（十四）,岗位标签,title_or_tag,5,5,government:5,job_45cfdd7d1d2eeceae9a3;job_c5a66493f692cea55a20;job_fca27c8cacef59d7e0c0,一级行政执法员（十四） | 一级行政执法员（十四） | 一级行政执法员（十四）,一级行政执法员（十四） | 一级行政执法员（十四） | 一级行政执法员（十四）
业务管理科一级主任科员及以下,岗位标签,title_or_tag,5,5,government:5,job_64313fb120b074337430;job_93768a9c8a0fe7c48cab;job_60b14abad3d39023565a,业务管理科一级主任科员及以下 | 业务管理科一级主任科员及以下 | 业务管理科一级主任科员及以下,业务管理科一级主任科员及以下 | 业务管理科一级主任科员及以下 | 业务管理科一级主任科员及以下
主要从事信息数据和风险管理,数据工程,auto_phrase,5,5,government:5,job_f4e9ee99b150ae76e23e;job_07f28c2cc547aaefff61;job_a4de17a9eebb1e522236,专业技术员（一） | 专业技术员（二） | 专业技术员（三）,职位简介：主要从事信息数据和风险管理相关工作 | 职位简介：主要从事信息数据和风险管理相关工作 | 职位简介：主要从事信息数据和风险管理相关工作
从事海关口岸一线财务管理,项目管理,auto_phrase,5,5,government:5,job_af71c89be39cf8090c24;job_fd926500e35d635b6efd;job_cccd22f158bf2405dc47,财务管理四级主办及以下 | 财务管理一级行政执法员 | 财务管理四级主办及以下,职位简介：从事海关口岸一线财务管理工作 | 职位简介：从事海关口岸一线财务管理工作 | 职位简介：从事海关口岸一线财务管理工作
从事海关进出境食品检验监管,自动短语,auto_phrase,5,5,government:5,job_0834398b0d62b20016e4;job_b5e1f8e9c415350576d9;job_a54eda5fc72e28f4422f,食品检验四级主办及以下 | 食品检验四级主办及以下 | 食品检验一级行政执法员,职位简介：从事海关进出境食品检验监管及查验工作 | 职位简介：从事海关进出境食品检验监管及查验工作 | 职位简介：从事海关进出境食品检验监管及查验工作
以本科专业报考：030101K法学；以研究生专业报考：0301法学、0351法律,岗位标签,title_or_tag,5,5,government:5,job_19c4fd801d681b92f075;job_15bfceb6e55804c74ca4;job_f21242427dbd8a673828,监管部门一级主任科员及以下 | 法规部门一级主任科员及以下 | 法规部门一级主任科员及以下,以本科专业报考：030101K法学；以研究生专业报考：0301法学、0351法律 | 以本科专业报考：030101K法学；以研究生专业报考：0301法学、0351法律 | 以本科专业报考：030101K法学；以研究生专业报考：0301法学、0351法律
以本科专业报考：经济学；以研究生专业报考：02经济学,岗位标签,title_or_tag,5,5,government:5,job_fdfd032066defb97359f;job_1c5d768ee99f9d494576;job_0fe6496a140e059c797f,监管部门一级主任科员及以下 | 监管部门一级主任科员及以下 | 监管部门一级主任科员及以下,以本科专业报考：经济学；以研究生专业报考：02经济学 | 以本科专业报考：经济学；以研究生专业报考：02经济学 | 以本科专业报考：经济学；以研究生专业报考：02经济学
传播学专业,自动短语,auto_phrase,5,5,government:5,job_e97530aac0ecda4599d6;job_6cba3e2bb700e9581b28;job_d8beefb61082b82f53e2,祥符调查队一级科员 | 叶县调查队一级科员 | 原阳调查队一级科员,公务员/事业单位；仅限本科；学士；统计学类（不含生物统计学）、经济学类（非经济学大类，不含资源与环境经济学、商务经济学、经济工程）、数学类（不含数理基础科学)，汉语言文学、汉语言、新闻学、传播学专业；市（地）级及以下直属机构综合管理类 | 公务员/事业单位；仅限本科；学士；统计学类（不含生物统计学）、经济学类（非经济学大类，不含资源与环境经济学、商务经济学、经济工程）、数学类（不含数理基础科学)，社会学、社会工作、汉语言文学、新闻学、传播学专业；市（地）级及以下直属机构综合管理类 | 公务员/事业单位；仅限本科；学士；统计学类（不含生物统计学）、经济学类（非经济学大类，不含资源与环境经济学、商务经济学、经济工程）、数学类（不含数理基础科学)、计算机类（不含电影制作、服务科学与工程、虚拟现实技术、区块链工程），汉语言文学、新闻学、传播学专业；市（地）级及以下直属机构综合管理类
侦查学、经济犯罪侦查、公安情报学,岗位标签,title_or_tag,5,5,government:5,job_2477b9a4f4b508eaf235;job_283d6ff8692568d9af1e;job_8872828deab6ce7b640b,稽查一级行政执法员 | 稽查一级行政执法员 | 稽查一级行政执法员,侦查学、经济犯罪侦查、公安情报学 | 侦查学、经济犯罪侦查、公安情报学 | 侦查学、经济犯罪侦查、公安情报学
保险学,岗位标签,title_or_tag,5,5,government:5,job_10e1fad630129ea6ea6d;job_d3ede513e4dd27098d6e;job_5b292464a97e5b9cb1dc,监管部门一级主任科员及以下 | 监管部门一级主任科员及以下 | 监管部门一级主任科员及以下,保险学 | 保险学 | 保险学
公共管理类专业,项目管理,auto_phrase,5,5,government:5,job_1f60c8549aaac67463d5;job_a3ac79f43b17e2d2c244;job_1e9682519713ff3169df,综合部门一级主任科员及以下 | 综合部门一级主任科员及以下 | 综合部门一级主任科员及以下,公务员/事业单位；仅限本科；学士；经济学门类专业、法学（仅限专业代码030101K）、工商管理类专业、公共管理类专业；市（地）级及以下直属机构综合管理类 | 公务员/事业单位；仅限本科；学士；经济学门类专业、法学（仅限专业代码030101K）、工商管理类专业、公共管理类专业；市（地）级及以下直属机构综合管理类 | 公务员/事业单位；仅限本科；学士；经济学门类专业、法学（仅限专业代码030101K）、工商管理类专业、公共管理类专业；市（地）级及以下直属机构综合管理类
兰州铁路公安处基层所队民警,岗位标签,title_or_tag,5,5,government:5,job_3b2f26ad8ea4c89a71d0;job_f823fbde777da552f396;job_d806a75acb8126cbcb02,兰州铁路公安处基层所队民警 | 兰州铁路公安处基层所队民警 | 兰州铁路公安处基层所队民警,兰州铁路公安处基层所队民警 | 兰州铁路公安处基层所队民警 | 兰州铁路公安处基层所队民警
办公宣传四级主办及以下,岗位标签,title_or_tag,5,5,government:5,job_f10de2181a37ec1328cc;job_bf6dfc10cf0898273656;job_511fde698db7c69bf213,办公宣传四级主办及以下 | 办公宣传四级主办及以下 | 办公宣传四级主办及以下,办公宣传四级主办及以下 | 办公宣传四级主办及以下 | 办公宣传四级主办及以下
动物检疫监管一级行政执法员,岗位标签,title_or_tag,5,5,government:5,job_ba5c60be2bf4efada0fa;job_3fe7a14bc4d323bc041b;job_ede98c3a9dcea31b67a0,动物检疫监管一级行政执法员 | 动物检疫监管一级行政执法员 | 动物检疫监管一级行政执法员,动物检疫监管一级行政执法员 | 动物检疫监管一级行政执法员 | 动物检疫监管一级行政执法员
动物检疫等进出境行李物品监管,自动短语,auto_phrase,5,5,government:5,job_73b712b29fc056d07165;job_0163d7b71d74ac3e2380;job_cf3e4502debf24e2e56b,动物检疫四级主办及以下（二） | 动物检疫四级主办及以下（三） | 动物检疫四级主办及以下（四）,职位简介：从事海关动物检疫等进出境行李物品监管、货物查验监管、运输工具监管相关工作 | 职位简介：从事海关动物检疫等进出境行李物品监管、货物查验监管、运输工具监管相关工作 | 职位简介：从事海关动物检疫等进出境行李物品监管、货物查验监管、运输工具监管相关工作
化学、应用化学、化学工程与工艺、材料化学、材料科学与工程、化学生物学、能源化学,岗位标签,title_or_tag,5,5,government:5,job_1f7d7baadfe7d28e7f01;job_29d269d8cc5841f6ecb7;job_a60b1acbe5ab570c6a9e,商品检验监管一级行政执法员（一） | 商品检验监管一级行政执法员（二） | 商品检验监管一级行政执法员,化学、应用化学、化学工程与工艺、材料化学、材料科学与工程、化学生物学、能源化学 | 化学、应用化学、化学工程与工艺、材料化学、材料科学与工程、化学生物学、能源化学 | 化学、应用化学、化学工程与工艺、材料化学、材料科学与工程、化学生物学、能源化学
化工及化矿产品检验监管,产品运营,auto_phrase,5,5,government:5,job_1f7d7baadfe7d28e7f01;job_29d269d8cc5841f6ecb7;job_a60b1acbe5ab570c6a9e,商品检验监管一级行政执法员（一） | 商品检验监管一级行政执法员（二） | 商品检验监管一级行政执法员,职位简介：从事海关口岸一线货物查验、化工及化矿产品检验监管工作 | 职位简介：从事海关口岸一线货物查验、化工及化矿产品检验监管工作 | 职位简介：从事海关口岸一线货物查验、化工及化矿产品检验监管工作
化工监管一级行政执法员（一）,岗位标签,title_or_tag,5,5,government:5,job_d8286604efb99cef5f21;job_337237935768b763ad63;job_9394f99313d2cb816d16,化工监管一级行政执法员（一） | 化工监管一级行政执法员（一） | 化工监管一级行政执法员（一）,化工监管一级行政执法员（一） | 化工监管一级行政执法员（一） | 化工监管一级行政执法员（一）
化工监管一级行政执法员（二）,岗位标签,title_or_tag,5,5,government:5,job_68ba04be524d0e1fd086;job_58814c23e3a9533981fc;job_f2510b2a161dd9886bb3,化工监管一级行政执法员（二） | 化工监管一级行政执法员（二） | 化工监管一级行政执法员（二）,化工监管一级行政执法员（二） | 化工监管一级行政执法员（二） | 化工监管一级行政执法员（二）
国少数民族语言文学专业,自动短语,auto_phrase,5,5,government:5,job_20e536b98fe396221217;job_31ecb08ea4625b2978cd;job_af692d6a167eea25c09b,尉氏调查队一级科员（1） | 长葛调查队一级科员 | 舞阳调查队一级科员,公务员/事业单位；仅限本科；学士；统计学类、经济学类、财政学类、金融学类、经济与贸易类、数学类、计算机类、新闻传播学类、植物生产类、动物生产类、社会学类、工商管理类、中国语言文学类（不含汉语国际教育、手语翻译、中国少数民族语言文学专业）、马克思主义理论类；市（地）级及以下直属机构综合管理类 | 公务员/事业单位；仅限本科；学士；统计学类（不含生物统计学）、经济学类（非经济学大类，不含资源与环境经济学、商务经济学、经济工程）、中国语言文学类（不含汉语国际教育、手语翻译、中国少数民族语言文学专业）；市（地）级及以下直属机构综合管理类 | 公务员/事业单位；仅限本科；学士；统计学类、经济学类、财政学类、金融学类、经济与贸易类、数学类、计算机类、新闻传播学类、植物生产类、动物生产类、社会学类、工商管理类、中国语言文学类（不含汉语国际教育、手语翻译、中国少数民族语言文学专业）、马克思主义理论类；市（地）级及以下直属机构综合管理类
国现当代文学专业,自动短语,auto_phrase,5,5,government:5,job_f392426f1e02a8ec290b;job_57f9dc1e1792f96a6c10;job_3a79e021739a127c37f6,驻马店调查队业务科室四级主任科员及以下 | 办公室一级主任科员及以下 | 办公室一级主任科员及以下,公务员/事业单位；本科或硕士研究生；与最高学历相对应的学位；本科：统计学类（不含生物统计学）、数学类（不含数理基础科学)，汉语言文学专业；研究生：统计学、应用统计、数学，语言学及应用语言学专业、中国现当代文学专业、汉语言文字学专业；市（地）级及以下直属机构综合管理类 | 公务员/事业单位；硕士研究生及以上；与最高学历相对应的学位；气象类；语言学及应用语言学专业、中国现当代文学专业、秘书学专业；中央机关及其省级直属机构综合管理类 | 公务员/事业单位；硕士研究生及以上；与最高学历相对应的学位；气象类；语言学及应用语言学专业、中国现当代文学专业、秘书学专业；市（地）级及以下直属机构综合管理类
基层单位一级行政执法员,岗位标签,title_or_tag,5,5,government:5,job_e2fa0d8974770bb43b8a;job_78db6f1d7d0063abc9ca;job_a4bfc293cd6255c2eafd,基层单位一级行政执法员 | 基层单位一级行政执法员 | 基层单位一级行政执法员,基层单位一级行政执法员 | 基层单位一级行政执法员 | 基层单位一级行政执法员
大气科学、气象学、大气物理学与大气环境、应用气象学,岗位标签,title_or_tag,5,5,government:5,job_034883ee37885d743656;job_2337cfc35c758230382e;job_9bc88b237a481a0d6830,综合办公室（财务科）一级主任科员及以下 | 综合办公室一级主任科员及以下 | 业务科技与服务管理科（政策法规科）业务管理四级主任科员及以下,大气科学、气象学、大气物理学与大气环境、应用气象学 | 大气科学、气象学、大气物理学与大气环境、应用气象学 | 大气科学、气象学、大气物理学与大气环境、应用气象学
安全工程,岗位标签,title_or_tag,5,5,government:5,job_3977b118bad9ec330c58;job_db01f59df6d63fff91de;job_45242b552a2c1d56a855,监察执法处三级主任科员及以下 | 监察执法处一级主任科员及以下 | 监察执法处三级主任科员及以下,安全工程 | 安全工程 | 安全工程
工商管理类专业,项目管理,auto_phrase,5,5,government:5,job_1f60c8549aaac67463d5;job_a3ac79f43b17e2d2c244;job_1e9682519713ff3169df,综合部门一级主任科员及以下 | 综合部门一级主任科员及以下 | 综合部门一级主任科员及以下,公务员/事业单位；仅限本科；学士；经济学门类专业、法学（仅限专业代码030101K）、工商管理类专业、公共管理类专业；市（地）级及以下直属机构综合管理类 | 公务员/事业单位；仅限本科；学士；经济学门类专业、法学（仅限专业代码030101K）、工商管理类专业、公共管理类专业；市（地）级及以下直属机构综合管理类 | 公务员/事业单位；仅限本科；学士；经济学门类专业、法学（仅限专业代码030101K）、工商管理类专业、公共管理类专业；市（地）级及以下直属机构综合管理类
市场监管处一级主任科员及以下,岗位标签,title_or_tag,5,5,government:5,job_68bafc128ce8ecf9f4dc;job_79f8aefe6ec317775de8;job_2322946733072d958f34,市场监管处一级主任科员及以下 | 市场监管处一级主任科员及以下 | 市场监管处一级主任科员及以下,市场监管处一级主任科员及以下 | 市场监管处一级主任科员及以下 | 市场监管处一级主任科员及以下
建设与运行管理处一级主任科员及以下,岗位标签,title_or_tag,5,5,government:5,job_daf4e93e9407a0c6a116;job_aa3704afe627fe56b513;job_c56a3857375888f8c1be,建设与运行管理处一级主任科员及以下 | 建设与运行管理处一级主任科员及以下 | 建设与运行管理处一级主任科员及以下,建设与运行管理处一级主任科员及以下 | 建设与运行管理处一级主任科员及以下 | 建设与运行管理处一级主任科员及以下
怀化铁路公安处基层所队民警,岗位标签,title_or_tag,5,5,government:5,job_3a7a7cc4f85e0a3a502f;job_d65ddbc7b27d6f86bd32;job_ea8574d0eb19af9533d7,怀化铁路公安处基层所队民警 | 怀化铁路公安处基层所队民警 | 怀化铁路公安处基层所队民警,怀化铁路公安处基层所队民警 | 怀化铁路公安处基层所队民警 | 怀化铁路公安处基层所队民警
情报技术处一级警长及以下,岗位标签,title_or_tag,5,5,government:5,job_19f3dfd5aad2cf48adf7;job_25fe40f40f796908a792;job_f369aef5dff9eb934b11,情报技术处一级警长及以下 | 情报技术处一级警长及以下 | 情报技术处一级警长及以下,情报技术处一级警长及以下 | 情报技术处一级警长及以下 | 情报技术处一级警长及以下
政策法规处一级主任科员及以下,岗位标签,title_or_tag,5,5,government:5,job_a8941a401d26023c5be4;job_2ca2be1a6861daa044bc;job_3fda9d9d0c2c1999bd1f,政策法规处一级主任科员及以下 | 政策法规处一级主任科员及以下 | 政策法规处一级主任科员及以下,政策法规处一级主任科员及以下 | 政策法规处一级主任科员及以下 | 政策法规处一级主任科员及以下
数学类、地理科学类、统计学类、电子信息类、计算机类、测绘类,岗位标签,title_or_tag,5,5,government:5,job_311eac746229ccd153a8;job_b0b286f4d00eba33b721;job_e3991ca4c054e45b45ae,一级行政执法员（五） | 一级行政执法员（五） | 一级行政执法员（三）,数学类、地理科学类、统计学类、电子信息类、计算机类、测绘类 | 数学类、地理科学类、统计学类、电子信息类、计算机类、测绘类 | 数学类、地理科学类、统计学类、电子信息类、计算机类、测绘类
数学类、物理学类、化学类,岗位标签,title_or_tag,5,5,government:5,job_8c7090c416cc0c60d6ee;job_4b93ac955139da772fc9;job_801077c11ae51d168d52,一级行政执法员（二） | 一级行政执法员（四） | 一级行政执法员（三）,数学类、物理学类、化学类 | 数学类、物理学类、化学类 | 数学类、物理学类、化学类
数学类、物理学类、统计学类、电子信息类、自动化类、计算机类,岗位标签,title_or_tag,5,5,government:5,job_0936531e5d1ebcb2ef4e;job_bf9bb7352f41c92586eb;job_08e9be4a3b89eb85b9da,一级行政执法员（四） | 一级行政执法员（三） | 一级行政执法员（四）,数学类、物理学类、统计学类、电子信息类、自动化类、计算机类 | 数学类、物理学类、统计学类、电子信息类、自动化类、计算机类 | 数学类、物理学类、统计学类、电子信息类、自动化类、计算机类
数学类、统计学类、机械类、计算机类,岗位标签,title_or_tag,5,5,government:5,job_67a6337636c48f6a8d94;job_a9406111dfd354823f0e;job_f95bec0f0a31e3f34813,一级行政执法员（三） | 一级行政执法员（八） | 一级行政执法员（九）,数学类、统计学类、机械类、计算机类 | 数学类、统计学类、机械类、计算机类 | 数学类、统计学类、机械类、计算机类
数学类、统计学类、计算机类、电子信息类、材料类,岗位标签,title_or_tag,5,5,government:5,job_48f61cc03c3d8607b983;job_4da513684003be479d0c;job_8b528de4bb75239a3d45,一级行政执法员（三） | 一级行政执法员 | 一级行政执法员,数学类、统计学类、计算机类、电子信息类、材料类 | 数学类、统计学类、计算机类、电子信息类、材料类 | 数学类、统计学类、计算机类、电子信息类、材料类
数学类、计算机类、交通运输类,岗位标签,title_or_tag,5,5,government:5,job_ce958794caec7d38646e;job_4c0cd44d1252baf6882b;job_f78fcf97c2731349538e,一级行政执法员（一） | 一级行政执法员（二） | 一级行政执法员（一）,数学类、计算机类、交通运输类 | 数学类、计算机类、交通运输类 | 数学类、计算机类、交通运输类
数据分析（统计分析应用类）四级主办及以下,岗位标签,title_or_tag,5,5,government:5,job_b2bd47e25b9f32d3b673;job_662971c838c462cf6259;job_13088460d575bf44e435,数据分析（统计分析应用类）四级主办及以下 | 数据分析（统计分析应用类）四级主办及以下 | 数据分析（统计分析应用类）四级主办及以下,数据分析（统计分析应用类）四级主办及以下 | 数据分析（统计分析应用类）四级主办及以下 | 数据分析（统计分析应用类）四级主办及以下
本科：会计学（120203K）、财务管理（120204）；研究生：会计,岗位标签,title_or_tag,5,5,government:5,job_c2583d58bffa98c87d0e;job_4d3eaae019ee87a0317c;job_043261b9b15b4e4725c4,稽核查监管四级主办及以下（一） | 稽核查监管四级主办及以下（二） | 稽核查监管四级主办及以下（三）,本科：会计学（120203K）、财务管理（120204）；研究生：会计 | 本科：会计学（120203K）、财务管理（120204）；研究生：会计 | 本科：会计学（120203K）、财务管理（120204）；研究生：会计
本科：化学类、化工与制药类； 研究生：化学、化学工程与技术,岗位标签,title_or_tag,5,5,government:5,job_0b14cf0427a014e49200;job_615b9edea3824d7859cd;job_7e820c2e6d9e4b305cb5,化工监管四级主办及以下 | 化工监管四级主办及以下 | 化工监管四级主办及以下,本科：化学类、化工与制药类； 研究生：化学、化学工程与技术 | 本科：化学类、化工与制药类； 研究生：化学、化学工程与技术 | 本科：化学类、化工与制药类； 研究生：化学、化学工程与技术
机场处一级主任科员及以下,岗位标签,title_or_tag,5,5,government:5,job_ce39f4bc78d445aa8630;job_71e62e610b3f0556102e;job_c50241d14bf3ca9d43bc,机场处一级主任科员及以下 | 机场处一级主任科员及以下 | 机场处一级主任科员及以下,机场处一级主任科员及以下 | 机场处一级主任科员及以下 | 机场处一级主任科员及以下
机械工程、机械设计制造及其自动化、机械电子工程,岗位标签,title_or_tag,5,5,government:5,job_0f94ecfb7f1c801238bc;job_53b4ca74e996d753e15a;job_69c1800524c6f22920f2,科技管理（机械自动化类）四级主办及以下 | 关税管理（机械自动化类）四级主管及以下 | 科技管理（机械自动化类）四级主办及以下,机械工程、机械设计制造及其自动化、机械电子工程 | 机械工程、机械设计制造及其自动化、机械电子工程 | 机械工程、机械设计制造及其自动化、机械电子工程
查验二级主办及以下,岗位标签,title_or_tag,5,5,government:5,job_73e756761bf5cae40602;job_348f75fd37084ee196d8;job_1c03bda8250b5608cb87,查验二级主办及以下 | 查验二级主办及以下 | 查验二级主办及以下,查验二级主办及以下 | 查验二级主办及以下 | 查验二级主办及以下
格尔木铁路公安处基层所队民警,岗位标签,title_or_tag,5,5,government:5,job_fcc0985be3631e26fdf1;job_6c4b3021c17ea2d11b87;job_77d08e7897a69eb58340,格尔木铁路公安处基层所队民警 | 格尔木铁路公安处基层所队民警 | 格尔木铁路公安处基层所队民警,格尔木铁路公安处基层所队民警 | 格尔木铁路公安处基层所队民警 | 格尔木铁路公安处基层所队民警
植物检疫监管,自动短语,auto_phrase,5,5,government:5,job_716c0b26f9fcc118444b;job_6f04dd26e02a29aac980;job_88be4a7b4ab2a261e1d1,检疫监管四级主办及以下 | 植物检疫监管四级主办及以下 | 植物检疫监管一级行政执法员,职位简介：从事海关口岸一线卫生检疫、植物检疫监管等工作 | 植物检疫监管四级主办及以下 | 植物检疫监管一级行政执法员
武威铁路公安处基层所队民警,岗位标签,title_or_tag,5,5,government:5,job_7c42e70352d3c84d6186;job_9cce70b5d8c4e4fe149a;job_4f46e8f4126d866e293a,武威铁路公安处基层所队民警 | 武威铁路公安处基层所队民警 | 武威铁路公安处基层所队民警,武威铁路公安处基层所队民警 | 武威铁路公安处基层所队民警 | 武威铁路公安处基层所队民警
水旱灾害防御处一级主任科员及以下,岗位标签,title_or_tag,5,5,government:5,job_d9b54a852a50aef37df2;job_e954451e3e336c451c91;job_388e9773d8f53ac9202b,水旱灾害防御处一级主任科员及以下 | 水旱灾害防御处一级主任科员及以下 | 水旱灾害防御处一级主任科员及以下,水旱灾害防御处一级主任科员及以下 | 水旱灾害防御处一级主任科员及以下 | 水旱灾害防御处一级主任科员及以下
汉语言文学、新闻学、传播学、网络与新媒体,岗位标签,title_or_tag,5,5,government:5,job_f10de2181a37ec1328cc;job_bf6dfc10cf0898273656;job_ebde4c1d5f9b18e4bc22,办公宣传四级主办及以下 | 办公宣传四级主办及以下 | 办公宣传一级行政执法员,汉语言文学、新闻学、传播学、网络与新媒体 | 汉语言文学、新闻学、传播学、网络与新媒体 | 汉语言文学、新闻学、传播学、网络与新媒体
法学0301、法律,岗位标签,title_or_tag,5,5,government:5,job_e2a771c8317431f5736c;job_3d185a91cf202a46231c;job_25e54645c1b3777f9cec,八所边检站一级警长及以下 | 美兰边检站一级警长及以下（五） | 洋浦边检站一级警长及以下（一）,法学0301、法律 | 法学0301、法律 | 法学0301、法律
法学、法律、化学类、电子信息类,岗位标签,title_or_tag,5,5,government:5,job_a8519102fe999eba974b;job_d3a7dddfe43b7fc6ed25;job_b8b1aeb1c421e0209ea2,一级行政执法员（四） | 一级行政执法员（三） | 一级行政执法员（四）,法学、法律、化学类、电子信息类 | 法学、法律、化学类、电子信息类 | 法学、法律、化学类、电子信息类
法学专业,自动短语,auto_phrase,5,5,government:5,job_924324061be36f1adaab;job_8cb21c63623923f51cd9;job_13f701431b4252f5701d,综合处一级主任科员及以下 | 综合处（体育卫生处）一级主任科员及以下 | 稽查处一级主任科员及以下,公务员/事业单位；本科及以上；与最高学历相对应的学位；本科：0201经济学类、0203金融学类，法学专业、社会学专业、民族学专业、信息管理与信息系统专业、保密管理专业。硕士研究生：0201理论经济学类、0202应用经济学类、0251金融类，法学专业、社会学专业、民族学专业、信息资源管理专业。；中央机关及其省级直属机构综合管理类 | 公务员/事业单位；本科或硕士研究生；与最高学历相对应的学位；本科：0808自动化类、0809计算机类，行政管理专业、法学专业。硕士研究生：0301法学类、0812计算机科学与技术类，行政管理专业。；中央机关及其省级直属机构综合管理类 | 法学专业
法学类、中国语言文学类、财会审计类、计算机类,岗位标签,title_or_tag,5,5,government:5,job_491a16738166a1b7e007;job_1e1b1b9b60ed1901352b;job_d542846bcbd5e9c1e8d9,一级行政执法员（六） | 一级行政执法员（六） | 一级行政执法员（七）,法学类、中国语言文学类、财会审计类、计算机类 | 法学类、中国语言文学类、财会审计类、计算机类 | 法学类、中国语言文学类、财会审计类、计算机类
法学类、中国语言文学类、财政学类、工商管理类,岗位标签,title_or_tag,5,5,government:5,job_3b40893d15a08e720974;job_69de33b0f3d2b71c3dd7;job_87a4d37eebadcd98f880,一级行政执法员（四） | 一级行政执法员（六） | 一级行政执法员（六）,法学类、中国语言文学类、财政学类、工商管理类 | 法学类、中国语言文学类、财政学类、工商管理类 | 法学类、中国语言文学类、财政学类、工商管理类
法学类、政治学类,岗位标签,title_or_tag,5,5,government:5,job_ba2701275c54613694f5;job_349758aaf24422648c08;job_5e174cce7216dd225e30,一级行政执法员（三） | 一级行政执法员（四） | 一级行政执法员（三）,法学类、政治学类 | 法学类、政治学类 | 法学类、政治学类
法学类、新闻传播学类、经济学类、工商管理类、数学类、电子信息类、计算机类,岗位标签,title_or_tag,5,5,government:5,job_8dfff9918e93199a120f;job_a4c68bfb0f653d024841;job_7dc09937bbabfd8ea1d0,一级行政执法员（四） | 一级行政执法员（九） | 一级行政执法员（八）,法学类、新闻传播学类、经济学类、工商管理类、数学类、电子信息类、计算机类 | 法学类、新闻传播学类、经济学类、工商管理类、数学类、电子信息类、计算机类 | 法学类、新闻传播学类、经济学类、工商管理类、数学类、电子信息类、计算机类
法学类、新闻传播学类、英语相关专业,岗位标签,title_or_tag,5,5,government:5,job_f383aa950e5c81ab2348;job_68e06d8d91938ebd2e67;job_99515b92808728626300,一级行政执法员（二） | 一级行政执法员（一） | 一级行政执法员（二）,法学类、新闻传播学类、英语相关专业 | 法学类、新闻传播学类、英语相关专业 | 法学类、新闻传播学类、英语相关专业
法学类、社会学类、新闻传播学类,岗位标签,title_or_tag,5,5,government:5,job_9289def14934e13eabb7;job_e7d2d5c0ce392d2ebd0e;job_9e10bed4b5843d2a8fdc,一级主办及以下（九） | 一级主办及以下（十） | 一级行政执法员（一）,法学类、社会学类、新闻传播学类 | 法学类、社会学类、新闻传播学类 | 法学类、社会学类、新闻传播学类
海关稽查专业,自动短语,auto_phrase,5,5,government:5,job_c6cbcd5515f5e9c3a85b;job_a4c1a52bcb89e72b66c0;job_4b01b13e7efbb2c1113e,锦州调查队综合科室一级科员 | 黑山调查队一级科员 | 建平调查队一级科员（1）,公务员/事业单位；仅限本科；学士；工商管理类（不含物业管理、文化产业管理、劳动关系、体育经济与管理、零售业管理、创业管理、海关稽查专业）；市（地）级及以下直属机构综合管理类 | 公务员/事业单位；仅限本科；学士；经济与贸易类、工商管理类（不含物业管理、文化产业管理、劳动关系、体育经济与管理、零售业管理、创业管理、海关稽查专业）；市（地）级及以下直属机构综合管理类 | 公务员/事业单位；仅限本科；学士；工商管理类（不含市场营销、物业管理、文化产业管理、劳动关系、体育经济与管理、市场营销教育、零售业管理、创业管理、海关稽查专业）、统计学类（不含生物统计学专业）；市（地）级及以下直属机构综合管理类
现场查验等海关口岸一线监管,自动短语,auto_phrase,5,5,government:5,job_d6d0e7171e92a1d4cb2c;job_fe32c8da5ab80a163c75;job_3001242f4de5c0ce0ea4,海关业务二级主办及以下（一） | 海关业务二级主办及以下（二） | 监管一级行政执法员（一）,职位简介：从事货物查验、现场查验等海关口岸一线监管工作 | 职位简介：从事货物查验、现场查验等海关口岸一线监管工作 | 职位简介：从事货物查验、现场查验等海关口岸一线监管工作
理学类、工学类,岗位标签,title_or_tag,5,5,government:5,job_118f08a075c645f5f57b;job_e0135aeb9450a259bac8;job_36799dbbe256bcca8192,业务司局岗位（一级主任科员及以下） | 一级行政执法员（一） | 一级行政执法员（二）,理学类、工学类 | 理学类、工学类 | 理学类、工学类
理论经济学、应用经济学、金融、应用统计、税务、保险、数字经济、统计学,岗位标签,title_or_tag,5,5,government:5,job_c337af00d01d27b2f1c4;job_5c47d446a05317873e8c;job_c053f33603d756b3aa98,监管部门一级主任科员及以下 | 监管部门一级主任科员及以下 | 监管部门一级主任科员及以下,理论经济学、应用经济学、金融、应用统计、税务、保险、数字经济、统计学 | 理论经济学、应用经济学、金融、应用统计、税务、保险、数字经济、统计学 | 理论经济学、应用经济学、金融、应用统计、税务、保险、数字经济、统计学
登轮监管一级行政执法员,岗位标签,title_or_tag,5,5,government:5,job_62c7b34bfb565bf2698d;job_1720dfff20385071ffde;job_aae240b877cc799c5326,登轮监管一级行政执法员 | 登轮监管一级行政执法员 | 登轮监管一级行政执法员,登轮监管一级行政执法员 | 登轮监管一级行政执法员 | 登轮监管一级行政执法员
监察执法处三级主任科员及以下职位,岗位标签,title_or_tag,5,5,government:5,job_2cbb2d2772760ec7f24c;job_5eb9594f9e421e30c638;job_06ebcf1590c32f4e5d40,监察执法处三级主任科员及以下职位 | 监察执法处三级主任科员及以下职位 | 监察执法处三级主任科员及以下职位,监察执法处三级主任科员及以下职位 | 监察执法处三级主任科员及以下职位 | 监察执法处三级主任科员及以下职位
监管一级行政执法员（三）,岗位标签,title_or_tag,5,5,government:5,job_a075df7a504f7a765f82;job_3414c66cf0526fad9a5f;job_7e771b3c082698e7947c,监管一级行政执法员（三） | 监管一级行政执法员（三） | 监管一级行政执法员（三）,监管一级行政执法员（三） | 监管一级行政执法员（三） | 监管一级行政执法员（三）
科技管理（电子信息化类）四级主办,岗位标签,title_or_tag,5,5,government:5,job_4f0830bd211c9184db80;job_9528558a32f0e638ca31;job_eca0122f0602d815250d,科技管理（电子信息化类）四级主办 | 科技管理（电子信息化类）四级主办 | 科技管理（电子信息化类）四级主办,科技管理（电子信息化类）四级主办 | 科技管理（电子信息化类）四级主办 | 科技管理（电子信息化类）四级主办
稽查一级行政执法员,岗位标签,title_or_tag,5,5,government:5,job_2477b9a4f4b508eaf235;job_283d6ff8692568d9af1e;job_8872828deab6ce7b640b,稽查一级行政执法员 | 稽查一级行政执法员 | 稽查一级行政执法员,稽查一级行政执法员 | 稽查一级行政执法员 | 稽查一级行政执法员
稽查四级主办及以下,岗位标签,title_or_tag,5,5,government:5,job_aa80d99716772d7023e3;job_608507953b65ba0227cd;job_f64a81e20537b6e93e17,稽查四级主办及以下 | 稽查四级主办及以下 | 稽查四级主办及以下,稽查四级主办及以下 | 稽查四级主办及以下 | 稽查四级主办及以下
第一税务分局（重点税源企业税收服务和管理局）一级行政执法员（一）,岗位标签,title_or_tag,5,5,government:5,job_34f8b3261969e31072a2;job_f2712ffed43a49829f14;job_cfca28c8bac0156389ae,第一税务分局（重点税源企业税收服务和管理局）一级行政执法员（一） | 第一税务分局（重点税源企业税收服务和管理局）一级行政执法员（一） | 第一税务分局（重点税源企业税收服务和管理局）一级行政执法员（一）,第一税务分局（重点税源企业税收服务和管理局）一级行政执法员（一） | 第一税务分局（重点税源企业税收服务和管理局）一级行政执法员（一） | 第一税务分局（重点税源企业税收服务和管理局）一级行政执法员（一）
第一税务分局（重点税源企业税收服务和管理局）一级行政执法员（二）,岗位标签,title_or_tag,5,5,government:5,job_f1b92a69f67ad9ba6544;job_7ef4eefeb2b095fc3efd;job_6463e0d74b9a2d099f4f,第一税务分局（重点税源企业税收服务和管理局）一级行政执法员（二） | 第一税务分局（重点税源企业税收服务和管理局）一级行政执法员（二） | 第一税务分局（重点税源企业税收服务和管理局）一级行政执法员（二）,第一税务分局（重点税源企业税收服务和管理局）一级行政执法员（二） | 第一税务分局（重点税源企业税收服务和管理局）一级行政执法员（二） | 第一税务分局（重点税源企业税收服务和管理局）一级行政执法员（二）
第三稽查局一级行政执法员,岗位标签,title_or_tag,5,5,government:5,job_96a62985f97a24bac54f;job_cbb5fff1b715a4114034;job_b7e32139532aa2b3c5d1,第三稽查局一级行政执法员 | 第三稽查局一级行政执法员 | 第三稽查局一级行政执法员,第三稽查局一级行政执法员 | 第三稽查局一级行政执法员 | 第三稽查局一级行政执法员
管理科学与工程类、工商管理类、公共管理类,岗位标签,title_or_tag,5,5,government:5,job_e26664497e88cd857091;job_769b3782f7bfffbc846e;job_e8ed1d878ca99b0c55d1,一级行政执法员（五） | 一级行政执法员（六） | 一级行政执法员（四）,管理科学与工程类、工商管理类、公共管理类 | 管理科学与工程类、工商管理类、公共管理类 | 管理科学与工程类、工商管理类、公共管理类
管理科学与工程类、物流管理与工程类,岗位标签,title_or_tag,5,5,government:5,job_e7856fe835ef873f551c;job_bfae78ad91e7bb5b3a1a;job_d6a24a4e4e5e05be4436,一级行政执法员（七） | 一级行政执法员（七） | 一级行政执法员（五）,管理科学与工程类、物流管理与工程类 | 管理科学与工程类、物流管理与工程类 | 管理科学与工程类、物流管理与工程类
管理科学与工程类、财会审计类,岗位标签,title_or_tag,5,5,government:5,job_d876e416df1582b91127;job_d00d460451529b75e7f4;job_4ae6e87bf7bf34218e76,一级行政执法员（一） | 一级行政执法员（二） | 一级行政执法员（四）,管理科学与工程类、财会审计类 | 管理科学与工程类、财会审计类 | 管理科学与工程类、财会审计类
经济学学位,自动短语,auto_phrase,5,5,government:5,job_db68c4517d5f7d4349d1;job_98697d75a9a22c593586;job_b15ac297e56d2c6851fb,监管部门一级主任科员及以下 | 监管部门一级主任科员及以下 | 监管部门一级主任科员及以下,公务员/事业单位；硕士研究生及以上；与最高学历相对应的学位；02经济学、0714统计学（经济学学位）；市（地）级及以下直属机构综合管理类 | 公务员/事业单位；硕士研究生及以上；与最高学历相对应的学位；02经济学、0714统计学（经济学学位）；市（地）级及以下直属机构综合管理类 | 公务员/事业单位；本科或硕士研究生；与最高学历相对应的学位；以本科专业报考：经济学；以研究生专业报考：02经济学、0714统计学（经济学学位）；市（地）级及以下直属机构综合管理类
经济学类、财政学类、金融学类、经济与贸易类、农业经济管理类、公共管理类,岗位标签,title_or_tag,5,5,government:5,job_d0243fa117f3bf674e39;job_b277d2972544c72597e6;job_4d79bd3fb34fa7900466,一级行政执法员 | 一级行政执法员 | 一级行政执法员（二）,经济学类、财政学类、金融学类、经济与贸易类、农业经济管理类、公共管理类 | 经济学类、财政学类、金融学类、经济与贸易类、农业经济管理类、公共管理类 | 经济学类、财政学类、金融学类、经济与贸易类、农业经济管理类、公共管理类
经济学类、财政学类、金融学类、经济与贸易类、财会审计类、社会保障类、电子商务类,岗位标签,title_or_tag,5,5,government:5,job_ceb7f58a005bd12f6e95;job_6e4d99c474aea3294d97;job_560497d92bbc562c4fff,一级行政执法员（一） | 一级行政执法员（二） | 一级行政执法员（一）,经济学类、财政学类、金融学类、经济与贸易类、财会审计类、社会保障类、电子商务类 | 经济学类、财政学类、金融学类、经济与贸易类、财会审计类、社会保障类、电子商务类 | 经济学类、财政学类、金融学类、经济与贸易类、财会审计类、社会保障类、电子商务类
经济学类、金融学类、管理科学与工程类、财会审计类,岗位标签,title_or_tag,5,5,government:5,job_66217576d15458ebb856;job_c053098aebf47008387b;job_2751fb7aa501164796de,一级行政执法员（一） | 一级行政执法员（二） | 一级行政执法员（一）,经济学类、金融学类、管理科学与工程类、财会审计类 | 经济学类、金融学类、管理科学与工程类、财会审计类 | 经济学类、金融学类、管理科学与工程类、财会审计类
经济学门类专业,自动短语,auto_phrase,5,5,government:5,job_1f60c8549aaac67463d5;job_a3ac79f43b17e2d2c244;job_1e9682519713ff3169df,综合部门一级主任科员及以下 | 综合部门一级主任科员及以下 | 综合部门一级主任科员及以下,公务员/事业单位；仅限本科；学士；经济学门类专业、法学（仅限专业代码030101K）、工商管理类专业、公共管理类专业；市（地）级及以下直属机构综合管理类 | 公务员/事业单位；仅限本科；学士；经济学门类专业、法学（仅限专业代码030101K）、工商管理类专业、公共管理类专业；市（地）级及以下直属机构综合管理类 | 公务员/事业单位；仅限本科；学士；经济学门类专业、法学（仅限专业代码030101K）、工商管理类专业、公共管理类专业；市（地）级及以下直属机构综合管理类
统计学、应用统计学,岗位标签,title_or_tag,5,5,government:5,job_bd2a469d4db302a036f4;job_b5bdf90eeec5e20f90d8;job_48640023ea9680fa0a60,统计信息部门一级主任科员及以下 | 统计信息部门一级主任科员及以下 | 统计信息部门一级主任科员及以下,统计学、应用统计学 | 统计学、应用统计学 | 统计学、应用统计学
统计学、应用统计学、数学与应用数学、信息与计算科学,岗位标签,title_or_tag,5,5,government:5,job_4c170f807742acb3ad39;job_662e22ba14881c9bc8c6;job_d4ad7adb58e1892fff1f,科技管理（统计分析应用类）四级主办及以下 | 风险防控（统计分析应用类）四级主管及以下 | 科技管理（统计分析应用类）四级主办及以下,统计学、应用统计学、数学与应用数学、信息与计算科学 | 统计学、应用统计学、数学与应用数学、信息与计算科学 | 统计学、应用统计学、数学与应用数学、信息与计算科学
统计学类、电子信息类、计算机类、航空航天类,岗位标签,title_or_tag,5,5,government:5,job_867a860595d2f889dba9;job_669292328c1eb4ad5781;job_a86b5b5e89126f92efcd,一级行政执法员（三） | 一级行政执法员（一） | 一级行政执法员（二）,统计学类、电子信息类、计算机类、航空航天类 | 统计学类、电子信息类、计算机类、航空航天类 | 统计学类、电子信息类、计算机类、航空航天类
衡阳铁路公安处基层所队民警,岗位标签,title_or_tag,5,5,government:5,job_12bc3ed07c0ad6db8c9b;job_8a239fb4ff6c662db219;job_0b41edb9cb8d12f260e7,衡阳铁路公安处基层所队民警 | 衡阳铁路公安处基层所队民警 | 衡阳铁路公安处基层所队民警,衡阳铁路公安处基层所队民警 | 衡阳铁路公安处基层所队民警 | 衡阳铁路公安处基层所队民警
计算机科学与技术、软件工程、网络空间安全、智能科学与技术,岗位标签,title_or_tag,5,5,government:5,job_4f0830bd211c9184db80;job_9528558a32f0e638ca31;job_13faaaab2b8e0a8702be,科技管理（电子信息化类）四级主办 | 科技管理（电子信息化类）四级主办 | 科技管理（电子信息化类）四级主办,计算机科学与技术、软件工程、网络空间安全、智能科学与技术 | 计算机科学与技术、软件工程、网络空间安全、智能科学与技术 | 计算机科学与技术、软件工程、网络空间安全、智能科学与技术
财务管理、会计学,岗位标签,title_or_tag,5,5,government:5,job_c96720ac421c0d526ba2;job_a4d2b9fe8623c3851019;job_c314ce981bb9131c07d2,北辰调查队综合科室一级科员（1） | 北辰调查队综合科室一级科员（2） | 滨海新区调查队综合科室四级主任科员（1）,财务管理、会计学 | 财务管理、会计学 | 财务管理、会计学
财政学、税收学、会计学、财务管理、审计学、金融审计、工程审计,岗位标签,title_or_tag,5,5,government:5,job_271d4775440e261b8aff;job_34ad3612488a2c7bc6d1;job_b6c9b48758795abfde07,稽查审计一级行政执法员（一） | 稽查审计一级行政执法员（二） | 稽查审计一级行政执法员,财政学、税收学、会计学、财务管理、审计学、金融审计、工程审计 | 财政学、税收学、会计学、财务管理、审计学、金融审计、工程审计 | 财政学、税收学、会计学、财务管理、审计学、金融审计、工程审计
财政学类、公共管理类,岗位标签,title_or_tag,5,5,government:5,job_ea655d96d8e5d554329b;job_99cc7af9b8a1d6fe5c9a;job_e8223adf28c54025d698,一级行政执法员（五） | 一级行政执法员（一） | 一级行政执法员（二）,财政学类、公共管理类 | 财政学类、公共管理类 | 财政学类、公共管理类
财政学类、社会保障类,岗位标签,title_or_tag,5,5,government:5,job_75329fc804ee152a7456;job_dd31c666c295edb0b52b;job_346970dfa86bd6c79d74,一级行政执法员（二） | 一级行政执法员（一） | 一级行政执法员（二）,财政学类、社会保障类 | 财政学类、社会保障类 | 财政学类、社会保障类
财政学类、经济与贸易类、管理科学与工程类、财会审计类,岗位标签,title_or_tag,5,5,government:5,job_6f9cd36db3cc1fa8128a;job_677a0adb4b4037de5b8d;job_d6bbed58e84c1a507624,一级行政执法员（五） | 一级行政执法员（三） | 一级行政执法员（四）,财政学类、经济与贸易类、管理科学与工程类、财会审计类 | 财政学类、经济与贸易类、管理科学与工程类、财会审计类 | 财政学类、经济与贸易类、管理科学与工程类、财会审计类
财政学类、金融学类、管理科学与工程类、财会审计类、社会保障类,岗位标签,title_or_tag,5,5,government:5,job_5460908f51a317884003;job_7a575102cb47486c1a45;job_777e76b9f34eb892624d,第二税务分局一级行政执法员 | 一级行政执法员（一） | 一级行政执法员,财政学类、金融学类、管理科学与工程类、财会审计类、社会保障类 | 财政学类、金融学类、管理科学与工程类、财会审计类、社会保障类 | 财政学类、金融学类、管理科学与工程类、财会审计类、社会保障类
财政学类、金融学类、经济与贸易类、管理科学与工程类、工商管理类、社会保障类,岗位标签,title_or_tag,5,5,government:5,job_7c12ce71da00b55d06ad;job_6670f0424a6051af38d5;job_326e2fd525970be3f6a1,稽查局一级行政执法员（一） | 稽查局一级行政执法员（二） | 一级行政执法员（二）,财政学类、金融学类、经济与贸易类、管理科学与工程类、工商管理类、社会保障类 | 财政学类、金融学类、经济与贸易类、管理科学与工程类、工商管理类、社会保障类 | 财政学类、金融学类、经济与贸易类、管理科学与工程类、工商管理类、社会保障类
财政学类、金融学类、经济与贸易类、财会审计类、社会保障类,岗位标签,title_or_tag,5,5,government:5,job_1c322f618654b19bfa7e;job_f3e69fb2fc8bf475d437;job_8657e223b6abbfec6e7f,一级行政执法员（一） | 一级行政执法员（二） | 一级行政执法员（一）,财政学类、金融学类、经济与贸易类、财会审计类、社会保障类 | 财政学类、金融学类、经济与贸易类、财会审计类、社会保障类 | 财政学类、金融学类、经济与贸易类、财会审计类、社会保障类
越南语相关专业,自动短语,auto_phrase,5,5,government:5,job_5e27451499dad7e350be;job_52eaa2c2640ce59611b8;job_0d4debc612b5e2f68190,一级行政执法员 | 美兰边检站一级警长及以下（二） | 美兰边检站一级警长及以下（三）,公务员/事业单位；本科及以上；与最高学历相对应的学位；老挝语相关专业、缅甸语相关专业、越南语相关专业、泰语相关专业；行政执法类 | 公务员/事业单位；本科及以上；与最高学历相对应的学位；俄语、西班牙语、阿拉伯语、朝鲜语、柬埔寨语、蒙古语、泰语、越南语相关专业；行政执法类 | 公务员/事业单位；本科及以上；与最高学历相对应的学位；俄语、西班牙语、阿拉伯语、朝鲜语、柬埔寨语、蒙古语、泰语、越南语相关专业；行政执法类
边检站一级警长及以下（一）,岗位标签,title_or_tag,5,5,government:5,job_e3d2a9c4e2fee42d3fc4;job_8dab8983d5c3f14f2f3f;job_cbbee5a8e0b3b0d4782f,边检站一级警长及以下（一） | 边检站一级警长及以下（一） | 边检站一级警长及以下（一）,边检站一级警长及以下（一） | 边检站一级警长及以下（一） | 边检站一级警长及以下（一）
边检站一级警长及以下（三）,岗位标签,title_or_tag,5,5,government:5,job_376d60cfb3af75ff0b4c;job_b668d8a862b34728520c;job_c2e1631cf61a3b75dab9,边检站一级警长及以下（三） | 边检站一级警长及以下（三） | 边检站一级警长及以下（三）,边检站一级警长及以下（三） | 边检站一级警长及以下（三） | 边检站一级警长及以下（三）
边检站一级警长及以下（二）,岗位标签,title_or_tag,5,5,government:5,job_354cd82df5c0a14aa25c;job_491f1d56648bc49ece72;job_1fbabf87fa8c13e45544,边检站一级警长及以下（二） | 边检站一级警长及以下（二） | 边检站一级警长及以下（二）,边检站一级警长及以下（二） | 边检站一级警长及以下（二） | 边检站一级警长及以下（二）
运动训练（040202）、体育教育（040201）,岗位标签,title_or_tag,5,5,government:5,job_80929602f03cf75a39b8;job_f079918bdf496487dd9c;job_43f8e7519d50ef990eca,集安出入境边防检查站一级警长及以下（四） | 延边边境管理支队一级警长及以下（十六） | 白山边境管理支队一级警长及以下（十四）,运动训练（040202）、体育教育（040201） | 运动训练（040202）、体育教育（040201） | 运动训练（040202）、体育教育（040201）
重要金融基础设施监管,自动短语,auto_phrase,5,5,government:5,job_acf62b7489125c4c4fb9;job_25395f96fb236bd4395d;job_d5bef171e96e7556dfac,综合业务处一级主任科员及以下 | 综合业务处一级主任科员及以下 | 综合业务处一级主任科员及以下,职位简介：从事货币信贷政策制定和实施、金融法律法规起草制定、宏观审慎管理、金融市场运行监测与管理、金融风险监测评估与处置、金融体制改革、重要金融基础设施监管、金融业综合统计、金融服务、金融研究、金融领域国际交往、金融科技管理以及央行内部综合管理等工作 | 职位简介：从事货币信贷政策制定和实施、金融法律法规起草制定、宏观审慎管理、金融市场运行监测与管理、金融风险监测评估与处置、金融体制改革、重要金融基础设施监管、金融业综合统计、金融服务、金融研究、金融领域国际交往、金融科技管理以及央行内部综合管理等工作 | 职位简介：从事货币信贷政策制定和实施、金融法律法规起草制定、宏观审慎管理、金融市场运行监测与管理、金融风险监测评估与处置、金融体制改革、重要金融基础设施监管、金融业综合统计、金融服务、金融研究、金融领域国际交往、金融科技管理以及央行内部综合管理等工作
金融学类、管理科学与工程类、财会审计类,岗位标签,title_or_tag,5,5,government:5,job_ab57223b4b2ad83a3d0f;job_5362b804955e19404dca;job_5bbd5ddd3695d1ea98ef,一级行政执法员（一） | 一级行政执法员（二） | 一级行政执法员（一）,金融学类、管理科学与工程类、财会审计类 | 金融学类、管理科学与工程类、财会审计类 | 金融学类、管理科学与工程类、财会审计类
金融法律,自动短语,auto_phrase,5,5,government:5,job_acf62b7489125c4c4fb9;job_25395f96fb236bd4395d;job_d5bef171e96e7556dfac,综合业务处一级主任科员及以下 | 综合业务处一级主任科员及以下 | 综合业务处一级主任科员及以下,职位简介：从事货币信贷政策制定和实施、金融法律法规起草制定、宏观审慎管理、金融市场运行监测与管理、金融风险监测评估与处置、金融体制改革、重要金融基础设施监管、金融业综合统计、金融服务、金融研究、金融领域国际交往、金融科技管理以及央行内部综合管理等工作 | 职位简介：从事货币信贷政策制定和实施、金融法律法规起草制定、宏观审慎管理、金融市场运行监测与管理、金融风险监测评估与处置、金融体制改革、重要金融基础设施监管、金融业综合统计、金融服务、金融研究、金融领域国际交往、金融科技管理以及央行内部综合管理等工作 | 职位简介：从事货币信贷政策制定和实施、金融法律法规起草制定、宏观审慎管理、金融市场运行监测与管理、金融风险监测评估与处置、金融体制改革、重要金融基础设施监管、金融业综合统计、金融服务、金融研究、金融领域国际交往、金融科技管理以及央行内部综合管理等工作
风险防控（统计分析应用类）四级主管及以下,岗位标签,title_or_tag,5,5,government:5,job_d3a737041b1ed08f02ae;job_662e22ba14881c9bc8c6;job_77d3840a7dc21c0b0ebf,风险防控（统计分析应用类）四级主管及以下 | 风险防控（统计分析应用类）四级主管及以下 | 风险防控（统计分析应用类）四级主管及以下,风险防控（统计分析应用类）四级主管及以下 | 风险防控（统计分析应用类）四级主管及以下 | 风险防控（统计分析应用类）四级主管及以下
食品检验等进出境行李物品监管,自动短语,auto_phrase,5,5,government:5,job_5e67b6a491113edc31b6;job_4ad14e92dff9863d8e6a;job_723e5087ea45e98a7229,检验检疫四级主办及以下（一） | 食品检验四级主办及以下（一） | 食品检验四级主办及以下（二）,职位简介：从事海关动植物检疫、食品检验等进出境行李物品监管、货物查验监管、运输工具监管相关工作 | 职位简介：从事海关食品检验等进出境行李物品监管、货物查验监管相关工作 | 职位简介：从事海关食品检验等进出境行李物品监管、货物查验监管相关工作
030105民商法学、0354知识产权,岗位标签,title_or_tag,4,4,government:4,job_03d6307055d2cc172588;job_de3508e916b3821b45c3;job_8a85e1a84168996fb61b,审查部门（一）一级主任科员及以下 | 审查部门（三）一级主任科员及以下 | 异议部门一级主任科员及以下,030105民商法学、0354知识产权 | 030105民商法学、0354知识产权 | 030105民商法学、0354知识产权
07理学、08工学,岗位标签,title_or_tag,4,4,government:4,job_c6cab3b4258239973fbd;job_9230eda38da1c274fdbe;job_0607734475326042f172,九处一级主任科员及以下 | 郴州调查队业务科室一级科员（2） | 怀化调查队业务科室一级科员（2）,07理学、08工学 | 07理学、08工学 | 07理学、08工学
一级科员一,岗位标签,title_or_tag,4,4,government:4,job_1ab8c3a460102185e6c6;job_0a31e5091138fefe13eb;job_33dd1f8229fde9f0fe30,一级科员一 | 一级科员一 | 一级科员一,一级科员一 | 一级科员一 | 一级科员一
一级科员二,岗位标签,title_or_tag,4,4,government:4,job_d106d474a00addba5fd6;job_2cd160f9f56c62ee3d55;job_a6b0ed6566d1e3bba1d2,一级科员二 | 一级科员二 | 一级科员二,一级科员二 | 一级科员二 | 一级科员二
三处一级主任科员及以下,岗位标签,title_or_tag,4,4,government:4,job_d34fb041c29d8ad68fc8;job_3323b5ce08a269fd5f60;job_c5e4ef557465ddbf03c0,三处一级主任科员及以下 | 三处一级主任科员及以下 | 三处一级主任科员及以下,三处一级主任科员及以下 | 三处一级主任科员及以下 | 三处一级主任科员及以下
业务处室一级主任科员及以下职位,岗位标签,title_or_tag,4,4,government:4,job_892adc7144b861edac2a;job_6e85bd02d252fa84d790;job_776754e4e4ab99112836,业务处室一级主任科员及以下职位 | 业务处室一级主任科员及以下职位 | 业务处室一级主任科员及以下职位,业务处室一级主任科员及以下职位 | 业务处室一级主任科员及以下职位 | 业务处室一级主任科员及以下职位
业务科一级主任科员及以下,岗位标签,title_or_tag,4,4,government:4,job_cc7ab3947e582e2e6871;job_bd4517e2888150891a13;job_bba251c09511360b8ce0,业务科一级主任科员及以下 | 业务科一级主任科员及以下 | 业务科一级主任科员及以下,业务科一级主任科员及以下 | 业务科一级主任科员及以下 | 业务科一级主任科员及以下
业务科技科四级主任科员及以下,岗位标签,title_or_tag,4,4,government:4,job_116c3ea27304be52377b;job_e8e22c6d4ff9749d5658;job_192ad45e560fbf090ad9,业务科技科四级主任科员及以下 | 业务科技科四级主任科员及以下 | 业务科技科四级主任科员及以下,业务科技科四级主任科员及以下 | 业务科技科四级主任科员及以下 | 业务科技科四级主任科员及以下
临床医学、预防医学、卫生监督、卫生检验与检疫,岗位标签,title_or_tag,4,4,government:4,job_ab47fb38040379012615;job_be91c83c02b3845d20b3;job_a955b85e021f5e51ae19,卫生检疫一级行政执法员 | 卫生检疫一级行政执法员 | 卫生检疫一级行政执法员,临床医学、预防医学、卫生监督、卫生检验与检疫 | 临床医学、预防医学、卫生监督、卫生检验与检疫 | 临床医学、预防医学、卫生监督、卫生检验与检疫
乌鲁木齐铁路公安处基层所队民警,岗位标签,title_or_tag,4,4,government:4,job_40c9ae5cc05929e0bad3;job_38ddb016531325352520;job_7a4584ac75f0a060c995,乌鲁木齐铁路公安处基层所队民警 | 乌鲁木齐铁路公安处基层所队民警 | 乌鲁木齐铁路公安处基层所队民警,乌鲁木齐铁路公安处基层所队民警 | 乌鲁木齐铁路公安处基层所队民警 | 乌鲁木齐铁路公安处基层所队民警
五处一级警长及以下,岗位标签,title_or_tag,4,4,government:4,job_7ae37ac4a83a7907efd9;job_d62b4a75e3fd3281adeb;job_d9662d1cfcbe2da693ea,五处一级警长及以下 | 五处一级警长及以下 | 五处一级警长及以下,五处一级警长及以下 | 五处一级警长及以下 | 五处一级警长及以下
交通运输工程、船舶与海洋工程、海上安全与环境管理,岗位标签,title_or_tag,4,4,government:4,job_af2a13db99a0ddf05b48;job_f19470e8324e2eb10098;job_0018163106417a3bdd4f,一级行政执法员（四） | 一级行政执法员（二十一） | 一级行政执法员（三十四）,交通运输工程、船舶与海洋工程、海上安全与环境管理 | 交通运输工程、船舶与海洋工程、海上安全与环境管理 | 交通运输工程、船舶与海洋工程、海上安全与环境管理
人力资源管理等专业,项目管理,auto_phrase,4,4,government:4,job_ee0941206c9044f74718;job_bdb74c2a704905dcdba5;job_9055e76e871823885ee7,财会部门一级主任科员及以下 | 财会部门一级主任科员及以下 | 财会部门一级主任科员及以下,公务员/事业单位；本科及以上；与最高学历相对应的学位；财会类（会计、审计、财务管理、工商管理（不含企业管理、市场营销、国际商务、人力资源管理等专业））；市（地）级及以下直属机构综合管理类 | 公务员/事业单位；本科及以上；与最高学历相对应的学位；财会类（会计、审计、财务管理、工商管理（不含企业管理、市场营销、国际商务、人力资源管理等专业））；市（地）级及以下直属机构综合管理类 | 公务员/事业单位；本科及以上；与最高学历相对应的学位；财会类（会计、审计、财务管理、工商管理（不含企业管理、市场营销、国际商务、人力资源管理等专业））；市（地）级及以下直属机构综合管理类
从事出入境边防检查及财务审计,自动短语,auto_phrase,4,4,government:4,job_da2c87573748798a398f;job_a19d9cc6edaf109111fc;job_e19b250817db0ce0c26a,莆田出入境边防检查站一级警长及以下 | 平潭出入境边防检查站一级警长及以下 | 秦皇岛边检站一级警长及以下（二）,职位简介：属公安机关人民警察，从事出入境边防检查及财务审计相关工作 | 职位简介：属公安机关人民警察，从事出入境边防检查及财务审计、新闻宣传等相关工作 | 职位简介：属公安机关人民警察，从事出入境边防检查及财务审计、后勤管理等工作
从事口岸一线卫生检疫监管,自动短语,auto_phrase,4,4,government:4,job_eb7e8dca3c5424ab9ca0;job_0288b99b42dc90fb0a86;job_1fbf193044fd590fd3a1,驻罗源湾办事处卫生检疫四级主办及以下 | 卫生检疫四级主办及以下 | 卫生检疫四级主办及以下,职位简介：从事口岸一线卫生检疫监管工作 | 职位简介：从事口岸一线卫生检疫监管工作 | 职位简介：从事口岸一线卫生检疫监管工作
从事大数据分析,数据工程,auto_phrase,4,4,government:4,job_f9461eff7a198c445d0c;job_3e6e2a7060f163817012;job_efacb9fe473a0a64023e,大数据管理（统计分析应用类）四级主办及以下 | 大数据管理（统计分析应用类）四级主办及以下 | 大数据管理（统计分析应用类）四级主办及以下,职位简介：从事大数据分析及智慧海关建设工作 | 职位简介：从事大数据分析及智慧海关建设工作 | 职位简介：从事大数据分析及智慧海关建设工作
从事审计,自动短语,auto_phrase,4,4,government:4,job_044ca1490a7aea7a5cc5;job_580ade1e8e146444663a;job_af1cd77c2343e2c12732,业务处室一级主任科员及以下 | 业务处室一级主任科员及以下 | 业务处室一级主任科员及以下,职位简介：从事审计业务工作 | 职位简介：从事审计业务工作 | 职位简介：从事审计业务工作
从事海关一线植物检疫监管,自动短语,auto_phrase,4,4,government:4,job_08e459bf4d273b4140db;job_1ba74b2ff6492881fe80;job_fd955e23b992d80e6684,植物检疫一级行政执法员 | 植物检疫一级行政执法员 | 植物检疫一级行政执法员,职位简介：从事海关一线植物检疫监管工作 | 职位简介：从事海关一线植物检疫监管工作 | 职位简介：从事海关一线植物检疫监管工作
从事海关食品检验检疫监管,自动短语,auto_phrase,4,4,government:4,job_c10c6a1fa555c2e2fff9;job_daba96256ffe55dd0ccc;job_ef751a2c954ca9fd1734,食品检验监管四级主办及以下 | 食品检验监管四级主办及以下 | 食品检验检疫监管一级行政执法员,职位简介：从事海关食品检验检疫监管工作 | 职位简介：从事海关食品检验检疫监管工作 | 职位简介：从事海关食品检验检疫监管工作
从事财政数据分析,数据工程,auto_phrase,4,4,government:4,job_1e33a6a3cd520e285df9;job_23b3548357492bba63ed;job_13cf2c1660a344a2a0c1,一级主任科员及以下 | 一级主任科员及以下 | 一级主任科员及以下,职位简介：从事财政数据分析和预算执行监督等工作 | 职位简介：从事财政数据分析和预算执行监督等工作 | 职位简介：从事财政数据分析和预算执行监督等工作
从事辖区证券期货市场日常监管,产品运营,auto_phrase,4,4,government:4,job_453b812ee665eece9c2d;job_e3c37c7ce4c13a22a6c9;job_211a3d052b979f1c20b9,辖区财金类监管岗位一级主任科员及以下 | 辖区会计类监管岗位一级主任科员及以下 | 辖区会计类监管岗位一级主任科员及以下,职位简介：主要从事辖区证券期货市场日常监管和综合管理工作 | 职位简介：主要从事辖区证券期货市场日常监管和综合管理工作 | 职位简介：主要从事辖区证券期货市场日常监管和综合管理工作
以下专业,自动短语,auto_phrase,4,4,government:4,job_686c4ee1a6513dcc07a5;job_00b02a97fc654690fe5b;job_44c69d66d990b77e5978,满洲里出入境边防检查站一级警长及以下（一） | 二连出入境边防检查站一级警长及以下（一） | 策克出入境边防检查站一级警长及以下（一）,公务员/事业单位；本科及以上；与最高学历相对应的学位；以下专业均为俄语、朝鲜语方向。研究生：050107中国少数民族语言文学、0502外国语言文学、0551翻译。本科：050104中国少数民族语言文学、050106T应用语言学、0502外国语言文学类。；行政执法类 | 公务员/事业单位；本科及以上；与最高学历相对应的学位；以下专业均为蒙古语、朝鲜语方向。研究生：050107中国少数民族语言文学、0502外国语言文学、0551翻译。本科：050104中国少数民族语言文学、050106T应用语言学、0502外国语言文学类。；行政执法类 | 公务员/事业单位；本科及以上；与最高学历相对应的学位；以下专业均为蒙古语、朝鲜语方向。研究生：050107中国少数民族语言文学、0502外国语言文学、0551翻译。本科：050104中国少数民族语言文学、050106T应用语言学、0502外国语言文学类。；行政执法类
会计、审计、财务管理,岗位标签,title_or_tag,4,4,government:4,job_e688e9bd7c3bfd4c580b;job_59608a806ee70a0bf9b5;job_34019cd2f555ddf16f0b,综合业务处一级主任科员及以下 | 综合业务处一级主任科员及以下 | 审计业务处一级主任科员及以下,会计、审计、财务管理 | 会计、审计、财务管理 | 会计、审计、财务管理
会计学、会计、审计,岗位标签,title_or_tag,4,4,government:4,job_38611862fbea2454bfaa;job_88a160c00b0c31d45fe1;job_639397286e154a5f0549,监管部门一级主任科员及以下 | 监管部门一级主任科员及以下 | 监管部门一级主任科员及以下,会计学、会计、审计 | 会计学、会计、审计 | 会计学、会计、审计
会计学（含会计硕士）、审计学（含审计硕士）、财务管理,岗位标签,title_or_tag,4,4,government:4,job_ea5ad3366792f7d8240e;job_c3e07c03e79f5774dfd2;job_984ac6869d5dbb5d0f2e,辖区会计类监管岗位一级主任科员及以下 | 辖区会计类监管岗位一级主任科员及以下 | 辖区会计类监管岗位一级主任科员及以下,会计学（含会计硕士）、审计学（含审计硕士）、财务管理 | 会计学（含会计硕士）、审计学（含审计硕士）、财务管理 | 会计学（含会计硕士）、审计学（含审计硕士）、财务管理
俄语、西班牙语、阿拉伯语、朝鲜语、柬埔寨语、蒙古语、泰语、越南语相关专业,岗位标签,title_or_tag,4,4,government:4,job_52eaa2c2640ce59611b8;job_0d4debc612b5e2f68190;job_5d8610958d9401ac72c8,美兰边检站一级警长及以下（二） | 美兰边检站一级警长及以下（三） | 凤凰边检站一级警长及以下（二）,俄语、西班牙语、阿拉伯语、朝鲜语、柬埔寨语、蒙古语、泰语、越南语相关专业 | 俄语、西班牙语、阿拉伯语、朝鲜语、柬埔寨语、蒙古语、泰语、越南语相关专业 | 俄语、西班牙语、阿拉伯语、朝鲜语、柬埔寨语、蒙古语、泰语、越南语相关专业
信息技术（电子信息化类）一级行政执法员,岗位标签,title_or_tag,4,4,government:4,job_05a3826d9e10a9594ece;job_fb27f068c5a6bbde7c78;job_02375165fecb61cb8dc3,信息技术（电子信息化类）一级行政执法员 | 信息技术（电子信息化类）一级行政执法员 | 信息技术（电子信息化类）一级行政执法员,信息技术（电子信息化类）一级行政执法员 | 信息技术（电子信息化类）一级行政执法员 | 信息技术（电子信息化类）一级行政执法员
出入境数据分析,数据工程,auto_phrase,4,4,government:4,job_a000c9e80b30bad68c5a;job_70691e82e2919dcebb49;job_7763e5bc9e39744741d2,白云边检站警务技术一级主管及以下（一） | 白云边检站警务技术一级主管及以下（二） | 南沙边检站警务技术一级主管及以下,今后视工作需要调整至出入境相关系统开发运维、通信网络保障、出入境数据分析核查等岗位 | 今后视工作需要调整至出入境相关系统开发运维、通信网络保障、出入境数据分析核查等岗位 | 今后视工作需要调整至出入境相关系统开发运维、通信网络保障、出入境数据分析核查等岗位
动植物检疫四级主办及以下,岗位标签,title_or_tag,4,4,government:4,job_6e12aca5b7b323aaf9ba;job_e1e5cd1247fa08ae6722;job_01c14fe138d4c02cae6f,动植物检疫四级主办及以下 | 动植物检疫四级主办及以下 | 动植物检疫四级主办及以下,动植物检疫四级主办及以下 | 动植物检疫四级主办及以下 | 动植物检疫四级主办及以下
动物医学、动植物检疫、水产养殖学、基础兽医学、预防兽医学、临床兽医学、水产养殖,岗位标签,title_or_tag,4,4,government:4,job_7a817c595974baffc7a9;job_c81d2ead79467905855c;job_70ee05e4ec6f58a7b6e2,动物检疫四级主办及以下 | 动物检疫四级主办及以下 | 动物检疫四级主办及以下,动物医学、动植物检疫、水产养殖学、基础兽医学、预防兽医学、临床兽医学、水产养殖 | 动物医学、动植物检疫、水产养殖学、基础兽医学、预防兽医学、临床兽医学、水产养殖 | 动物医学、动植物检疫、水产养殖学、基础兽医学、预防兽医学、临床兽医学、水产养殖
动物科学、动物医学类,岗位标签,title_or_tag,4,4,government:4,job_f885f886f6fd8f8bf76e;job_401cb1f9f89e62803151;job_9121b689776cd03624cc,动物检疫一级行政执法员（一） | 动物检疫一级行政执法员（二） | 动物检疫一级行政执法员,动物科学、动物医学类 | 动物科学、动物医学类 | 动物科学、动物医学类
化学类、化工与制药类、矿业类,岗位标签,title_or_tag,4,4,government:4,job_99e9124f45b01419fef8;job_01f533ae8e89974a3a87;job_b38f9628e7b053edfae1,化学检验一级行政执法员 | 化学检验一级行政执法员 | 商品检验一级行政执法员,化学类、化工与制药类、矿业类 | 化学类、化工与制药类、矿业类 | 化学类、化工与制药类、矿业类
化学类、材料类、化工与制药类,岗位标签,title_or_tag,4,4,government:4,job_d22803ff4bf42288f388;job_b072988ed5db9c3b8325;job_c029d8524302a307f526,一级行政执法员（六） | 一级行政执法员（七） | 一级行政执法员（六）,化学类、材料类、化工与制药类 | 化学类、材料类、化工与制药类 | 化学类、材料类、化工与制药类
化学类、能源动力类、化工与制药类,岗位标签,title_or_tag,4,4,government:4,job_aefbee8edaf8c359191d;job_6c981476172ae3d1fab4;job_60fc4c5b9d6f8f12e2df,一级行政执法员（五） | 一级行政执法员（三） | 一级行政执法员（四）,化学类、能源动力类、化工与制药类 | 化学类、能源动力类、化工与制药类 | 化学类、能源动力类、化工与制药类
化学类、能源动力类、建筑类,岗位标签,title_or_tag,4,4,government:4,job_663ed95a9ad5a992413f;job_81a00d45515580e20c01;job_7eccd65d44e40791809d,一级行政执法员（一） | 一级行政执法员（六） | 一级行政执法员（七）,化学类、能源动力类、建筑类 | 化学类、能源动力类、建筑类 | 化学类、能源动力类、建筑类
化学类、计算机类,岗位标签,title_or_tag,4,4,government:4,job_0bd88c5b5c1e0afa9f11;job_ee65ba6f0386307107b2;job_3f8f8edc062905c0f5ba,一级行政执法员（五） | 一级行政执法员（二） | 一级行政执法员（四）,化学类、计算机类 | 化学类、计算机类 | 化学类、计算机类
化工与制药类、矿业类,岗位标签,title_or_tag,4,4,government:4,job_29807a2de2dd14e530b3;job_10293af30d49f4c50038;job_e6c99f03667b73945a4a,一级行政执法员（五） | 一级行政执法员（一） | 一级行政执法员（五）,化工与制药类、矿业类 | 化工与制药类、矿业类 | 化工与制药类、矿业类
卫生检疫二级主办及以下（一）,岗位标签,title_or_tag,4,4,government:4,job_2b6ef6d4022cdc099c47;job_117f70ff56eac6d1f861;job_39eac50f79a1eefe4f77,卫生检疫二级主办及以下（一） | 卫生检疫二级主办及以下（一） | 卫生检疫二级主办及以下（一）,卫生检疫二级主办及以下（一） | 卫生检疫二级主办及以下（一） | 卫生检疫二级主办及以下（一）
卫生检疫二级主办及以下（二）,岗位标签,title_or_tag,4,4,government:4,job_dd1f9040cfbeb98e6748;job_8d5a0bf19522f94ddf60;job_7837fb9c52e683b29f2f,卫生检疫二级主办及以下（二） | 卫生检疫二级主办及以下（二） | 卫生检疫二级主办及以下（二）,卫生检疫二级主办及以下（二） | 卫生检疫二级主办及以下（二） | 卫生检疫二级主办及以下（二）
危化监管四级主办及以下,岗位标签,title_or_tag,4,4,government:4,job_bb9c36526df1a5ba0eee;job_f011c47fa692fcad3fa9;job_2fd95408cffa99f33c50,危化监管四级主办及以下 | 危化监管四级主办及以下 | 危化监管四级主办及以下,危化监管四级主办及以下 | 危化监管四级主办及以下 | 危化监管四级主办及以下
哈密铁路公安处基层所队民警,岗位标签,title_or_tag,4,4,government:4,job_86e5b20a121dc9b46794;job_02ac3840ca9eaac0489d;job_50a1e935306c552fb165,哈密铁路公安处基层所队民警 | 哈密铁路公安处基层所队民警 | 哈密铁路公安处基层所队民警,哈密铁路公安处基层所队民警 | 哈密铁路公安处基层所队民警 | 哈密铁路公安处基层所队民警
商品检验四级主办及以下,岗位标签,title_or_tag,4,4,government:4,job_86f9e2cbdc5874f4fb59;job_f4ce4fc19f33336e416b;job_f1a7f7a04b715a0a11da,商品检验四级主办及以下 | 商品检验四级主办及以下 | 商品检验四级主办及以下,商品检验四级主办及以下 | 商品检验四级主办及以下 | 商品检验四级主办及以下
基础医学、预防医学、临床医学、卫生检验与检疫、卫生监督,岗位标签,title_or_tag,4,4,government:4,job_f6621cbc4a0ee06dbec1;job_93771067e73b5aef8dee;job_dfbdcb9a4ac0e12d3fe8,卫生检疫一级行政执法员 | 卫生检疫一级行政执法员（一） | 卫生检疫一级行政执法员（二）,基础医学、预防医学、临床医学、卫生检验与检疫、卫生监督 | 基础医学、预防医学、临床医学、卫生检验与检疫、卫生监督 | 基础医学、预防医学、临床医学、卫生检验与检疫、卫生监督
大学本科：0503新闻传播学类； 研究生：0503新闻传播学、0552新闻与传播,岗位标签,title_or_tag,4,4,government:4,job_fb31ba9be83c4344bdf5;job_a96521b10ec517f0e0f2;job_9cce70b5d8c4e4fe149a,成都铁路公安处基层所队民警 | 重庆铁路公安处基层所队民警 | 武威铁路公安处基层所队民警,大学本科：0503新闻传播学类； 研究生：0503新闻传播学、0552新闻与传播 | 大学本科：0503新闻传播学类； 研究生：0503新闻传播学、0552新闻与传播 | 大学本科：0503新闻传播学类； 研究生：0503新闻传播学、0552新闻与传播
大学本科：0711心理学类； 研究生：0402心理学、0454应用心理,岗位标签,title_or_tag,4,4,government:4,job_91e566e45e127ae517d4;job_5d0ffad289d1d2f515d5;job_ca1ca0e987189ad781ca,成都铁路公安处基层所队民警 | 重庆铁路公安处基层所队民警 | 贵阳铁路公安处基层所队民警,大学本科：0711心理学类； 研究生：0402心理学、0454应用心理 | 大学本科：0711心理学类； 研究生：0402心理学、0454应用心理 | 大学本科：0711心理学类； 研究生：0402心理学、0454应用心理
大学本科：会计学、财务管理、审计学；研究生：会计学、会计、审计,岗位标签,title_or_tag,4,4,government:4,job_d22b19f2dd492b8d8469;job_c2af08172dc4cd3766f6;job_c85e54e2abdde47fce08,财会部门一级主任科员及以下 | 财会部门一级主任科员及以下 | 财会部门一级主任科员及以下,大学本科：会计学、财务管理、审计学；研究生：会计学、会计、审计 | 大学本科：会计学、财务管理、审计学；研究生：会计学、会计、审计 | 大学本科：会计学、财务管理、审计学；研究生：会计学、会计、审计
大数据管理（统计分析应用类）四级主办及以下,岗位标签,title_or_tag,4,4,government:4,job_f9461eff7a198c445d0c;job_3e6e2a7060f163817012;job_efacb9fe473a0a64023e,大数据管理（统计分析应用类）四级主办及以下 | 大数据管理（统计分析应用类）四级主办及以下 | 大数据管理（统计分析应用类）四级主办及以下,大数据管理（统计分析应用类）四级主办及以下 | 大数据管理（统计分析应用类）四级主办及以下 | 大数据管理（统计分析应用类）四级主办及以下
奎屯铁路公安处基层所队民警,岗位标签,title_or_tag,4,4,government:4,job_bfeb14f16c2056410e4f;job_6175c151ffb5f51bc046;job_de945cd0d5f32d990507,奎屯铁路公安处基层所队民警 | 奎屯铁路公安处基层所队民警 | 奎屯铁路公安处基层所队民警,奎屯铁路公安处基层所队民警 | 奎屯铁路公安处基层所队民警 | 奎屯铁路公安处基层所队民警
安康铁路公安处基层所队民警,岗位标签,title_or_tag,4,4,government:4,job_fdb2835c9f535ea5939c;job_3798d271ec17ce594dce;job_26ac0874cbdfa736550a,安康铁路公安处基层所队民警 | 安康铁路公安处基层所队民警 | 安康铁路公安处基层所队民警,安康铁路公安处基层所队民警 | 安康铁路公安处基层所队民警 | 安康铁路公安处基层所队民警
审计学专业,自动短语,auto_phrase,4,4,government:4,job_dfc6002c289ab9d3a6ba;job_5af57012de1e157c6e97;job_bce93190d7cde04579fa,业务处室一级主任科员及以下 | 濮阳调查队业务科室一级科员 | 新疆生产建设兵团第七师调查队综合科一级科员,公务员/事业单位；本科及以上；与最高学历相对应的学位；电气类、能源动力类、水利类、自动化类、安全科学与工程类；会计学、财务管理、审计学专业；中央机关及其省级直属机构综合管理类 | 公务员/事业单位；仅限本科；学士；计算机类（不含电影制作、服务科学与工程、虚拟现实技术、区块链工程），会计学、财务管理、审计学专业；市（地）级及以下直属机构综合管理类 | 公务员/事业单位；仅限本科；学士；统计学类（不含生物统计学专业）、经济学类（不含资源与环境经济学、商务经济学、能源经济、经济工程专业）、会计学专业、财务管理专业、审计学专业。；市（地）级及以下直属机构综合管理类
工商管理类、电子商务类,岗位标签,title_or_tag,4,4,government:4,job_b42cfa378faba2160370;job_6ac48a5f81982edeea5f;job_20a0eca4c692d03a0f9f,一级行政执法员（七） | 一级行政执法员（二） | 一级行政执法员（三）,工商管理类、电子商务类 | 工商管理类、电子商务类 | 工商管理类、电子商务类
工商管理类、管理科学与工程类,岗位标签,title_or_tag,4,4,government:4,job_f5b02a57f1a6509c4a58;job_d0d6c2e52fa7f0295d75;job_0200ce8cf8768098b470,一级行政执法员（三） | 一级行政执法员（三） | 一级行政执法员（三）,工商管理类、管理科学与工程类 | 工商管理类、管理科学与工程类 | 工商管理类、管理科学与工程类
工学门类,岗位标签,title_or_tag,4,4,government:4,job_619ebd79a6b094aa960c;job_ff1eff6a72390692f968;job_81699aac3f3354205ac3,一级行政执法员（一） | 一级行政执法员（五） | 一级行政执法员（六）,工学门类 | 工学门类 | 工学门类
工学门类、理学门类、农学门类,岗位标签,title_or_tag,4,4,government:4,job_141efa00bbc7b7e4e500;job_ea991d6f897ed1a54a7a;job_19f264b320a11a9271fd,海关货物查验四级主办及以下 | 海关货物查验四级主办及以下 | 海关货物查验四级主办及以下,工学门类、理学门类、农学门类 | 工学门类、理学门类、农学门类 | 工学门类、理学门类、农学门类
工类专业,自动短语,auto_phrase,4,4,government:4,job_ac716a1ffdd4f44cb5a9;job_9d2be9ba351d480e8a0f;job_9b2ecfc0fd95bf48c356,计划管理岗一级主任科员及以下 | 航天管理岗一级主任科员及以下 | 电子管理岗一级主任科员及以下,公务员/事业单位；硕士研究生及以上；与最高学历相对应的学位；理、工类专业（不含核、航天、火炸药相关理工类专业）；中央机关及其省级直属机构综合管理类 | 公务员/事业单位；硕士研究生及以上；与最高学历相对应的学位；理、工类专业（不含核、火炸药相关理工类专业）；中央机关及其省级直属机构综合管理类 | 公务员/事业单位；硕士研究生及以上；与最高学历相对应的学位；理、工类专业（不含核、航天、火炸药相关理工类专业）；中央机关及其省级直属机构综合管理类
心理学类、基础心理学、发展与教育心理学,岗位标签,title_or_tag,4,4,government:4,job_f8f195bdf662f57f04cb;job_25197072f1de5702e516;job_da87c21d2517786fb02a,监管四级主办及以下（一） | 监管四级主办及以下 | 监管四级主办及以下,心理学类、基础心理学、发展与教育心理学 | 心理学类、基础心理学、发展与教育心理学 | 心理学类、基础心理学、发展与教育心理学
战略物资和能源监管,自动短语,auto_phrase,4,4,government:4,job_ff71428b5beb8022f97f;job_4372b9e510ba22c6e33c;job_dab3c46a214bdc178880,战略物资和能源监管处一级主任科员及以下 | 战略物资和能源监管处一级主任科员及以下 | 战略物资和能源监管处一级主任科员及以下,战略物资和能源监管处一级主任科员及以下 | 战略物资和能源监管处一级主任科员及以下 | 战略物资和能源监管处一级主任科员及以下
战略物资和能源监管处一级主任科员及以下,岗位标签,title_or_tag,4,4,government:4,job_ff71428b5beb8022f97f;job_4372b9e510ba22c6e33c;job_dab3c46a214bdc178880,战略物资和能源监管处一级主任科员及以下 | 战略物资和能源监管处一级主任科员及以下 | 战略物资和能源监管处一级主任科员及以下,战略物资和能源监管处一级主任科员及以下 | 战略物资和能源监管处一级主任科员及以下 | 战略物资和能源监管处一级主任科员及以下
数学类、电子信息类,岗位标签,title_or_tag,4,4,government:4,job_581dbf3253ff9aadd11c;job_8a2882a882642893b802;job_9385f7a459522d18e12a,一级行政执法员（一） | 一级行政执法员（三） | 一级行政执法员（五）,数学类、电子信息类 | 数学类、电子信息类 | 数学类、电子信息类
数学类、电子信息类、计算机类、交通运输类,岗位标签,title_or_tag,4,4,government:4,job_3f8fc1974afe5ca7068b;job_1abe626c58b4f7851a64;job_d11045546686365ba9b2,一级行政执法员（三） | 一级行政执法员（四） | 一级行政执法员（一）,数学类、电子信息类、计算机类、交通运输类 | 数学类、电子信息类、计算机类、交通运输类 | 数学类、电子信息类、计算机类、交通运输类
数学类、统计学类、材料类、计算机类,岗位标签,title_or_tag,4,4,government:4,job_87a3c2120c9c97056e95;job_446b49ff47e2bc07338a;job_e971df3bd135b0235726,一级行政执法员（二） | 一级行政执法员（三） | 一级行政执法员（四）,数学类、统计学类、材料类、计算机类 | 数学类、统计学类、材料类、计算机类 | 数学类、统计学类、材料类、计算机类
数学类、统计学类、自动化类,岗位标签,title_or_tag,4,4,government:4,job_595629d7b7c2c0da0169;job_5e1ab6b2e75b6d68429f;job_81ba6c80e063e6b9b3b6,一级行政执法员（七） | 一级行政执法员（七） | 一级行政执法员（七）,数学类、统计学类、自动化类 | 数学类、统计学类、自动化类 | 数学类、统计学类、自动化类
数学类、统计学类、计算机类、化工与制药类,岗位标签,title_or_tag,4,4,government:4,job_79fc84780d0f1421a7bd;job_e2643c4206cb589db7f2;job_abc849effde0b3b2fcb1,一级行政执法员（三） | 一级行政执法员（四） | 一级行政执法员（一）,数学类、统计学类、计算机类、化工与制药类 | 数学类、统计学类、计算机类、化工与制药类 | 数学类、统计学类、计算机类、化工与制药类
数学类、统计学类、计算机类、心理学类,岗位标签,title_or_tag,4,4,government:4,job_d37b1947335c1cbaac11;job_21cb3a3ce72f99031c00;job_bee319a9ccbc5bde45f3,一级行政执法员（五） | 一级行政执法员（六） | 一级行政执法员（三）,数学类、统计学类、计算机类、心理学类 | 数学类、统计学类、计算机类、心理学类 | 数学类、统计学类、计算机类、心理学类
数学类、统计学类、计算机类、电子信息类、安全科学与工程类,岗位标签,title_or_tag,4,4,government:4,job_5ae084665b7a6b07b0f7;job_71dcb67ede842d31e58e;job_4b52e7e5ef7323920157,第一税务分局（重点税源企业税收服务和管理局）一级行政执法员（二） | 第一稽查局一级行政执法员（二） | 第二稽查局一级行政执法员,数学类、统计学类、计算机类、电子信息类、安全科学与工程类 | 数学类、统计学类、计算机类、电子信息类、安全科学与工程类 | 数学类、统计学类、计算机类、电子信息类、安全科学与工程类
旅客检疫一级行政执法员,岗位标签,title_or_tag,4,4,government:4,job_c3dd53ec98f86fd56953;job_0783c0e600250ccc9734;job_01dd9635a6edd61ff00c,旅客检疫一级行政执法员 | 旅客检疫一级行政执法员 | 旅客检疫一级行政执法员,旅客检疫一级行政执法员 | 旅客检疫一级行政执法员 | 旅客检疫一级行政执法员
本科：法学（030101K） 研究生：法学（0301）、法律（0351）,岗位标签,title_or_tag,4,4,government:4,job_0edce00e3d170ac112ae;job_1b8b65ab2ce44338c9ed;job_6d2e97db0b21aef7342f,监管部门一级主任科员及以下 | 监管部门一级主任科员及以下 | 监管部门一级主任科员及以下,本科：法学（030101K） 研究生：法学（0301）、法律（0351） | 本科：法学（030101K） 研究生：法学（0301）、法律（0351） | 本科：法学（030101K） 研究生：法学（0301）、法律（0351）
本科：法学（030101K）；研究生：法学（0301）、法律（0351）,岗位标签,title_or_tag,4,4,government:4,job_5c3fd7e0f7e200bd1563;job_5dd57e32b73cd9980ee1;job_cb344f02c3907a713976,监管部门一级主任科员及以下 | 监管部门一级主任科员及以下 | 监管部门一级主任科员及以下,本科：法学（030101K）；研究生：法学（0301）、法律（0351） | 本科：法学（030101K）；研究生：法学（0301）、法律（0351） | 本科：法学（030101K）；研究生：法学（0301）、法律（0351）
本科：法学； 研究生：法学（0301）、法律,岗位标签,title_or_tag,4,4,government:4,job_605f3e76e8422acf4747;job_cb339f7766852180e2bd;job_9cf09e9af7165998b9d6,法律管理四级主办及以下（一） | 法律管理四级主办及以下（二） | 法律管理四级主办及以下（一）,本科：法学； 研究生：法学（0301）、法律 | 本科：法学； 研究生：法学（0301）、法律 | 本科：法学； 研究生：法学（0301）、法律
本科：经济学门类；硕士研究生：经济学类,岗位标签,title_or_tag,4,4,government:4,job_b7aabad8a6826933a6f1;job_927d5f08b0edca2647db;job_74ef03c2cc97226d7d17,监管部门一级主任科员及以下 | 监管部门一级主任科员及以下 | 监管部门一级主任科员及以下,本科：经济学门类；硕士研究生：经济学类 | 本科：经济学门类；硕士研究生：经济学类 | 本科：经济学门类；硕士研究生：经济学类
机关处室二级主任科员及以下,岗位标签,title_or_tag,4,4,government:4,job_3279c91f5a93174d2542;job_9e61f4ba638ab03ef591;job_ffcd4738789c68b8788d,机关处室二级主任科员及以下 | 机关处室二级主任科员及以下 | 机关处室二级主任科员及以下,机关处室二级主任科员及以下 | 机关处室二级主任科员及以下 | 机关处室二级主任科员及以下
机械类、仪器类、能源动力类、计算机类,岗位标签,title_or_tag,4,4,government:4,job_16e8b146d2434e831273;job_d973ebd33028052174ba;job_8cd367f1d1d243b96354,一级行政执法员（三） | 一级行政执法员（四） | 一级行政执法员（二）,机械类、仪器类、能源动力类、计算机类 | 机械类、仪器类、能源动力类、计算机类 | 机械类、仪器类、能源动力类、计算机类
机械类、土木类、建筑类,岗位标签,title_or_tag,4,4,government:4,job_6b879eb2c13be966ef04;job_474b2ff79776a0bf6e96;job_8b0ba7d9d86cb87827df,一级行政执法员（五） | 一级行政执法员（四） | 一级行政执法员（九）,机械类、土木类、建筑类 | 机械类、土木类、建筑类 | 机械类、土木类、建筑类
机械类、材料类、电气类,岗位标签,title_or_tag,4,4,government:4,job_1aa17d82572323e73ddf;job_27f06ad4e7417e51283f;job_a30ff7901fcd3644b35b,一级行政执法员（六） | 一级行政执法员（四） | 一级行政执法员（四）,机械类、材料类、电气类 | 机械类、材料类、电气类 | 机械类、材料类、电气类
机械类、电子信息类、土木类,岗位标签,title_or_tag,4,4,government:4,job_c3450e99e1c1992e3b60;job_5918cd97617b4d922a82;job_029de289de36eeb4ffa1,中国（辽宁）自由贸易试验区营口片区税务分局一级行政执法员（一） | 一级行政执法员（三） | 一级行政执法员（五）,机械类、电子信息类、土木类 | 机械类、电子信息类、土木类 | 机械类、电子信息类、土木类
机械类、能源动力类、电气类,岗位标签,title_or_tag,4,4,government:4,job_2eb336efdbced0a761f1;job_c5f62ef07dbb98fb4f0c;job_5d12f1f2dfeba6df0d77,一级行政执法员（九） | 一级行政执法员 | 一级行政执法员（五）,机械类、能源动力类、电气类 | 机械类、能源动力类、电气类 | 机械类、能源动力类、电气类
核相关理工类专业,岗位标签,title_or_tag,4,4,government:4,job_36b8e225ba30acd834ef;job_7bc9ed40599ccbec71eb;job_4fe526ee4f01d0ab897c,核项目管理岗一级主任科员及以下 | 核项目监督岗一级主任科员及以下 | 安全管理岗一级主任科员及以下,核相关理工类专业 | 核相关理工类专业 | 核相关理工类专业
档案学、图书馆学、信息资源管理,岗位标签,title_or_tag,4,4,government:4,job_c7782bae61c935b9fc9f;job_cfbfff0c480f85a7841a;job_e4ae5edf183ef3ff3266,监管一级行政执法员（二） | 监管一级行政执法员（二） | 监管一级行政执法员（二）,档案学、图书馆学、信息资源管理 | 档案学、图书馆学、信息资源管理 | 档案学、图书馆学、信息资源管理
梅州海关缉私分局一级警长及以下,岗位标签,title_or_tag,4,4,government:4,job_0472716863d8dae341bb;job_ac94f63aacddc6001f8d;job_43adf3e54a4c12191473,梅州海关缉私分局一级警长及以下 | 梅州海关缉私分局一级警长及以下 | 梅州海关缉私分局一级警长及以下,梅州海关缉私分局一级警长及以下 | 梅州海关缉私分局一级警长及以下 | 梅州海关缉私分局一级警长及以下
植物保护、植物科学与技术、动植物检疫、森林保护,岗位标签,title_or_tag,4,4,government:4,job_484c293f97321df5953f;job_08e459bf4d273b4140db;job_1ba74b2ff6492881fe80,植物检疫一级行政执法员 | 植物检疫一级行政执法员 | 植物检疫一级行政执法员,植物保护、植物科学与技术、动植物检疫、森林保护 | 植物保护、植物科学与技术、动植物检疫、森林保护 | 植物保护、植物科学与技术、动植物检疫、森林保护
植物保护、植物科学与技术、森林保护,岗位标签,title_or_tag,4,4,government:4,job_6965e4f62d5bc390c4d9;job_eb987ad8e988fed4062e;job_36d5283f11b21369a35f,植物检疫四级主办及以下（一） | 植物检疫四级主办及以下（二） | 植物检疫四级主办及以下（一）,植物保护、植物科学与技术、森林保护 | 植物保护、植物科学与技术、森林保护 | 植物保护、植物科学与技术、森林保护
植物检疫二级主办及以下,岗位标签,title_or_tag,4,4,government:4,job_28a5de9f8c64c9ba2b7d;job_4499564a9ff87d06cb8d;job_57abf2df54853e1303fb,植物检疫二级主办及以下 | 植物检疫二级主办及以下 | 植物检疫二级主办及以下,植物检疫二级主办及以下 | 植物检疫二级主办及以下 | 植物检疫二级主办及以下
植物检疫及一线监管,自动短语,auto_phrase,4,4,government:4,job_28a5de9f8c64c9ba2b7d;job_4499564a9ff87d06cb8d;job_57abf2df54853e1303fb,植物检疫二级主办及以下 | 植物检疫二级主办及以下 | 植物检疫二级主办及以下,职位简介：从事海关货物查验、植物检疫及一线监管工作 | 职位简介：从事海关货物查验、植物检疫及一线监管工作 | 职位简介：从事海关货物查验、植物检疫及一线监管工作
气象类、地理科学类,岗位标签,title_or_tag,4,4,government:4,job_5e6dd9f9acd68a3ac691;job_de4239bda436a207002f;job_4b13158652341ca2c459,防灾减灾科业务管理一级科员及以下 | 应急减灾科一级科员及以下 | 应急减灾科一级科员及以下,气象类、地理科学类 | 气象类、地理科学类 | 气象类、地理科学类
气象类；语言学及应用语言学专业、中国现当代文学专业、秘书学专业,岗位标签,title_or_tag,4,4,government:4,job_57f9dc1e1792f96a6c10;job_3a79e021739a127c37f6;job_d156d1ef03b3bd73b9da,办公室一级主任科员及以下 | 办公室一级主任科员及以下 | 办公室一级主任科员及以下,气象类；语言学及应用语言学专业、中国现当代文学专业、秘书学专业 | 气象类；语言学及应用语言学专业、中国现当代文学专业、秘书学专业 | 气象类；语言学及应用语言学专业、中国现当代文学专业、秘书学专业
法务一级行政执法员,岗位标签,title_or_tag,4,4,government:4,job_6bf7f633ec1285036f2a;job_0d628e3ec9d6b3e43f2d;job_fba6f3a78cd24f4ccfb1,法务一级行政执法员 | 法务一级行政执法员 | 法务一级行政执法员,法务一级行政执法员 | 法务一级行政执法员 | 法务一级行政执法员
法学、国际经贸规则、国际法,岗位标签,title_or_tag,4,4,government:4,job_a8294e44cc2df39506b3;job_78d1d9b62869d499a68e;job_fba6f3a78cd24f4ccfb1,法务一级行政执法员（一） | 法务一级行政执法员（二） | 法务一级行政执法员,法学、国际经贸规则、国际法 | 法学、国际经贸规则、国际法 | 法学、国际经贸规则、国际法
法学、政治学类、管理类、财务类、计算机类、中文类、工程类,岗位标签,title_or_tag,4,4,government:4,job_ad021413bd82a68a1aa9;job_793d1b2b689f8759ad2a;job_12430b68faa32a4b1587,一级行政执法员（九） | 一级行政执法员（五） | 一级行政执法员（四）,法学、政治学类、管理类、财务类、计算机类、中文类、工程类 | 法学、政治学类、管理类、财务类、计算机类、中文类、工程类 | 法学、政治学类、管理类、财务类、计算机类、中文类、工程类
法学类、公安学类、新闻传播学类、英语相关专业,岗位标签,title_or_tag,4,4,government:4,job_3cc94d40086aadd69be4;job_285985bd329e7e27aadc;job_9cbb4d4d1412a1ee1e33,一级科员（四） | 一级科员（五） | 一级科员（四）,法学类、公安学类、新闻传播学类、英语相关专业 | 法学类、公安学类、新闻传播学类、英语相关专业 | 法学类、公安学类、新闻传播学类、英语相关专业
法学类、政治学类、中国语言文学类、新闻传播学类、英语相关专业,岗位标签,title_or_tag,4,4,government:4,job_0372a3dce4323c5d15c6;job_b7168414b532cd3da174;job_a1c553ca1099b70c7c44,一级行政执法员（三） | 一级行政执法员（五） | 一级行政执法员（一）,法学类、政治学类、中国语言文学类、新闻传播学类、英语相关专业 | 法学类、政治学类、中国语言文学类、新闻传播学类、英语相关专业 | 法学类、政治学类、中国语言文学类、新闻传播学类、英语相关专业
法学类、政治学类、马克思主义理论类、中国语言文学类,岗位标签,title_or_tag,4,4,government:4,job_9d3a36d3a9c1c3eaee09;job_1c8e81820b308a792521;job_14a037aa18dd90a81384,一级行政执法员（六） | 一级行政执法员（三） | 一级行政执法员（四）,法学类、政治学类、马克思主义理论类、中国语言文学类 | 法学类、政治学类、马克思主义理论类、中国语言文学类 | 法学类、政治学类、马克思主义理论类、中国语言文学类
法学类、新闻传播学类、中国语言文学类、英语相关专业,岗位标签,title_or_tag,4,4,government:4,job_a66709ea896a0f9241c6;job_2cab3bb6cf2a3c7dfc60;job_346b54ef64b2dff19446,一级行政执法员（三） | 一级行政执法员（四） | 一级行政执法员（三）,法学类、新闻传播学类、中国语言文学类、英语相关专业 | 法学类、新闻传播学类、中国语言文学类、英语相关专业 | 法学类、新闻传播学类、中国语言文学类、英语相关专业
法学类、经济学类、财政学类、金融学类、财会审计类、计算机类,岗位标签,title_or_tag,4,4,government:4,job_34eb13525bfcf163dfca;job_89a90d2f85a66ce82164;job_afcd67266a47225d6311,一级行政执法员 | 一级行政执法员（五） | 一级行政执法员（四）,法学类、经济学类、财政学类、金融学类、财会审计类、计算机类 | 法学类、经济学类、财政学类、金融学类、财会审计类、计算机类 | 法学类、经济学类、财政学类、金融学类、财会审计类、计算机类
法学类、马克思主义理论类、新闻传播学类,岗位标签,title_or_tag,4,4,government:4,job_2120fe68ac79e5b9d659;job_b7c13de178ccb4cc709b;job_4d3fba42b08fd52ae543,一级行政执法员（五） | 一级行政执法员（一） | 一级行政执法员（一）,法学类、马克思主义理论类、新闻传播学类 | 法学类、马克思主义理论类、新闻传播学类 | 法学类、马克思主义理论类、新闻传播学类
法学类（专业代码030101K）,岗位标签,title_or_tag,4,4,government:4,job_58ffa806362a98f5d809;job_10027dc5c429567d77c4;job_bb2ee2a377b871d906f9,法规部门一级主任科员及以下 | 法规部门一级主任科员及以下 | 法规部门一级主任科员及以下,法学类（专业代码030101K） | 法学类（专业代码030101K） | 法学类（专业代码030101K）
法学（030101K）、汉语言文学、汉语言、汉语国际教育、应用语言学,岗位标签,title_or_tag,4,4,government:4,job_1194a6f0255830d7af2b;job_a2200df51804d222ee74;job_f936ddf30e42ff672e54,红河边境管理支队一级警长及以下（二） | 普洱边境管理支队一级警长及以下（二） | 西双版纳边境管理支队一级警长及以下（三）,法学（030101K）、汉语言文学、汉语言、汉语国际教育、应用语言学 | 法学（030101K）、汉语言文学、汉语言、汉语国际教育、应用语言学 | 法学（030101K）、汉语言文学、汉语言、汉语国际教育、应用语言学
法规处一级主任科员及以下,岗位标签,title_or_tag,4,4,government:4,job_ea53065d0fc7889cc23a;job_f63069792bbd499ee45d;job_3f4e20f04c964e11f13f,法规处一级主任科员及以下 | 法规处一级主任科员及以下 | 法规处一级主任科员及以下,法规处一级主任科员及以下 | 法规处一级主任科员及以下 | 法规处一级主任科员及以下
海关业务二级主办及以下（一）,岗位标签,title_or_tag,4,4,government:4,job_09a4a8a3bc377176be57;job_36d65911f0102126c8cd;job_17bfffe4703c0477102e,海关业务二级主办及以下（一） | 海关业务二级主办及以下（一） | 海关业务二级主办及以下（一）,海关业务二级主办及以下（一） | 海关业务二级主办及以下（一） | 海关业务二级主办及以下（一）
海关业务二级主办及以下（二）,岗位标签,title_or_tag,4,4,government:4,job_78e654880cf1fecbd993;job_24ff51064d747a4855a1;job_6fe34b57a1a16520acd7,海关业务二级主办及以下（二） | 海关业务二级主办及以下（二） | 海关业务二级主办及以下（二）,海关业务二级主办及以下（二） | 海关业务二级主办及以下（二） | 海关业务二级主办及以下（二）
海关口岸一线机电产品检验监管,产品运营,auto_phrase,4,4,government:4,job_1ae4d0519295cc9a4ebe;job_a0a1561fdda49d507d72;job_576257974738ec24a1c2,监管（机械自动化类）四级主办及以下 | 监管（机械自动化类）四级主办及以下 | 监管（机械自动化类）四级主办及以下,职位简介：从事海关口岸一线机电产品检验监管，进出境运输工具、货物查验监管，卫生检疫、动植物及其产品检验检疫，食品检验监管，登轮检疫鉴定，以及智慧海关建设工作 | 职位简介：从事海关口岸一线机电产品检验监管，进出境运输工具、货物查验监管，卫生检疫、动植物及其产品检验检疫，食品检验监管，登轮检疫鉴定，以及智慧海关建设工作 | 职位简介：从事海关口岸一线机电产品检验监管，进出境运输工具、货物查验监管，卫生检疫、动植物及其产品检验检疫，食品检验监管，登轮检疫鉴定，以及智慧海关建设工作
海关口岸食品及农产品检验监管,产品运营,auto_phrase,4,4,government:4,job_2d353bfc74cb5a0dfb8e;job_bb6e329e8d8ba108dca0;job_a38b07f104d217d6cc3d,驻招远办事处食品检验监管四级主办及以下 | 食品检验监管四级主办及以下 | 食品检验监管四级主办及以下,职位简介：从事海关口岸食品及农产品检验监管工作 | 职位简介：从事海关口岸食品及农产品检验监管工作 | 职位简介：从事海关口岸食品及农产品检验监管工作
海关监管,自动短语,auto_phrase,4,4,government:4,job_341aa11b46b122d8e010;job_84c3ea7ca9cd1d3fa360;job_a082630a5ff29bce3c3c,海关监管一级行政执法员 | 海关监管四级主办及以下 | 海关监管四级主办,海关监管一级行政执法员 | 海关监管四级主办及以下 | 海关监管四级主办
海关货物查验四级主办及以下,岗位标签,title_or_tag,4,4,government:4,job_141efa00bbc7b7e4e500;job_ea991d6f897ed1a54a7a;job_19f264b320a11a9271fd,海关货物查验四级主办及以下 | 海关货物查验四级主办及以下 | 海关货物查验四级主办及以下,海关货物查验四级主办及以下 | 海关货物查验四级主办及以下 | 海关货物查验四级主办及以下
海拉尔铁路公安处基层所队民警,岗位标签,title_or_tag,4,4,government:4,job_db8d607e7cecef2a31d2;job_725d630aeb9656494556;job_c523877d4a05f68b0286,海拉尔铁路公安处基层所队民警 | 海拉尔铁路公安处基层所队民警 | 海拉尔铁路公安处基层所队民警,海拉尔铁路公安处基层所队民警 | 海拉尔铁路公安处基层所队民警 | 海拉尔铁路公安处基层所队民警
濒危物种进出口管理处一级主任科员及以下,岗位标签,title_or_tag,4,4,government:4,job_c9cd71a2d1aceb8b25b4;job_4664e24ebca8bfa6f3a3;job_622b876cff1efc4e5149,濒危物种进出口管理处一级主任科员及以下 | 濒危物种进出口管理处一级主任科员及以下 | 濒危物种进出口管理处一级主任科员及以下,濒危物种进出口管理处一级主任科员及以下 | 濒危物种进出口管理处一级主任科员及以下 | 濒危物种进出口管理处一级主任科员及以下
火炸药相关理工类专业,自动短语,auto_phrase,4,4,government:4,job_ac716a1ffdd4f44cb5a9;job_9d2be9ba351d480e8a0f;job_9b2ecfc0fd95bf48c356,计划管理岗一级主任科员及以下 | 航天管理岗一级主任科员及以下 | 电子管理岗一级主任科员及以下,公务员/事业单位；硕士研究生及以上；与最高学历相对应的学位；理、工类专业（不含核、航天、火炸药相关理工类专业）；中央机关及其省级直属机构综合管理类 | 公务员/事业单位；硕士研究生及以上；与最高学历相对应的学位；理、工类专业（不含核、火炸药相关理工类专业）；中央机关及其省级直属机构综合管理类 | 公务员/事业单位；硕士研究生及以上；与最高学历相对应的学位；理、工类专业（不含核、航天、火炸药相关理工类专业）；中央机关及其省级直属机构综合管理类
电力安全监管,自动短语,auto_phrase,4,4,government:4,job_607bce8135f071379b32;job_0d0b7e0fc9f35f1e849b;job_d61e7f30cacc6f1b2799,宁夏业务办公室一级主任科员及以下 | 电力安全监管处一级主任科员及以下 | 电力安全监管处一级主任科员及以下,职位简介：从事供电服务、电力安全监管和电力业务许可管理等工作 | 电力安全监管处一级主任科员及以下 | 电力安全监管处一级主任科员及以下
电子信息类、自动化类、计算机类、化工与制药类,岗位标签,title_or_tag,4,4,government:4,job_e1ea7fce0e4fe3817c5d;job_1b3debaaa0f85675b2e3;job_b1408313bbba8a2d32df,一级行政执法员 | 一级行政执法员（一） | 一级行政执法员（二）,电子信息类、自动化类、计算机类、化工与制药类 | 电子信息类、自动化类、计算机类、化工与制药类 | 电子信息类、自动化类、计算机类、化工与制药类
电子信息类、自动化类、计算机类、测绘类,岗位标签,title_or_tag,4,4,government:4,job_bc06acda2a261770aa4f;job_935e8e5211384edfaad3;job_50b13e25233bfe172794,一级行政执法员（三） | 一级行政执法员（一） | 一级行政执法员（二）,电子信息类、自动化类、计算机类、测绘类 | 电子信息类、自动化类、计算机类、测绘类 | 电子信息类、自动化类、计算机类、测绘类
电子信息类、计算机类、环境科学与工程类,岗位标签,title_or_tag,4,4,government:4,job_53edbbdb8cb2f5ffdeb6;job_7824c9bb04ef0b2d24c9;job_cdaec79172a50a1f6756,一级行政执法员（二） | 一级行政执法员（八） | 一级行政执法员（五）,电子信息类、计算机类、环境科学与工程类 | 电子信息类、计算机类、环境科学与工程类 | 电子信息类、计算机类、环境科学与工程类
监管（机械自动化类）四级主办及以下,岗位标签,title_or_tag,4,4,government:4,job_1ae4d0519295cc9a4ebe;job_a0a1561fdda49d507d72;job_576257974738ec24a1c2,监管（机械自动化类）四级主办及以下 | 监管（机械自动化类）四级主办及以下 | 监管（机械自动化类）四级主办及以下,监管（机械自动化类）四级主办及以下 | 监管（机械自动化类）四级主办及以下 | 监管（机械自动化类）四级主办及以下
监管（统计分析应用类）四级主办及以下,岗位标签,title_or_tag,4,4,government:4,job_06a76b86305522f8c7c3;job_11b921464ecd8a4585db;job_c7f3f9539c83d867997a,监管（统计分析应用类）四级主办及以下 | 监管（统计分析应用类）四级主办及以下 | 监管（统计分析应用类）四级主办及以下,监管（统计分析应用类）四级主办及以下 | 监管（统计分析应用类）四级主办及以下 | 监管（统计分析应用类）四级主办及以下
矿山主体专业,自动短语,auto_phrase,4,4,government:4,job_11abc82e780a011749dd;job_02bb16148c65fdf2b95d;job_5a2a399742f9dd82423b,监察执法处二级主任科员及以下 | 内设处室二级主任科员及以下 | 内设处室二级主任科员及以下,公务员/事业单位；本科及以上；与最高学历相对应的学位；矿山主体专业（采矿工程、通风安全、机电、地质等）；中央机关及其省级直属机构综合管理类 | 公务员/事业单位；本科及以上；与最高学历相对应的学位；矿山主体专业（机电）；中央机关及其省级直属机构综合管理类 | 公务员/事业单位；本科及以上；与最高学历相对应的学位；矿山主体专业（地质）；中央机关及其省级直属机构综合管理类
社会保障类、图书情报与档案管理类,岗位标签,title_or_tag,4,4,government:4,job_91aeb93b5a85494ee0ea;job_041fd2f9ab8ddd4220eb;job_036dab9649c5ad068b3f,一级行政执法员（四） | 一级行政执法员（五） | 一级行政执法员（六）,社会保障类、图书情报与档案管理类 | 社会保障类、图书情报与档案管理类 | 社会保障类、图书情报与档案管理类
社会学类、新闻传播学类、英语相关专业,岗位标签,title_or_tag,4,4,government:4,job_271de84377a010858371;job_bfdbe141df7e053e3531;job_e5e91de589011eeaa88c,一级行政执法员（一） | 一级行政执法员（二） | 一级行政执法员（一）,社会学类、新闻传播学类、英语相关专业 | 社会学类、新闻传播学类、英语相关专业 | 社会学类、新闻传播学类、英语相关专业
科技与预报处一级主任科员及以下,岗位标签,title_or_tag,4,4,government:4,job_b682fe064267e8a76a6f;job_7807604ed539c1cca354;job_79c9c4768a64ed3f48c3,科技与预报处一级主任科员及以下 | 科技与预报处一级主任科员及以下 | 科技与预报处一级主任科员及以下,科技与预报处一级主任科员及以下 | 科技与预报处一级主任科员及以下 | 科技与预报处一级主任科员及以下
科技管理（机械自动化类）二级主办及以下,岗位标签,title_or_tag,4,4,government:4,job_8326af50168da18c870a;job_7c4aa8af6a75cd5cd690;job_90601b4bdb18d2f1cff1,科技管理（机械自动化类）二级主办及以下 | 科技管理（机械自动化类）二级主办及以下 | 科技管理（机械自动化类）二级主办及以下,科技管理（机械自动化类）二级主办及以下 | 科技管理（机械自动化类）二级主办及以下 | 科技管理（机械自动化类）二级主办及以下
秘书学专业,自动短语,auto_phrase,4,4,government:4,job_57f9dc1e1792f96a6c10;job_3a79e021739a127c37f6;job_d156d1ef03b3bd73b9da,办公室一级主任科员及以下 | 办公室一级主任科员及以下 | 办公室一级主任科员及以下,公务员/事业单位；硕士研究生及以上；与最高学历相对应的学位；气象类；语言学及应用语言学专业、中国现当代文学专业、秘书学专业；中央机关及其省级直属机构综合管理类 | 公务员/事业单位；硕士研究生及以上；与最高学历相对应的学位；气象类；语言学及应用语言学专业、中国现当代文学专业、秘书学专业；市（地）级及以下直属机构综合管理类 | 公务员/事业单位；硕士研究生及以上；与最高学历相对应的学位；气象类；语言学及应用语言学专业、中国现当代文学专业、秘书学专业；市（地）级及以下直属机构综合管理类
税收征管四级主办及以下,岗位标签,title_or_tag,4,4,government:4,job_3cd4297828833b3c384e;job_4ac8c8b16d634a4e7d4a;job_7a0c4806b6cc1a08f7ed,税收征管四级主办及以下 | 税收征管四级主办及以下 | 税收征管四级主办及以下,税收征管四级主办及以下 | 税收征管四级主办及以下 | 税收征管四级主办及以下
稽查、财务一级行政执法员,岗位标签,title_or_tag,4,4,government:4,job_ead38b3d659961c7f772;job_a15d48f93ef730508321;job_ffa1148928546014b22b,稽查、财务一级行政执法员 | 稽查、财务一级行政执法员 | 稽查、财务一级行政执法员,稽查、财务一级行政执法员 | 稽查、财务一级行政执法员 | 稽查、财务一级行政执法员
稽查、财务一级行政执法员（一）,岗位标签,title_or_tag,4,4,government:4,job_08a27b57de72ae2339c4;job_7a6940a108bb8b394cc9;job_fad2d54e266a0f07b94c,稽查、财务一级行政执法员（一） | 稽查、财务一级行政执法员（一） | 稽查、财务一级行政执法员（一）,稽查、财务一级行政执法员（一） | 稽查、财务一级行政执法员（一） | 稽查、财务一级行政执法员（一）
稽查、财务一级行政执法员（二）,岗位标签,title_or_tag,4,4,government:4,job_f9c87a9f3f2c78ab1eff;job_fcc5ce61e32aaa365036;job_e7463bc0f4dd54f37572,稽查、财务一级行政执法员（二） | 稽查、财务一级行政执法员（二） | 稽查、财务一级行政执法员（二）,稽查、财务一级行政执法员（二） | 稽查、财务一级行政执法员（二） | 稽查、财务一级行政执法员（二）
稽查局一级主任科员及以下,岗位标签,title_or_tag,4,4,government:4,job_99389f66192e72091c26;job_e3322d15f92358519531;job_8a69740af1c6a85ad98b,稽查局一级主任科员及以下 | 稽查局一级主任科员及以下 | 稽查局一级主任科员及以下,稽查局一级主任科员及以下 | 稽查局一级主任科员及以下 | 稽查局一级主任科员及以下
稽查局一级主任科员及以下（一）,岗位标签,title_or_tag,4,4,government:4,job_2f59c7b553d3a0ec360b;job_ddd541d06fe5a380d6f0;job_9735bf65edac5188a6bd,稽查局一级主任科员及以下（一） | 稽查局一级主任科员及以下（一） | 稽查局一级主任科员及以下（一）,稽查局一级主任科员及以下（一） | 稽查局一级主任科员及以下（一） | 稽查局一级主任科员及以下（一）
稽查局一级主任科员及以下（二）,岗位标签,title_or_tag,4,4,government:4,job_5f6ac69c1aca6fa6de01;job_be05b1f9b423b80a2868;job_4dd25ba396526f1cef10,稽查局一级主任科员及以下（二） | 稽查局一级主任科员及以下（二） | 稽查局一级主任科员及以下（二）,稽查局一级主任科员及以下（二） | 稽查局一级主任科员及以下（二） | 稽查局一级主任科员及以下（二）
第一稽查局一级行政执法员（三）,岗位标签,title_or_tag,4,4,government:4,job_fd70b924891bcf3141d5;job_59e3a99f6035d02b05e1;job_f08b2ea330ed69fd382d,第一稽查局一级行政执法员（三） | 第一稽查局一级行政执法员（三） | 第一稽查局一级行政执法员（三）,第一稽查局一级行政执法员（三） | 第一稽查局一级行政执法员（三） | 第一稽查局一级行政执法员（三）
第二税务分局一级行政执法员（三）,岗位标签,title_or_tag,4,4,government:4,job_15565529926c443e1b78;job_04eb8c3f1c392e85f7ab;job_1398090c681416ae36b1,第二税务分局一级行政执法员（三） | 第二税务分局一级行政执法员（三） | 第二税务分局一级行政执法员（三）,第二税务分局一级行政执法员（三） | 第二税务分局一级行政执法员（三） | 第二税务分局一级行政执法员（三）
经济与贸易类、工商管理类、社会保障类、电子商务类,岗位标签,title_or_tag,4,4,government:4,job_42f0f1d4563953827662;job_f50526c0c4e3385b67eb;job_6c28637f29d27f456a59,一级行政执法员（一） | 一级行政执法员（二） | 一级行政执法员（一）,经济与贸易类、工商管理类、社会保障类、电子商务类 | 经济与贸易类、工商管理类、社会保障类、电子商务类 | 经济与贸易类、工商管理类、社会保障类、电子商务类
经济与贸易类、管理科学与工程类、工商管理类、社会保障类,岗位标签,title_or_tag,4,4,government:4,job_63a9fb652aad00b38a7f;job_d2fc4ba00b051ec09e88;job_cedc221b2c907ffa34e4,一级行政执法员（三） | 一级行政执法员（四） | 一级行政执法员（六）,经济与贸易类、管理科学与工程类、工商管理类、社会保障类 | 经济与贸易类、管理科学与工程类、工商管理类、社会保障类 | 经济与贸易类、管理科学与工程类、工商管理类、社会保障类
经济学类、经济与贸易类、社会保障类、财会审计类,岗位标签,title_or_tag,4,4,government:4,job_3f1b05dfca60fa38dc81;job_034550708f1f5f1276af;job_81dda1df57629a02ce10,一级行政执法员（一） | 一级行政执法员（二） | 一级行政执法员（五）,经济学类、经济与贸易类、社会保障类、财会审计类 | 经济学类、经济与贸易类、社会保障类、财会审计类 | 经济学类、经济与贸易类、社会保障类、财会审计类
经济学类、财政学类、经济与贸易类、社会保障类,岗位标签,title_or_tag,4,4,government:4,job_7d4491680114ed1dd788;job_607a29e337e487e68e13;job_24edb2cdbb974223c98d,一级行政执法员（一） | 一级行政执法员（二） | 一级行政执法员（六）,经济学类、财政学类、经济与贸易类、社会保障类 | 经济学类、财政学类、经济与贸易类、社会保障类 | 经济学类、财政学类、经济与贸易类、社会保障类
经济学类、财政学类、财会审计类、社会保障类、图书情报与档案管理类,岗位标签,title_or_tag,4,4,government:4,job_956c9d44271f0c09a0fe;job_cff229a57dc795e5572d;job_3f01c9d8b388f470930b,一级行政执法员（三） | 一级行政执法员（四） | 一级行政执法员（一）,经济学类、财政学类、财会审计类、社会保障类、图书情报与档案管理类 | 经济学类、财政学类、财会审计类、社会保障类、图书情报与档案管理类 | 经济学类、财政学类、财会审计类、社会保障类、图书情报与档案管理类
经济学类、财政学类、金融学类、经济与贸易类、财会审计类、图书情报与档案管理类,岗位标签,title_or_tag,4,4,government:4,job_5b6e46b2ca9cb815ebf9;job_bb96db5b80da08298855;job_6604a66a9df1bc8c2ab7,一级行政执法员（一） | 一级行政执法员（二） | 一级行政执法员（一）,经济学类、财政学类、金融学类、经济与贸易类、财会审计类、图书情报与档案管理类 | 经济学类、财政学类、金融学类、经济与贸易类、财会审计类、图书情报与档案管理类 | 经济学类、财政学类、金融学类、经济与贸易类、财会审计类、图书情报与档案管理类
经济学类、财政学类、金融学类、财会审计类、社会保障类、法学类,岗位标签,title_or_tag,4,4,government:4,job_4c634ceddc4457994bd2;job_80122f6d9ddfb4a069a8;job_aec47aecc4a78870042b,第五税务分局一级主管及以下（一） | 第六税务分局一级主任科员及以下 | 第三稽查局一级主任科员及以下（一）,经济学类、财政学类、金融学类、财会审计类、社会保障类、法学类 | 经济学类、财政学类、金融学类、财会审计类、社会保障类、法学类 | 经济学类、财政学类、金融学类、财会审计类、社会保障类、法学类
经济学类、金融学类、管理科学与工程类、工商管理类,岗位标签,title_or_tag,4,4,government:4,job_6f7510dd40ebaf1052bb;job_fe3128c5c30e463cef36;job_c882e381ad1067f31fae,一级行政执法员（四） | 一级行政执法员 | 一级行政执法员（一）,经济学类、金融学类、管理科学与工程类、工商管理类 | 经济学类、金融学类、管理科学与工程类、工商管理类 | 经济学类、金融学类、管理科学与工程类、工商管理类
经济学类、金融学类、经济与贸易类、财会审计类,岗位标签,title_or_tag,4,4,government:4,job_b24cce9f4df9e46f062c;job_6c1f5fa3d9c3eb38f370;job_4e6e9c53fd8167547e1c,一级行政执法员（三） | 一级行政执法员（四） | 一级行政执法员（五）,经济学类、金融学类、经济与贸易类、财会审计类 | 经济学类、金融学类、经济与贸易类、财会审计类 | 经济学类、金融学类、经济与贸易类、财会审计类
经济学类、金融学类、统计学类,岗位标签,title_or_tag,4,4,government:4,job_3c5a503d59a585b237bc;job_ede1b990b731ab3a05ba;job_f8a87d13bfe19d6d88e0,监管部门一级主任科员及以下 | 监管部门一级主任科员及以下 | 监管部门一级主任科员及以下,经济学类、金融学类、统计学类 | 经济学类、金融学类、统计学类 | 经济学类、金融学类、统计学类
经济学类、金融学类、财会审计类、公共管理类,岗位标签,title_or_tag,4,4,government:4,job_72d7d72fd612106956de;job_4a550685ed500810afc8;job_6b7569b6d5e1d5f2718b,一级行政执法员（一） | 一级行政执法员（二） | 一级行政执法员（一）,经济学类、金融学类、财会审计类、公共管理类 | 经济学类、金融学类、财会审计类、公共管理类 | 经济学类、金融学类、财会审计类、公共管理类
经济学类、金融学类、财政学类、财会审计类、物流管理与工程类,岗位标签,title_or_tag,4,4,government:4,job_2b007f929cc036ae970c;job_be0369bb3fe6811a1615;job_28353f9e4560af1ee407,第一稽查局一级行政执法员（一） | 第一稽查局一级行政执法员（二） | 一级行政执法员（一）,经济学类、金融学类、财政学类、财会审计类、物流管理与工程类 | 经济学类、金融学类、财政学类、财会审计类、物流管理与工程类 | 经济学类、金融学类、财政学类、财会审计类、物流管理与工程类
经济学类（02）、财政学,岗位标签,title_or_tag,4,4,government:4,job_24f373bcff3f903af31a;job_eff1222fe80e61691dea;job_b172f39ec9217169e54f,一级主任科员及以下 | 一级主任科员及以下 | 一级主任科员及以下,经济学类（02）、财政学 | 经济学类（02）、财政学 | 经济学类（02）、财政学
经济学门类，统计学类、数学类、计算机类（不含电影制作、工业软件专业）,岗位标签,title_or_tag,4,4,government:4,job_9b1eccd621c3dad74a9f;job_dbf70b7d71dc9ab5b06e;job_58b1dc89e9050faa7c7f,梓潼调查队一级科员（1） | 梓潼调查队一级科员（2） | 雅江调查队一级科员,经济学门类，统计学类、数学类、计算机类（不含电影制作、工业软件专业） | 经济学门类，统计学类、数学类、计算机类（不含电影制作、工业软件专业） | 经济学门类，统计学类、数学类、计算机类（不含电影制作、工业软件专业）
统计学类、 计算机类,岗位标签,title_or_tag,4,4,government:4,job_d1e60d764c7567d3a31d;job_be7eeb8001e9263bf434;job_9c29bbe860851568f4a3,应县调查队一级科员（1） | 应县调查队一级科员（2） | 平陆调查队一级科员（1）,统计学类、 计算机类 | 统计学类、 计算机类 | 统计学类、 计算机类
统计学类、土木类,岗位标签,title_or_tag,4,4,government:4,job_912bc18b042426e2ead5;job_9508835ca02f6357a887;job_bfa4b21ff50e78ee1781,一级行政执法员（一） | 一级行政执法员（二） | 一级行政执法员（一）,统计学类、土木类 | 统计学类、土木类 | 统计学类、土木类
统计学类、环境科学与工程类,岗位标签,title_or_tag,4,4,government:4,job_9b0f082f655c29995c1b;job_6517d01ee9a55c549bc3;job_149d96b7951edf9a75a8,一级行政执法员（一） | 一级行政执法员（二） | 一级行政执法员（二）,统计学类、环境科学与工程类 | 统计学类、环境科学与工程类 | 统计学类、环境科学与工程类
统计学类、自动化类、电子信息类、计算机类,岗位标签,title_or_tag,4,4,government:4,job_138224f0119629969117;job_d21b7b5781f19345d10f;job_e1260b9c883f60f49871,一级行政执法员（五） | 一级行政执法员（六） | 一级行政执法员（三）,统计学类、自动化类、电子信息类、计算机类 | 统计学类、自动化类、电子信息类、计算机类 | 统计学类、自动化类、电子信息类、计算机类
统计学类（不含流行病与卫生统计学）、应用统计类,岗位标签,title_or_tag,4,4,government:4,job_e13afb78d1532fdb278d;job_1643f690f4a46c71643e;job_2311b515614f67d2def9,太原调查队业务科室四级主任科员（1） | 太原调查队业务科室四级主任科员（2） | 吕梁调查队业务科室四级主任科员（1）,统计学类（不含流行病与卫生统计学）、应用统计类 | 统计学类（不含流行病与卫生统计学）、应用统计类 | 统计学类（不含流行病与卫生统计学）、应用统计类
综合保障一级行政执法员,岗位标签,title_or_tag,4,4,government:4,job_879f6dbae1bc8c704345;job_3c226555cba163322ec8;job_0209eaaaa8f9451da957,综合保障一级行政执法员 | 综合保障一级行政执法员 | 综合保障一级行政执法员,综合保障一级行政执法员 | 综合保障一级行政执法员 | 综合保障一级行政执法员
综合类（汉语言文学、汉语言、应用语言学、马克思主义理论、马克思主义哲学）,岗位标签,title_or_tag,4,4,government:4,job_d5df506da462c18b9d0d;job_3f48e5291bd2a5dceb6a;job_42617f8513bf8ab396c2,综合部门一级主任科员及以下 | 综合部门一级主任科员及以下 | 综合部门一级主任科员及以下,综合类（汉语言文学、汉语言、应用语言学、马克思主义理论、马克思主义哲学） | 综合类（汉语言文学、汉语言、应用语言学、马克思主义理论、马克思主义哲学） | 综合类（汉语言文学、汉语言、应用语言学、马克思主义理论、马克思主义哲学）
航海技术、轮机工程、船舶电子电气工程,岗位标签,title_or_tag,4,4,government:4,job_fc054045aa1efd7f93b5;job_d2f681274dfa26252472;job_cb1623331c1357e03da5,一级行政执法员（一） | 一级行政执法员（七） | 一级行政执法员,航海技术、轮机工程、船舶电子电气工程 | 航海技术、轮机工程、船舶电子电气工程 | 航海技术、轮机工程、船舶电子电气工程
航空宇航科学与技术、航天工程、航空工程,岗位标签,title_or_tag,4,4,government:4,job_0ec3dc1fa6133f76304c;job_205a0a462e321a0629db;job_948083a99e974bb24277,一级行政执法员（九） | 一级行政执法员（九） | 一级行政执法员（五）,航空宇航科学与技术、航天工程、航空工程 | 航空宇航科学与技术、航天工程、航空工程 | 航空宇航科学与技术、航天工程、航空工程
船舶与海洋工程,岗位标签,title_or_tag,4,4,government:4,job_1712a2cbba3b1533e00a;job_0b88e916bc994050dd0b;job_c2fddfa178c69b627603,一级行政执法员（二） | 一级行政执法员（一） | 一级行政执法员（十）,船舶与海洋工程 | 船舶与海洋工程 | 船舶与海洋工程
船舶电子电气工程,岗位标签,title_or_tag,4,4,government:4,job_80ddc08105064206db9a;job_2602fa3237e0b6940afb;job_b0e86894d8b85771beeb,一级行政执法员（八） | 一级行政执法员（七） | 船员考试中心一级科员,船舶电子电气工程 | 船舶电子电气工程 | 船舶电子电气工程
行政管理专业,项目管理,auto_phrase,4,4,government:4,job_8cb21c63623923f51cd9;job_d76d2d5fd380fcbd1c17;job_caa0731b4e1ad0b2296f,综合处（体育卫生处）一级主任科员及以下 | 平顶山调查队业务科室一级科员（1） | 平顶山调查队业务科室一级科员（2）,公务员/事业单位；本科或硕士研究生；与最高学历相对应的学位；本科：0808自动化类、0809计算机类，行政管理专业、法学专业。硕士研究生：0301法学类、0812计算机科学与技术类，行政管理专业。；中央机关及其省级直属机构综合管理类 | 公务员/事业单位；仅限本科；学士；统计学类（不含生物统计学）、经济学类（非经济学大类，不含资源与环境经济学、商务经济学、经济工程）、数学类（不含数理基础科学)、计算机类（不含电影制作、服务科学与工程、虚拟现实技术、区块链工程），汉语言文学、新闻学、传播学、行政管理专业；市（地）级及以下直属机构综合管理类 | 公务员/事业单位；仅限本科；学士；统计学类（不含生物统计学）、经济学类（非经济学大类，不含资源与环境经济学、商务经济学、经济工程）、数学类（不含数理基础科学)、计算机类（不含电影制作、服务科学与工程、虚拟现实技术、区块链工程），汉语言文学、新闻学、传播学、行政管理专业；市（地）级及以下直属机构综合管理类
行政管理四级主办及以下,岗位标签,title_or_tag,4,4,government:4,job_ca0e7d6f3536e12064f4;job_2a4b00a610213f435454;job_6913b6a684eb94cf9f65,行政管理四级主办及以下 | 行政管理四级主办及以下 | 行政管理四级主办及以下,行政管理四级主办及以下 | 行政管理四级主办及以下 | 行政管理四级主办及以下
观测与网络处一级主任科员及以下,岗位标签,title_or_tag,4,4,government:4,job_5c6b77c97624e600b836;job_b06c5553ed589bcdb409;job_0b5eb458c87c79ef2a79,观测与网络处一级主任科员及以下 | 观测与网络处一级主任科员及以下 | 观测与网络处一级主任科员及以下,观测与网络处一级主任科员及以下 | 观测与网络处一级主任科员及以下 | 观测与网络处一级主任科员及以下
规划建设处一级主任科员及以下,岗位标签,title_or_tag,4,4,government:4,job_0ac01a1f445ad29787bb;job_a2c2cabf9db9bb06edf5;job_dfce0e8c1f0085e87cc3,规划建设处一级主任科员及以下 | 规划建设处一级主任科员及以下 | 规划建设处一级主任科员及以下,规划建设处一级主任科员及以下 | 规划建设处一级主任科员及以下 | 规划建设处一级主任科员及以下
规划计划处一级主任科员及以下,岗位标签,title_or_tag,4,4,government:4,job_db4a5d2b9f0a4dcdbade;job_438499823060c9d13837;job_829e8b2c28bdab0dd926,规划计划处一级主任科员及以下 | 规划计划处一级主任科员及以下 | 规划计划处一级主任科员及以下,规划计划处一级主任科员及以下 | 规划计划处一级主任科员及以下 | 规划计划处一级主任科员及以下
计算机科学与技术、软件工程,岗位标签,title_or_tag,4,4,government:4,job_f1ecc72ec2b4c213440a;job_5767d1d4244f8a3186d5;job_9747a06ea6d5f8421b0e,一级行政执法员（九） | 科技部门一级主任科员及以下 | 监管部门一级主任科员及以下,计算机科学与技术、软件工程 | 计算机科学与技术、软件工程 | 计算机科学与技术、软件工程
计算机科学与技术、软件工程、人工智能、大数据技术与工程,岗位标签,title_or_tag,4,4,government:4,job_b99f9c5256d47eb3b0c1;job_7ed15e80da3d0189913e;job_184fc64432b8bc9b91a0,一级行政执法员（三） | 一级行政执法员（三） | 一级行政执法员（二）,计算机科学与技术、软件工程、人工智能、大数据技术与工程 | 计算机科学与技术、软件工程、人工智能、大数据技术与工程 | 计算机科学与技术、软件工程、人工智能、大数据技术与工程
计算机科学与技术、软件工程、网络工程,岗位标签,title_or_tag,4,4,government:4,job_2710460578a838c0283a;job_df54796d152ce09e3dc0;job_fc3ca5536e98b93f1b3d,科技管理（电子信息化类）四级主办及以下 | 科技部门一级主任科员及以下 | 科技部门一级主任科员及以下,计算机科学与技术、软件工程、网络工程 | 计算机科学与技术、软件工程、网络工程 | 计算机科学与技术、软件工程、网络工程
计算机科学与技术、软件工程、网络空间安全,岗位标签,title_or_tag,4,4,government:4,job_861f44db2c22ef736083;job_eaa409083bacb99e88a9;job_e65927860a5ff008b359,科技与信息化管理处一级主任科员及以下 | 科技部门一级主任科员及以下 | 辖区计算机类监管岗位一级主任科员及以下,计算机科学与技术、软件工程、网络空间安全 | 计算机科学与技术、软件工程、网络空间安全 | 计算机科学与技术、软件工程、网络空间安全
计算机类、电子信息类,岗位标签,title_or_tag,4,4,government:4,job_e017c4a2c7ffe4157704;job_a9e388e2ecdc03bc41e5;job_173fce5d99fa812acd36,一级行政执法员（四） | 一级行政执法员（二） | 一级行政执法员（五）,计算机类、电子信息类 | 计算机类、电子信息类 | 计算机类、电子信息类
计算机类、电子信息类、材料类、安全科学与工程类,岗位标签,title_or_tag,4,4,government:4,job_83a0dcf88b1475c69045;job_0add4e3b47844669e974;job_c205f032ba237db7a6e9,第一稽查局一级行政执法员（二） | 一级行政执法员（九） | 一级行政执法员（十）,计算机类、电子信息类、材料类、安全科学与工程类 | 计算机类、电子信息类、材料类、安全科学与工程类 | 计算机类、电子信息类、材料类、安全科学与工程类
计算机类（专业代码0809）,岗位标签,title_or_tag,4,4,government:4,job_81911f98b64c68a5c7e5;job_5f8f6f3abf1b5bda36d7;job_993aca66f05d17443757,统计信息部门一级主任科员及以下 | 科技部门一级主任科员及以下 | 统计信息部门一级主任科员及以下,计算机类（专业代码0809） | 计算机类（专业代码0809） | 计算机类（专业代码0809）
财务审计处一级主任科员及以下,岗位标签,title_or_tag,4,4,government:4,job_307ad74b0f49e52523c9;job_43070e9d4b5565ebd282;job_c9192123bf3b1237710b,财务审计处一级主任科员及以下 | 财务审计处一级主任科员及以下 | 财务审计处一级主任科员及以下,财务审计处一级主任科员及以下 | 财务审计处一级主任科员及以下 | 财务审计处一级主任科员及以下
财务管理岗位一级主任科员及以下,岗位标签,title_or_tag,4,4,government:4,job_a71dc03839e31c2bc183;job_670aff4c3ef0fcf0b0de;job_06ec7125f573563c3a33,财务管理岗位一级主任科员及以下 | 财务管理岗位一级主任科员及以下 | 财务管理岗位一级主任科员及以下,财务管理岗位一级主任科员及以下 | 财务管理岗位一级主任科员及以下 | 财务管理岗位一级主任科员及以下
财政学类、经济与贸易类,岗位标签,title_or_tag,4,4,government:4,job_1ad5de7f0e572be21b1e;job_89cfad570d6ce5f510af;job_666594cf43397654d057,一级行政执法员（三） | 一级行政执法员（四） | 一级行政执法员（五）,财政学类、经济与贸易类 | 财政学类、经济与贸易类 | 财政学类、经济与贸易类
财政学类、经济与贸易类、财会审计类、社会保障类,岗位标签,title_or_tag,4,4,government:4,job_fc79779df4d82e6f4fac;job_bb9d63811ebfaabec6b0;job_aff609861666839c7111,一级行政执法员（一） | 一级行政执法员（二） | 一级行政执法员（二）,财政学类、经济与贸易类、财会审计类、社会保障类 | 财政学类、经济与贸易类、财会审计类、社会保障类 | 财政学类、经济与贸易类、财会审计类、社会保障类
财政学类、财会审计类、图书情报与档案管理类、电子商务类,岗位标签,title_or_tag,4,4,government:4,job_34603ee1b9fea0ed72e0;job_cbf5c6e38b8dd683a123;job_6f564c3a285838977523,一级行政执法员（一） | 一级行政执法员（二） | 一级行政执法员（一）,财政学类、财会审计类、图书情报与档案管理类、电子商务类 | 财政学类、财会审计类、图书情报与档案管理类、电子商务类 | 财政学类、财会审计类、图书情报与档案管理类、电子商务类
财政学类、财会审计类、社会保障类、电子商务类,岗位标签,title_or_tag,4,4,government:4,job_8a65819ad08b12601070;job_3f8a56f612624a9ec943;job_6877531081c61f679bc5,一级行政执法员（五） | 一级行政执法员（一） | 一级行政执法员（二）,财政学类、财会审计类、社会保障类、电子商务类 | 财政学类、财会审计类、社会保障类、电子商务类 | 财政学类、财会审计类、社会保障类、电子商务类
财政学类、金融学类、管理科学与工程类、公共管理类、电子商务类,岗位标签,title_or_tag,4,4,government:4,job_3f3d1d467d0f4354ac22;job_cd60322fa36ebd0b5f41;job_4f5ca13e24c962bb8614,一级行政执法员（三） | 一级行政执法员（六） | 一级行政执法员（六）,财政学类、金融学类、管理科学与工程类、公共管理类、电子商务类 | 财政学类、金融学类、管理科学与工程类、公共管理类、电子商务类 | 财政学类、金融学类、管理科学与工程类、公共管理类、电子商务类
财政学类、金融学类、财会审计类、图书情报与档案管理类,岗位标签,title_or_tag,4,4,government:4,job_81103a7ecf32a3d3faa9;job_71d78a2f014cefff6487;job_b3a6426801427b8fba1f,一级行政执法员（一） | 一级行政执法员（二） | 一级行政执法员（一）,财政学类、金融学类、财会审计类、图书情报与档案管理类 | 财政学类、金融学类、财会审计类、图书情报与档案管理类 | 财政学类、金融学类、财会审计类、图书情报与档案管理类
货物和运输工具查验监管,自动短语,auto_phrase,4,4,government:4,job_43afb05cef42369f2848;job_b9d66957468a62ae3a3d;job_3fd2212d1d60d17bd359,旅检二级主办及以下 | 行邮监管一级行政执法员（一） | 行邮监管一级行政执法员（二）,职位简介：从事海关口岸一线进出境旅客行李物品、货物和运输工具查验监管工作 | 职位简介：从事海关口岸一线进出境旅客行李物品、货物和运输工具查验监管工作 | 职位简介：从事海关口岸一线进出境旅客行李物品、货物和运输工具查验监管工作
货物查验监管四级主办及以下,岗位标签,title_or_tag,4,4,government:4,job_17f1852366cced669411;job_1f0d77dc91f02297d875;job_f4eb8bb0241b31a72c5f,货物查验监管四级主办及以下 | 货物查验监管四级主办及以下 | 货物查验监管四级主办及以下,货物查验监管四级主办及以下 | 货物查验监管四级主办及以下 | 货物查验监管四级主办及以下
边检站一级警长及以下（七）,岗位标签,title_or_tag,4,4,government:4,job_16dd71c1d5e5ecf37a49;job_9c64ec67901ecbe60390;job_a3082a6552654882699b,边检站一级警长及以下（七） | 边检站一级警长及以下（七） | 边检站一级警长及以下（七）,边检站一级警长及以下（七） | 边检站一级警长及以下（七） | 边检站一级警长及以下（七）
边检站一级警长及以下（五）,岗位标签,title_or_tag,4,4,government:4,job_28b09329b181c7bc0e2c;job_f8b9f9dac0cd083d632b;job_72a9f8191072683f9f21,边检站一级警长及以下（五） | 边检站一级警长及以下（五） | 边检站一级警长及以下（五）,边检站一级警长及以下（五） | 边检站一级警长及以下（五） | 边检站一级警长及以下（五）
边检站一级警长及以下（六）,岗位标签,title_or_tag,4,4,government:4,job_2718a064568471699f32;job_5e2b3d5a9788498c542a;job_957467baf0f3a3cf3020,边检站一级警长及以下（六） | 边检站一级警长及以下（六） | 边检站一级警长及以下（六）,边检站一级警长及以下（六） | 边检站一级警长及以下（六） | 边检站一级警长及以下（六）
边检站一级警长及以下（四）,岗位标签,title_or_tag,4,4,government:4,job_d966a1a82ba10b2a2765;job_ea6ec3e7f391e899628d;job_404f38d1a14ba8b34845,边检站一级警长及以下（四） | 边检站一级警长及以下（四） | 边检站一级警长及以下（四）,边检站一级警长及以下（四） | 边检站一级警长及以下（四） | 边检站一级警长及以下（四）
运筹学与控制论专业,自动短语,auto_phrase,4,4,government:4,job_264b8e75b93016441d44;job_0eeb1bb00c3afed2a76d;job_2d1d4d5ca01a840f9423,武汉调查队业务处室二级主任科员及以下（1） | 武汉调查队业务处室二级主任科员及以下（2） | 襄阳调查队业务科室四级主任科员,公务员/事业单位；仅限硕士研究生；硕士；0714统计学、0252应用统计、0701数学（不含基础数学、运筹学与控制论专业）、1404遥感科学与技术；中央机关及其省级直属机构综合管理类 | 公务员/事业单位；仅限硕士研究生；硕士；0714统计学、0252应用统计、0701数学（不含基础数学、运筹学与控制论专业）、1404遥感科学与技术；中央机关及其省级直属机构综合管理类 | 公务员/事业单位；仅限硕士研究生；硕士；0714统计学、0252应用统计、0701数学（不含基础数学、运筹学与控制论专业）；市（地）级及以下直属机构综合管理类
金融学类、工商管理类、社会保障类,岗位标签,title_or_tag,4,4,government:4,job_bd162aace95cabcc1d24;job_a394e1c813d369f9423b;job_1eb0e7c05fb6b1c63d19,一级行政执法员（三） | 一级行政执法员（四） | 一级行政执法员（一）,金融学类、工商管理类、社会保障类 | 金融学类、工商管理类、社会保障类 | 金融学类、工商管理类、社会保障类
金融学类、经济与贸易类、管理科学与工程类,岗位标签,title_or_tag,4,4,government:4,job_e3eed33286a240c01261;job_5ce2a088d3d46a27df2d;job_22ff8d53516d3e0f3395,一级行政执法员（三） | 一级行政执法员（四） | 一级行政执法员（三）,金融学类、经济与贸易类、管理科学与工程类 | 金融学类、经济与贸易类、管理科学与工程类 | 金融学类、经济与贸易类、管理科学与工程类
食品安全监管,自动短语,auto_phrase,4,4,government:4,job_0a05d65b39891d96bdab;job_6939b6fa55ecfb21b027;job_1616997d39e4c2a939ba,食品安全监管一级行政执法员 | 食品安全监管一级行政执法员 | 食品安全监管一级行政执法员,食品安全监管一级行政执法员 | 食品安全监管一级行政执法员 | 食品安全监管一级行政执法员
食品安全监管一级行政执法员,岗位标签,title_or_tag,4,4,government:4,job_0a05d65b39891d96bdab;job_6939b6fa55ecfb21b027;job_1616997d39e4c2a939ba,食品安全监管一级行政执法员 | 食品安全监管一级行政执法员 | 食品安全监管一级行政执法员,食品安全监管一级行政执法员 | 食品安全监管一级行政执法员 | 食品安全监管一级行政执法员
食品检验一级行政执法员,岗位标签,title_or_tag,4,4,government:4,job_a54eda5fc72e28f4422f;job_51648ad716666ec10a8c;job_1614ac4e6714829660a2,食品检验一级行政执法员 | 食品检验一级行政执法员 | 食品检验一级行政执法员,食品检验一级行政执法员 | 食品检验一级行政执法员 | 食品检验一级行政执法员
食品检验四级主办及以下（一）,岗位标签,title_or_tag,4,4,government:4,job_4ad14e92dff9863d8e6a;job_32d118218eab01570543;job_6d120d8b2e4bec6669e6,食品检验四级主办及以下（一） | 食品检验四级主办及以下（一） | 食品检验四级主办及以下（一）,食品检验四级主办及以下（一） | 食品检验四级主办及以下（一） | 食品检验四级主办及以下（一）
食品检验四级主办及以下（二）,岗位标签,title_or_tag,4,4,government:4,job_723e5087ea45e98a7229;job_650def49d43fddeebb1c;job_60d0458edfb016556fdc,食品检验四级主办及以下（二） | 食品检验四级主办及以下（二） | 食品检验四级主办及以下（二）,食品检验四级主办及以下（二） | 食品检验四级主办及以下（二） | 食品检验四级主办及以下（二）
食品检验监管一级行政执法员,岗位标签,title_or_tag,4,4,government:4,job_08c5558b34a3a6b1ff89;job_c2226eebcb00f82e5619;job_ae75aabd78afea233682,食品检验监管一级行政执法员 | 食品检验监管一级行政执法员 | 食品检验监管一级行政执法员,食品检验监管一级行政执法员 | 食品检验监管一级行政执法员 | 食品检验监管一级行政执法员
食品检验监管及一线监管,自动短语,auto_phrase,4,4,government:4,job_927e645eb867add218c5;job_6e7dc23112446f1ea4c6;job_755b08cb3ac3bae8cd43,监管二级主办及以下 | 监管二级主办及以下（一） | 监管二级主办及以下（二）,职位简介：从事海关货物查验、食品检验监管及一线监管工作 | 职位简介：从事海关货物查验、食品检验监管及一线监管工作 | 职位简介：从事海关货物查验、食品检验监管及一线监管工作
食品科学与工程类、水产类,岗位标签,title_or_tag,4,4,government:4,job_51648ad716666ec10a8c;job_95b52e873b99b001ada2;job_92d81729d6617c1f3324,食品检验一级行政执法员 | 食品检验一级行政执法员（一） | 食品检验一级行政执法员（二）,食品科学与工程类、水产类 | 食品科学与工程类、水产类 | 食品科学与工程类、水产类
鹰潭铁路公安处基层所队民警,岗位标签,title_or_tag,4,4,government:4,job_cd1a16a693d8ae462da3;job_c3cf17e8ee23dd68ef43;job_e803cc8f2cf149f99204,鹰潭铁路公安处基层所队民警 | 鹰潭铁路公安处基层所队民警 | 鹰潭铁路公安处基层所队民警,鹰潭铁路公安处基层所队民警 | 鹰潭铁路公安处基层所队民警 | 鹰潭铁路公安处基层所队民警
0201经济学类、0203金融学类,岗位标签,title_or_tag,3,3,government:3,job_132ed6704d1a0ab87020;job_82416ef6dced36953134;job_dc28af6dc25d62179b83,监管部门一级主任科员及以下 | 监管部门一级主任科员及以下 | 监管部门一级主任科员及以下,0201经济学类、0203金融学类 | 0201经济学类、0203金融学类 | 0201经济学类、0203金融学类
02经济学类、12管理学类,岗位标签,title_or_tag,3,3,government:3,job_18f4673d68f4fd0a5961;job_810dd642e8dae2877499;job_47d1b55476ed6c7bebad,一级主任科员及以下 | 内设处室（一）一级主任科员及以下 | 一级主任科员及以下,02经济学类、12管理学类 | 02经济学类、12管理学类 | 02经济学类、12管理学类
0301法学（行政法、刑法、国际法方向），035102法律（法学）,岗位标签,title_or_tag,3,3,government:3,job_ea4972d45c6bd0a6b622;job_c75950275aa5958c9cb8;job_8caac014856ce64188f5,南宁出入境边防检查站一级警长及以下（二） | 桂林出入境边防检查站一级警长及以下（三） | 爱店出入境边防检查站一级警长及以下（三）,0301法学（行政法、刑法、国际法方向），035102法律（法学） | 0301法学（行政法、刑法、国际法方向），035102法律（法学） | 0301法学（行政法、刑法、国际法方向），035102法律（法学）
050201英语,硬约束,auto_phrase,3,3,government:3,job_3d613000095a665931ef;job_6acb2974e9db3f362d86;job_bead9f38ff39bb58baa1,一级主任科员及以下 | 喀什边境管理支队一级警长及以下（一） | 国际注册部门一级主任科员及以下,公务员/事业单位；本科及以上；与最高学历相对应的学位；本科：050201英语；硕士：0502外国语言文学（英语）、0551翻译（英语）；中央机关及其省级直属机构综合管理类 | 公务员/事业单位；仅限本科；学士；050201英语、050202俄语、050221乌尔都语；行政执法类 | 公务员/事业单位；硕士研究生及以上；与最高学历相对应的学位；050201英语语言文学、055101英语笔译、055102英语口译；中央机关及其省级直属机构综合管理类
0502外国语言文学（仅越南语方向）、0551翻译（仅越南语方向）,岗位标签,title_or_tag,3,3,government:3,job_b9ca56099cb315cdec19;job_1d702d3f475d1e846964;job_417d87fc4a453efb951a,东兴出入境边防检查站一级警长及以下（二） | 龙邦出入境边防检查站一级警长及以下（三） | 爱店出入境边防检查站一级警长及以下（二）,0502外国语言文学（仅越南语方向）、0551翻译（仅越南语方向） | 0502外国语言文学（仅越南语方向）、0551翻译（仅越南语方向） | 0502外国语言文学（仅越南语方向）、0551翻译（仅越南语方向）
0712统计学类、0812测绘类,岗位标签,title_or_tag,3,3,government:3,job_6422e6ac6db9b5070c69;job_708c1d804c31526f7040;job_7d67967e4d4b9b017371,株洲调查队业务科室一级科员 | 怀化调查队业务科室一级科员（1） | 湘西调查队业务科室一级科员,0712统计学类、0812测绘类 | 0712统计学类、0812测绘类 | 0712统计学类、0812测绘类
085412网络与信息安全,自动短语,auto_phrase,3,3,government:3,job_38c3c3992bd29da51b2f;job_f229b0c7de9763e2d557;job_96e5ebc97830c67f1c57,监管部门一级主任科员及以下 | 江阴边检站一级警长及以下 | 综合业务处一级主任科员及以下,公务员/事业单位；硕士研究生及以上；与最高学历相对应的学位；0775计算机科学与技术、0812计算机科学与技术、0835软件工程、0839网络空间安全、085404计算机技术、085405软件工程、085411大数据技术与工程、085412网络与信息安全；中央机关及其省级直属机构综合管理类 | 公务员/事业单位；本科及以上；与最高学历相对应的学位；本科：080717T人工智能，080901计算机科学与技术，080903网络工程，080904K信息安全；研究生：0810J1、J2人工智能，0812Z1、Z2、Z3人工智能，081200计算机科学与技术，085412网络与信息安全。；行政执法类 | 公务员/事业单位；硕士研究生及以上；与最高学历相对应的学位；0812计算机科学与技术、085404计算机技术、085410人工智能、085411大数据技术与工程、085412网络与信息安全；中央机关及其省级直属机构综合管理类
1202工商管理学（仅会计、财务管理、审计方向）、1253会计、1257审计,岗位标签,title_or_tag,3,3,government:3,job_e96cc159a847a8479eb6;job_d8d68f6ffd004fe3edd5;job_ae20489d09f4e674e7e8,钦州出入境边防检查站一级警长及以下 | 友谊关出入境边防检查站一级警长及以下（二） | 龙邦出入境边防检查站一级警长及以下（四）,1202工商管理学（仅会计、财务管理、审计方向）、1253会计、1257审计 | 1202工商管理学（仅会计、财务管理、审计方向）、1253会计、1257审计 | 1202工商管理学（仅会计、财务管理、审计方向）、1253会计、1257审计
一级主任科员及以下一,岗位标签,title_or_tag,3,3,government:3,job_cd2596c189e74c6ee45d;job_2fd403b5e973b87b9b11;job_f2afee09bf0b88408021,一级主任科员及以下一 | 一级主任科员及以下一 | 一级主任科员及以下一,一级主任科员及以下一 | 一级主任科员及以下一 | 一级主任科员及以下一
一级主任科员及以下二,岗位标签,title_or_tag,3,3,government:3,job_cb930253be14d0f5be3e;job_ab2b7b0259feee15039a;job_d6ec5eb91a5f66502ccc,一级主任科员及以下二 | 一级主任科员及以下二 | 一级主任科员及以下二,一级主任科员及以下二 | 一级主任科员及以下二 | 一级主任科员及以下二
一级科员（一）,岗位标签,title_or_tag,3,3,government:3,job_25922b38c628f6add698;job_2d7f95dbe3427b847d09;job_d130c48ffdb53484a5b6,一级科员（一） | 一级科员（一） | 一级科员（一）,一级科员（一） | 一级科员（一） | 一级科员（一）
一级科员（三）,岗位标签,title_or_tag,3,3,government:3,job_aa297cb744b9c5b27b5d;job_e5ca04e83e185396e20a;job_5993002dfdc24d905fd8,一级科员（三） | 一级科员（三） | 一级科员（三）,一级科员（三） | 一级科员（三） | 一级科员（三）
一级科员（二）,岗位标签,title_or_tag,3,3,government:3,job_96756373da5e83adfc32;job_be63cb3f7e5b162f4336;job_51604dc5a229705f97f2,一级科员（二） | 一级科员（二） | 一级科员（二）,一级科员（二） | 一级科员（二） | 一级科员（二）
一级行政执法员(七),岗位标签,title_or_tag,3,3,government:3,job_8efacc6c328257153723;job_cdd89c97b08b436a9a85;job_4808c8d95f8f0e73f3fa,一级行政执法员(七) | 一级行政执法员(七) | 一级行政执法员(七),一级行政执法员(七) | 一级行政执法员(七) | 一级行政执法员(七)
一级行政执法员(六),岗位标签,title_or_tag,3,3,government:3,job_698b3c891c834a093187;job_5dc4ba9a7040872ce5a0;job_926e4fd600f92522d405,一级行政执法员(六) | 一级行政执法员(六) | 一级行政执法员(六),一级行政执法员(六) | 一级行政执法员(六) | 一级行政执法员(六)
一级行政执法员（十五）,岗位标签,title_or_tag,3,3,government:3,job_d75379154a8fdef1acbd;job_c68d53e3a4453150993a;job_5e01ddb9429e1e5070ce,一级行政执法员（十五） | 一级行政执法员（十五） | 一级行政执法员（十五）,一级行政执法员（十五） | 一级行政执法员（十五） | 一级行政执法员（十五）
不含市场营销,产品运营,auto_phrase,3,3,government:3,job_4b01b13e7efbb2c1113e;job_98e9fe14db50717c44f1;job_71063181c7396ff4a7b6,建平调查队一级科员（1） | 绥中调查队一级科员（1） | 龙泉调查队一级科员,公务员/事业单位；仅限本科；学士；工商管理类（不含市场营销、物业管理、文化产业管理、劳动关系、体育经济与管理、市场营销教育、零售业管理、创业管理、海关稽查专业）、统计学类（不含生物统计学专业）；市（地）级及以下直属机构综合管理类 | 公务员/事业单位；仅限本科；学士；统计学类、工商管理类（不含市场营销、物业管理、文化产业管理、劳动关系、体育经济与管理、市场营销教育、零售业管理、创业管理、海关稽查专业）；市（地）级及以下直属机构综合管理类 | 公务员/事业单位；仅限本科；学士；经济学类0201；统计学类0712；数学类0701；计算机类0809（不含电影制作、区块链工程）；工商管理类1202（不含市场营销、市场营销教育、物业管理、创业管理、海关稽查、国际商务、零售业管理）；市（地）级及以下直属机构综合管理类
不含手语翻译专业,自动短语,auto_phrase,3,3,government:3,job_328727fd58be11a43bc5;job_dcf8466173820cbc723b;job_fc24f68a1ca64c2868af,泾川调查队一级科员（2） | 金塔调查队一级科员 | 临泽调查队四级主任科员及以下,公务员/事业单位；仅限本科；学士；中国语言文学类（不含手语翻译专业）、工商管理类；市（地）级及以下直属机构综合管理类 | 公务员/事业单位；仅限本科；学士；统计学类、计算机类（不含电影制作专业）、中国语言文学类（不含手语翻译专业）、工商管理类；市（地）级及以下直属机构综合管理类 | 公务员/事业单位；仅限本科；学士；统计学类、计算机类（不含电影制作专业）、经济学类、中国语言文学类（不含手语翻译专业）、工商管理类；市（地）级及以下直属机构综合管理类
专业技术员,岗位标签,title_or_tag,3,3,government:3,job_89360e3cd1f7c387d5a5;job_50041189fbfb3a04defd;job_4fa228c56718e76a14a9,专业技术员 | 专业技术员 | 专业技术员,专业技术员 | 专业技术员 | 专业技术员
中国语言文学类（专业代码0501开头）、新闻传播学类（专业代码0503开头）,岗位标签,title_or_tag,3,3,government:3,job_3af5c6c4f453b955d6ad;job_fafeb4ca59857c451676;job_deaab8f72350df143bf7,监管部门一级主任科员及以下 | 监管部门一级主任科员及以下 | 监管部门一级主任科员及以下,中国语言文学类（专业代码0501开头）、新闻传播学类（专业代码0503开头） | 中国语言文学类（专业代码0501开头）、新闻传播学类（专业代码0503开头） | 中国语言文学类（专业代码0501开头）、新闻传播学类（专业代码0503开头）
九处一级主任科员及以下,岗位标签,title_or_tag,3,3,government:3,job_c6cab3b4258239973fbd;job_827142d5c47ff51a2f34;job_24c0477dbab8d7b2d56b,九处一级主任科员及以下 | 九处一级主任科员及以下 | 九处一级主任科员及以下,九处一级主任科员及以下 | 九处一级主任科员及以下 | 九处一级主任科员及以下
二处警务技术一级主管及以下,岗位标签,title_or_tag,3,3,government:3,job_eb72f6f7d4784187e948;job_1bb18d54129df78f2b81;job_abef6fb5e5f2282a713e,二处警务技术一级主管及以下 | 二处警务技术一级主管及以下 | 二处警务技术一级主管及以下,二处警务技术一级主管及以下 | 二处警务技术一级主管及以下 | 二处警务技术一级主管及以下
交通运输工程、交通信息工程及控制、航海科学与技术、载运工具运用工程、水路交通运输,岗位标签,title_or_tag,3,3,government:3,job_15bcd4eceb6af1082598;job_8e91e647f05386f6d269;job_2740449148ed4aa8b81e,一级行政执法员（三） | 一级行政执法员（一） | 一级行政执法员（一）,交通运输工程、交通信息工程及控制、航海科学与技术、载运工具运用工程、水路交通运输 | 交通运输工程、交通信息工程及控制、航海科学与技术、载运工具运用工程、水路交通运输 | 交通运输工程、交通信息工程及控制、航海科学与技术、载运工具运用工程、水路交通运输
交通运输工程、船舶与海洋工程,岗位标签,title_or_tag,3,3,government:3,job_9ea9c28b686eff474543;job_19abcf43d6fc9d34c18c;job_72cf84706a3a3469873d,一级行政执法员（四） | 一级行政执法员（五） | 一级行政执法员（一）,交通运输工程、船舶与海洋工程 | 交通运输工程、船舶与海洋工程 | 交通运输工程、船舶与海洋工程
人事处一级主任科员及以下,岗位标签,title_or_tag,3,3,government:3,job_677cfb699a4e5176aa5b;job_ffefe6f7abf4aa0a0573;job_ab90a55ca906983fa9e9,人事处一级主任科员及以下 | 人事处一级主任科员及以下 | 人事处一级主任科员及以下,人事处一级主任科员及以下 | 人事处一级主任科员及以下 | 人事处一级主任科员及以下
人事处四级主任科员及以下,岗位标签,title_or_tag,3,3,government:3,job_8d30d2a319adff76f38e;job_62ace273e7e3a3b100a5;job_c159522ba5a02141e471,人事处四级主任科员及以下 | 人事处四级主任科员及以下 | 人事处四级主任科员及以下,人事处四级主任科员及以下 | 人事处四级主任科员及以下 | 人事处四级主任科员及以下
仅英语,硬约束,auto_phrase,3,3,government:3,job_86c815743ff5dd243e0f;job_5301d22be7dba5147dce;job_0224df30d8a5ea4dc147,绥芬河出入境边防检查站一级警长及以下（一） | 牡丹江出入境边防检查站一级警长及以下（二） | 龙邦出入境边防检查站一级警长及以下（二）,公务员/事业单位；本科及以上；与最高学历相对应的学位；本科：0502外国语言文学类（仅英语、俄语、日语、朝鲜语方向）。研究生：0551翻译（仅英语、俄语、日语、朝鲜语方向）。；行政执法类 | 公务员/事业单位；本科及以上；与最高学历相对应的学位；本科：0502外国语言文学类（仅英语、俄语、日语、朝鲜语方向）。研究生：0551翻译（仅英语、俄语、日语、朝鲜语方向）。；行政执法类 | 公务员/事业单位；硕士研究生及以上；与最高学历相对应的学位；0451教育（仅英语方向）、0453国际中文教育（仅英语方向）、0502外国语言文学（仅英语方向）、0551翻译（仅英语方向）；行政执法类
从事海关一线动物检疫监管,自动短语,auto_phrase,3,3,government:3,job_27f7d15e6341867732a4;job_b2c0114aca04c59d491c;job_f396d1aafd4bf41fa645,动物检疫一级行政执法员 | 动物检疫一级行政执法员 | 动物检疫一级行政执法员,职位简介：从事海关一线动物检疫监管工作 | 职位简介：从事海关一线动物检疫监管工作 | 职位简介：从事海关一线动物检疫监管工作
从事海关一线卫生检疫监管,自动短语,auto_phrase,3,3,government:3,job_48160261681545f303f3;job_1fa260dc2744ebc32985;job_49578673bb7e25ad03f8,卫生检疫四级主办及以下 | 卫生检疫四级主办及以下 | 卫生检疫四级主办及以下,职位简介：从事海关一线卫生检疫监管工作 | 职位简介：从事海关一线卫生检疫监管工作 | 职位简介：从事海关一线卫生检疫监管工作
从事海关一线货物查验监管,自动短语,auto_phrase,3,3,government:3,job_bb8263536a478ebcdc7c;job_3a2836c9660c8330177c;job_986e75992c02d899d8ac,科技管理（机械自动化类）一级行政执法员 | 科技管理（电子信息化类）一级行政执法员 | 科技管理（电子信息化类）一级行政执法员,职位简介：从事海关一线货物查验监管及智慧海关建设工作 | 职位简介：从事海关一线货物查验监管及智慧海关建设工作 | 职位简介：从事海关一线货物查验监管及智慧海关建设工作
从事海关一线进出境食品监管,自动短语,auto_phrase,3,3,government:3,job_0a05d65b39891d96bdab;job_6939b6fa55ecfb21b027;job_1616997d39e4c2a939ba,食品安全监管一级行政执法员 | 食品安全监管一级行政执法员 | 食品安全监管一级行政执法员,职位简介：从事海关一线进出境食品监管工作 | 职位简介：从事海关一线进出境食品监管工作 | 职位简介：从事海关一线进出境食品监管工作
从事海关口岸一线登轮监管,自动短语,auto_phrase,3,3,government:3,job_aae240b877cc799c5326;job_c242f5eac4c78157fbbd;job_80f127b2996ca2b4eddb,登轮监管一级行政执法员 | 登轮监管一级行政执法员 | 登轮监管一级行政执法员,职位简介：从事海关口岸一线登轮监管、卫生检疫工作 | 职位简介：从事海关口岸一线登轮监管、卫生检疫工作 | 职位简介：从事海关口岸一线登轮监管和卫生检疫工作
从事海关口岸一线财务审计,自动短语,auto_phrase,3,3,government:3,job_62ba2f32b831539dade0;job_fe121f426ce897ebe760;job_e690b14ce4a68b24e1d1,财务审计一级行政执法员 | 财务审计四级主办及以下 | 财务审计四级主办及以下,职位简介：从事海关口岸一线财务审计工作 | 职位简介：从事海关口岸一线财务审计工作 | 职位简介：从事海关口岸一线财务审计工作
从事电力安全监管,自动短语,auto_phrase,3,3,government:3,job_0d0b7e0fc9f35f1e849b;job_d61e7f30cacc6f1b2799;job_a49a7a55c248c9345c6c,电力安全监管处一级主任科员及以下 | 电力安全监管处一级主任科员及以下 | 电力安全监管处一级主任科员及以下,职位简介：从事电力安全监管等工作 | 职位简介：从事电力安全监管相关工作 | 职位简介：从事电力安全监管工作
会计、审计,岗位标签,title_or_tag,3,3,government:3,job_9c2e80bb8a7193910d4d;job_337d7d8ac4529ae2d289;job_2b5277391e6f67ed374a,监管部门一级主任科员及以下 | 财会部门一级主任科员及以下 | 财务处二级主任科员及以下,会计、审计 | 会计、审计 | 会计、审计
会计学、审计学,岗位标签,title_or_tag,3,3,government:3,job_3d3a8edef644845d9092;job_3376143d2e6225d9c8b9;job_bc121fdda5c8bcfe2408,一级行政执法员（三） | 辖区会计类监管岗位一级主任科员及以下 | 辖区会计类监管岗位一级主任科员及以下,会计学、审计学 | 会计学、审计学 | 会计学、审计学
会计学、财务管理、审计学、会计、审计,岗位标签,title_or_tag,3,3,government:3,job_aa80d99716772d7023e3;job_608507953b65ba0227cd;job_2e3a797527cf69829600,稽查四级主办及以下 | 稽查四级主办及以下 | 财务管理四级主办及以下,会计学、财务管理、审计学、会计、审计 | 会计学、财务管理、审计学、会计、审计 | 会计学、财务管理、审计学、会计、审计
会计学、财务管理、审计学、工程审计,岗位标签,title_or_tag,3,3,government:3,job_85b0917e36f520a0cedf;job_569b737f8d361bd8b412;job_662ef9b22c9bff57da2d,保山边境管理支队一级警长及以下（二） | 清水河出入境边防检查站一级警长及以下（四） | 勐康出入境边防检查站一级警长及以下（五）,会计学、财务管理、审计学、工程审计 | 会计学、财务管理、审计学、工程审计 | 会计学、财务管理、审计学、工程审计
会计学、财务管理、审计学、财政学、税收学,岗位标签,title_or_tag,3,3,government:3,job_62ba2f32b831539dade0;job_fe121f426ce897ebe760;job_e690b14ce4a68b24e1d1,财务审计一级行政执法员 | 财务审计四级主办及以下 | 财务审计四级主办及以下,会计学、财务管理、审计学、财政学、税收学 | 会计学、财务管理、审计学、财政学、税收学 | 会计学、财务管理、审计学、财政学、税收学
会计学、财务管理、审计学、金融学,岗位标签,title_or_tag,3,3,government:3,job_8072364eec7b3f0924cd;job_087bd6e302cb51561505;job_d60f5378ec99f6d2ae27,财务管理一级行政执法员 | 财务管理一级行政执法员 | 海关财务管理一级行政执法员,会计学、财务管理、审计学、金融学 | 会计学、财务管理、审计学、金融学 | 会计学、财务管理、审计学、金融学
会计学（含会计硕士）、审计学（含审计硕士）、财务管理（含财务学）,岗位标签,title_or_tag,3,3,government:3,job_141ae2845ece1b81486d;job_8da5dbf792ceb61e4427;job_df89e53bf8fade90bd49,辖区会计类监管岗位一级主任科员及以下 | 辖区会计类监管岗位一级主任科员及以下 | 辖区会计类监管岗位一级主任科员及以下,会计学（含会计硕士）、审计学（含审计硕士）、财务管理（含财务学） | 会计学（含会计硕士）、审计学（含审计硕士）、财务管理（含财务学） | 会计学（含会计硕士）、审计学（含审计硕士）、财务管理（含财务学）
俄语、日语、德语、法语、西班牙语、阿拉伯语,岗位标签,title_or_tag,3,3,government:3,job_1d4c285338bdc0b7422f;job_963841711b2e71401b23;job_da6464d19e09d0f10756,监管一级行政执法员（四） | 监管一级行政执法员（三） | 综合业务一级行政执法员,俄语、日语、德语、法语、西班牙语、阿拉伯语 | 俄语、日语、德语、法语、西班牙语、阿拉伯语 | 俄语、日语、德语、法语、西班牙语、阿拉伯语
俄语、法语、西班牙语、阿拉伯语,岗位标签,title_or_tag,3,3,government:3,job_8d18e59f433416c2f624;job_7b529e24804b906d2826;job_66700b45f58bb9c48bd6,旅检一级行政执法员（二） | 旅检一级行政执法员（二） | 旅检一级行政执法员（二）,俄语、法语、西班牙语、阿拉伯语 | 俄语、法语、西班牙语、阿拉伯语 | 俄语、法语、西班牙语、阿拉伯语
公安审计,自动短语,auto_phrase,3,3,government:3,job_5c4a999d4f4c93b3d3aa;job_627c2a3ab249cc5449bb;job_837e62b2f8214d5ccc33,郑州铁路公安处基层所队民警 | 延安铁路公安处基层所队民警 | 重庆铁路公安处基层所队民警,职位简介：主要从事基层治安管理、公安审计等工作 | 职位简介：主要从事车站治安管理、公安审计、警体训练等工作 | 职位简介：主要从事线路治安管理、公安审计工作
内设处室二级主任科员及以下,岗位标签,title_or_tag,3,3,government:3,job_02bb16148c65fdf2b95d;job_5a2a399742f9dd82423b;job_c04a2ffbea1cc9365006,内设处室二级主任科员及以下 | 内设处室二级主任科员及以下 | 内设处室二级主任科员及以下,内设处室二级主任科员及以下 | 内设处室二级主任科员及以下 | 内设处室二级主任科员及以下
农学、植物保护、植物科学与技术、种子科学与工程、动植物检疫、森林保护,岗位标签,title_or_tag,3,3,government:3,job_88be4a7b4ab2a261e1d1;job_006ab856cccfc067b306;job_626f8960212df760fa89,植物检疫监管一级行政执法员 | 植物检疫监管一级行政执法员 | 植物检疫监管一级行政执法员,农学、植物保护、植物科学与技术、种子科学与工程、动植物检疫、森林保护 | 农学、植物保护、植物科学与技术、种子科学与工程、动植物检疫、森林保护 | 农学、植物保护、植物科学与技术、种子科学与工程、动植物检疫、森林保护
办公室（人事教育科）一级主任科员及以下,岗位标签,title_or_tag,3,3,government:3,job_07191317f57e6b99233f;job_eb73ace66e36e493df11;job_1d004dd1dc61d34f2704,办公室（人事教育科）一级主任科员及以下 | 办公室（人事教育科）一级主任科员及以下 | 办公室（人事教育科）一级主任科员及以下,办公室（人事教育科）一级主任科员及以下 | 办公室（人事教育科）一级主任科员及以下 | 办公室（人事教育科）一级主任科员及以下
办公自动化,自动短语,auto_phrase,3,3,government:3,job_25fe40f40f796908a792;job_6b1cd538e8747cebf2b3;job_4e78b0549d512bad8e9c,情报技术处一级警长及以下 | 综合管理处一级主任科员及以下 | 综合管理办公室（政策法规科、防雷减灾办公室）一级主任科员及以下,职位简介：主要从事数据建模、办公自动化、技术支持等工作 | 职位简介：从事有关文件起草、综合协调、会议组织、办公自动化、宣传报道、林草资源监督等综合管理工作 | 职位简介：负责文秘、政务信息、宣传报道、办公自动化维护、会议安排等工作
动植物检疫一级行政执法员（一）,岗位标签,title_or_tag,3,3,government:3,job_9393f387e1c3a8d08ffb;job_7974605a653f2efc5c01;job_1834e56feba6632439bd,动植物检疫一级行政执法员（一） | 动植物检疫一级行政执法员（一） | 动植物检疫一级行政执法员（一）,动植物检疫一级行政执法员（一） | 动植物检疫一级行政执法员（一） | 动植物检疫一级行政执法员（一）
动植物检疫一级行政执法员（二）,岗位标签,title_or_tag,3,3,government:3,job_c2f622a325c2694c39d2;job_1ff51944c8e10098a60d;job_8b070ad3a8b9de93dcd0,动植物检疫一级行政执法员（二） | 动植物检疫一级行政执法员（二） | 动植物检疫一级行政执法员（二）,动植物检疫一级行政执法员（二） | 动植物检疫一级行政执法员（二） | 动植物检疫一级行政执法员（二）
动植物检疫及一线监管,自动短语,auto_phrase,3,3,government:3,job_ed886c95e8f33bcc0c4b;job_f3910ccfcd6d7a2b2adc;job_3814fd825cb816d76e22,动植物检疫二级主办及以下（一） | 动植物检疫二级主办及以下（二） | 动植物检疫二级主办及以下,职位简介：从事海关货物查验、动植物检疫及一线监管工作 | 职位简介：从事海关货物查验、动植物检疫及一线监管工作 | 职位简介：从事海关货物查验、动植物检疫及一线监管工作
动物医学、动植物检疫、动物科学、植物保护、植物科学与技术,岗位标签,title_or_tag,3,3,government:3,job_a1040a4e3c78ffe60438;job_4089ca2a55dcaf3d711b;job_044fc6307f808c04fa70,动植物检疫一级行政执法员 | 动植物检疫一级行政执法员 | 动植物检疫一级行政执法员,动物医学、动植物检疫、动物科学、植物保护、植物科学与技术 | 动物医学、动植物检疫、动物科学、植物保护、植物科学与技术 | 动物医学、动植物检疫、动物科学、植物保护、植物科学与技术
动物医学、动植物检疫（动检方向）、兽医公共卫生,岗位标签,title_or_tag,3,3,government:3,job_66a7e87a5c18d250d3ee;job_bb6231e7e53b975f0ca6;job_650b7da0247acfb80d81,动物检疫一级行政执法员（一） | 动物检疫一级行政执法员（二） | 动物检疫一级行政执法员,动物医学、动植物检疫（动检方向）、兽医公共卫生 | 动物医学、动植物检疫（动检方向）、兽医公共卫生 | 动物医学、动植物检疫（动检方向）、兽医公共卫生
动物医学类、动物科学,岗位标签,title_or_tag,3,3,government:3,job_582f757950bb7f6e8242;job_9b7f954ac8a1cbd8fd92;job_71a2153ee057a05bf423,动物检疫一级行政执法员 | 动物检疫四级主办及以下（一） | 动物检疫四级主办及以下（二）,动物医学类、动物科学 | 动物医学类、动物科学 | 动物医学类、动物科学
动物检疫二级主办及以下,岗位标签,title_or_tag,3,3,government:3,job_7ce33e354f20517379bc;job_88544035b931ecf142c9;job_a3204ed57a613a935b37,动物检疫二级主办及以下 | 动物检疫二级主办及以下 | 动物检疫二级主办及以下,动物检疫二级主办及以下 | 动物检疫二级主办及以下 | 动物检疫二级主办及以下
动物检疫二级主办及以下（一）,岗位标签,title_or_tag,3,3,government:3,job_f2c36fa88fbd3c677c55;job_c55a9382333053e15dc7;job_2278b70fdb1a94561252,动物检疫二级主办及以下（一） | 动物检疫二级主办及以下（一） | 动物检疫二级主办及以下（一）,动物检疫二级主办及以下（一） | 动物检疫二级主办及以下（一） | 动物检疫二级主办及以下（一）
动物检疫二级主办及以下（二）,岗位标签,title_or_tag,3,3,government:3,job_a37a0289ac6e2e537ce7;job_076a83e684719510316e;job_ab06b0ea39b979c91f5f,动物检疫二级主办及以下（二） | 动物检疫二级主办及以下（二） | 动物检疫二级主办及以下（二）,动物检疫二级主办及以下（二） | 动物检疫二级主办及以下（二） | 动物检疫二级主办及以下（二）
动物检疫及一线监管,自动短语,auto_phrase,3,3,government:3,job_7ce33e354f20517379bc;job_88544035b931ecf142c9;job_a3204ed57a613a935b37,动物检疫二级主办及以下 | 动物检疫二级主办及以下 | 动物检疫二级主办及以下,职位简介：从事海关货物查验、动物检疫及一线监管工作 | 职位简介：从事海关货物查验、动物检疫及一线监管工作 | 职位简介：从事海关货物查验、动物检疫及一线监管工作
动物检疫监管四级主办及以下,岗位标签,title_or_tag,3,3,government:3,job_de4d8461edf5844e6876;job_f35a7ff011d51be408a4;job_15ff3dec03c996e2327f,动物检疫监管四级主办及以下 | 动物检疫监管四级主办及以下 | 动物检疫监管四级主办及以下,动物检疫监管四级主办及以下 | 动物检疫监管四级主办及以下 | 动物检疫监管四级主办及以下
动物科学、动物医学、动物药学、动植物检疫、兽医公共卫生,岗位标签,title_or_tag,3,3,government:3,job_27f7d15e6341867732a4;job_b2c0114aca04c59d491c;job_f396d1aafd4bf41fa645,动物检疫一级行政执法员 | 动物检疫一级行政执法员 | 动物检疫一级行政执法员,动物科学、动物医学、动物药学、动植物检疫、兽医公共卫生 | 动物科学、动物医学、动物药学、动植物检疫、兽医公共卫生 | 动物科学、动物医学、动物药学、动植物检疫、兽医公共卫生
包头铁路公安处基层所队民警,岗位标签,title_or_tag,3,3,government:3,job_425722c570d31797b8db;job_4a7e1706506838ecd42d;job_f406a4fc2ed6877ebe9b,包头铁路公安处基层所队民警 | 包头铁路公安处基层所队民警 | 包头铁路公安处基层所队民警,包头铁路公安处基层所队民警 | 包头铁路公安处基层所队民警 | 包头铁路公安处基层所队民警
化学、化学工程与工艺、应用化学,岗位标签,title_or_tag,3,3,government:3,job_898a83ad6bc81fc4d85a;job_d445143a7b322249a4e5;job_62c7b34bfb565bf2698d,化工产品查验一级行政执法员（一） | 化工产品查验一级行政执法员（二） | 登轮监管一级行政执法员,化学、化学工程与工艺、应用化学 | 化学、化学工程与工艺、应用化学 | 化学、化学工程与工艺、应用化学
化学类、材料类、能源动力类、化工与制药类,岗位标签,title_or_tag,3,3,government:3,job_ca6e31f0a71873b8068a;job_faced5f1e2ec01a35e3c;job_474ee49aef84feca079d,一级行政执法员（九） | 一级行政执法员（九） | 一级行政执法员（三）,化学类、材料类、能源动力类、化工与制药类 | 化学类、材料类、能源动力类、化工与制药类 | 化学类、材料类、能源动力类、化工与制药类
化工产品检验监管一级行政执法员,岗位标签,title_or_tag,3,3,government:3,job_a469b5e482c7ac26c13e;job_0d969dc0542f7b8a5efe;job_e3b97a5676fcf280d238,化工产品检验监管一级行政执法员 | 化工产品检验监管一级行政执法员 | 化工产品检验监管一级行政执法员,化工产品检验监管一级行政执法员 | 化工产品检验监管一级行政执法员 | 化工产品检验监管一级行政执法员
北仑海关缉私分局一级警长及以下,岗位标签,title_or_tag,3,3,government:3,job_e13d85e6a046d7e1e0d6;job_c5d0d2853266a26223ed;job_0f253f61c554406819ea,北仑海关缉私分局一级警长及以下 | 北仑海关缉私分局一级警长及以下 | 北仑海关缉私分局一级警长及以下,北仑海关缉私分局一级警长及以下 | 北仑海关缉私分局一级警长及以下 | 北仑海关缉私分局一级警长及以下
卫生检疫二级主办及以下,岗位标签,title_or_tag,3,3,government:3,job_d37580ba0523332c693b;job_7b6f956e51038590fddd;job_891b9b6888115dbc99a0,卫生检疫二级主办及以下 | 卫生检疫二级主办及以下 | 卫生检疫二级主办及以下,卫生检疫二级主办及以下 | 卫生检疫二级主办及以下 | 卫生检疫二级主办及以下
口岸旅检一级行政执法员,岗位标签,title_or_tag,3,3,government:3,job_a586f441a33c020c805a;job_ea7f178fa8afa29e6888;job_61d41b0daad94a50039d,口岸旅检一级行政执法员 | 口岸旅检一级行政执法员 | 口岸旅检一级行政执法员,口岸旅检一级行政执法员 | 口岸旅检一级行政执法员 | 口岸旅检一级行政执法员
哲学类、政治学类、马克思主义理论类,岗位标签,title_or_tag,3,3,government:3,job_c2f8152a42e97efb7b6e;job_9f63bf126054347eba10;job_94d3edcb003147674990,一级行政执法员（十二） | 一级行政执法员（六） | 一级行政执法员（四）,哲学类、政治学类、马克思主义理论类 | 哲学类、政治学类、马克思主义理论类 | 哲学类、政治学类、马克思主义理论类
哲学类、法学类、政治学类、马克思主义理论类,岗位标签,title_or_tag,3,3,government:3,job_b746abbb949146be5b8e;job_9d338df97697e9124709;job_8af41b9c498c4b083278,一级行政执法员（一） | 基层单位一级主办及以下（一） | 基层单位一级主办及以下（二）,哲学类、法学类、政治学类、马克思主义理论类 | 哲学类、法学类、政治学类、马克思主义理论类 | 哲学类、法学类、政治学类、马克思主义理论类
哲学类、法学类、马克思主义理论类、中国语言文学类、新闻传播学类,岗位标签,title_or_tag,3,3,government:3,job_d2a8a6cc6bbfaeeb139c;job_282a0f8282131736a77e;job_270fa74fd3bb09805cf4,一级行政执法员（三） | 一级行政执法员（三） | 一级行政执法员（三）,哲学类、法学类、马克思主义理论类、中国语言文学类、新闻传播学类 | 哲学类、法学类、马克思主义理论类、中国语言文学类、新闻传播学类 | 哲学类、法学类、马克思主义理论类、中国语言文学类、新闻传播学类
哲学类、马克思主义理论类、教育学类,岗位标签,title_or_tag,3,3,government:3,job_7fa6ed1b7db4b368e1f6;job_aef86551abe6c7bc9df2;job_a6b73517114a836213c0,一级行政执法员（四） | 一级行政执法员（五） | 一级行政执法员（四）,哲学类、马克思主义理论类、教育学类 | 哲学类、马克思主义理论类、教育学类 | 哲学类、马克思主义理论类、教育学类
喀什铁路公安处基层所队民警,岗位标签,title_or_tag,3,3,government:3,job_f3244486b80f1363aafe;job_79243132bba11e8fa572;job_75f22a28c22064751543,喀什铁路公安处基层所队民警 | 喀什铁路公安处基层所队民警 | 喀什铁路公安处基层所队民警,喀什铁路公安处基层所队民警 | 喀什铁路公安处基层所队民警 | 喀什铁路公安处基层所队民警
四级主办及以下（一）,岗位标签,title_or_tag,3,3,government:3,job_cfce7b1a8c88cf43a50f;job_0d86ad6380dc3a5a975f;job_1befef6267dc4adbec77,四级主办及以下（一） | 四级主办及以下（一） | 四级主办及以下（一）,四级主办及以下（一） | 四级主办及以下（一） | 四级主办及以下（一）
四级主办及以下（二）,岗位标签,title_or_tag,3,3,government:3,job_3b0d0fea076cb9f2e1ff;job_b8262b58ad20705c9e37;job_142350cf6d31b9c9893b,四级主办及以下（二） | 四级主办及以下（二） | 四级主办及以下（二）,四级主办及以下（二） | 四级主办及以下（二） | 四级主办及以下（二）
国防经济专业,自动短语,auto_phrase,3,3,government:3,job_1ec346b0f9a34049ff81;job_69123941a6e3b432b72e;job_33eeb5b9091f7b9e1944,沈阳调查队业务处室二级主任科员及以下 | 鞍山调查队业务科室四级主任科员（1） | 鞍山调查队业务科室四级主任科员（2）,公务员/事业单位；仅限硕士研究生；硕士；应用经济学类（不含金融学、国际贸易学、国防经济专业）；中央机关及其省级直属机构综合管理类 | 公务员/事业单位；仅限硕士研究生；硕士；中国语言文学类（不含文艺学、汉语言文字学、中国古典文献学、中国少数民族语言文学、比较文学与世界文学专业）、应用经济学类（不含国民经济学、区域经济学、财政学、金融学、产业经济学、国际贸易学、劳动经济学、数量经济学、国防经济专业）；市（地）级及以下直属机构综合管理类 | 公务员/事业单位；仅限硕士研究生；硕士；中国语言文学类（不含文艺学、汉语言文字学、中国古典文献学、中国少数民族语言文学、比较文学与世界文学专业）、应用经济学类（不含国民经济学、区域经济学、财政学、金融学、产业经济学、国际贸易学、劳动经济学、数量经济学、国防经济专业）；市（地）级及以下直属机构综合管理类
图书情报与档案管理类,岗位标签,title_or_tag,3,3,government:3,job_ca024542e53e7e2fcaec;job_f5560e09e6013c132c85;job_4463aa5f03f89b5174fa,辖区财金类监管岗位一级主任科员及以下 | 辖区财金类监管岗位一级主任科员及以下 | 辖区财金类监管岗位一级主任科员及以下,图书情报与档案管理类 | 图书情报与档案管理类 | 图书情报与档案管理类
土木工程,岗位标签,title_or_tag,3,3,government:3,job_45cfdd7d1d2eeceae9a3;job_11a3e46cd4370d875225;job_11a44593001cd4c8914a,一级行政执法员（十四） | 一级行政执法员（八） | 机场管理处一级主任科员及以下,土木工程 | 土木工程 | 土木工程
基层单位一级行政执法员（一）,岗位标签,title_or_tag,3,3,government:3,job_25f36dd29217d9d81c46;job_92f7652d8e710fef25f0;job_ffcfdba37a0778679ee3,基层单位一级行政执法员（一） | 基层单位一级行政执法员（一） | 基层单位一级行政执法员（一）,基层单位一级行政执法员（一） | 基层单位一级行政执法员（一） | 基层单位一级行政执法员（一）
基层单位一级行政执法员（二）,岗位标签,title_or_tag,3,3,government:3,job_01b234a71fa225ed7df8;job_0fc52ea31a062871b288;job_9c0ecdbb85a327ad8acc,基层单位一级行政执法员（二） | 基层单位一级行政执法员（二） | 基层单位一级行政执法员（二）,基层单位一级行政执法员（二） | 基层单位一级行政执法员（二） | 基层单位一级行政执法员（二）
大专及以上,岗位标签,title_or_tag,3,3,government:3,job_a6ff6d55bf49cc17ab7a;job_d41f7624b976098a0333;job_88695054e89baa316319,四级主办 | 呼伦贝尔边境管理支队一级警长及以下（九） | 呼伦贝尔边境管理支队一级警长及以下（十）,大专及以上 | 大专及以上 | 大专及以上
大学本科：0201经济学类、0203金融学类；研究生：02经济学,岗位标签,title_or_tag,3,3,government:3,job_dc279228cfd3858ef517;job_b9d847ae24304e46f042;job_94c94fffcc74e3c7e4fb,监管部门一级主任科员及以下 | 监管部门一级主任科员及以下 | 监管部门一级主任科员及以下,大学本科：0201经济学类、0203金融学类；研究生：02经济学 | 大学本科：0201经济学类、0203金融学类；研究生：02经济学 | 大学本科：0201经济学类、0203金融学类；研究生：02经济学
大学本科：030101K法学；研究生：0301法学、0351法律,岗位标签,title_or_tag,3,3,government:3,job_8207543fe31b1dd84bdd;job_308bb3886a5c10271f27;job_5ed5ad563e27642c8338,法规部门一级主任科员及以下 | 法规部门一级主任科员及以下 | 法规部门一级主任科员及以下,大学本科：030101K法学；研究生：0301法学、0351法律 | 大学本科：030101K法学；研究生：0301法学、0351法律 | 大学本科：030101K法学；研究生：0301法学、0351法律
大学本科：0501中国语言文学类； 研究生：0501中国语言文学,岗位标签,title_or_tag,3,3,government:3,job_4851579c316ac4358d1d;job_4dea94d20405174a4e62;job_fcc0985be3631e26fdf1,成都铁路公安处基层所队民警 | 重庆铁路公安处基层所队民警 | 格尔木铁路公安处基层所队民警,大学本科：0501中国语言文学类； 研究生：0501中国语言文学 | 大学本科：0501中国语言文学类； 研究生：0501中国语言文学 | 大学本科：0501中国语言文学类； 研究生：0501中国语言文学
大学本科：体育学类（0402）；研究生：体育学（0403）、体育（0452）,岗位标签,title_or_tag,3,3,government:3,job_0a8cc0c125390f997937;job_38006078713212a8f989;job_0e7375f39967fd7fc6b6,文山边境管理支队一级警长及以下（三） | 红河边境管理支队一级警长及以下（三） | 普洱边境管理支队一级警长及以下（四）,大学本科：体育学类（0402）；研究生：体育学（0403）、体育（0452） | 大学本科：体育学类（0402）；研究生：体育学（0403）、体育（0452） | 大学本科：体育学类（0402）；研究生：体育学（0403）、体育（0452）
大学本科：法学（仅限专业030101K）；研究生：法学、法律,岗位标签,title_or_tag,3,3,government:3,job_3dbf5e16d5dd120ed550;job_3c40fac1bf3ec0bed8ff;job_a764632625f479b002b9,法规部门一级主任科员及以下 | 法规部门一级主任科员及以下 | 法规部门一级主任科员及以下,大学本科：法学（仅限专业030101K）；研究生：法学、法律 | 大学本科：法学（仅限专业030101K）；研究生：法学、法律 | 大学本科：法学（仅限专业030101K）；研究生：法学、法律
大气科学、气象学、大气遥感与大气探测、气象灾害监测与预警、气象探测技术,岗位标签,title_or_tag,3,3,government:3,job_bedbfef75eec24473284;job_2e7d1a14952db19be2d9;job_87c0d854caa59f21d8c5,业务科技科一级主任科员及以下 | 业务科技科一级主任科员及以下 | 综合管理办公室一级主任科员及以下,大气科学、气象学、大气遥感与大气探测、气象灾害监测与预警、气象探测技术 | 大气科学、气象学、大气遥感与大气探测、气象灾害监测与预警、气象探测技术 | 大气科学、气象学、大气遥感与大气探测、气象灾害监测与预警、气象探测技术
大气科学专业,自动短语,auto_phrase,3,3,government:3,job_cc7ab3947e582e2e6871;job_80192cc07d9aa923c603;job_964041f33989b39accc2,业务科一级主任科员及以下 | 观测处一级主任科员及以下 | 科技与预报处一级主任科员及以下,公务员/事业单位；硕士研究生及以上；与最高学历相对应的学位；大气科学专业、气象学专业、3S集成与气象应用专业；市（地）级及以下直属机构综合管理类 | 公务员/事业单位；硕士研究生及以上；与最高学历相对应的学位；大气科学专业、应用气象学、大气遥感与大气探测、公共管理学专业、行政管理、计算机科学与技术专业、计算机应用技术、电子信息专业、计算机技术、网络与信息安全；中央机关及其省级直属机构综合管理类 | 公务员/事业单位；硕士研究生及以上；与最高学历相对应的学位；大气科学专业、气象学、气候系统与气候变化、气候变化风险管理、气候与大气环境；中央机关及其省级直属机构综合管理类
安保以及大数据平台建设,数据工程,auto_phrase,3,3,government:3,job_d472bf28dba59afe3938;job_2e2c9ad278e7491233e3;job_a5b25040297cea95f134,霍尔果斯出入境边防检查站一级警长及以下（五） | 乌鲁木齐出入境边防检查站一级警长及以下（三） | 阿拉山口出入境边防检查站一级警长及以下（三）,职位简介：属于公安机关人民警察，主要从事出入境边防检查、监护、巡查和应急处突、大型安保以及大数据平台建设维护和分析、翻译、现场检验、疫情防控、后勤保障等工作，长期驻守口岸 | 职位简介：属于公安机关人民警察，主要从事出入境边防检查、监护、巡查和应急处突、大型安保以及大数据平台建设维护和分析、计算机网络维护系统管理、梅沙系统安全运维、数据分析等工作，长期驻守口岸 | 职位简介：属于公安机关人民警察，主要从事出入境边防检查、监护、巡查和应急处突、大型安保以及大数据平台建设维护和分析、警营文化创新与传播、行政管理等工作，长期驻守口岸
宪法学与行政法学、国际法学、诉讼法学、环境与资源保护法学,岗位标签,title_or_tag,3,3,government:3,job_5e50b3b697caa09fb018;job_e8d0104d06ba9898f4ce;job_93766bddddf32e0ff3e6,一级行政执法员（十二） | 一级行政执法员（三） | 一级行政执法员（三）,宪法学与行政法学、国际法学、诉讼法学、环境与资源保护法学 | 宪法学与行政法学、国际法学、诉讼法学、环境与资源保护法学 | 宪法学与行政法学、国际法学、诉讼法学、环境与资源保护法学
应急减灾科一级主任科员及以下,岗位标签,title_or_tag,3,3,government:3,job_7c1a8675857b26419640;job_b6a175c70ad01ff32aa4;job_1308631fb44298c302dd,应急减灾科一级主任科员及以下 | 应急减灾科一级主任科员及以下 | 应急减灾科一级主任科员及以下,应急减灾科一级主任科员及以下 | 应急减灾科一级主任科员及以下 | 应急减灾科一级主任科员及以下
心理学类、统计学类,岗位标签,title_or_tag,3,3,government:3,job_e50d4833202e9fc26bd1;job_9fe3c4d0360bfea3b761;job_0a9af8741462029eb5a5,一级主办及以下 | 一级主办及以下 | 一级主办及以下（二）,心理学类、统计学类 | 心理学类、统计学类 | 心理学类、统计学类
意大利语,岗位标签,title_or_tag,3,3,government:3,job_95d1d27655f4164accc9;job_083d523696dab9dd8b1d;job_86f77bc3b7d8651a5548,意大利语 | 八处一级警长及以下 | 一级主任科员及以下（意大利语）,意大利语 | 意大利语 | 意大利语
户籍管理以及审计,项目管理,auto_phrase,3,3,government:3,job_4c93cb95074f38a21a74;job_113fd8126b31e73f3193;job_6a203b177ca021113118,塔城边境管理支队一级警长及以下（一） | 阿勒泰边境管理支队一级警长及以下（七） | 博州边境管理支队一级警长及以下（四）,职位简介：属于公安机关人民警察，长期驻守边境一线，主要从事边境管理、治安管理、户籍管理以及审计监督、建筑工程施工监理、警营建设规划、建筑设计等工作 | 职位简介：属于公安机关人民警察，长期驻守边境一线，主要从事边境管理、治安管理、户籍管理以及审计监督、工程管理、民警健康管理等工作 | 职位简介：属于公安机关人民警察，长期驻守边境一线，主要从事边境管理、治安管理、户籍管理以及审计监督、财务管理、建筑工程施工监理等工作
户籍管理以及财务管理,项目管理,auto_phrase,3,3,government:3,job_249154c4cab46935abce;job_8da1f05d43e3cc5020b9;job_702080eb37aab1313f0f,伊犁边境管理支队一级警长及以下（一） | 喀什边境管理支队一级警长及以下（五） | 和田边境管理支队一级警长及以下（六）,职位简介：属于公安机关人民警察，长期驻守边境一线，主要从事边境管理、治安管理、户籍管理以及财务管理、建筑工程施工等工作 | 职位简介：属于公安机关人民警察，长期驻守边境一线，主要从事边境管理、治安管理、户籍管理以及财务管理、警用装备维修保养、营房建筑设计等工作 | 职位简介：属于公安机关人民警察，长期驻守边境一线，主要从事边境管理、治安管理、户籍管理以及财务管理、审计监督、行政管理、后勤采购管理等工作
执法科三级主任科员及以下,岗位标签,title_or_tag,3,3,government:3,job_6717c9ada35293ab871e;job_8cb537321e406c8eca59;job_b708b534cd24373140ee,执法科三级主任科员及以下 | 执法科三级主任科员及以下 | 执法科三级主任科员及以下,执法科三级主任科员及以下 | 执法科三级主任科员及以下 | 执法科三级主任科员及以下
政治学类、社会学类、中国语言文学类、新闻传播学类,岗位标签,title_or_tag,3,3,government:3,job_368d68a1dca2f970dcc3;job_7eedc7ba36c016c4f4cd;job_66679d0b871ef6048fba,一级行政执法员（四） | 一级行政执法员（五） | 一级行政执法员（六）,政治学类、社会学类、中国语言文学类、新闻传播学类 | 政治学类、社会学类、中国语言文学类、新闻传播学类 | 政治学类、社会学类、中国语言文学类、新闻传播学类
数学类、化学类、化工与制药类,岗位标签,title_or_tag,3,3,government:3,job_149a7b8022c04bfb5283;job_2bb11aaaf6018e7e3281;job_92e4635c84bb57ea788e,一级行政执法员（二） | 一级行政执法员（一） | 一级行政执法员（二）,数学类、化学类、化工与制药类 | 数学类、化学类、化工与制药类 | 数学类、化学类、化工与制药类
数学类、心理学类、统计学类、电子信息类、计算机类,岗位标签,title_or_tag,3,3,government:3,job_6a9df01fc77de1efc103;job_bdcba5ee96626db4f79e;job_1c6a19bd9b3f40c6d7d0,一级行政执法员（九） | 一级行政执法员（四） | 一级行政执法员（四）,数学类、心理学类、统计学类、电子信息类、计算机类 | 数学类、心理学类、统计学类、电子信息类、计算机类 | 数学类、心理学类、统计学类、电子信息类、计算机类
数学类、电气类、电子信息类,岗位标签,title_or_tag,3,3,government:3,job_59f6e873be374297c55b;job_123c9bcba3adb3e8b710;job_a8346435b58a300811eb,一级主办及以下（十三） | 一级主办及以下（十四） | 一级行政执法员（十）,数学类、电气类、电子信息类 | 数学类、电气类、电子信息类 | 数学类、电气类、电子信息类
数学类、统计学类、化工与制药类,岗位标签,title_or_tag,3,3,government:3,job_c379dc01e7e50bed5033;job_e8009c19033fe740908c;job_1383221d97480bcac642,一级行政执法员（五） | 一级行政执法员（六） | 一级行政执法员（三）,数学类、统计学类、化工与制药类 | 数学类、统计学类、化工与制药类 | 数学类、统计学类、化工与制药类
数学类、统计学类、机械类、测绘类、建筑类,岗位标签,title_or_tag,3,3,government:3,job_3507092d9fdd163e7f69;job_839d6b8288622a75ac78;job_31eab51583582b7bfc47,一级行政执法员（四） | 一级行政执法员（一） | 一级行政执法员（四）,数学类、统计学类、机械类、测绘类、建筑类 | 数学类、统计学类、机械类、测绘类、建筑类 | 数学类、统计学类、机械类、测绘类、建筑类
数学类、统计学类、机械类、电子信息类、自动化类、计算机类,岗位标签,title_or_tag,3,3,government:3,job_2e7ca3b34bf9b7f35ec6;job_58dc569bdd7c9ae2f8a1;job_8067d7aa2be2d0557ec7,一级行政执法员（三） | 一级行政执法员 | 一级行政执法员,数学类、统计学类、机械类、电子信息类、自动化类、计算机类 | 数学类、统计学类、机械类、电子信息类、自动化类、计算机类 | 数学类、统计学类、机械类、电子信息类、自动化类、计算机类
数学类、统计学类、电子信息类、自动化类、计算机类、化工与制药类,岗位标签,title_or_tag,3,3,government:3,job_e326b4679d5420a78ac9;job_ffc1b878ebefba9bdc82;job_1387a05ae81378fd84a9,一级行政执法员（三） | 一级行政执法员（五） | 一级行政执法员（三）,数学类、统计学类、电子信息类、自动化类、计算机类、化工与制药类 | 数学类、统计学类、电子信息类、自动化类、计算机类、化工与制药类 | 数学类、统计学类、电子信息类、自动化类、计算机类、化工与制药类
数学类、统计学类、电子信息类、计算机类、土木类,岗位标签,title_or_tag,3,3,government:3,job_3540cd9f4872bbaa3d7e;job_34e537ac617040db8259;job_6690f786a5452afe9e8b,一级行政执法员（五） | 一级行政执法员（四） | 一级行政执法员（五）,数学类、统计学类、电子信息类、计算机类、土木类 | 数学类、统计学类、电子信息类、计算机类、土木类 | 数学类、统计学类、电子信息类、计算机类、土木类
数学类、统计学类、电子信息类、计算机类、土木类、建筑类,岗位标签,title_or_tag,3,3,government:3,job_adf48f57108a9f023785;job_2840abd8d5e97037f7fd;job_e9b6c4915bec99c23cd4,一级行政执法员（四） | 一级行政执法员（五） | 第一税务分局（重点税源企业税收服务和管理局）一级行政执法员,数学类、统计学类、电子信息类、计算机类、土木类、建筑类 | 数学类、统计学类、电子信息类、计算机类、土木类、建筑类 | 数学类、统计学类、电子信息类、计算机类、土木类、建筑类
数学类、统计学类、计算机类、土木类,岗位标签,title_or_tag,3,3,government:3,job_f528002249291b4132d6;job_953542e3a8559d3e1be9;job_ce43199059f15f1672d9,一级行政执法员（二） | 一级行政执法员（三） | 一级行政执法员（四）,数学类、统计学类、计算机类、土木类 | 数学类、统计学类、计算机类、土木类 | 数学类、统计学类、计算机类、土木类
数学类、统计学类、计算机类、电子信息类、安全科学与工程类、建筑类,岗位标签,title_or_tag,3,3,government:3,job_64e45edcbb297f61157a;job_99fb312bec2e04de90dd;job_a323f21cb54acf3ffcb8,一级行政执法员（十一） | 一级行政执法员（一） | 一级行政执法员（二）,数学类、统计学类、计算机类、电子信息类、安全科学与工程类、建筑类 | 数学类、统计学类、计算机类、电子信息类、安全科学与工程类、建筑类 | 数学类、统计学类、计算机类、电子信息类、安全科学与工程类、建筑类
新闻宣传一级行政执法员,岗位标签,title_or_tag,3,3,government:3,job_682e1b132a5f24473048;job_4c01798b1e6d5e0ecaeb;job_c3428aae5054bfca7725,新闻宣传一级行政执法员 | 新闻宣传一级行政执法员 | 新闻宣传一级行政执法员,新闻宣传一级行政执法员 | 新闻宣传一级行政执法员 | 新闻宣传一级行政执法员
旅检一级行政执法员（一）,岗位标签,title_or_tag,3,3,government:3,job_6f1d4c99ed594bb31e23;job_48c1ab15cfa6bae56f4b;job_d6f548e170827c49a2a3,旅检一级行政执法员（一） | 旅检一级行政执法员（一） | 旅检一级行政执法员（一）,旅检一级行政执法员（一） | 旅检一级行政执法员（一） | 旅检一级行政执法员（一）
旅检一级行政执法员（二）,岗位标签,title_or_tag,3,3,government:3,job_8d18e59f433416c2f624;job_7b529e24804b906d2826;job_66700b45f58bb9c48bd6,旅检一级行政执法员（二） | 旅检一级行政执法员（二） | 旅检一级行政执法员（二）,旅检一级行政执法员（二） | 旅检一级行政执法员（二） | 旅检一级行政执法员（二）
无人驾驶航空器系统工程（082009）,岗位标签,title_or_tag,3,3,government:3,job_bb1d84d4dd4611c395ac;job_f964665449af5eccdeed;job_a1de5a5c8e57b030ffcc,延边边境管理支队一级警长及以下（十一） | 白山边境管理支队一级警长及以下（二） | 长白山边境管理支队一级警长及以下（一）,无人驾驶航空器系统工程（082009） | 无人驾驶航空器系统工程（082009） | 无人驾驶航空器系统工程（082009）
本科生招收法学（030101K）；研究生招收法学（0301）、法律（0351）,岗位标签,title_or_tag,3,3,government:3,job_bd23c71d968abc50af2e;job_487baf13d6dc7ca6bdb6;job_647792c81c359b5bfaac,监管部门一级主任科员及以下 | 综合部门一级主任科员及以下 | 监管部门一级主任科员及以下,本科生招收法学（030101K）；研究生招收法学（0301）、法律（0351） | 本科生招收法学（030101K）；研究生招收法学（0301）、法律（0351） | 本科生招收法学（030101K）；研究生招收法学（0301）、法律（0351）
本科：会计学、财务管理、审计学、内部审计；硕士研究生：会计、审计,岗位标签,title_or_tag,3,3,government:3,job_9be4ac41d2dc89c6ef8d;job_4b8896df0d512b7f4068;job_5c4f7fa1c9f036ab1987,财会部门一级主任科员及以下 | 财会部门一级主任科员及以下 | 财会部门一级主任科员及以下,本科：会计学、财务管理、审计学、内部审计；硕士研究生：会计、审计 | 本科：会计学、财务管理、审计学、内部审计；硕士研究生：会计、审计 | 本科：会计学、财务管理、审计学、内部审计；硕士研究生：会计、审计
本科：会计学、财务管理、审计学；研究生：会计学、会计、审计,岗位标签,title_or_tag,3,3,government:3,job_445ccb8b1cf73898552a;job_64a729fa32feba0aae2d;job_db492a58830d703867f8,稽查二级主办及以下（一） | 稽查二级主办及以下（二） | 稽查二级主办及以下,本科：会计学、财务管理、审计学；研究生：会计学、会计、审计 | 本科：会计学、财务管理、审计学；研究生：会计学、会计、审计 | 本科：会计学、财务管理、审计学；研究生：会计学、会计、审计
本科：化学类、化工与制药类；研究生：化学（0703）、化学工程与技术（0817）,岗位标签,title_or_tag,3,3,government:3,job_17ba51101c42c9ea98bc;job_9d523b836eb19107c9af;job_5c33240a19b2c6c0d9f5,查验二级主办及以下（一） | 查验二级主办及以下（二） | 查验二级主办及以下,本科：化学类、化工与制药类；研究生：化学（0703）、化学工程与技术（0817） | 本科：化学类、化工与制药类；研究生：化学（0703）、化学工程与技术（0817） | 本科：化学类、化工与制药类；研究生：化学（0703）、化学工程与技术（0817）
本科：法学、知识产权；研究生：法学、法学理论、宪法学与行政法学、法律、知识产权,岗位标签,title_or_tag,3,3,government:3,job_36e57e6a0397499ec57d;job_f3a4e21c25b43c6d3aa6;job_90e729ce6ed248ea01d4,法制管理二级主办及以下 | 法制管理二级主办及以下 | 法制管理二级主办及以下,本科：法学、知识产权；研究生：法学、法学理论、宪法学与行政法学、法律、知识产权 | 本科：法学、知识产权；研究生：法学、法学理论、宪法学与行政法学、法律、知识产权 | 本科：法学、知识产权；研究生：法学、法学理论、宪法学与行政法学、法律、知识产权
本科：法学（030101K) 研究生：法学类（0301）、法律类（0351）,岗位标签,title_or_tag,3,3,government:3,job_6717c9ada35293ab871e;job_8cb537321e406c8eca59;job_b708b534cd24373140ee,执法科三级主任科员及以下 | 执法科三级主任科员及以下 | 执法科三级主任科员及以下,本科：法学（030101K) 研究生：法学类（0301）、法律类（0351） | 本科：法学（030101K) 研究生：法学类（0301）、法律类（0351） | 本科：法学（030101K) 研究生：法学类（0301）、法律类（0351）
本科：统计学类、数学与应用数学、数理基础科学； 研究生：数学、统计学,岗位标签,title_or_tag,3,3,government:3,job_ffb105d6a2432acea13a;job_6fa5438742c98c87e03a;job_4b3091e4db9af9ccce28,海关统计（统计分析应用类）四级主办及以下 | 海关统计（统计分析应用类）四级主办及以下 | 海关统计（统计分析应用类）四级主办及以下,本科：统计学类、数学与应用数学、数理基础科学； 研究生：数学、统计学 | 本科：统计学类、数学与应用数学、数理基础科学； 研究生：数学、统计学 | 本科：统计学类、数学与应用数学、数理基础科学； 研究生：数学、统计学
本科：财政学、税收学、国际税收、金融学、审计学； 研究生：金融、税务、审计,岗位标签,title_or_tag,3,3,government:3,job_f64a81e20537b6e93e17;job_3896125584c7bae8d9dd;job_da16243e9664f26fdff7,稽查四级主办及以下 | 稽查四级主办及以下 | 稽查四级主办及以下,本科：财政学、税收学、国际税收、金融学、审计学； 研究生：金融、税务、审计 | 本科：财政学、税收学、国际税收、金融学、审计学； 研究生：金融、税务、审计 | 本科：财政学、税收学、国际税收、金融学、审计学； 研究生：金融、税务、审计
本科：食品科学与工程类（0827）；研究生：食品科学与工程、食品与营养,岗位标签,title_or_tag,3,3,government:3,job_4ad14e92dff9863d8e6a;job_723e5087ea45e98a7229;job_301c7d5ff8392c2ba3ff,食品检验四级主办及以下（一） | 食品检验四级主办及以下（二） | 食品检验四级主办及以下（三）,本科：食品科学与工程类（0827）；研究生：食品科学与工程、食品与营养 | 本科：食品科学与工程类（0827）；研究生：食品科学与工程、食品与营养 | 本科：食品科学与工程类（0827）；研究生：食品科学与工程、食品与营养
机关业务处室一级主任科员及以下,岗位标签,title_or_tag,3,3,government:3,job_8967990d4408f58aa55b;job_74462b7fb0ecd6178a3c;job_3b6a1c914d904428a998,机关业务处室一级主任科员及以下 | 机关业务处室一级主任科员及以下 | 机关业务处室一级主任科员及以下,机关业务处室一级主任科员及以下 | 机关业务处室一级主任科员及以下 | 机关业务处室一级主任科员及以下
机关处室一级主任科员及以下,岗位标签,title_or_tag,3,3,government:3,job_b473cb69892a3a6a4bbc;job_068ad5f7caed2c38e679;job_aa3743bb54ba27fbe5f5,机关处室一级主任科员及以下 | 机关处室一级主任科员及以下 | 机关处室一级主任科员及以下,机关处室一级主任科员及以下 | 机关处室一级主任科员及以下 | 机关处室一级主任科员及以下
机械类,岗位标签,title_or_tag,3,3,government:3,job_44918b8f59c092cba99a;job_5a0957ef6af9750f2354;job_e248efe349195966a9c2,监管（机械自动化类）二级主办及以下 | 监管（机械自动化类）二级主办及以下 | 监管（机械自动化类）一级行政执法员,机械类 | 机械类 | 机械类
机械类、材料类、电气类、电子信息类、计算机类、土木类,岗位标签,title_or_tag,3,3,government:3,job_9a8a202ad8931b055690;job_145c76d3da67eafd5c55;job_68c33262f6d8a6c4f7bc,一级行政执法员（五） | 一级行政执法员（五） | 一级行政执法员（五）,机械类、材料类、电气类、电子信息类、计算机类、土木类 | 机械类、材料类、电气类、电子信息类、计算机类、土木类 | 机械类、材料类、电气类、电子信息类、计算机类、土木类
机械类、电子信息类、计算机类,岗位标签,title_or_tag,3,3,government:3,job_4f3451a0f132bcd20f26;job_e5c8203e048419baaf5a;job_834b986375a1897629ab,一级行政执法员（六） | 一级行政执法员（五） | 一级行政执法员（三）,机械类、电子信息类、计算机类 | 机械类、电子信息类、计算机类 | 机械类、电子信息类、计算机类
案件督办处一级主任科员及以下,岗位标签,title_or_tag,3,3,government:3,job_1f44bb978cdadfb59c51;job_c4fbb9edd4f57032c2fe;job_bb53868d1fd9b6d7643d,案件督办处一级主任科员及以下 | 案件督办处一级主任科员及以下 | 案件督办处一级主任科员及以下,案件督办处一级主任科员及以下 | 案件督办处一级主任科员及以下 | 案件督办处一级主任科员及以下
检验检疫四级主办及以下,岗位标签,title_or_tag,3,3,government:3,job_52c65fe14c6e981b08df;job_1b45256daa1cd2f886dc;job_d0c08b413c6b6eceac3d,检验检疫四级主办及以下 | 检验检疫四级主办及以下 | 检验检疫四级主办及以下,检验检疫四级主办及以下 | 检验检疫四级主办及以下 | 检验检疫四级主办及以下
植物保护、森林保护、植物科学与技术、动植物检疫（植物检疫方向）,岗位标签,title_or_tag,3,3,government:3,job_5a06ccc55a3ab8ae673c;job_688095063e298cb08814;job_f71188a4e4420141f0fb,植物检疫一级行政执法员 | 植物检疫一级行政执法员（一） | 植物检疫一级行政执法员（二）,植物保护、森林保护、植物科学与技术、动植物检疫（植物检疫方向） | 植物保护、森林保护、植物科学与技术、动植物检疫（植物检疫方向） | 植物保护、森林保护、植物科学与技术、动植物检疫（植物检疫方向）
植物保护、植物科学与技术、森林保护、动物医学,岗位标签,title_or_tag,3,3,government:3,job_259a63403072e176dafb;job_568e5104e472d6b43383;job_995130e528162582b8c0,物控查检四级主办及以下 | 物控查检一级行政执法员 | 物控查检四级主办及以下,植物保护、植物科学与技术、森林保护、动物医学 | 植物保护、植物科学与技术、森林保护、动物医学 | 植物保护、植物科学与技术、森林保护、动物医学
植物检疫二级主办及以下（一）,岗位标签,title_or_tag,3,3,government:3,job_f3d3c0c99a10db9f7d3b;job_104d1c5411b6d6d2e1cd;job_0b94a7e8b9361822bb5d,植物检疫二级主办及以下（一） | 植物检疫二级主办及以下（一） | 植物检疫二级主办及以下（一）,植物检疫二级主办及以下（一） | 植物检疫二级主办及以下（一） | 植物检疫二级主办及以下（一）
植物检疫二级主办及以下（二）,岗位标签,title_or_tag,3,3,government:3,job_01bbf8763881c0ef724f;job_1baef93abe5066011b4a;job_aa03a73fe291b40d9a27,植物检疫二级主办及以下（二） | 植物检疫二级主办及以下（二） | 植物检疫二级主办及以下（二）,植物检疫二级主办及以下（二） | 植物检疫二级主办及以下（二） | 植物检疫二级主办及以下（二）
植物检疫监管一级行政执法员,岗位标签,title_or_tag,3,3,government:3,job_88be4a7b4ab2a261e1d1;job_006ab856cccfc067b306;job_626f8960212df760fa89,植物检疫监管一级行政执法员 | 植物检疫监管一级行政执法员 | 植物检疫监管一级行政执法员,植物检疫监管一级行政执法员 | 植物检疫监管一级行政执法员 | 植物检疫监管一级行政执法员
气象学、大气科学、应用气象学,岗位标签,title_or_tag,3,3,government:3,job_7ddd8bd0ea6fca7a5280;job_2726b12e259c81781cb7;job_1f2f38c78bea73de7719,业务科技科一级主任科员及以下 | 综合管理办公室一级主任科员及以下 | 综合管理办公室一级主任科员及以下,气象学、大气科学、应用气象学 | 气象学、大气科学、应用气象学 | 气象学、大气科学、应用气象学
气象类、数学类、物理学类、地理学类、电子科学与技术类、计算机科学与技术类,岗位标签,title_or_tag,3,3,government:3,job_08cd56e9e7439133627a;job_f39aac6eeac8c5474ad7;job_fdb93fb4779e0ec2fcfd,防灾减灾科四级主任科员及以下 | 防灾减灾科四级主任科员及以下 | 防灾减灾科四级主任科员及以下,气象类、数学类、物理学类、地理学类、电子科学与技术类、计算机科学与技术类 | 气象类、数学类、物理学类、地理学类、电子科学与技术类、计算机科学与技术类 | 气象类、数学类、物理学类、地理学类、电子科学与技术类、计算机科学与技术类
气象类、电子信息类、地理科学类,岗位标签,title_or_tag,3,3,government:3,job_fa1befb8f9505a631064;job_c4dbaa6b7b81cfe1b5ce;job_cbde60ce02d27f5a1345,防灾减灾科业务管理一级科员及以下 | 防灾减灾科业务管理一级科员及以下 | 防灾减灾科业务管理一级科员及以下,气象类、电子信息类、地理科学类 | 气象类、电子信息类、地理科学类 | 气象类、电子信息类、地理科学类
气象类、电子信息类、计算机类,岗位标签,title_or_tag,3,3,government:3,job_45870f333f4099d751dd;job_a442928ef0c6e9fe4cd3;job_844a12e39ab2403a26cc,综合管理科一级主任科员及以下 | 防灾减灾科一级科员及以下 | 防灾减灾科一级科员及以下,气象类、电子信息类、计算机类 | 气象类、电子信息类、计算机类 | 气象类、电子信息类、计算机类
汉语言文学专业,自动短语,auto_phrase,3,3,government:3,job_2f4e9fafa9b46b615342;job_436760386df03ce9a02d;job_f392426f1e02a8ec290b,安阳调查队业务科室一级科员（1） | 安阳调查队业务科室一级科员（2） | 驻马店调查队业务科室四级主任科员及以下,公务员/事业单位；仅限本科；学士；统计学类（不含生物统计学）、经济学类（非经济学大类，不含资源与环境经济学、商务经济学、经济工程）、数学类（不含数理基础科学)、计算机类（不含电影制作、服务科学与工程、虚拟现实技术、区块链工程），汉语言文学专业；市（地）级及以下直属机构综合管理类 | 公务员/事业单位；仅限本科；学士；统计学类（不含生物统计学）、经济学类（非经济学大类，不含资源与环境经济学、商务经济学、经济工程）、数学类（不含数理基础科学)、计算机类（不含电影制作、服务科学与工程、虚拟现实技术、区块链工程），汉语言文学专业；市（地）级及以下直属机构综合管理类 | 公务员/事业单位；本科或硕士研究生；与最高学历相对应的学位；本科：统计学类（不含生物统计学）、数学类（不含数理基础科学)，汉语言文学专业；研究生：统计学、应用统计、数学，语言学及应用语言学专业、中国现当代文学专业、汉语言文字学专业；市（地）级及以下直属机构综合管理类
法制一处一级警长及以下,岗位标签,title_or_tag,3,3,government:3,job_fa6648a78618074e3bbb;job_47dc5274b1f0d77340e8;job_fd24af5bfa90a28c55ed,法制一处一级警长及以下 | 法制一处一级警长及以下 | 法制一处一级警长及以下,法制一处一级警长及以下 | 法制一处一级警长及以下 | 法制一处一级警长及以下
法制一级行政执法员（一）,岗位标签,title_or_tag,3,3,government:3,job_c81e21d6ea92af9b84e6;job_2d7b4fcf7324b059fd48;job_64a257e3299a7de381df,法制一级行政执法员（一） | 法制一级行政执法员（一） | 法制一级行政执法员（一）,法制一级行政执法员（一） | 法制一级行政执法员（一） | 法制一级行政执法员（一）
法制一级行政执法员（二）,岗位标签,title_or_tag,3,3,government:3,job_da7535d294b1058e590d;job_5b1c0b7d14eef3ce34d3;job_2d2b6deeafde9c54f2a4,法制一级行政执法员（二） | 法制一级行政执法员（二） | 法制一级行政执法员（二）,法制一级行政执法员（二） | 法制一级行政执法员（二） | 法制一级行政执法员（二）
法制工作一级行政执法员,岗位标签,title_or_tag,3,3,government:3,job_5613c049c329a5b29e72;job_fdcdbdd878bc315ed409;job_cd212e271c6e50194f9c,法制工作一级行政执法员 | 法制工作一级行政执法员 | 法制工作一级行政执法员,法制工作一级行政执法员 | 法制工作一级行政执法员 | 法制工作一级行政执法员
法制工作四级主办,岗位标签,title_or_tag,3,3,government:3,job_5fc4629018d918ed917a;job_0e67d0e81abb7ca1bf35;job_679d15e2adfccb610611,法制工作四级主办 | 法制工作四级主办 | 法制工作四级主办,法制工作四级主办 | 法制工作四级主办 | 法制工作四级主办
法制工作四级主办及以下,岗位标签,title_or_tag,3,3,government:3,job_04b9ff00d7c418b9667b;job_36fed7653a1e1ff8c5b0;job_104b17a2c5a169bf3f1f,法制工作四级主办及以下 | 法制工作四级主办及以下 | 法制工作四级主办及以下,法制工作四级主办及以下 | 法制工作四级主办及以下 | 法制工作四级主办及以下
法制管理二级主办及以下,岗位标签,title_or_tag,3,3,government:3,job_36e57e6a0397499ec57d;job_f3a4e21c25b43c6d3aa6;job_90e729ce6ed248ea01d4,法制管理二级主办及以下 | 法制管理二级主办及以下 | 法制管理二级主办及以下,法制管理二级主办及以下 | 法制管理二级主办及以下 | 法制管理二级主办及以下
法学、法律硕士,岗位标签,title_or_tag,3,3,government:3,job_7a5646e4f6535349c868;job_81f97abae30c781249ae;job_fbf38a9f4a9ca9b57707,辖区法律类监管岗位一级主任科员及以下 | 辖区法律类监管岗位一级主任科员及以下 | 辖区法律类监管岗位一级主任科员及以下,法学、法律硕士 | 法学、法律硕士 | 法学、法律硕士
法学、知识产权、国际经贸规则、国际法,岗位标签,title_or_tag,3,3,government:3,job_0b7e6d4004f7a7f749fb;job_d73baf8a7cf9993f20d0;job_c40ef96e461543844d0f,综合业务一级行政执法员 | 综合业务一级行政执法员 | 办公综合一级行政执法员,法学、知识产权、国际经贸规则、国际法 | 法学、知识产权、国际经贸规则、国际法 | 法学、知识产权、国际经贸规则、国际法
法学类、中国语言文学类、财政学类、财会审计类、数学类、统计学类,岗位标签,title_or_tag,3,3,government:3,job_75af0c06d693f2f1ef88;job_35132a5787d1013c86e2;job_776331789c554856fb7d,一级行政执法员（五） | 一级行政执法员（五） | 一级行政执法员（五）,法学类、中国语言文学类、财政学类、财会审计类、数学类、统计学类 | 法学类、中国语言文学类、财政学类、财会审计类、数学类、统计学类 | 法学类、中国语言文学类、财政学类、财会审计类、数学类、统计学类
法学类、公安学类,岗位标签,title_or_tag,3,3,government:3,job_31517e97c0eb6e0209f8;job_1c1912d92e997388687e;job_7738d92cd92945349279,一级行政执法员（一） | 一级行政执法员（二） | 一级行政执法员（一）,法学类、公安学类 | 法学类、公安学类 | 法学类、公安学类
法学类、政治学类、社会学类、中国语言文学类、新闻传播学类,岗位标签,title_or_tag,3,3,government:3,job_d4811f7a73f1363d878d;job_f14751aada8101beb8da;job_61468c79a47fbb619150,一级行政执法员（一） | 一级行政执法员（四） | 一级行政执法员（七）,法学类、政治学类、社会学类、中国语言文学类、新闻传播学类 | 法学类、政治学类、社会学类、中国语言文学类、新闻传播学类 | 法学类、政治学类、社会学类、中国语言文学类、新闻传播学类
法学类、政治学类、马克思主义理论类、公安学类,岗位标签,title_or_tag,3,3,government:3,job_bd3b8cddb415dc30cb72;job_5ea22840bbc6c2b19b9e;job_dbff4ec6196f77cb863f,一级行政执法员（五） | 一级行政执法员（六） | 一级行政执法员（二）,法学类、政治学类、马克思主义理论类、公安学类 | 法学类、政治学类、马克思主义理论类、公安学类 | 法学类、政治学类、马克思主义理论类、公安学类
法学类、社会学类,岗位标签,title_or_tag,3,3,government:3,job_8e9f23907e2998ed2062;job_e591edb5d2d8c4f06292;job_54aea0955273558b55a8,一级行政执法员（三） | 一级行政执法员（二） | 一级行政执法员（一）,法学类、社会学类 | 法学类、社会学类 | 法学类、社会学类
法学类、经济学类、财政学类、金融学类、工商管理类、公共管理类,岗位标签,title_or_tag,3,3,government:3,job_077931aa25252db42923;job_39b0f33c3c5e5b7d220f;job_f700580f539f65392bb2,一级行政执法员（三） | 一级行政执法员（二） | 一级行政执法员（四）,法学类、经济学类、财政学类、金融学类、工商管理类、公共管理类 | 法学类、经济学类、财政学类、金融学类、工商管理类、公共管理类 | 法学类、经济学类、财政学类、金融学类、工商管理类、公共管理类
法学类、马克思主义理论类、中国语言文学类、新闻传播学类、英语相关专业,岗位标签,title_or_tag,3,3,government:3,job_a34b71135666cbffb70d;job_76f84ecc51e232c15a8c;job_eb8d42967fc875176933,一级行政执法员（一） | 一级行政执法员（三） | 一级行政执法员（四）,法学类、马克思主义理论类、中国语言文学类、新闻传播学类、英语相关专业 | 法学类、马克思主义理论类、中国语言文学类、新闻传播学类、英语相关专业 | 法学类、马克思主义理论类、中国语言文学类、新闻传播学类、英语相关专业
法学门类、环境科学与工程类、化学类、电子信息类,岗位标签,title_or_tag,3,3,government:3,job_aaf933ff9f1715bc8100;job_c1a308e150499d6afe4c;job_fc64d46aba3c069f5a54,一级行政执法员（四） | 一级行政执法员（五） | 一级行政执法员（六）,法学门类、环境科学与工程类、化学类、电子信息类 | 法学门类、环境科学与工程类、化学类、电子信息类 | 法学门类、环境科学与工程类、化学类、电子信息类
法律四级主办及以下,岗位标签,title_or_tag,3,3,government:3,job_46386ac4217e650d87e1;job_0fe901aedf862d4489e2;job_88770ab92c80d242e05a,法律四级主办及以下 | 法律四级主办及以下 | 法律四级主办及以下,法律四级主办及以下 | 法律四级主办及以下 | 法律四级主办及以下
派出机构一级行政执法员（一）,岗位标签,title_or_tag,3,3,government:3,job_939ef348427616973dbe;job_d8c9adb02a80e0db9c13;job_352860b76bdf04af9bc9,派出机构一级行政执法员（一） | 派出机构一级行政执法员（一） | 派出机构一级行政执法员（一）,派出机构一级行政执法员（一） | 派出机构一级行政执法员（一） | 派出机构一级行政执法员（一）
派出机构一级行政执法员（二）,岗位标签,title_or_tag,3,3,government:3,job_27124325f56e66138a06;job_175f41d4c1ffb47f8828;job_41e2a9098b7c158ad1a6,派出机构一级行政执法员（二） | 派出机构一级行政执法员（二） | 派出机构一级行政执法员（二）,派出机构一级行政执法员（二） | 派出机构一级行政执法员（二） | 派出机构一级行政执法员（二）
海事管理,岗位标签,title_or_tag,3,3,government:3,job_dfc20734c71870087a59;job_33b2321b5fe7c02e21b7;job_3812fe62f707ce6aa89b,一级行政执法员（一） | 一级行政执法员（三） | 一级行政执法员（三）,海事管理 | 海事管理 | 海事管理
海关一线植物及其产品检疫监管,产品运营,auto_phrase,3,3,government:3,job_721d65d72e0916d8ce5f;job_e9bb52ed01722b47ad7b;job_92748c5465471eed73d3,植物检疫一级行政执法员 | 植物检疫一级行政执法员 | 植物检疫四级主办及以下,职位简介：从事海关一线植物及其产品检疫监管工作 | 职位简介：从事海关一线植物及其产品检疫监管工作 | 职位简介：从事海关一线植物及其产品检疫监管工作
海关业务二级主办及以下（三）,岗位标签,title_or_tag,3,3,government:3,job_0f09bae47f5278655ed6;job_5f0b2a1695775ac01d29;job_035b3dda44f990f889a6,海关业务二级主办及以下（三） | 海关业务二级主办及以下（三） | 海关业务二级主办及以下（三）,海关业务二级主办及以下（三） | 海关业务二级主办及以下（三） | 海关业务二级主办及以下（三）
海关统计（统计分析应用类）四级主办及以下,岗位标签,title_or_tag,3,3,government:3,job_ffb105d6a2432acea13a;job_6fa5438742c98c87e03a;job_4b3091e4db9af9ccce28,海关统计（统计分析应用类）四级主办及以下 | 海关统计（统计分析应用类）四级主办及以下 | 海关统计（统计分析应用类）四级主办及以下,海关统计（统计分析应用类）四级主办及以下 | 海关统计（统计分析应用类）四级主办及以下 | 海关统计（统计分析应用类）四级主办及以下
物流管理与工程类、工业工程类,岗位标签,title_or_tag,3,3,government:3,job_d3a009220f79072eb7fd;job_721a982bbdd12d01bba8;job_f6e52274eae3ca5d543a,一级行政执法员（六） | 一级行政执法员（五） | 一级行政执法员（二）,物流管理与工程类、工业工程类 | 物流管理与工程类、工业工程类 | 物流管理与工程类、工业工程类
物理学类、电子信息类、计算机类,岗位标签,title_or_tag,3,3,government:3,job_ef9da1068145ff07c789;job_65e277d290440e4dbc9c;job_52a71a54e29fab7345ca,一级行政执法员（五） | 一级行政执法员（四） | 一级行政执法员（八）,物理学类、电子信息类、计算机类 | 物理学类、电子信息类、计算机类 | 物理学类、电子信息类、计算机类
环境科学与工程类、法学类、电子信息类、化学类、计算机类、水路交通运输,岗位标签,title_or_tag,3,3,government:3,job_6da8b93583233935bfc4;job_4b51bb27c1ac8747e265;job_c25e985a25932c755c2e,一级行政执法员（十一） | 一级行政执法员（八） | 一级行政执法员（四）,环境科学与工程类、法学类、电子信息类、化学类、计算机类、水路交通运输 | 环境科学与工程类、法学类、电子信息类、化学类、计算机类、水路交通运输 | 环境科学与工程类、法学类、电子信息类、化学类、计算机类、水路交通运输
理、工类专业（不含核、航天、火炸药相关理工类专业）,岗位标签,title_or_tag,3,3,government:3,job_ac716a1ffdd4f44cb5a9;job_9b2ecfc0fd95bf48c356;job_9d6bae774ff422badd09,计划管理岗一级主任科员及以下 | 电子管理岗一级主任科员及以下 | 市场监管岗一级主任科员及以下,理、工类专业（不含核、航天、火炸药相关理工类专业） | 理、工类专业（不含核、航天、火炸药相关理工类专业） | 理、工类专业（不含核、航天、火炸药相关理工类专业）
理论经济学、应用经济学、应用统计、数字经济、数学、统计学、计算机科学与技术,岗位标签,title_or_tag,3,3,government:3,job_38122bd122d569b6bf13;job_561a5115b82246d3e022;job_2bd73e2a6e776ecd8173,呼和浩特调查队业务科室四级主任科员（1） | 呼和浩特调查队业务科室四级主任科员（2） | 鄂尔多斯调查队业务科室四级主任科员,理论经济学、应用经济学、应用统计、数字经济、数学、统计学、计算机科学与技术 | 理论经济学、应用经济学、应用统计、数字经济、数学、统计学、计算机科学与技术 | 理论经济学、应用经济学、应用统计、数字经济、数学、统计学、计算机科学与技术
生物工程类、生物科学类、生物与医药,岗位标签,title_or_tag,3,3,government:3,job_52c65fe14c6e981b08df;job_1b45256daa1cd2f886dc;job_d0c08b413c6b6eceac3d,检验检疫四级主办及以下 | 检验检疫四级主办及以下 | 检验检疫四级主办及以下,生物工程类、生物科学类、生物与医药 | 生物工程类、生物科学类、生物与医药 | 生物工程类、生物科学类、生物与医药
电力安全监管处一级主任科员及以下,岗位标签,title_or_tag,3,3,government:3,job_0d0b7e0fc9f35f1e849b;job_d61e7f30cacc6f1b2799;job_a49a7a55c248c9345c6c,电力安全监管处一级主任科员及以下 | 电力安全监管处一级主任科员及以下 | 电力安全监管处一级主任科员及以下,电力安全监管处一级主任科员及以下 | 电力安全监管处一级主任科员及以下 | 电力安全监管处一级主任科员及以下
电子信息类、自动化类、计算机类、数学类、统计学类,岗位标签,title_or_tag,3,3,government:3,job_336b7048828e3ab7c304;job_0f890264adae0b0c2024;job_691626dc96fbcbc8196f,一级行政执法员（四） | 一级行政执法员（四） | 一级行政执法员（一）,电子信息类、自动化类、计算机类、数学类、统计学类 | 电子信息类、自动化类、计算机类、数学类、统计学类 | 电子信息类、自动化类、计算机类、数学类、统计学类
男犯监区一级警长及以下,岗位标签,title_or_tag,3,3,government:3,job_232d3992fed4e33c1535;job_f93b8b96f1c0b94ff334;job_b9d14563ee405cadcb0b,男犯监区一级警长及以下 | 男犯监区一级警长及以下 | 男犯监区一级警长及以下,男犯监区一级警长及以下 | 男犯监区一级警长及以下 | 男犯监区一级警长及以下
监护以及数据分析,数据工程,auto_phrase,3,3,government:3,job_eca910287e90b02a86be;job_dc7003ec103f34e21e21;job_06e01aa9447ca3486cee,美兰边检站警务技术一级主管及以下 | 凤凰边检站警务技术一级主管及以下（一） | 凤凰边检站警务技术一级主管及以下（二）,职位简介：属公安机关人民警察，从事出入境边防检查、巡查、监护以及数据分析、软件研发等工作 | 职位简介：属公安机关人民警察，从事出入境边防检查、巡查、监护以及数据分析、软件研发等工作 | 职位简介：属公安机关人民警察，从事出入境边防检查、巡查、监护以及数据分析、软件研发等工作
监管一处一级主任科员及以下,岗位标签,title_or_tag,3,3,government:3,job_769354295a1cd9e8af2b;job_397ae57f5500eb4489f7;job_dae04d47c7d1829c26bf,监管一处一级主任科员及以下 | 监管一处一级主任科员及以下 | 监管一处一级主任科员及以下,监管一处一级主任科员及以下 | 监管一处一级主任科员及以下 | 监管一处一级主任科员及以下
监管（机械自动化类）一级行政执法员,岗位标签,title_or_tag,3,3,government:3,job_14da300f3141c24e6a72;job_96a6c47817749082fcde;job_e248efe349195966a9c2,监管（机械自动化类）一级行政执法员 | 监管（机械自动化类）一级行政执法员 | 监管（机械自动化类）一级行政执法员,监管（机械自动化类）一级行政执法员 | 监管（机械自动化类）一级行政执法员 | 监管（机械自动化类）一级行政执法员
相关专业,自动短语,auto_phrase,3,3,government:3,job_ff67bd3f5d033a69f693;job_ab7bbe12cf99c9221fa8;job_1fee1ce0f71edc231ced,业务处室职位一级主任科员及以下 | 业务处室职位一级主任科员及以下 | 业务处一级主任科员及以下,公务员/事业单位；仅限硕士研究生；硕士；哲学（0101）、政治学（0302）、马克思主义理论（0305）、中共党史党建学（0307）、中国语言文学（0501）、新闻传播（0503、0552）、中国史（0602）等相关专业；中央机关及其省级直属机构综合管理类 | 公务员/事业单位；仅限硕士研究生；硕士；马克思主义理论（0305）、中共党史党建学（0307）、中国语言文学（0501）、建筑（0813、0851）、土木工程（0814）、管理科学与工程（1201、1256）等相关专业；中央机关及其省级直属机构综合管理类 | 公务员/事业单位；硕士研究生及以上；与最高学历相对应的学位；核科学与技术（082700）、核能科学与工程（082701）等相关专业；中央机关及其省级直属机构综合管理类
督察业务处一级主任科员及以下,岗位标签,title_or_tag,3,3,government:3,job_615cc1b42f6c5a7a71c8;job_5201201492802f5bc451;job_93f29e9af8b5840346cb,督察业务处一级主任科员及以下 | 督察业务处一级主任科员及以下 | 督察业务处一级主任科员及以下,督察业务处一级主任科员及以下 | 督察业务处一级主任科员及以下 | 督察业务处一级主任科员及以下
社会保障类、电子商务类,岗位标签,title_or_tag,3,3,government:3,job_bb352bc1716b7e3bf7af;job_caf7e3665669d4b3645a;job_ea9809c37c386731bc05,一级行政执法员（八） | 一级行政执法员（一） | 一级行政执法员（二）,社会保障类、电子商务类 | 社会保障类、电子商务类 | 社会保障类、电子商务类
社会学类、马克思主义理论类、中国语言文学类、新闻传播学类,岗位标签,title_or_tag,3,3,government:3,job_74961ced44d3dc03bee0;job_721cfcbc5b1ca0cb5728;job_de331893a4737cff2271,一级行政执法员（三） | 一级行政执法员（四） | 一级行政执法员（三）,社会学类、马克思主义理论类、中国语言文学类、新闻传播学类 | 社会学类、马克思主义理论类、中国语言文学类、新闻传播学类 | 社会学类、马克思主义理论类、中国语言文学类、新闻传播学类
福州铁路公安处基层所队民警,岗位标签,title_or_tag,3,3,government:3,job_36198e5fa124a02bb06b;job_9f774b5ea8cb9fb79816;job_f0c18b501cf7817ea575,福州铁路公安处基层所队民警 | 福州铁路公安处基层所队民警 | 福州铁路公安处基层所队民警,福州铁路公安处基层所队民警 | 福州铁路公安处基层所队民警 | 福州铁路公安处基层所队民警
科技管理（电子信息化类）四级主办及以下（一）,岗位标签,title_or_tag,3,3,government:3,job_8c548923f0cc31c1e041;job_a20ee340eb84b67e709a;job_55b08c774186e0820a99,科技管理（电子信息化类）四级主办及以下（一） | 科技管理（电子信息化类）四级主办及以下（一） | 科技管理（电子信息化类）四级主办及以下（一）,科技管理（电子信息化类）四级主办及以下（一） | 科技管理（电子信息化类）四级主办及以下（一） | 科技管理（电子信息化类）四级主办及以下（一）
科技管理（电子信息化类）四级主办及以下（二）,岗位标签,title_or_tag,3,3,government:3,job_3e42827f321e385c9b49;job_c9dba7ae3a8f81145ec7;job_6d2bc615fe0d7821cd4e,科技管理（电子信息化类）四级主办及以下（二） | 科技管理（电子信息化类）四级主办及以下（二） | 科技管理（电子信息化类）四级主办及以下（二）,科技管理（电子信息化类）四级主办及以下（二） | 科技管理（电子信息化类）四级主办及以下（二） | 科技管理（电子信息化类）四级主办及以下（二）
税收征管一级行政执法员,岗位标签,title_or_tag,3,3,government:3,job_d54fb362ba222dd1c88b;job_0caa0c635bfae8a85489;job_6cabc5183c782eaab2c0,税收征管一级行政执法员 | 税收征管一级行政执法员 | 税收征管一级行政执法员,税收征管一级行政执法员 | 税收征管一级行政执法员 | 税收征管一级行政执法员
稽查处一级主任科员及以下,岗位标签,title_or_tag,3,3,government:3,job_25b9f5e1c7671f742088;job_13f701431b4252f5701d;job_f45b647fcb56cfe7583e,稽查处一级主任科员及以下 | 稽查处一级主任科员及以下 | 稽查处一级主任科员及以下,稽查处一级主任科员及以下 | 稽查处一级主任科员及以下 | 稽查处一级主任科员及以下
稽查审计一级行政执法员,岗位标签,title_or_tag,3,3,government:3,job_b6c9b48758795abfde07;job_ccd19679087e95dfe402;job_e47f0edd89604964d6f3,稽查审计一级行政执法员 | 稽查审计一级行政执法员 | 稽查审计一级行政执法员,稽查审计一级行政执法员 | 稽查审计一级行政执法员 | 稽查审计一级行政执法员
空中交通管理处一级主任科员及以下,岗位标签,title_or_tag,3,3,government:3,job_b18e0740d3eaa718c417;job_50b63f56af3f90cf0910;job_485915a7d6e832cd880f,空中交通管理处一级主任科员及以下 | 空中交通管理处一级主任科员及以下 | 空中交通管理处一级主任科员及以下,空中交通管理处一级主任科员及以下 | 空中交通管理处一级主任科员及以下 | 空中交通管理处一级主任科员及以下
第一稽查局一级主任科员及以下（一）,岗位标签,title_or_tag,3,3,government:3,job_7215238f45d7eaafdba3;job_c8d23361ae2fda97c2fb;job_b3d5e5dc7d6a639f862e,第一稽查局一级主任科员及以下（一） | 第一稽查局一级主任科员及以下（一） | 第一稽查局一级主任科员及以下（一）,第一稽查局一级主任科员及以下（一） | 第一稽查局一级主任科员及以下（一） | 第一稽查局一级主任科员及以下（一）
第一稽查局一级主任科员及以下（二）,岗位标签,title_or_tag,3,3,government:3,job_3774c483de5abcce1fd9;job_0fbfca033e58b54dd7b7;job_6198c8e1dbb298a9388a,第一稽查局一级主任科员及以下（二） | 第一稽查局一级主任科员及以下（二） | 第一稽查局一级主任科员及以下（二）,第一稽查局一级主任科员及以下（二） | 第一稽查局一级主任科员及以下（二） | 第一稽查局一级主任科员及以下（二）
第一稽查局一级行政执法员（四）,岗位标签,title_or_tag,3,3,government:3,job_ecd8bfe73427098470f7;job_306809bf80299cdcd500;job_2b5cf4694da620ef9051,第一稽查局一级行政执法员（四） | 第一稽查局一级行政执法员（四） | 第一稽查局一级行政执法员（四）,第一稽查局一级行政执法员（四） | 第一稽查局一级行政执法员（四） | 第一稽查局一级行政执法员（四）
第三稽查局一级主任科员及以下（一）,岗位标签,title_or_tag,3,3,government:3,job_aec47aecc4a78870042b;job_484fa060e4e1c3abb452;job_7032730b20cf7e3400d2,第三稽查局一级主任科员及以下（一） | 第三稽查局一级主任科员及以下（一） | 第三稽查局一级主任科员及以下（一）,第三稽查局一级主任科员及以下（一） | 第三稽查局一级主任科员及以下（一） | 第三稽查局一级主任科员及以下（一）
第三稽查局一级主任科员及以下（二）,岗位标签,title_or_tag,3,3,government:3,job_c17fa58ce4f64283895b;job_e86215fe892b8520c71d;job_0a20a5b51e9c343b6a9e,第三稽查局一级主任科员及以下（二） | 第三稽查局一级主任科员及以下（二） | 第三稽查局一级主任科员及以下（二）,第三稽查局一级主任科员及以下（二） | 第三稽查局一级主任科员及以下（二） | 第三稽查局一级主任科员及以下（二）
第二稽查局一级行政执法员（三）,岗位标签,title_or_tag,3,3,government:3,job_1153ebb653cd1266663a;job_e450adb917904abc2351;job_d8e6d793d8ae615b7d18,第二稽查局一级行政执法员（三） | 第二稽查局一级行政执法员（三） | 第二稽查局一级行政执法员（三）,第二稽查局一级行政执法员（三） | 第二稽查局一级行政执法员（三） | 第二稽查局一级行政执法员（三）
第五稽查局一级主任科员及以下（一）,岗位标签,title_or_tag,3,3,government:3,job_7be066d7999fcc792c4e;job_049b9e40f6e766dab1bc;job_c914e43088a578a8d02c,第五稽查局一级主任科员及以下（一） | 第五稽查局一级主任科员及以下（一） | 第五稽查局一级主任科员及以下（一）,第五稽查局一级主任科员及以下（一） | 第五稽查局一级主任科员及以下（一） | 第五稽查局一级主任科员及以下（一）
第五稽查局一级主任科员及以下（二）,岗位标签,title_or_tag,3,3,government:3,job_0efa9a1b52778f116cf4;job_1bcf905bf4f11d904351;job_03f8a8ed4c5a5e8b60b2,第五稽查局一级主任科员及以下（二） | 第五稽查局一级主任科员及以下（二） | 第五稽查局一级主任科员及以下（二）,第五稽查局一级主任科员及以下（二） | 第五稽查局一级主任科员及以下（二） | 第五稽查局一级主任科员及以下（二）
管理科学与工程类、工商管理类、社会保障类,岗位标签,title_or_tag,3,3,government:3,job_63630f9c7778cb25b5a1;job_dd4b1c619372b2095d34;job_8880e89cfcb7eee4c9c6,一级行政执法员（五） | 一级行政执法员（七） | 一级行政执法员（六）,管理科学与工程类、工商管理类、社会保障类 | 管理科学与工程类、工商管理类、社会保障类 | 管理科学与工程类、工商管理类、社会保障类
管理科学与工程类、工商管理类、社会保障类、图书情报与档案管理类,岗位标签,title_or_tag,3,3,government:3,job_a65e828ec07203e60143;job_7b43fd318e3c854287f8;job_def51d0edcd13d06f0bd,一级行政执法员（一） | 一级行政执法员（二） | 一级行政执法员,管理科学与工程类、工商管理类、社会保障类、图书情报与档案管理类 | 管理科学与工程类、工商管理类、社会保障类、图书情报与档案管理类 | 管理科学与工程类、工商管理类、社会保障类、图书情报与档案管理类
管理科学与工程类、电子商务类、社会保障类,岗位标签,title_or_tag,3,3,government:3,job_542d62ee8ce2f230c568;job_bd9db9455e9caf40d3cf;job_3a813b502d1d633085ed,一级行政执法员（三） | 一级行政执法员（四） | 一级行政执法员（七）,管理科学与工程类、电子商务类、社会保障类 | 管理科学与工程类、电子商务类、社会保障类 | 管理科学与工程类、电子商务类、社会保障类
管理科学与工程类、社会保障类、电子信息类、计算机类,岗位标签,title_or_tag,3,3,government:3,job_615bf95e8770b98b27e9;job_45215cbf4a833ac41b11;job_305cb49d41414b0be27f,一级行政执法员（三） | 一级行政执法员（三） | 一级行政执法员（六）,管理科学与工程类、社会保障类、电子信息类、计算机类 | 管理科学与工程类、社会保障类、电子信息类、计算机类 | 管理科学与工程类、社会保障类、电子信息类、计算机类
管理科学与工程类、财会审计类、社会保障类,岗位标签,title_or_tag,3,3,government:3,job_937022e7d142703d9671;job_89b6a102945236bd6679;job_59f5fb9c2e78404168e9,一级行政执法员（七） | 一级行政执法员（三） | 一级行政执法员（四）,管理科学与工程类、财会审计类、社会保障类 | 管理科学与工程类、财会审计类、社会保障类 | 管理科学与工程类、财会审计类、社会保障类
经济与贸易类、公共管理类,岗位标签,title_or_tag,3,3,government:3,job_7b8f7b4320240efd616e;job_ac284cc45885b6e4dbbf;job_ab8b4c283a7d72adc844,一级行政执法员（一） | 一级行政执法员（一） | 一级行政执法员（二）,经济与贸易类、公共管理类 | 经济与贸易类、公共管理类 | 经济与贸易类、公共管理类
经济与贸易类、社会保障类、电子信息类、计算机类,岗位标签,title_or_tag,3,3,government:3,job_ae3d0f2b2aed5d15b663;job_394eb07f4739dbc63656;job_11fc8a2404583a2a524e,一级行政执法员（五） | 一级行政执法员（七） | 一级行政执法员（五）,经济与贸易类、社会保障类、电子信息类、计算机类 | 经济与贸易类、社会保障类、电子信息类、计算机类 | 经济与贸易类、社会保障类、电子信息类、计算机类
经济学、会计、财务管理、审计、金融。（详见备注）,岗位标签,title_or_tag,3,3,government:3,job_044ca1490a7aea7a5cc5;job_af1cd77c2343e2c12732;job_43ceeeb4d24f47411bc1,业务处室一级主任科员及以下 | 业务处室一级主任科员及以下 | 业务处室一级主任科员及以下,经济学、会计、财务管理、审计、金融。（详见备注） | 经济学、会计、财务管理、审计、金融。（详见备注） | 经济学、会计、财务管理、审计、金融。（详见备注）
经济学、金融学,岗位标签,title_or_tag,3,3,government:3,job_49648f723877f2feb6d2;job_806f37859bedcd8c5e50;job_76eab50cabd13ed20dd9,处室一级主任科员及以下 | 港澳台处一级主任科员及以下 | 组织处一级主任科员及以下,经济学、金融学 | 经济学、金融学 | 经济学、金融学
经济学类、工商管理类、公共管理类,岗位标签,title_or_tag,3,3,government:3,job_57fde4ac1edbb45d2515;job_318090fc86b547239b74;job_8726c8c8ce56e665696f,一级行政执法员（三） | 一级行政执法员（一） | 一级行政执法员（二）,经济学类、工商管理类、公共管理类 | 经济学类、工商管理类、公共管理类 | 经济学类、工商管理类、公共管理类
经济学类、电子商务类,岗位标签,title_or_tag,3,3,government:3,job_5761374e7bd52a0d1f90;job_9e2d55d7740faa344a36;job_c8d0cf29a2610a2602f4,一级行政执法员（三） | 一级行政执法员（五） | 一级行政执法员（六）,经济学类、电子商务类 | 经济学类、电子商务类 | 经济学类、电子商务类
经济学类、经济与贸易类、财会审计类、电子商务类,岗位标签,title_or_tag,3,3,government:3,job_3c5bab76075e415e7f9a;job_fc7ec0e90b6621a63959;job_2d34f77aea60b5398453,一级行政执法员（一） | 一级行政执法员（二） | 一级行政执法员,经济学类、经济与贸易类、财会审计类、电子商务类 | 经济学类、经济与贸易类、财会审计类、电子商务类 | 经济学类、经济与贸易类、财会审计类、电子商务类
经济学类、财政学类、经济与贸易类、工商管理类、农业经济管理类,岗位标签,title_or_tag,3,3,government:3,job_1c3b5f7bdd74f433514e;job_404d5c27a2903c991584;job_3f58c8307a1a2ff38ef9,一级行政执法员（一） | 一级主办及以下 | 一级行政执法员,经济学类、财政学类、经济与贸易类、工商管理类、农业经济管理类 | 经济学类、财政学类、经济与贸易类、工商管理类、农业经济管理类 | 经济学类、财政学类、经济与贸易类、工商管理类、农业经济管理类
经济学类、财政学类、财会审计类、数学类、统计学类、电子信息类、计算机类,岗位标签,title_or_tag,3,3,government:3,job_e73580a8014d9678d2c7;job_9402da6c29fb45b20af9;job_c608f793fc7d0c7fc91b,一级行政执法员（四） | 一级行政执法员（四） | 一级行政执法员（六）,经济学类、财政学类、财会审计类、数学类、统计学类、电子信息类、计算机类 | 经济学类、财政学类、财会审计类、数学类、统计学类、电子信息类、计算机类 | 经济学类、财政学类、财会审计类、数学类、统计学类、电子信息类、计算机类
经济学类、财政学类、金融学类、经济与贸易类、管理科学与工程类,岗位标签,title_or_tag,3,3,government:3,job_92a3ad8bada8f53ed9fe;job_9704109408b2d259ba7d;job_33b8abf7f04b9839f6f0,一级主办及以下 | 一级行政执法员（一） | 一级行政执法员（二）,经济学类、财政学类、金融学类、经济与贸易类、管理科学与工程类 | 经济学类、财政学类、金融学类、经济与贸易类、管理科学与工程类 | 经济学类、财政学类、金融学类、经济与贸易类、管理科学与工程类
经济学类、财政学类、金融学类、经济与贸易类、统计学类,岗位标签,title_or_tag,3,3,government:3,job_9a8cd075c29dbd4f229e;job_a45bc7b13ad5df93865f;job_aa19e126864569cf80f4,监管部门一级主任科员及以下 | 监管部门一级主任科员及以下 | 监管部门一级主任科员及以下,经济学类、财政学类、金融学类、经济与贸易类、统计学类 | 经济学类、财政学类、金融学类、经济与贸易类、统计学类 | 经济学类、财政学类、金融学类、经济与贸易类、统计学类
经济学类、财政学类、金融学类、财会审计类、公共管理类,岗位标签,title_or_tag,3,3,government:3,job_fba57ee1f136a7975587;job_6f66c068d18fe4cf0baa;job_448df048752bac7ac522,一级行政执法员（三） | 一级行政执法员（一） | 一级行政执法员（二）,经济学类、财政学类、金融学类、财会审计类、公共管理类 | 经济学类、财政学类、金融学类、财会审计类、公共管理类 | 经济学类、财政学类、金融学类、财会审计类、公共管理类
经济学类、财政学类、金融学类、财会审计类、计算机类,岗位标签,title_or_tag,3,3,government:3,job_67d70f048d388a0efdb0;job_a16839ad4ea822ead334;job_e495a362adcb6df7b44c,一级行政执法员（七） | 一级行政执法员（八） | 一级行政执法员（七）,经济学类、财政学类、金融学类、财会审计类、计算机类 | 经济学类、财政学类、金融学类、财会审计类、计算机类 | 经济学类、财政学类、金融学类、财会审计类、计算机类
经济学类、金融学类、经济与贸易类、工商管理类,岗位标签,title_or_tag,3,3,government:3,job_66923c33ac475fc18fe5;job_ea461de53ce3c55dab69;job_950d51ac6022b77d9b07,一级行政执法员（三） | 一级行政执法员（四） | 一级行政执法员（一）,经济学类、金融学类、经济与贸易类、工商管理类 | 经济学类、金融学类、经济与贸易类、工商管理类 | 经济学类、金融学类、经济与贸易类、工商管理类
经济学类、金融学类、经济与贸易类、工商管理类、公共管理类,岗位标签,title_or_tag,3,3,government:3,job_520d3802bab43344f3a5;job_504578e16bf07cd514d7;job_90545ef4e4f8ee016967,一级行政执法员（三） | 一级行政执法员（四） | 一级行政执法员（五）,经济学类、金融学类、经济与贸易类、工商管理类、公共管理类 | 经济学类、金融学类、经济与贸易类、工商管理类、公共管理类 | 经济学类、金融学类、经济与贸易类、工商管理类、公共管理类
统计学、应用统计,岗位标签,title_or_tag,3,3,government:3,job_c737f7c295d4854897c5;job_c25f142f847bc337dbe8;job_78430e52aa80efb87d6d,统计信息部门一级主任科员及以下 | 统计信息部门一级主任科员及以下 | 统计信息部门一级主任科员及以下,统计学、应用统计 | 统计学、应用统计 | 统计学、应用统计
统计学、应用统计、数学,岗位标签,title_or_tag,3,3,government:3,job_e0fbb5527dd2b247cfe8;job_37a2d2a21ecb425c1aec;job_e8becbdb3dede5784c5f,统计信息部门一级主任科员及以下 | 统计信息部门一级主任科员及以下 | 监管部门一级主任科员及以下,统计学、应用统计、数学 | 统计学、应用统计、数学 | 统计学、应用统计、数学
统计学、应用统计学、数学与应用数学、信息与计算科学、大数据管理与应用,岗位标签,title_or_tag,3,3,government:3,job_1f2d56addce942bf615a;job_484b83eda6875ab2660b;job_00b7ef98e5580765ed22,科技管理（统计分析应用类）一级行政执法员 | 科技管理（统计分析应用类）一级行政执法员 | 科技管理（统计分析应用类）一级行政执法员,统计学、应用统计学、数学与应用数学、信息与计算科学、大数据管理与应用 | 统计学、应用统计学、数学与应用数学、信息与计算科学、大数据管理与应用 | 统计学、应用统计学、数学与应用数学、信息与计算科学、大数据管理与应用
统计学、应用统计学、数据科学,岗位标签,title_or_tag,3,3,government:3,job_4838973441169f08b75c;job_90bdd083206e020db606;job_e1d7360d13f791d669fd,统计分析（统计分析应用类）一级行政执法员 | 科技管理（统计分析应用类）一级行政执法员 | 科技管理（统计分析应用类）一级行政执法员,统计学、应用统计学、数据科学 | 统计学、应用统计学、数据科学 | 统计学、应用统计学、数据科学
统计学、应用统计学、数据科学、数学与应用数学、数据计算及应用、大数据管理与应用,岗位标签,title_or_tag,3,3,government:3,job_0add19f0a5b949ef023b;job_0a5049b887048203f2cc;job_146f7c443ba170e9894e,科技管理（统计分析应用类）一级行政执法员 | 科技管理（统计分析应用类）一级行政执法员 | 科技管理（统计分析应用类）一级行政执法员,统计学、应用统计学、数据科学、数学与应用数学、数据计算及应用、大数据管理与应用 | 统计学、应用统计学、数据科学、数学与应用数学、数据计算及应用、大数据管理与应用 | 统计学、应用统计学、数据科学、数学与应用数学、数据计算及应用、大数据管理与应用
统计学类、数学类、经济学类，计算机科学与技术,岗位标签,title_or_tag,3,3,government:3,job_85100682f2d1f9b4fc8b;job_aa280da52e6f2c1d996f;job_1f0883ae025dc481d07d,四川调查总队业务处室二级主任科员及以下（1） | 四川调查总队业务处室二级主任科员及以下（2） | 温江调查队四级主任科员及以下,统计学类、数学类、经济学类，计算机科学与技术 | 统计学类、数学类、经济学类，计算机科学与技术 | 统计学类、数学类、经济学类，计算机科学与技术
统计学类、数学类、经济学类，计算机科学与技术、法学,岗位标签,title_or_tag,3,3,government:3,job_e18cb6362355720aa968;job_502120a229778285c04e;job_0ce0659be80f72769cc4,成都调查队业务处室二级主任科员及以下（1） | 成都调查队业务处室二级主任科员及以下（2） | 绵阳调查队业务科室四级主任科员及以下,统计学类、数学类、经济学类，计算机科学与技术、法学 | 统计学类、数学类、经济学类，计算机科学与技术、法学 | 统计学类、数学类、经济学类，计算机科学与技术、法学
统计学类、管理学,岗位标签,title_or_tag,3,3,government:3,job_162d820ec9bd141731ed;job_9b63a744985032d6f591;job_3f1ab37828a3e42b2002,会泽调查队一级科员 | 罗平调查队一级科员 | 瑞丽调查队一级科员,统计学类、管理学 | 统计学类、管理学 | 统计学类、管理学
统计学类、计算机类、农业工程类,岗位标签,title_or_tag,3,3,government:3,job_24f658bc3b76e813c63a;job_efa605fa6ab673a83b76;job_9907808150bd828354f2,一级行政执法员（二） | 一级行政执法员（四） | 一级行政执法员（二）,统计学类、计算机类、农业工程类 | 统计学类、计算机类、农业工程类 | 统计学类、计算机类、农业工程类
统计学类、计算机类、化工与制药类,岗位标签,title_or_tag,3,3,government:3,job_a8b0bb4dffddc4270e3d;job_336e2a4411e816dfe663;job_a6b9f18be3e296f5733c,一级行政执法员（七） | 一级行政执法员（三） | 一级行政执法员（四）,统计学类、计算机类、化工与制药类 | 统计学类、计算机类、化工与制药类 | 统计学类、计算机类、化工与制药类
统计学类（0712）、数学类（0701）、计算机类（0809）,岗位标签,title_or_tag,3,3,government:3,job_a32e154f6171c93aeb01;job_57b717d5f32c0828893e;job_a506cec31f721c8b183e,泰和调查队一级科员（1） | 泰和调查队一级科员（2） | 潮阳调查队一级科员,统计学类（0712）、数学类（0701）、计算机类（0809） | 统计学类（0712）、数学类（0701）、计算机类（0809） | 统计学类（0712）、数学类（0701）、计算机类（0809）
统计学类（不含生物统计学）、应用经济学、理论经济学,岗位标签,title_or_tag,3,3,government:3,job_a8f60b04e4d4e38d1e17;job_907246f30281b243edf1;job_9a1fa2ce992066271d43,三明调查队业务科室一级科员（1） | 三明调查队业务科室一级科员（2） | 泉州调查队业务科室一级科员,统计学类（不含生物统计学）、应用经济学、理论经济学 | 统计学类（不含生物统计学）、应用经济学、理论经济学 | 统计学类（不含生物统计学）、应用经济学、理论经济学
统计类专业,岗位标签,title_or_tag,3,3,government:3,job_2ec2e20f5d74a2955110;job_51ff0ed21a010a5b52c5;job_980dca7d490b06aec51d,统计信息部门一级主任科员及以下 | 统计信息部门一级主任科员及以下 | 统计信息部门一级主任科员及以下,统计类专业 | 统计类专业 | 统计类专业
综合业务二级主办及以下,岗位标签,title_or_tag,3,3,government:3,job_6c195abc506ea997682a;job_5a1f71e2f755b34e9b47;job_3cc4a636308d87cbf6e9,综合业务二级主办及以下 | 综合业务二级主办及以下 | 综合业务二级主办及以下,综合业务二级主办及以下 | 综合业务二级主办及以下 | 综合业务二级主办及以下
综合业务四级主办及以下（一）,岗位标签,title_or_tag,3,3,government:3,job_8b4f2e65f2741a315cff;job_729a9f57300025411086;job_444b4aeabd103e5803c7,综合业务四级主办及以下（一） | 综合业务四级主办及以下（一） | 综合业务四级主办及以下（一）,综合业务四级主办及以下（一） | 综合业务四级主办及以下（一） | 综合业务四级主办及以下（一）
综合业务四级主办及以下（二）,岗位标签,title_or_tag,3,3,government:3,job_d1fed32a0fa8dc617011;job_2dd7f412a78562854071;job_783cb5b80c9e15bc3ab2,综合业务四级主办及以下（二） | 综合业务四级主办及以下（二） | 综合业务四级主办及以下（二）,综合业务四级主办及以下（二） | 综合业务四级主办及以下（二） | 综合业务四级主办及以下（二）
综合管理一级行政执法员,岗位标签,title_or_tag,3,3,government:3,job_3d507484a81bb35e3d40;job_3b03930254df4812c19f;job_ddf28d41f3122c0ed67e,综合管理一级行政执法员 | 综合管理一级行政执法员 | 综合管理一级行政执法员,综合管理一级行政执法员 | 综合管理一级行政执法员 | 综合管理一级行政执法员
综合管理四级主办及以下,岗位标签,title_or_tag,3,3,government:3,job_9c2fa9b15059a7af804e;job_df99e6574d626bb0aa27;job_fd407545d5abf5363dc7,综合管理四级主办及以下 | 综合管理四级主办及以下 | 综合管理四级主办及以下,综合管理四级主办及以下 | 综合管理四级主办及以下 | 综合管理四级主办及以下
综合管理处一级主任科员及以下,岗位标签,title_or_tag,3,3,government:3,job_94e9623df9d9c3a90aa7;job_03e7d1796e32289cdfd0;job_6b1cd538e8747cebf2b3,综合管理处一级主任科员及以下 | 综合管理处一级主任科员及以下 | 综合管理处一级主任科员及以下,综合管理处一级主任科员及以下 | 综合管理处一级主任科员及以下 | 综合管理处一级主任科员及以下
综合管理科四级主任科员及以下,岗位标签,title_or_tag,3,3,government:3,job_22bb816e5ec695171072;job_369411200b3aaf745255;job_3eaad159de268833506f,综合管理科四级主任科员及以下 | 综合管理科四级主任科员及以下 | 综合管理科四级主任科员及以下,综合管理科四级主任科员及以下 | 综合管理科四级主任科员及以下 | 综合管理科四级主任科员及以下
缅甸语,岗位标签,title_or_tag,3,3,government:3,job_d55a229171ca6c55bff4;job_93497ccdc7322bcad987;job_c3c1cbfd86d11a0e418b,临沧边境管理支队一级警长及以下（三） | 德宏边境管理支队一级警长及以下（三） | 怒江边境管理支队一级警长及以下（六）,缅甸语 | 缅甸语 | 缅甸语
能源动力等相关专业,自动短语,auto_phrase,3,3,government:3,job_0883e58589fc32e6b3d5;job_719e56e6dd38bae88680;job_c46b3fbe2a8289ecae6e,业务处室一级主任科员及以下 | 资质管理处一级主任科员及以下 | 业务处室一级主任科员及以下,公务员/事业单位；硕士研究生及以上；与最高学历相对应的学位；地质资源与地质工程、矿业工程、石油与天然气工程、油气储运工程、海洋油气工程、能源动力等相关专业；中央机关及其省级直属机构综合管理类 | 公务员/事业单位；硕士研究生及以上；与最高学历相对应的学位；电气、能源动力等相关专业；中央机关及其省级直属机构综合管理类 | 公务员/事业单位；硕士研究生及以上；与最高学历相对应的学位；电气工程、水力水电工程、能源动力等相关专业；中央机关及其省级直属机构综合管理类
船舶工程、船舶与海洋工程、船舶与海洋结构物设计制造,岗位标签,title_or_tag,3,3,government:3,job_6ff62a3d0f4619c5b57c;job_d52dee45474a0abf250c;job_459e5a5a40585211e747,一级行政执法员（六） | 一级行政执法员（六） | 一级行政执法员（三）,船舶工程、船舶与海洋工程、船舶与海洋结构物设计制造 | 船舶工程、船舶与海洋工程、船舶与海洋结构物设计制造 | 船舶工程、船舶与海洋工程、船舶与海洋结构物设计制造
英语、商务英语,岗位标签,title_or_tag,3,3,government:3,job_6f1d4c99ed594bb31e23;job_48c1ab15cfa6bae56f4b;job_d6f548e170827c49a2a3,旅检一级行政执法员（一） | 旅检一级行政执法员（一） | 旅检一级行政执法员（一）,英语、商务英语 | 英语、商务英语 | 英语、商务英语
英语、商务英语、英语语言文学、英语笔译、英语口译,岗位标签,title_or_tag,3,3,government:3,job_c703e035da2bc52c7a40;job_a1362c20bcd6793aeb05;job_6b1724c2b59b39ad6fb9,综合业务四级主办及以下 | 监管四级主办及以下 | 监管四级主办及以下,英语、商务英语、英语语言文学、英语笔译、英语口译 | 英语、商务英语、英语语言文学、英语笔译、英语口译 | 英语、商务英语、英语语言文学、英语笔译、英语口译
英语、翻译（英语）、缅甸语,岗位标签,title_or_tag,3,3,government:3,job_e65af1d3d8d9e8a792e2;job_71da5c685709ff307362;job_ac36e0099b9c8899496f,腾冲出入境边防检查站一级警长及以下（四） | 清水河出入境边防检查站一级警长及以下（五） | 勐康出入境边防检查站一级警长及以下（六）,英语、翻译（英语）、缅甸语 | 英语、翻译（英语）、缅甸语 | 英语、翻译（英语）、缅甸语
英语高翻,岗位标签,title_or_tag,3,3,government:3,job_2facf8c6a9ad10526677;job_d438264d2a9611a01b68;job_29f4b1de83452246ce3e,一级警长及以下（四） | 三处一级警长及以下 | 一处一级警长及以下,英语高翻 | 英语高翻 | 英语高翻
葡萄牙语,岗位标签,title_or_tag,3,3,government:3,job_578530a71f3863291918;job_6d1ee089083244bdb755;job_539e4e80f680085c9a26,葡萄牙语 | 葡萄牙语 | 一级主任科员及以下（葡萄牙语）,葡萄牙语 | 葡萄牙语 | 葡萄牙语
规划财务处一级主任科员及以下,岗位标签,title_or_tag,3,3,government:3,job_782fb45d338e6af043d9;job_347d2aba5900451e0669;job_be6c53827c09d04a96d3,规划财务处一级主任科员及以下 | 规划财务处一级主任科员及以下 | 规划财务处一级主任科员及以下,规划财务处一级主任科员及以下 | 规划财务处一级主任科员及以下 | 规划财务处一级主任科员及以下
计算机科学与技术,岗位标签,title_or_tag,3,3,government:3,job_801cb7c68a05dc629558;job_72bc43bf4a4dc3a20115;job_4e0c34c0681676918671,一级行政执法员（九） | 一级行政执法员（一） | 一级行政执法员（二）,计算机科学与技术 | 计算机科学与技术 | 计算机科学与技术
计算机科学与技术类,岗位标签,title_or_tag,3,3,government:3,job_4232090e3e1da46c5fdb;job_6bb58784357da2768c57;job_cec8eac86c8ddb822506,一级主任科员及以下 | 天津调查总队业务处室四级主任科员 | 辽宁调查总队综合处室二级主任科员及以下（1）,计算机科学与技术类 | 计算机科学与技术类 | 计算机科学与技术类
计算机类、建筑类,岗位标签,title_or_tag,3,3,government:3,job_7203c0be67188c996676;job_90f05db0ce982d221ef7;job_18e70bffc802234dae20,一级行政执法员（七） | 一级行政执法员（四） | 一级行政执法员（五）,计算机类、建筑类 | 计算机类、建筑类 | 计算机类、建筑类
计算机类、电子信息类、数学类、统计学类、材料类、建筑类,岗位标签,title_or_tag,3,3,government:3,job_46e2e2003e776bf53fcc;job_65e160136c41bc02bbdb;job_bb3f1c36d54fe8fceb39,一级行政执法员（一） | 一级行政执法员（二） | 一级行政执法员（三）,计算机类、电子信息类、数学类、统计学类、材料类、建筑类 | 计算机类、电子信息类、数学类、统计学类、材料类、建筑类 | 计算机类、电子信息类、数学类、统计学类、材料类、建筑类
计算机类、电子信息类、自动化类、电气类,岗位标签,title_or_tag,3,3,government:3,job_5c42d70b92a3cd1dabe5;job_3cd4dc8d954a72e6dd26;job_26e6d43934a7ca6231d8,一级行政执法员（三） | 一级行政执法员（四） | 一级行政执法员（三）,计算机类、电子信息类、自动化类、电气类 | 计算机类、电子信息类、自动化类、电气类 | 计算机类、电子信息类、自动化类、电气类
计算机类、自动化类、电气类,岗位标签,title_or_tag,3,3,government:3,job_fbdcd8508e51ed4b8359;job_c653d0e667eba4dec47e;job_f16da4d5ff23541666c4,一级行政执法员（五） | 一级行政执法员（四） | 一级行政执法员（六）,计算机类、自动化类、电气类 | 计算机类、自动化类、电气类 | 计算机类、自动化类、电气类
财会审计类、财政学类,岗位标签,title_or_tag,3,3,government:3,job_9735bf65edac5188a6bd;job_c8d23361ae2fda97c2fb;job_b258a167560db4c56049,稽查局一级主任科员及以下（一） | 第一稽查局一级主任科员及以下（一） | 第二稽查局一级主任科员及以下,财会审计类、财政学类 | 财会审计类、财政学类 | 财会审计类、财政学类
财务一级行政执法员（一）,岗位标签,title_or_tag,3,3,government:3,job_65cd54ec49e1f21c3baf;job_8723bde611a463c5c9bc;job_7e67b57cdb80292714f9,财务一级行政执法员（一） | 财务一级行政执法员（一） | 财务一级行政执法员（一）,财务一级行政执法员（一） | 财务一级行政执法员（一） | 财务一级行政执法员（一）
财务一级行政执法员（二）,岗位标签,title_or_tag,3,3,government:3,job_229639cf07b3fbe16c8c;job_baccbf2ed48c23af778d;job_542f656f5fd6e6a437b0,财务一级行政执法员（二） | 财务一级行政执法员（二） | 财务一级行政执法员（二）,财务一级行政执法员（二） | 财务一级行政执法员（二） | 财务一级行政执法员（二）
财务四级主办及以下,岗位标签,title_or_tag,3,3,government:3,job_b5a5f2ebe8b9129be539;job_635e1d1ec8b8827e1916;job_7b1d94001c200b59398a,财务四级主办及以下 | 财务四级主办及以下 | 财务四级主办及以下,财务四级主办及以下 | 财务四级主办及以下 | 财务四级主办及以下
财政学、税收学、金融学、会计学、财务管理、审计学、财务会计教育,岗位标签,title_or_tag,3,3,government:3,job_02768a27e532a3987476;job_af602dfc52fa57fcb533;job_0e9e800fb7e196f2dc23,财务管理一级行政执法员 | 财务管理一级行政执法员 | 财务管理一级行政执法员,财政学、税收学、金融学、会计学、财务管理、审计学、财务会计教育 | 财政学、税收学、金融学、会计学、财务管理、审计学、财务会计教育 | 财政学、税收学、金融学、会计学、财务管理、审计学、财务会计教育
财政学类、管理科学与工程类、财会审计类、物流管理与工程类,岗位标签,title_or_tag,3,3,government:3,job_7659b7918aa33db3c3be;job_b82a43caadf8609ad5e8;job_53d7448c28f801bee2e7,一级行政执法员（一） | 一级行政执法员（二） | 一级行政执法员,财政学类、管理科学与工程类、财会审计类、物流管理与工程类 | 财政学类、管理科学与工程类、财会审计类、物流管理与工程类 | 财政学类、管理科学与工程类、财会审计类、物流管理与工程类
财政学类、金融学类、工商管理类、管理科学与工程类,岗位标签,title_or_tag,3,3,government:3,job_896a740b982b7f32ec29;job_b735a892c4ec52c875ae;job_7eee052cbdd93cf2dc9d,一级行政执法员（三） | 一级行政执法员（四） | 一级行政执法员（五）,财政学类、金融学类、工商管理类、管理科学与工程类 | 财政学类、金融学类、工商管理类、管理科学与工程类 | 财政学类、金融学类、工商管理类、管理科学与工程类
财政学类、金融学类、经济与贸易类、社会保障类,岗位标签,title_or_tag,3,3,government:3,job_2bf2334c5eb1aab15251;job_188a0b47780e5a54dfe0;job_4e8aaa0c0a7e233e8061,一级行政执法员（一） | 一级行政执法员（二） | 一级行政执法员（十一）,财政学类、金融学类、经济与贸易类、社会保障类 | 财政学类、金融学类、经济与贸易类、社会保障类 | 财政学类、金融学类、经济与贸易类、社会保障类
货物查验一级行政执法员,岗位标签,title_or_tag,3,3,government:3,job_f95da71e73a6395f4caa;job_cbf48d60e93fe8df098a;job_ca04a10699ce04a7466e,货物查验一级行政执法员 | 货物查验一级行政执法员 | 货物查验一级行政执法员,货物查验一级行政执法员 | 货物查验一级行政执法员 | 货物查验一级行政执法员
货物查验四级主办及以下,岗位标签,title_or_tag,3,3,government:3,job_119647e2cba011380d76;job_9ceaee3d680a292ebde7;job_af47b676ba3b4537ca12,货物查验四级主办及以下 | 货物查验四级主办及以下 | 货物查验四级主办及以下,货物查验四级主办及以下 | 货物查验四级主办及以下 | 货物查验四级主办及以下
进出境化工产品等货物查验监管,产品运营,auto_phrase,3,3,government:3,job_6765d29f12b921d80bf8;job_fb56f507e28759b2c590;job_e4de860e022b9f15cd20,化工监管四级主办及以下 | 化工监管一级行政执法员 | 化工监管四级主办及以下,职位简介：从事海关进出境化工产品等货物查验监管工作 | 职位简介：从事海关进出境化工产品等货物查验监管工作 | 职位简介：从事海关进出境化工产品等货物查验监管工作
适航审定处一级主任科员及以下,岗位标签,title_or_tag,3,3,government:3,job_9adce1b7c1cfd26594db;job_b7c002535cbd31df4008;job_a2f15742867ef0f5b253,适航审定处一级主任科员及以下 | 适航审定处一级主任科员及以下 | 适航审定处一级主任科员及以下,适航审定处一级主任科员及以下 | 适航审定处一级主任科员及以下 | 适航审定处一级主任科员及以下
野生动植物保护监管,自动短语,auto_phrase,3,3,government:3,job_c9cd71a2d1aceb8b25b4;job_4664e24ebca8bfa6f3a3;job_3ec8206ca1cab0772869,濒危物种进出口管理处一级主任科员及以下 | 濒危物种进出口管理处一级主任科员及以下 | 濒危物种进出口管理处一级主任科员及以下,职位简介：从事濒危物种进出口管理及履约执法、野生动植物保护监管、林草资源监督等工作 | 职位简介：从事濒危物种进出口管理及履约执法、野生动植物保护监管、森林资源监督等工作 | 职位简介：从事濒危物种进出口管理及履约执法、野生动植物保护监管、林草生态感知系统综合执法平台运用等工作
金融,岗位标签,title_or_tag,3,3,government:3,job_d385774e9749dbe703ca;job_031c2e9cb5723e22c6aa;job_60bcd96d7ce053bbeef6,一级主任科员及以下 | 审计业务处一级主任科员及以下 | 监管部门一级主任科员及以下,金融 | 金融 | 金融
金融学类、经济与贸易类、工商管理类,岗位标签,title_or_tag,3,3,government:3,job_87edf9e02353541a40b1;job_474ba6ce2ee30be96d1f;job_cc1eb9de39183f77b24b,一级行政执法员（一） | 一级行政执法员（二） | 一级行政执法员（三）,金融学类、经济与贸易类、工商管理类 | 金融学类、经济与贸易类、工商管理类 | 金融学类、经济与贸易类、工商管理类
金融学类、经济与贸易类、财会审计类、社会保障类,岗位标签,title_or_tag,3,3,government:3,job_44d23b3fb9bd0033f6d3;job_05f0819a67be46858b51;job_532601db31d51b9684f7,一级行政执法员（一） | 一级行政执法员（二） | 一级行政执法员（二）,金融学类、经济与贸易类、财会审计类、社会保障类 | 金融学类、经济与贸易类、财会审计类、社会保障类 | 金融学类、经济与贸易类、财会审计类、社会保障类
金融学类、经济学类、统计学,岗位标签,title_or_tag,3,3,government:3,job_a6d193e284ca13090398;job_34d13ad65224bdddfd57;job_433cd357ead874576399,监管部门一级主任科员及以下 | 监管部门一级主任科员及以下 | 监管部门一级主任科员及以下,金融学类、经济学类、统计学 | 金融学类、经济学类、统计学 | 金融学类、经济学类、统计学
风险管理,项目管理,auto_phrase,3,3,government:3,job_d9361279e464b8cbe444;job_da21c1ef8fbd79c51760;job_14688c7f45f0550f56d7,风险管理（统计分析应用类）二级主管及以下 | 风险管理（电子信息化类）二级主管及以下 | 风险管理（统计分析应用类）二级主管及以下,风险管理（统计分析应用类）二级主管及以下 | 风险管理（电子信息化类）二级主管及以下 | 风险管理（统计分析应用类）二级主管及以下
风险防控（电子信息化类）四级主管及以下,岗位标签,title_or_tag,3,3,government:3,job_0ba4c4a39485c3f2ec33;job_fd6860d67efce1543994;job_a63614193afe888d8a1b,风险防控（电子信息化类）四级主管及以下 | 风险防控（电子信息化类）四级主管及以下 | 风险防控（电子信息化类）四级主管及以下,风险防控（电子信息化类）四级主管及以下 | 风险防控（电子信息化类）四级主管及以下 | 风险防控（电子信息化类）四级主管及以下
飞行技术（081805K）,岗位标签,title_or_tag,3,3,government:3,job_6e13bc9ce5dceaba371a;job_8cacd5a8a24c0dc02378;job_c838f020669123e0e5ce,飞行标准处一级主任科员及以下 | 飞行标准处一级主任科员及以下 | 飞行标准处一级主任科员及以下,飞行技术（081805K） | 飞行技术（081805K） | 飞行技术（081805K）
食品、化妆品检验一级行政执法员,岗位标签,title_or_tag,3,3,government:3,job_3c659f022bee22ce6444;job_b6d11ea66b8bed6a48e3;job_7543d4d138b9cfadfdf2,食品、化妆品检验一级行政执法员 | 食品、化妆品检验一级行政执法员 | 食品、化妆品检验一级行政执法员,食品、化妆品检验一级行政执法员 | 食品、化妆品检验一级行政执法员 | 食品、化妆品检验一级行政执法员
食品科学与工程、食品质量与安全、食品安全与检测、食品营养与健康、粮食工程,岗位标签,title_or_tag,3,3,government:3,job_79c5139f032e423d1930;job_0da916f56fe9cab09765;job_bf991f5bebf78e7f2551,食品检验监管一级行政执法员 | 食品检验监管一级行政执法员（一） | 食品检验监管一级行政执法员（二）,食品科学与工程、食品质量与安全、食品安全与检测、食品营养与健康、粮食工程 | 食品科学与工程、食品质量与安全、食品安全与检测、食品营养与健康、粮食工程 | 食品科学与工程、食品质量与安全、食品安全与检测、食品营养与健康、粮食工程
食品科学与工程类、生物科学、生物技术、生物工程,岗位标签,title_or_tag,3,3,government:3,job_99bd212c4c1b3bf435c9;job_6b4c974882d6a339d20f;job_42251773754b9e1cf085,食品检验一级行政执法员 | 食品检验一级行政执法员（一） | 食品检验一级行政执法员（二）,食品科学与工程类、生物科学、生物技术、生物工程 | 食品科学与工程类、生物科学、生物技术、生物工程 | 食品科学与工程类、生物科学、生物技术、生物工程
驻外储备人员,岗位标签,title_or_tag,3,3,government:3,job_81120121fc8b900960ff;job_7d7d5710acf6055d38ce;job_1a34b739265fb5fce8e1,驻外储备人员 | 驻外储备人员 | 驻外储备人员,驻外储备人员 | 驻外储备人员 | 驻外储备人员
0201理论经济学、0202应用经济学,岗位标签,title_or_tag,2,2,government:2,job_223a2716d8b25082b9ef;job_df5a2a853150aa791ef7,政策处一级主任科员及以下 | 证券处一级主任科员及以下,0201理论经济学、0202应用经济学 | 0201理论经济学、0202应用经济学
0252应用统计、0714统计学,岗位标签,title_or_tag,2,2,government:2,job_0d91ac4f3829b25bc409;job_ce1656573344a8685a5f,湖南调查总队业务处室四级主任科员（3） | 湖南调查总队业务处室四级主任科员（4）,0252应用统计、0714统计学 | 0252应用统计、0714统计学
02经济学、0714统计学（经济学学位）,岗位标签,title_or_tag,2,2,government:2,job_db68c4517d5f7d4349d1;job_98697d75a9a22c593586,监管部门一级主任科员及以下 | 监管部门一级主任科员及以下,02经济学、0714统计学（经济学学位） | 02经济学、0714统计学（经济学学位）
0301法学类（法学）,岗位标签,title_or_tag,2,2,government:2,job_43adf3e54a4c12191473;job_7fc78008c12c4bb32fc4,梅州海关缉私分局一级警长及以下 | 梅州海关缉私分局一级警长及以下,0301法学类（法学） | 0301法学类（法学）
0302政治学、0305马克思主义理论、0308纪检监察学,岗位标签,title_or_tag,2,2,government:2,job_a0e644c3c6f49bc6d610;job_b3f9ab1d1bfafa6f5af4,湖南调查总队业务处室四级主任科员（1） | 湖南调查总队业务处室四级主任科员（2）,0302政治学、0305马克思主义理论、0308纪检监察学 | 0302政治学、0305马克思主义理论、0308纪检监察学
0501中国语言文学,岗位标签,title_or_tag,2,2,government:2,job_3ad2935e718e86f46cb0;job_8407e028d8723d0de21c,办公室一级警长及以下 | 长沙调查队业务科室四级主任科员,0501中国语言文学 | 0501中国语言文学
0501中国语言文学、0503新闻传播,岗位标签,title_or_tag,2,2,government:2,job_205cb0be87241edd3af4;job_4fb0019e07b2a4f4e0a6,南宁出入境边防检查站一级警长及以下（三） | 桂林出入境边防检查站一级警长及以下（四）,0501中国语言文学、0503新闻传播 | 0501中国语言文学、0503新闻传播
0501中国语言文学、0503新闻传播学、0552新闻与传播,岗位标签,title_or_tag,2,2,government:2,job_fe3a94121fba61b78cea;job_a93cf322742490498de4,中国民用航空深圳安全监督管理局空防处一级主任科员及以下 | 办公室一级警长及以下,0501中国语言文学、0503新闻传播学、0552新闻与传播 | 0501中国语言文学、0503新闻传播学、0552新闻与传播
071201统计学、071202应用统计学,岗位标签,title_or_tag,2,2,government:2,job_059919bb9ec5ece00ccf;job_763b6c0a5706db19f7e9,统计信息部门一级主任科员及以下 | 统计信息部门一级主任科员及以下,071201统计学、071202应用统计学 | 071201统计学、071202应用统计学
0712统计学类、0701数学类、0809计算机类、0501中国语言文学类,岗位标签,title_or_tag,2,2,government:2,job_37a997ecb44814ef620d;job_da3ff009cd9488869e67,临高调查队一级科员(1) | 临高调查队一级科员(2),0712统计学类、0701数学类、0809计算机类、0501中国语言文学类 | 0712统计学类、0701数学类、0809计算机类、0501中国语言文学类
0712统计学类（不含数据科学、生物统计学专业）,岗位标签,title_or_tag,2,2,government:2,job_8b65173c24c7d829331c;job_af9957be2d18ca15f5db,宜昌调查队业务科室四级主任科员及以下 | 荆州调查队业务科室四级主任科员及以下,0712统计学类（不含数据科学、生物统计学专业） | 0712统计学类（不含数据科学、生物统计学专业）
0714Z3金融统计与风险管理,项目管理,auto_phrase,2,2,government:2,job_f6d40615edf8cef3fd8c;job_424a4d2df791d742b3bc,监管部门一级主任科员及以下 | 监管部门一级主任科员及以下,公务员/事业单位；本科及以上；与最高学历相对应的学位；本科：经济学类、金融学类、统计学类。研究生：020100理论经济学、020200应用经济学、020204金融学、025100金融、020209数量经济学、0270Z1经济统计学、0714Z3金融统计与风险管理、025200应用统计。；市（地）级及以下直属机构综合管理类 | 公务员/事业单位；本科及以上；与最高学历相对应的学位；以本科专业报考：020102经济统计学、统计学类。 以研究生专业报考：020209数量经济学、0270Z1经济统计学、0714Z3金融统计与风险管理、025200应用统计。；市（地）级及以下直属机构综合管理类
081004建筑电气与智能化,自动短语,auto_phrase,2,2,government:2,job_5341bcaf6974ad89bcb4;job_ef054246fc7ee29e2bc6,工程管理岗位一级主任科员及以下 | 后勤保障处一级主任科员及以下,公务员/事业单位；本科或硕士研究生；与最高学历相对应的学位；本科：081001土木工程、081002建筑环境与能源应用工程、081004建筑电气与智能化、082801建筑学；研究生：0814土木工程、085900土木水利、085901土木工程；中央机关及其省级直属机构综合管理类 | 公务员/事业单位；本科及以上；与最高学历相对应的学位；本科：081002建筑环境与能源应用工程、081003给排水科学与工程、081004建筑电气与智能化；研究生：085906人工环境工程；中央机关及其省级直属机构综合管理类
0812计算机科学与技术、0835软件工程、0854电子信息（大数据技术与工程）,岗位标签,title_or_tag,2,2,government:2,job_2b0e70b0bdb1084e3ca2;job_84992380d901f60a4374,情报技术处一级警长及以下 | 刑事技术鉴定中心一级警长及以下,0812计算机科学与技术、0835软件工程、0854电子信息（大数据技术与工程） | 0812计算机科学与技术、0835软件工程、0854电子信息（大数据技术与工程）
0822核工程类、070203核物理,岗位标签,title_or_tag,2,2,government:2,job_e46935fea61b0e6516c0;job_5439c92d1365c1507101,核与辐射安全监督岗位一级主任科员及以下 | 核与辐射安全监督岗位一级主任科员及以下,0822核工程类、070203核物理 | 0822核工程类、070203核物理
0823交通运输工程、0861交通运输,岗位标签,title_or_tag,2,2,government:2,job_c076e2abf022551c9768;job_e834c4c6e8cb9fed4ada,交通与物流处一级主任科员及以下 | 航务管理处一级主任科员及以下,0823交通运输工程、0861交通运输 | 0823交通运输工程、0861交通运输
0827核科学与技术、085803核能工程,岗位标签,title_or_tag,2,2,government:2,job_accce1cdcb76ec2ddc0b;job_0549455f8cbf52efbbfd,核与辐射安全监督岗位一级主任科员及以下 | 核与辐射安全监督岗位一级主任科员及以下,0827核科学与技术、085803核能工程 | 0827核科学与技术、085803核能工程
08工学,岗位标签,title_or_tag,2,2,government:2,job_6af2809d38653fbf9904;job_b18e0740d3eaa718c417,适航维修处一级主任科员及以下 | 空中交通管理处一级主任科员及以下,08工学 | 08工学
1.从事形势分析和政策研究,自动短语,auto_phrase,2,2,government:2,job_bbbdf83f13414ec59b89;job_0ae12a5d2f87e783cba8,一级主任科员及以下（英语五） | 一级主任科员及以下（英语六）,职位简介：1.从事形势分析和政策研究工作 | 职位简介：1.从事形势分析和政策研究工作
1202工商管理学（会计学、审计学）、1253会计、1257审计,岗位标签,title_or_tag,2,2,government:2,job_045682485f49d7ef8736;job_333e37c06fa13cccd73c,财务管理处一级主任科员及以下 | 十一处一级警长及以下,1202工商管理学（会计学、审计学）、1253会计、1257审计 | 1202工商管理学（会计学、审计学）、1253会计、1257审计
1202工商管理学（会计学）、1253会计,岗位标签,title_or_tag,2,2,government:2,job_360a122b793ceb986d33;job_c516c68cac42842af69a,办公室一级警长及以下 | 财务科一级警长及以下,1202工商管理学（会计学）、1253会计 | 1202工商管理学（会计学）、1253会计
1202工商管理类（会计学、财务管理、人力资源管理、审计学）,岗位标签,title_or_tag,2,2,government:2,job_0472716863d8dae341bb;job_ac94f63aacddc6001f8d,梅州海关缉私分局一级警长及以下 | 梅州海关缉私分局一级警长及以下,1202工商管理类（会计学、财务管理、人力资源管理、审计学） | 1202工商管理类（会计学、财务管理、人力资源管理、审计学）
4603自动化,自动短语,auto_phrase,2,2,government:2,job_d544bb0bc2d7b25ae9b6;job_7b78f6125f71295afa48,呼伦贝尔边境管理支队警务技术一级主管及以下（三） | 阿拉善边境管理支队警务技术一级主管及以下（三）,公务员/事业单位；大专或本科；与最高学历相对应的学位；本科：0807电子信息类、0808自动化类、0809计算机类、0820航空航天类。专科：460607飞行器维修技术、460609无人机应用技术、4603自动化类、51电子与信息大类。；市（地）级及以下直属机构综合管理类 | 公务员/事业单位；大专或本科；与最高学历相对应的学位；本科：0807电子信息类、0808自动化类、0809计算机类、0820航空航天类。专科：460607飞行器维修技术、460609无人机应用技术、4603自动化类、51电子与信息大类。；市（地）级及以下直属机构综合管理类
807电子信息类0808自动化,自动短语,auto_phrase,2,2,government:2,job_b00c5f076c6614b0856f;job_92c57d143e96c71af0a9,内设处室（二）一级主任科员及以下 | 内设处室（三）一级主任科员及以下,公务员/事业单位；硕士研究生及以上；与最高学历相对应的学位；研究生：经济学、理学、工学、管理学、交叉学科。本科：0702物理学类080204机械电子工程080210T微机电系统工程0803仪器类0806电气类0807电子信息类0808自动化类0809计算机类120701工业工程；中央机关及其省级直属机构综合管理类 | 公务员/事业单位；硕士研究生及以上；与最高学历相对应的学位；研究生：经济学、工学、管理学、交叉学科。本科：0701数学类070205T系统科学与工程0710生物科学类071203T数据科学0807电子信息类0808自动化类0809计算机类1201管理科学与工程类120701工业工程1208电子商务类；中央机关及其省级直属机构综合管理类
DNA,自动短语,auto_english,2,2,government:2,job_fcd4511b89ef9273ba31;job_eca27816137673b339ed,三处警务技术一级主管及以下 | 五处警务技术一级主管及以下,职位简介：主要从事现场勘查、法医DNA鉴定和法庭科学研究等工作 | 职位简介：主要从事现场勘查和指纹、枪弹、DNA检验研究以及产品检测等工作
一级科员（五）,岗位标签,title_or_tag,2,2,government:2,job_285985bd329e7e27aadc;job_134f77eccab95d59acd0,一级科员（五） | 一级科员（五）,一级科员（五） | 一级科员（五）
一级科员（六）,岗位标签,title_or_tag,2,2,government:2,job_dd79ee12785cb0318a9d;job_36d668a9c3523c318ba2,一级科员（六） | 一级科员（六）,一级科员（六） | 一级科员（六）
一级科员（四）,岗位标签,title_or_tag,2,2,government:2,job_3cc94d40086aadd69be4;job_9cbb4d4d1412a1ee1e33,一级科员（四） | 一级科员（四）,一级科员（四） | 一级科员（四）
一级行政执法员(九),岗位标签,title_or_tag,2,2,government:2,job_0740f6953d2d7e60b1f0;job_9f4baee2ea4aa882156f,一级行政执法员(九) | 一级行政执法员(九),一级行政执法员(九) | 一级行政执法员(九)
一级行政执法员(八),岗位标签,title_or_tag,2,2,government:2,job_18ab6292dac92775f354;job_0953b3c37e6c603e67a7,一级行政执法员(八) | 一级行政执法员(八),一级行政执法员(八) | 一级行政执法员(八)
一级行政执法员（十六）,岗位标签,title_or_tag,2,2,government:2,job_f8476f9cdf58eea8d81d;job_e82d630b3bc2f950df77,一级行政执法员（十六） | 一级行政执法员（十六）,一级行政执法员（十六） | 一级行政执法员（十六）
七处一级警长及以下,岗位标签,title_or_tag,2,2,government:2,job_f7d2526c99c124538ed3;job_b1749c06370531c32cb8,七处一级警长及以下 | 七处一级警长及以下,七处一级警长及以下 | 七处一级警长及以下
专业不限,岗位标签,title_or_tag,2,2,government:2,job_eb900a9d756d4a487716;job_7c91c3ea9b2aee1b393d,派出所一级警长及以下三 | 派出所一级警长及以下三,专业不限 | 专业不限
业务处室职位一级主任科员及以下,岗位标签,title_or_tag,2,2,government:2,job_ff67bd3f5d033a69f693;job_ab7bbe12cf99c9221fa8,业务处室职位一级主任科员及以下 | 业务处室职位一级主任科员及以下,业务处室职位一级主任科员及以下 | 业务处室职位一级主任科员及以下
业务科技科一级科员,岗位标签,title_or_tag,2,2,government:2,job_bc7125f9c7a06b8c4b2d;job_408a5942f828d796e953,业务科技科一级科员 | 业务科技科一级科员,业务科技科一级科员 | 业务科技科一级科员
东兴海关缉私分局一级警长及以下,岗位标签,title_or_tag,2,2,government:2,job_532d8c64078572343cce;job_c84926e37bc54c0c1e7e,东兴海关缉私分局一级警长及以下 | 东兴海关缉私分局一级警长及以下,东兴海关缉私分局一级警长及以下 | 东兴海关缉私分局一级警长及以下
中国语言文学、新闻传播学、马克思主义理论,岗位标签,title_or_tag,2,2,government:2,job_6176aec809a171f6365e;job_1b282eaba8ae7692a802,一级行政执法员（六） | 一级行政执法员（一）,中国语言文学、新闻传播学、马克思主义理论 | 中国语言文学、新闻传播学、马克思主义理论
中国语言文学类、新闻传播学类、法学类、马克思主义理论类,岗位标签,title_or_tag,2,2,government:2,job_d1eb5036bce73454930f;job_31eea8e177eb4f549fac,一级行政执法员（一） | 一级行政执法员（二）,中国语言文学类、新闻传播学类、法学类、马克思主义理论类 | 中国语言文学类、新闻传播学类、法学类、马克思主义理论类
中国语言文学（0501）、新闻传播学（0503）、新闻与传播（0552）,岗位标签,title_or_tag,2,2,government:2,job_39b1a9885a3df2b4a21c;job_8e879899c1dc3970f57f,办公室一级主任科员及以下 | 西双版纳出入境边防检查站一级警长及以下（一）,中国语言文学（0501）、新闻传播学（0503）、新闻与传播（0552） | 中国语言文学（0501）、新闻传播学（0503）、新闻与传播（0552）
临床医学,岗位标签,title_or_tag,2,2,government:2,job_be1c70667394706710e3;job_1ba14ee7a2566d237e17,航空卫生处一级主任科员及以下 | 飞行标准处一级主任科员及以下,临床医学 | 临床医学
临床医学、预防医学、卫生检验与检疫、卫生监督,岗位标签,title_or_tag,2,2,government:2,job_3d9f6a5b1cceb569b06e;job_3181ef07d64a2e498fd2,卫生检疫一级行政执法员（一） | 卫生检疫一级行政执法员（二）,临床医学、预防医学、卫生检验与检疫、卫生监督 | 临床医学、预防医学、卫生检验与检疫、卫生监督
临床医学、预防医学、卫生检验与检疫、流行病与卫生统计学,岗位标签,title_or_tag,2,2,government:2,job_9c7a161fb4d142b3a039;job_8b5c97afd5bd3c781540,卫生检疫四级主办及以下 | 卫生检疫四级主办及以下,临床医学、预防医学、卫生检验与检疫、流行病与卫生统计学 | 临床医学、预防医学、卫生检验与检疫、流行病与卫生统计学
临床医学类、公共卫生与预防医学类，医学检验技术、卫生检验与检疫,岗位标签,title_or_tag,2,2,government:2,job_0c61c07b6acad2829b14;job_7d92f804cb748f1466e6,卫生检疫一级行政执法员 | 卫生检疫一级行政执法员,临床医学类、公共卫生与预防医学类，医学检验技术、卫生检验与检疫 | 临床医学类、公共卫生与预防医学类，医学检验技术、卫生检验与检疫
主要从事办公自动化,自动短语,auto_phrase,2,2,government:2,job_656a7c58ff8b561109e6;job_4300216501a6176e01cb,长白海关缉私分局一级警长及以下 | 办公室四级主任科员及以下,职位简介：主要从事办公自动化、技术保障等工作 | 职位简介：主要从事办公自动化、文秘、宣传报道、气象行政执法等综合管理工作
主要从事铁路安全监管,自动短语,auto_phrase,2,2,government:2,job_397ae57f5500eb4489f7;job_dae04d47c7d1829c26bf,监管一处一级主任科员及以下 | 监管一处一级主任科员及以下,职位简介：主要从事铁路安全监管、事故调查工作 | 职位简介：主要从事铁路安全监管、事故调查工作
主要从事铁路工程监管,自动短语,auto_phrase,2,2,government:2,job_4f7458ad961381be5745;job_d7a1e671c4f2667325ab,监管三处一级主任科员及以下 | 监管三处一级主任科员及以下,职位简介：主要从事铁路工程监管工作 | 职位简介：主要从事铁路工程监管工作
亚非语言文学、外国语言学及应用语言学,岗位标签,title_or_tag,2,2,government:2,job_9ffc168b0a0eede67014;job_6f804e2dd2c66ae54222,文山边境管理支队一级警长及以下（二） | 昆明出入境边防检查站一级警长及以下（二）,亚非语言文学、外国语言学及应用语言学 | 亚非语言文学、外国语言学及应用语言学
交通信息工程及控制、交通运输、交通安全与环境、导航与信息工程,岗位标签,title_or_tag,2,2,government:2,job_2e0415a3f35386878e84;job_653a44f581a8195812ea,一级行政执法员（一） | 一级行政执法员（二）,交通信息工程及控制、交通运输、交通安全与环境、导航与信息工程 | 交通信息工程及控制、交通运输、交通安全与环境、导航与信息工程
交通管理、海上安全与环境管理,岗位标签,title_or_tag,2,2,government:2,job_562575e304c63c0bc935;job_f8476f9cdf58eea8d81d,一级行政执法员（十） | 一级行政执法员（十六）,交通管理、海上安全与环境管理 | 交通管理、海上安全与环境管理
交通运输（空中交通管制方向）专业,岗位标签,title_or_tag,2,2,government:2,job_af405e40fefb9a54a4ef;job_50b63f56af3f90cf0910,航空安全办公室一级主任科员及以下 | 空中交通管理处一级主任科员及以下,交通运输（空中交通管制方向）专业 | 交通运输（空中交通管制方向）专业
人力资源管理、公共事业管理、行政管理、劳动与社会保障,岗位标签,title_or_tag,2,2,government:2,job_3c7c6d7784fcdf636f67;job_1901be634d25a2cebf0e,综合业务部门一级主任科员及以下 | 综合业务部门一级主任科员及以下,人力资源管理、公共事业管理、行政管理、劳动与社会保障 | 人力资源管理、公共事业管理、行政管理、劳动与社会保障
从事基层一线海事执法或财务管理,项目管理,auto_phrase,2,2,government:2,job_583d8713e3983a108600;job_1349d6e167ceacceadc6,一级行政执法员（六） | 一级行政执法员（七）,职位简介：从事基层一线海事执法或财务管理工作，需上船执法和夜间值班 | 职位简介：从事基层一线海事执法或财务管理工作，需上船执法和夜间值班
从事基层海关财务管理,项目管理,auto_phrase,2,2,government:2,job_9a37d4c5f1fa64e5f1c6;job_fe3314839dba19ff97f4,财务管理一级行政执法员 | 财务管理一级行政执法员,职位简介：从事基层海关财务管理工作 | 职位简介：从事基层海关财务管理工作
从事宏观经济政策和产业政策研究,自动短语,auto_phrase,2,2,government:2,job_24f373bcff3f903af31a;job_3352ffd67e287c7663b5,一级主任科员及以下 | 一级主任科员及以下,职位简介：从事宏观经济政策和产业政策研究等工作 | 职位简介：从事宏观经济政策和产业政策研究等工作
从事数据及网络安全,数据工程,auto_phrase,2,2,government:2,job_26fa5f7bee91a43cdd95;job_85d1f4f1524315bf750a,北京调查总队综合处室二级主任科员及以下（1） | 北京调查总队综合处室二级主任科员及以下（2）,职位简介：从事数据及网络安全保障工作，提供信息化技术支持与服务 | 职位简介：从事数据及网络安全保障工作，提供信息化技术支持与服务
从事新能源行业税收专业,自动短语,auto_phrase,2,2,government:2,job_0d0df18acf1ddf6e4fee;job_dc3e8fdc87a914cf0cdd,一级行政执法员（四） | 一级行政执法员（四）,职位简介：从事新能源行业税收专业化管理工作 | 职位简介：从事新能源行业税收专业化管理工作
从事法律,自动短语,auto_phrase,2,2,government:2,job_c024e295777f7dcbe98d;job_82ca91450affa69becac,训练处一级警长及以下（三） | 训练处一级警长及以下（九）,职位简介：属于公安机关人民警察，从事法律教学和研究工作 | 职位简介：属于公安机关人民警察，从事法律教学和研究工作
从事海关动植物检疫监管,自动短语,auto_phrase,2,2,government:2,job_e555d9ecab3688bf21b3;job_e1e5cd1247fa08ae6722,动植物检疫一级行政执法员 | 动植物检疫四级主办及以下,职位简介：从事海关动植物检疫监管工作 | 职位简介：从事海关动植物检疫监管工作
从事海关口岸一线货物查验监管,自动短语,auto_phrase,2,2,government:2,job_1be9bc61c8ddc1fc69bb;job_bf67ff2da46a77d43224,海关业务二级主办及以下 | 海关业务二级主办及以下,职位简介：从事海关口岸一线货物查验监管工作 | 职位简介：从事海关口岸一线货物查验监管工作
从事海关口岸一线食品监管,自动短语,auto_phrase,2,2,government:2,job_2b617ac5d7736bc997c2;job_04c0e31da9331676609e,食品监管四级主办及以下（一） | 食品监管四级主办及以下（二）,职位简介：从事海关口岸一线食品监管工作 | 职位简介：从事海关口岸一线食品监管工作
从事海关现场监管,自动短语,auto_phrase,2,2,government:2,job_a4bdfaa6d6dde96e9118;job_94578312d870e14c9b30,海关业务二级主办及以下 | 海关业务二级主办及以下,职位简介：从事海关现场监管工作 | 职位简介：从事海关现场监管工作
从事海关登轮检疫监管,自动短语,auto_phrase,2,2,government:2,job_c58d176c64932dd42661;job_fe4a9ab948fcf7e64873,登轮监管四级主办及以下（一） | 登轮监管四级主办及以下（二）,职位简介：从事海关登轮检疫监管工作 | 职位简介：从事海关登轮检疫监管工作
从事电力市场建设与监管,产品运营,auto_phrase,2,2,government:2,job_2322946733072d958f34;job_dcaab0036a6a196a6574,市场监管处一级主任科员及以下 | 市场监管处一级主任科员及以下,职位简介：从事电力市场建设与监管等工作 | 职位简介：从事电力市场建设与监管等工作
从事相关专业,自动短语,auto_phrase,2,2,government:2,job_c50ce5e6f40b7968a2a2;job_856fb09dabc279b66937,业务处室一级主任科员及以下（二） | 业务处室一级主任科员及以下（四）,职位简介：从事相关专业工作、文稿起草工作、协商议政会议活动的组织协调工作 | 职位简介：从事相关专业工作、文稿起草工作、协商议政会议活动的服务保障工作
从事税收大数据和风险管理,数据工程,auto_phrase,2,2,government:2,job_4c634ceddc4457994bd2;job_380b806ccf9714ee16d3,第五税务分局一级主管及以下（一） | 第五税务分局一级主管及以下（二）,职位简介：从事税收大数据和风险管理相关工作 | 职位简介：从事税收大数据和风险管理相关工作
从事网络安全,自动短语,auto_phrase,2,2,government:2,job_861f44db2c22ef736083;job_5fdf466d2aee7c9d41b8,科技与信息化管理处一级主任科员及以下 | 喀左调查队一级科员,职位简介：从事网络安全、信息化建设管理工作 | 职位简介：从事网络安全保障、统计调查、数据处理等工作
从事辖区内民航飞行运行监管,自动短语,auto_phrase,2,2,government:2,job_388d8aa35c360df65878;job_89bcd69216afd507cdf9,飞行标准处一级主任科员及以下 | 飞行标准处一级主任科员及以下,职位简介：从事辖区内民航飞行运行监管工作 | 职位简介：从事辖区内民航飞行运行监管工作
从事进出境化工矿产品检验监管,产品运营,auto_phrase,2,2,government:2,job_b38f9628e7b053edfae1;job_ac9c32665a7d520445d4,商品检验一级行政执法员 | 商品检验一级行政执法员,职位简介：从事进出境化工矿产品检验监管工作 | 职位简介：从事进出境化工矿产品检验监管工作
以下专业均为英语,硬约束,auto_phrase,2,2,government:2,job_8bda10142ec4d83bf368;job_77cc5f10ff0368989b44,满洲里出入境边防检查站一级警长及以下（二） | 二连出入境边防检查站一级警长及以下（二）,公务员/事业单位；本科及以上；与最高学历相对应的学位；以下专业均为英语方向。 研究生： 0502外国语言文学、0551翻译。 本科： 0502外国语言文学类。；行政执法类 | 公务员/事业单位；本科及以上；与最高学历相对应的学位；以下专业均为英语方向。研究生：0502外国语言文学、0551翻译。本科：0502外国语言文学类。；行政执法类
以及食品检验监管,自动短语,auto_phrase,2,2,government:2,job_749871c09e9ed5061d5d;job_19f264b320a11a9271fd,植物检疫四级主办及以下 | 海关货物查验四级主办及以下,职位简介：从事海关口岸一线进出境运输工具、货物查验监管，卫生检疫、动植物及其产品检验检疫，以及食品检验监管等工作 | 职位简介：从事海关口岸一线进出境运输工具、货物查验监管，卫生检疫、动植物及其产品检验检疫，以及食品检验监管等工作
会计,岗位标签,title_or_tag,2,2,government:2,job_e137508819db58f4de1a;job_a3390ac3a18eaff6b6ef,一级主任科员及以下 | 河北调查总队综合处室四级主任科员（2）,会计 | 会计
会计、会计学,岗位标签,title_or_tag,2,2,government:2,job_9d7f08a6a8c20cc34b1d;job_85a8266e3a8cc6171cc4,一级行政执法员（三） | 一级行政执法员（四）,会计、会计学 | 会计、会计学
会计、审计、会计学、财政学、审计学、财务管理,岗位标签,title_or_tag,2,2,government:2,job_49a464cb9e165469135e;job_5767968ef1ee43ab81d3,财务管理四级主办及以下 | 财务管理四级主办及以下,会计、审计、会计学、财政学、审计学、财务管理 | 会计、审计、会计学、财政学、审计学、财务管理
会计学、会计,岗位标签,title_or_tag,2,2,government:2,job_583d8713e3983a108600;job_1349d6e167ceacceadc6,一级行政执法员（六） | 一级行政执法员（七）,会计学、会计 | 会计学、会计
会计学、审计学、财务管理、资产评估,岗位标签,title_or_tag,2,2,government:2,job_b681d943e5a5299b5ef5;job_4ea2810465eae27150f5,辖区会计类监管岗位一级主任科员及以下 | 辖区会计类监管岗位一级主任科员及以下,会计学、审计学、财务管理、资产评估 | 会计学、审计学、财务管理、资产评估
会计学、财务管理、审计学、财政学类,岗位标签,title_or_tag,2,2,government:2,job_08f26789dd7b2b715805;job_8d2eda75839fedfecd5e,平潭调查队一级科员 | 政和调查队一级科员（1）,会计学、财务管理、审计学、财政学类 | 会计学、财务管理、审计学、财政学类
会计学、财务管理、审计学（以上均为专业名称）,岗位标签,title_or_tag,2,2,government:2,job_953d5564f4835b5188cc;job_61dd9593da76e07e24c4,一级主任科员及以下 | 一级科员,会计学、财务管理、审计学（以上均为专业名称） | 会计学、财务管理、审计学（以上均为专业名称）
会计学、财务管理、财务会计教育（以上均为专业名称）,岗位标签,title_or_tag,2,2,government:2,job_eba91792f48f231fc9c4;job_9ba9f2b3643c5b8d103f,一级主任科员及以下 | 一级主任科员及以下,会计学、财务管理、财务会计教育（以上均为专业名称） | 会计学、财务管理、财务会计教育（以上均为专业名称）
会计学、财务管理、财政学、税收学,岗位标签,title_or_tag,2,2,government:2,job_9a37d4c5f1fa64e5f1c6;job_fe3314839dba19ff97f4,财务管理一级行政执法员 | 财务管理一级行政执法员,会计学、财务管理、财政学、税收学 | 会计学、财务管理、财政学、税收学
会计学专业,自动短语,auto_phrase,2,2,government:2,job_bce93190d7cde04579fa;job_569d157012c77e87105c,新疆生产建设兵团第七师调查队综合科一级科员 | 纪检组一级主任科员及以下,公务员/事业单位；仅限本科；学士；统计学类（不含生物统计学专业）、经济学类（不含资源与环境经济学、商务经济学、能源经济、经济工程专业）、会计学专业、财务管理专业、审计学专业。；市（地）级及以下直属机构综合管理类 | 公务员/事业单位；硕士研究生及以上；与最高学历相对应的学位；气象类，纪检监察学专业、审计学专业、会计学专业；中央机关及其省级直属机构综合管理类
会计学或审计学或财务管理,岗位标签,title_or_tag,2,2,government:2,job_99356cd058fb106f94f8;job_09cefa4b25099525faf4,辖区会计类监管岗位一级主任科员及以下 | 辖区会计类监管岗位一级主任科员及以下,会计学或审计学或财务管理 | 会计学或审计学或财务管理
会计学（120201）、 会计（1253）、 审计（1257）,岗位标签,title_or_tag,2,2,government:2,job_cd4d75d3ace44befbfa2;job_dc47dd6aaa9ddc228172,机关财审部门一级主任科员及以下 | 财务科一级主任科员及以下,会计学（120201）、 会计（1253）、 审计（1257） | 会计学（120201）、 会计（1253）、 审计（1257）
会计应用一级行政执法员,岗位标签,title_or_tag,2,2,government:2,job_c9295879b22aa96f420d;job_c2a4edab0afa127cccad,会计应用一级行政执法员 | 会计应用一级行政执法员,会计应用一级行政执法员 | 会计应用一级行政执法员
会计（学）、审计（学）、财务管理,岗位标签,title_or_tag,2,2,government:2,job_8d90e428377438f2d094;job_e8dbdc1e8dc598d65971,辖区会计类监管岗位一级主任科员及以下 | 辖区会计类监管岗位一级主任科员及以下,会计（学）、审计（学）、财务管理 | 会计（学）、审计（学）、财务管理
会计（或会计学）、财务管理、审计（或审计学）、资产评估,岗位标签,title_or_tag,2,2,government:2,job_583e087871fc3e0ebd92;job_6d7303b398d85255e323,辖区会计类监管岗位一级主任科员及以下 | 辖区会计类监管岗位一级主任科员及以下,会计（或会计学）、财务管理、审计（或审计学）、资产评估 | 会计（或会计学）、财务管理、审计（或审计学）、资产评估
佳木斯海关缉私分局一级警长及以下,岗位标签,title_or_tag,2,2,government:2,job_cbf50d7cf97de88ea9ff;job_2c56daed3b390a0d905d,佳木斯海关缉私分局一级警长及以下 | 佳木斯海关缉私分局一级警长及以下,佳木斯海关缉私分局一级警长及以下 | 佳木斯海关缉私分局一级警长及以下
侦查办案和财务审计,自动短语,auto_phrase,2,2,government:2,job_e5814185137a529037ef;job_d966a1a82ba10b2a2765,执勤队一级警长及以下（二十一） | 边检站一级警长及以下（四）,职位简介：属于公安机关人民警察，从事出入境边防检查和应急处突、大型安保、侦查办案和财务审计、数据分析应用等工作 | 职位简介：属于公安机关人民警察，从事出入境边防检查和应急处突、大型安保、侦查办案和财务审计等工作
俄语相关专业,岗位标签,title_or_tag,2,2,government:2,job_33b4278d51949492f292;job_4ebd490154ff60bdea28,一级行政执法员（十三） | 一级行政执法员（十二）,俄语相关专业 | 公务员/事业单位；本科及以上；与最高学历相对应的学位；俄语相关专业、朝鲜语相关专业、日语相关专业；行政执法类
俄语语言文学（050202）、俄语笔译（055103）、俄语口译（055104）,岗位标签,title_or_tag,2,2,government:2,job_b38ea2c994d2557c44b7;job_ae9ae4025664a5f61e8e,边检站一级警长及以下（五） | 长春出入境边防检查站一级警长及以下（二）,俄语语言文学（050202）、俄语笔译（055103）、俄语口译（055104） | 俄语语言文学（050202）、俄语笔译（055103）、俄语口译（055104）
保险,岗位标签,title_or_tag,2,2,government:2,job_2dde4ae689f56f8388b2;job_2908860ae21eab5e0053,监管部门一级主任科员及以下 | 监管部门一级主任科员及以下,保险 | 保险
信息处一级主任科员及以下,岗位标签,title_or_tag,2,2,government:2,job_96f94b637a23a0efe667;job_1f848278217efdeb91cb,信息处一级主任科员及以下 | 信息处一级主任科员及以下,信息处一级主任科员及以下 | 信息处一级主任科员及以下
信息管理岗位一级主任科员及以下,岗位标签,title_or_tag,2,2,government:2,job_42e734571300b0c1da8f;job_cd780f29677b874ac3c2,信息管理岗位一级主任科员及以下 | 信息管理岗位一级主任科员及以下,信息管理岗位一级主任科员及以下 | 信息管理岗位一级主任科员及以下
党委办公室一级主任科员及以下,岗位标签,title_or_tag,2,2,government:2,job_9530f46238baf273075b;job_701bcda5891731a27716,党委办公室一级主任科员及以下 | 党委办公室一级主任科员及以下,党委办公室一级主任科员及以下 | 党委办公室一级主任科员及以下
八处一级警长及以下,岗位标签,title_or_tag,2,2,government:2,job_16ca41efa3b1e649dcc0;job_083d523696dab9dd8b1d,八处一级警长及以下 | 八处一级警长及以下,八处一级警长及以下 | 八处一级警长及以下
公共卫生与预防医学类、医学影像学,岗位标签,title_or_tag,2,2,government:2,job_b9d66957468a62ae3a3d;job_3fd2212d1d60d17bd359,行邮监管一级行政执法员（一） | 行邮监管一级行政执法员（二）,公共卫生与预防医学类、医学影像学 | 公共卫生与预防医学类、医学影像学
公共管理学专业,项目管理,auto_phrase,2,2,government:2,job_80192cc07d9aa923c603;job_2d728494a05923e8498a,观测处一级主任科员及以下 | 机关党委办公室一级主任科员及以下,公务员/事业单位；硕士研究生及以上；与最高学历相对应的学位；大气科学专业、应用气象学、大气遥感与大气探测、公共管理学专业、行政管理、计算机科学与技术专业、计算机应用技术、电子信息专业、计算机技术、网络与信息安全；中央机关及其省级直属机构综合管理类 | 公务员/事业单位；硕士研究生及以上；与最高学历相对应的学位；法学专业、马克思主义理论专业、中共党史党建学、公共管理学专业、行政管理；中央机关及其省级直属机构综合管理类
公安学（0306）、警务（0353）、公安技术（0838）,岗位标签,title_or_tag,2,2,government:2,job_e7d189575fac7eb98cf5;job_8862b8beed1432e775c9,综合业务部门一级主任科员及以下 | 综合业务部门一级主任科员及以下,公安学（0306）、警务（0353）、公安技术（0838） | 公安学（0306）、警务（0353）、公安技术（0838）
六处一级警长及以下,岗位标签,title_or_tag,2,2,government:2,job_a3aa17ec4f6f9a71da87;job_82e50739f94b250774b0,六处一级警长及以下 | 六处一级警长及以下,六处一级警长及以下 | 六处一级警长及以下
关进出境矿产品等货物查验监管,产品运营,auto_phrase,2,2,government:2,job_796d0251948210b82b5c;job_97da01688e04123b9cee,商品检验监管四级主办及以下 | 商品检验监管一级行政执法员,职位简介：从事海关进出境矿产品等货物查验监管工作 | 职位简介：从事海关进出境矿产品等货物查验监管工作
内民用航空器适航维修安全监管,自动短语,auto_phrase,2,2,government:2,job_571b703234672ed6868a;job_6af2809d38653fbf9904,飞行标准处一级主任科员及以下 | 适航维修处一级主任科员及以下,职位简介：从事辖区内民用航空器适航维修安全监管等工作 | 职位简介：从事辖区内民用航空器适航维修安全监管等工作
内设处室一级主任科员及以下,岗位标签,title_or_tag,2,2,government:2,job_9e18a9f273a772cda746;job_01f657c7def657d6df2a,内设处室一级主任科员及以下 | 内设处室一级主任科员及以下,内设处室一级主任科员及以下 | 内设处室一级主任科员及以下
内设处室（一）一级主任科员及以下,岗位标签,title_or_tag,2,2,government:2,job_810dd642e8dae2877499;job_fd47b26339ce0b94f1ea,内设处室（一）一级主任科员及以下 | 内设处室（一）一级主任科员及以下,内设处室（一）一级主任科员及以下 | 内设处室（一）一级主任科员及以下
内设处室（二）一级主任科员及以下,岗位标签,title_or_tag,2,2,government:2,job_a75a012d61810f4cdd78;job_b00c5f076c6614b0856f,内设处室（二）一级主任科员及以下 | 内设处室（二）一级主任科员及以下,内设处室（二）一级主任科员及以下 | 内设处室（二）一级主任科员及以下
内设部门一级主任科员及以下,岗位标签,title_or_tag,2,2,government:2,job_1bab5869f1571a9d65a4;job_bf50e0db6fe6a86d3b25,内设部门一级主任科员及以下 | 内设部门一级主任科员及以下,内设部门一级主任科员及以下 | 内设部门一级主任科员及以下
农业经济管理类1203、统计学类0712（不含生物统计学）,岗位标签,title_or_tag,2,2,government:2,job_0c89ac35575b29f80569;job_8de380dcc1b772f190f2,涪陵调查队业务科室四级主任科员及以下（1） | 涪陵调查队业务科室四级主任科员及以下（2）,农业经济管理类1203、统计学类0712（不含生物统计学） | 农业经济管理类1203、统计学类0712（不含生物统计学）
农学、植物保护、植物科学与技术、动植物检疫（植物检疫方向）、农业资源与环境、林学,岗位标签,title_or_tag,2,2,government:2,job_721d65d72e0916d8ce5f;job_e9bb52ed01722b47ad7b,植物检疫一级行政执法员 | 植物检疫一级行政执法员,农学、植物保护、植物科学与技术、动植物检疫（植物检疫方向）、农业资源与环境、林学 | 农学、植物保护、植物科学与技术、动植物检疫（植物检疫方向）、农业资源与环境、林学
农学、植物保护、植物科学与技术、林学、森林保护,岗位标签,title_or_tag,2,2,government:2,job_353a09157185093b01ce;job_a201329bc9f35914a8a9,植物检疫一级行政执法员（一） | 植物检疫一级行政执法员（二）,农学、植物保护、植物科学与技术、林学、森林保护 | 农学、植物保护、植物科学与技术、林学、森林保护
刑事侦查支队警务技术一级主管及以下,岗位标签,title_or_tag,2,2,government:2,job_4df150b6ed4f1423b889;job_a31793fa79a44ec44dd4,刑事侦查支队警务技术一级主管及以下 | 刑事侦查支队警务技术一级主管及以下,刑事侦查支队警务技术一级主管及以下 | 刑事侦查支队警务技术一级主管及以下
办公室 一级主任科员及以下,岗位标签,title_or_tag,2,2,government:2,job_126cf7d63ba073193d69;job_7ff642ba045b5e894f5c,办公室 一级主任科员及以下 | 办公室 一级主任科员及以下,办公室 一级主任科员及以下 | 办公室 一级主任科员及以下
办公室三级主任科员及以下,岗位标签,title_or_tag,2,2,government:2,job_5dd41f0cbcbd44edcaed;job_b74283d9205c35f1d3d8,办公室三级主任科员及以下 | 办公室三级主任科员及以下,办公室三级主任科员及以下 | 办公室三级主任科员及以下
办公室二级主任科员及以下,岗位标签,title_or_tag,2,2,government:2,job_d4bd85bae92940315929;job_57e7ba66b2c56966cb88,办公室二级主任科员及以下 | 办公室二级主任科员及以下,办公室二级主任科员及以下 | 办公室二级主任科员及以下
办公室综合管理一级行政执法员,岗位标签,title_or_tag,2,2,government:2,job_22d3cd5f955fa900107f;job_6765ef2bca3c5e692b41,办公室综合管理一级行政执法员 | 办公室综合管理一级行政执法员,办公室综合管理一级行政执法员 | 办公室综合管理一级行政执法员
动植物检疫二级主办及以下,岗位标签,title_or_tag,2,2,government:2,job_3814fd825cb816d76e22;job_fff0c23b6828d2b691fe,动植物检疫二级主办及以下 | 动植物检疫二级主办及以下,动植物检疫二级主办及以下 | 动植物检疫二级主办及以下
动物医学、中兽医学、兽医公共卫生,岗位标签,title_or_tag,2,2,government:2,job_402fc21358441d1d93cb;job_59c9a2c66fc8f36e0794,动物检疫一级行政执法员 | 动物检疫一级行政执法员,动物医学、中兽医学、兽医公共卫生 | 动物医学、中兽医学、兽医公共卫生
包括英语,硬约束,auto_phrase,2,2,government:2,job_108833d45eab93d0f54c;job_14059e4cecf2bad274d7,西亚非洲处一级主任科员及以下 | 联合国处一级主任科员及以下,公务员/事业单位；仅限硕士研究生；硕士；英语（包括英语语言文学、英语翻译、口译、同传）；中央机关及其省级直属机构综合管理类 | 公务员/事业单位；仅限硕士研究生；硕士；英语（包括英语语言文学、英语翻译、口译、同传）；中央机关及其省级直属机构综合管理类
化学、应用化学、分子科学与工程、能源化学、 资源化学,岗位标签,title_or_tag,2,2,government:2,job_401f9e546a0e425c8e3b;job_ea75a0069ddd48724d42,商品检验一级行政执法员 | 商品检验一级行政执法员,化学、应用化学、分子科学与工程、能源化学、 资源化学 | 化学、应用化学、分子科学与工程、能源化学、 资源化学
化学、应用化学、化学工程与工艺,岗位标签,title_or_tag,2,2,government:2,job_e3b97a5676fcf280d238;job_fb56f507e28759b2c590,化工产品检验监管一级行政执法员 | 化工监管一级行政执法员,化学、应用化学、化学工程与工艺 | 化学、应用化学、化学工程与工艺
化学检验一级行政执法员,岗位标签,title_or_tag,2,2,government:2,job_99e9124f45b01419fef8;job_01f533ae8e89974a3a87,化学检验一级行政执法员 | 化学检验一级行政执法员,化学检验一级行政执法员 | 化学检验一级行政执法员
化学类、机械类、计算机类、化工与制药类,岗位标签,title_or_tag,2,2,government:2,job_40fbd13c96f4bca60830;job_f68f04b4c1a0ca418a68,一级行政执法员（一） | 一级行政执法员（二）,化学类、机械类、计算机类、化工与制药类 | 化学类、机械类、计算机类、化工与制药类
化学类、生物科学类、统计学类,岗位标签,title_or_tag,2,2,government:2,job_a71775198d608f4b5d23;job_23a2da41b9fdaf46b07b,一级行政执法员（三） | 一级行政执法员（四）,化学类、生物科学类、统计学类 | 化学类、生物科学类、统计学类
化学类、电子信息类、计算机类、化工与制药类,岗位标签,title_or_tag,2,2,government:2,job_bc9ca86aa2d42eab9a81;job_f7471964f65dd3ca35e2,一级行政执法员（一） | 一级行政执法员（二）,化学类、电子信息类、计算机类、化工与制药类 | 化学类、电子信息类、计算机类、化工与制药类
化学类、电气类、计算机类、化工与制药类,岗位标签,title_or_tag,2,2,government:2,job_6aa9f2792cb2630ff0b1;job_5ddc310a9bb7bf4d1627,一级行政执法员（八） | 一级行政执法员（九）,化学类、电气类、计算机类、化工与制药类 | 化学类、电气类、计算机类、化工与制药类
化学类、统计学类、电气类、电子信息类、计算机类,岗位标签,title_or_tag,2,2,government:2,job_53318e9a7946b29543f7;job_0795da540c5278859d6d,一级行政执法员（三） | 一级行政执法员（四）,化学类、统计学类、电气类、电子信息类、计算机类 | 化学类、统计学类、电气类、电子信息类、计算机类
化工产品检验监管四级主办及以下（一）,岗位标签,title_or_tag,2,2,government:2,job_66ff4744009933d12730;job_c63ae311514f5e67f6ae,化工产品检验监管四级主办及以下（一） | 化工产品检验监管四级主办及以下（一）,化工产品检验监管四级主办及以下（一） | 化工产品检验监管四级主办及以下（一）
化工产品检验监管四级主办及以下（二）,岗位标签,title_or_tag,2,2,government:2,job_3b6eacd67a03691aa46c;job_b38d892a2649e2bb3d09,化工产品检验监管四级主办及以下（二） | 化工产品检验监管四级主办及以下（二）,化工产品检验监管四级主办及以下（二） | 化工产品检验监管四级主办及以下（二）
化工产品监管,产品运营,auto_phrase,2,2,government:2,job_52ab54dfd6b6d4f5ebfe;job_8b9b02bf5303ce9f8d4a,化工产品监管四级主办及以下 | 化工产品监管四级主办及以下,化工产品监管四级主办及以下 | 化工产品监管四级主办及以下
化工产品监管四级主办及以下,岗位标签,title_or_tag,2,2,government:2,job_52ab54dfd6b6d4f5ebfe;job_8b9b02bf5303ce9f8d4a,化工产品监管四级主办及以下 | 化工产品监管四级主办及以下,化工产品监管四级主办及以下 | 化工产品监管四级主办及以下
区域国别学等相关专业,自动短语,auto_phrase,2,2,government:2,job_4ccbd49edc20eee515f4;job_56800a149d994d3ed0a2,综合调研一 | 综合调研二,公务员/事业单位；硕士研究生及以上；与最高学历相对应的学位；政治学理论、中外政治制度、科学社会主义与国际共产主义运动、中共党史、国际政治、国际关系、外交学、马克思主义中国化研究、国际法学、世界史、国际政治经济学、世界经济、政治经济学、区域国别学等相关专业；中央机关及其省级直属机构综合管理类 | 公务员/事业单位；硕士研究生及以上；与最高学历相对应的学位；政治学理论、中外政治制度、科学社会主义与国际共产主义运动、中共党史、国际政治、国际关系、外交学、马克思主义中国化研究、国际法学、世界史、国际政治经济学、世界经济、政治经济学、区域国别学等相关专业；中央机关及其省级直属机构综合管理类
十处一级主任科员及以下,岗位标签,title_or_tag,2,2,government:2,job_b4e880774bec6296e11c;job_a84cf778050c260ca064,十处一级主任科员及以下 | 十处一级主任科员及以下,十处一级主任科员及以下 | 十处一级主任科员及以下
卫生监督四级主办,岗位标签,title_or_tag,2,2,government:2,job_5ddb72bd4502d271b725;job_4f2ae20bc82b9af23431,卫生监督四级主办 | 卫生监督四级主办,卫生监督四级主办 | 卫生监督四级主办
口岸监管四级主办及以下,岗位标签,title_or_tag,2,2,government:2,job_f83554c5d962495cf9a0;job_4d6f9049cbd027c435f2,口岸监管四级主办及以下 | 口岸监管四级主办及以下,口岸监管四级主办及以下 | 口岸监管四级主办及以下
后勤保障处一级主任科员及以下,岗位标签,title_or_tag,2,2,government:2,job_a657bf605bf329100618;job_ef054246fc7ee29e2bc6,后勤保障处一级主任科员及以下 | 后勤保障处一级主任科员及以下,后勤保障处一级主任科员及以下 | 后勤保障处一级主任科员及以下
哲学、经济学、法学、管理学、教育学、文学、历史学、工学（以上均指学科门类）,岗位标签,title_or_tag,2,2,government:2,job_4bdb3e106890be8f5cd9;job_27c01a694ed1896a114a,研究室一级主任科员及以下 | 业务处室一级主任科员及以下,哲学、经济学、法学、管理学、教育学、文学、历史学、工学（以上均指学科门类） | 哲学、经济学、法学、管理学、教育学、文学、历史学、工学（以上均指学科门类）
哲学类、政治学类,岗位标签,title_or_tag,2,2,government:2,job_72ec4a17dbfc68278a11;job_95878af00c99d874be29,一级行政执法员（三） | 一级行政执法员（四）,哲学类、政治学类 | 哲学类、政治学类
哲学类、政治学类、马克思主义理论类、中国语言文学类、英语相关专业,岗位标签,title_or_tag,2,2,government:2,job_bd45f391e465ffa214fd;job_806e5d1a017839549583,一级主办及以下（七） | 一级主办及以下（八）,哲学类、政治学类、马克思主义理论类、中国语言文学类、英语相关专业 | 哲学类、政治学类、马克思主义理论类、中国语言文学类、英语相关专业
哲学类、法学类、政治学类、中国语言文学类、新闻传播学类,岗位标签,title_or_tag,2,2,government:2,job_e35e15aab34fb651779a;job_4fb3f7169b7cb79499fb,一级行政执法员（一） | 一级行政执法员,哲学类、法学类、政治学类、中国语言文学类、新闻传播学类 | 哲学类、法学类、政治学类、中国语言文学类、新闻传播学类
哲学类、法学类、政治学类、社会学类,岗位标签,title_or_tag,2,2,government:2,job_db44ef4c779b583c7d4c;job_2dd528a02704e2a11585,一级行政执法员（三） | 一级行政执法员（一）,哲学类、法学类、政治学类、社会学类 | 哲学类、法学类、政治学类、社会学类
哲学类、法学类、社会学类、马克思主义理论类,岗位标签,title_or_tag,2,2,government:2,job_5ab135e994f0e49e4806;job_ba41da0ed3f09f189564,一级行政执法员（三） | 一级行政执法员（四）,哲学类、法学类、社会学类、马克思主义理论类 | 哲学类、法学类、社会学类、马克思主义理论类
商品检验监管四级主办及以下,岗位标签,title_or_tag,2,2,government:2,job_796d0251948210b82b5c;job_ae68847c0938d8f7ade8,商品检验监管四级主办及以下 | 商品检验监管四级主办及以下,商品检验监管四级主办及以下 | 商品检验监管四级主办及以下
四级主办,岗位标签,title_or_tag,2,2,government:2,job_a6ff6d55bf49cc17ab7a;job_de10f9581a37c2ed5fe8,四级主办 | 四级主办,四级主办 | 四级主办
国际法学、法学（海商法方向）,岗位标签,title_or_tag,2,2,government:2,job_a894e6ff93387bc2b48a;job_82351e75bf005cc0f5b8,一级行政执法员（三） | 一级行政执法员（三）,国际法学、法学（海商法方向） | 国际法学、法学（海商法方向）
国际经济与贸易、会计学、财务管理、审计学、财政学、金融学、税收学,岗位标签,title_or_tag,2,2,government:2,job_7e67b57cdb80292714f9;job_542f656f5fd6e6a437b0,财务一级行政执法员（一） | 财务一级行政执法员（二）,国际经济与贸易、会计学、财务管理、审计学、财政学、金融学、税收学 | 国际经济与贸易、会计学、财务管理、审计学、财政学、金融学、税收学
地理学、测绘科学与技术、遥感科学与技术,岗位标签,title_or_tag,2,2,government:2,job_2fc203a2512329452289;job_b0006346f966edfcfb16,新疆调查总队业务处室一级主任科员及以下（7） | 新疆调查总队业务处室一级主任科员及以下（8）,地理学、测绘科学与技术、遥感科学与技术 | 地理学、测绘科学与技术、遥感科学与技术
地理科学、自然地理与资源环境、人文地理与城乡规划、地理信息科学、环境科学,岗位标签,title_or_tag,2,2,government:2,job_340f7267e8eed6833529;job_910d16577472f7de6e2f,腾冲出入境边防检查站一级警长及以下（二） | 勐康出入境边防检查站一级警长及以下（三）,地理科学、自然地理与资源环境、人文地理与城乡规划、地理信息科学、环境科学 | 地理科学、自然地理与资源环境、人文地理与城乡规划、地理信息科学、环境科学
地理科学类、机械类、材料类、计算机类,岗位标签,title_or_tag,2,2,government:2,job_604423c6e6fe99eb31ad;job_7de3f0ba79a4cc269209,一级行政执法员（三） | 一级行政执法员（四）,地理科学类、机械类、材料类、计算机类 | 地理科学类、机械类、材料类、计算机类
地理科学类、自动化类、计算机类,岗位标签,title_or_tag,2,2,government:2,job_76ce47f0fc7e62a81c39;job_09a1500c92355f3cf5b8,一级行政执法员（五） | 一级行政执法员（六）,地理科学类、自动化类、计算机类 | 地理科学类、自动化类、计算机类
地质类相关专业,岗位标签,title_or_tag,2,2,government:2,job_f24438061f429e628fb4;job_0edcedf259bcb32054dc,一级主任科员及以下 | 监察执法处二级主任科员及以下,地质类相关专业 | 地质类相关专业
基层单位一级主办及以下（一）,岗位标签,title_or_tag,2,2,government:2,job_ef438d99df85080b848c;job_9d338df97697e9124709,基层单位一级主办及以下（一） | 基层单位一级主办及以下（一）,基层单位一级主办及以下（一） | 基层单位一级主办及以下（一）
基层单位一级主办及以下（二）,岗位标签,title_or_tag,2,2,government:2,job_37091f89ef40d6449c83;job_8af41b9c498c4b083278,基层单位一级主办及以下（二） | 基层单位一级主办及以下（二）,基层单位一级主办及以下（二） | 基层单位一级主办及以下（二）
基层单位一级行政执法员（三）,岗位标签,title_or_tag,2,2,government:2,job_5f8f31fad305ca408d8c;job_5254ca6176d45bf7fafb,基层单位一级行政执法员（三） | 基层单位一级行政执法员（三）,基层单位一级行政执法员（三） | 基层单位一级行政执法员（三）
基层单位一级行政执法员（五）,岗位标签,title_or_tag,2,2,government:2,job_0d55a554b887c74dbba6;job_d377f16f2bf990cfd7d9,基层单位一级行政执法员（五） | 基层单位一级行政执法员（五）,基层单位一级行政执法员（五） | 基层单位一级行政执法员（五）
基层单位一级行政执法员（六）,岗位标签,title_or_tag,2,2,government:2,job_ccd53cfa5e026d9297b4;job_f517651abaa88bf19e9b,基层单位一级行政执法员（六） | 基层单位一级行政执法员（六）,基层单位一级行政执法员（六） | 基层单位一级行政执法员（六）
基层单位一级行政执法员（四）,岗位标签,title_or_tag,2,2,government:2,job_3e2f5cfdd1775c4c95cf;job_a7885c83f72e78678ae0,基层单位一级行政执法员（四） | 基层单位一级行政执法员（四）,基层单位一级行政执法员（四） | 基层单位一级行政执法员（四）
基础医学类、公共卫生与预防医学类,岗位标签,title_or_tag,2,2,government:2,job_5ddb72bd4502d271b725;job_4f2ae20bc82b9af23431,卫生监督四级主办 | 卫生监督四级主办,基础医学类、公共卫生与预防医学类 | 基础医学类、公共卫生与预防医学类
复合型专业,岗位标签,title_or_tag,2,2,government:2,job_7f3cfe22755a851fbbbf;job_0ae12a5d2f87e783cba8,复合型专业 | 一级主任科员及以下（英语六）,复合型专业 | 公务员/事业单位；硕士研究生及以上；与最高学历相对应的学位；复合型专业（理工类专业+经济学类专业、理工类专业+人文学类专业）（详见备注）；中央机关及其省级直属机构综合管理类
大学本科：030101K法学； 研究生：0301法学、0351法律,岗位标签,title_or_tag,2,2,government:2,job_119d2f6be74bb9d2143c;job_98b2ce125a75186abc62,综合部门一级主任科员及以下 | 法规部门一级主任科员及以下,大学本科：030101K法学； 研究生：0301法学、0351法律 | 大学本科：030101K法学； 研究生：0301法学、0351法律
大学本科：0301法学类；研究生：0301法学、0351法律,岗位标签,title_or_tag,2,2,government:2,job_9359e74bdcecf9c99206;job_f88030c8bffec9d130d0,中国民用航空三亚安全监督管理局空防处一级主任科员及以下 | 斗门海关缉私分局一级警长及以下,大学本科：0301法学类；研究生：0301法学、0351法律 | 大学本科：0301法学类；研究生：0301法学、0351法律
大学本科：0305马克思主义理论类； 研究生：0305马克思主义理论,岗位标签,title_or_tag,2,2,government:2,job_d5c6b66661615ff5130b;job_05945a43d2ac4815a681,石家庄铁路公安处基层所队民警 | 重庆铁路公安处基层所队民警,大学本科：0305马克思主义理论类； 研究生：0305马克思主义理论 | 大学本科：0305马克思主义理论类； 研究生：0305马克思主义理论
大学本科：0402体育学类； 研究生：0403体育学、0452体育,岗位标签,title_or_tag,2,2,government:2,job_3f4e067eb130e0a124ca;job_ec9da7ee2bf853ced4db,重庆铁路公安处基层所队民警 | 哈密铁路公安处基层所队民警,大学本科：0402体育学类； 研究生：0403体育学、0452体育 | 大学本科：0402体育学类； 研究生：0403体育学、0452体育
大学本科：0818交通运输类； 研究生：0823交通运输工程、0861交通运输,岗位标签,title_or_tag,2,2,government:2,job_da32980f6a6b9f2d200b;job_390bf61c2fde31f1ec54,石家庄铁路公安处基层所队民警 | 重庆铁路公安处基层所队民警,大学本科：0818交通运输类； 研究生：0823交通运输工程、0861交通运输 | 大学本科：0818交通运输类； 研究生：0823交通运输工程、0861交通运输
大学本科：1009法医学类（法医学）； 研究生：1012法医学,岗位标签,title_or_tag,2,2,government:2,job_95de6d5fc66abf9a5d9d;job_e3a6a046649f51fa51e7,兰州铁路公安处基层所队民警 | 武威铁路公安处基层所队民警,大学本科：1009法医学类（法医学）； 研究生：1012法医学 | 大学本科：1009法医学类（法医学）； 研究生：1012法医学
大学本科：1009法医学类；研究生：1001基础医学（法医学）、1012法医学,岗位标签,title_or_tag,2,2,government:2,job_4df150b6ed4f1423b889;job_a31793fa79a44ec44dd4,刑事侦查支队警务技术一级主管及以下 | 刑事侦查支队警务技术一级主管及以下,大学本科：1009法医学类；研究生：1001基础医学（法医学）、1012法医学 | 大学本科：1009法医学类；研究生：1001基础医学（法医学）、1012法医学
大学本科：1204公共管理类； 研究生：1204公共管理学、1252公共管理,岗位标签,title_or_tag,2,2,government:2,job_c3b942d280b69b334ec1;job_948432cbd80ba57be506,鹰潭铁路公安处基层所队民警 | 贵阳铁路公安处基层所队民警,大学本科：1204公共管理类； 研究生：1204公共管理学、1252公共管理 | 大学本科：1204公共管理类； 研究生：1204公共管理学、1252公共管理
大学本科：计算机类；研究生：计算机科学与技术、软件工程、网络空间安全,岗位标签,title_or_tag,2,2,government:2,job_50697e4bf65b516150d1;job_a389e0ac8127eb5e09c2,科技部门一级主任科员及以下 | 科技部门一级主任科员及以下,大学本科：计算机类；研究生：计算机科学与技术、软件工程、网络空间安全 | 大学本科：计算机类；研究生：计算机科学与技术、软件工程、网络空间安全
大数据平台建设,数据工程,auto_phrase,2,2,government:2,job_1bd8b183fc5fec8c4cd1;job_885b8e99bf783631952d,克州边境管理支队一级警长及以下（三） | 吉木乃出入境边防检查站一级警长及以下（三）,职位简介：属于公安机关人民警察，长期驻守边境一线，主要从事边境管理、治安管理、户籍管理以及软件开发、大数据平台建设维护和分析、服务礼仪培训、刑事案件侦办等工作 | 职位简介：属于公安机关人民警察，主要从事出入境边防检查、监护、巡查和应急处突、大型安保以及文秘、行政办公、大数据平台建设维护、大数据应用与分析、会谈会晤、翻译等工作，长期驻守口岸
大气科学、应用气象学、气象学、大气物理学、气候学,岗位标签,title_or_tag,2,2,government:2,job_a827c88c7b7a86ac361a;job_3ab7f907d687b49aba08,业务科一级主任科员及以下 | 应急减灾科一级科员及以下,大气科学、应用气象学、气象学、大气物理学、气候学 | 大气科学、应用气象学、气象学、大气物理学、气候学
大气科学、应用气象学、气象技术与工程,岗位标签,title_or_tag,2,2,government:2,job_2183d42fc92eba546b1e;job_253231310be08735d0ba,防灾减灾科一级主任科员及以下 | 防灾减灾科一级科员及以下,大气科学、应用气象学、气象技术与工程 | 大气科学、应用气象学、气象技术与工程
大气科学、气象学、大气物理学（含大气物理学与大气环境）、应用气象学、农业气象学,岗位标签,title_or_tag,2,2,government:2,job_9adf99fd79f2a7d24d54;job_e163e9b0f97f7e77cd71,防灾减灾科一级主任科员及以下 | 防灾减灾科一级主任科员及以下,大气科学、气象学、大气物理学（含大气物理学与大气环境）、应用气象学、农业气象学 | 大气科学、气象学、大气物理学（含大气物理学与大气环境）、应用气象学、农业气象学
大气科学，应用气象学，气象技术与工程，地球系统科学， 电子信息工程（大气探测）,岗位标签,title_or_tag,2,2,government:2,job_227c234b74f12b93a67c;job_6753dbf6f7e5e26dc617,防灾减灾科四级主任科员及以下 | 防灾减灾科四级主任科员及以下,大气科学，应用气象学，气象技术与工程，地球系统科学， 电子信息工程（大气探测） | 大气科学，应用气象学，气象技术与工程，地球系统科学， 电子信息工程（大气探测）
天津保税区海关缉私分局一级警长及以下,岗位标签,title_or_tag,2,2,government:2,job_5cded25162306525643d;job_ef5ff4aaf33e8f783dd5,天津保税区海关缉私分局一级警长及以下 | 天津保税区海关缉私分局一级警长及以下,天津保税区海关缉私分局一级警长及以下 | 天津保税区海关缉私分局一级警长及以下
学科门类为理学（07）、工学（08）,岗位标签,title_or_tag,2,2,government:2,job_284375718c3fde4f6e28;job_3c6d17f5173ac08fb62a,业务处室一级主任科员及以下1 | 业务处室一级主任科员及以下,学科门类为理学（07）、工学（08） | 学科门类为理学（07）、工学（08）
安全仓储与科技处一级主任科员及以下,岗位标签,title_or_tag,2,2,government:2,job_9069a9c00209d4181008;job_0cf0a2e5e00c1e9576a7,安全仓储与科技处一级主任科员及以下 | 安全仓储与科技处一级主任科员及以下,安全仓储与科技处一级主任科员及以下 | 安全仓储与科技处一级主任科员及以下
安全生产监管,自动短语,auto_phrase,2,2,government:2,job_a469b5e482c7ac26c13e;job_0cf0a2e5e00c1e9576a7,化工产品检验监管一级行政执法员 | 安全仓储与科技处一级主任科员及以下,公务员/事业单位；仅限本科；学士；化学、应用化学、化学工程与工艺、材料科学与工程、材料化学、物流管理、物流工程、安全工程、安全生产监管、应急技术与管理；行政执法类 | 公务员/事业单位；本科及以上；与最高学历相对应的学位；本科：安全工程（082901）、应急技术与管理（082902T）、安全生产监管（082904T）； 研究生：安全科学与工程（0837）、安全工程（085702）；中央机关及其省级直属机构综合管理类
安全监管,自动短语,auto_phrase,2,2,government:2,job_54094a757a7f8d73ebfd;job_37fc2b2f7f9e26cfb45c,安全监管岗一级主任科员及以下 | 航天监管岗一级主任科员及以下,职位简介：承担有关项目管理、重大事项组织协调、安全监管等工作 | 职位简介：承担商业航天领域政策研究、项目管理、重大事项组织协调、安全监管等工作
宪法学与行政法学、刑法学、民商法学,岗位标签,title_or_tag,2,2,government:2,job_c327188ccdd272b61b4e;job_3216b984adcb3aa559b9,立法协调处一级主任科员及以下 | 综合执法体系建设处一级主任科员及以下,宪法学与行政法学、刑法学、民商法学 | 宪法学与行政法学、刑法学、民商法学
宪法学与行政法学、诉讼法学、国际法学、法律、知识产权、民商法学、经济法学,岗位标签,title_or_tag,2,2,government:2,job_8fcabc5f5469afc4725a;job_aac7be5bdb04ee9645f3,驻快安办事处法制管理四级主办 | 驻福清办事处法制管理四级主办,宪法学与行政法学、诉讼法学、国际法学、法律、知识产权、民商法学、经济法学 | 宪法学与行政法学、诉讼法学、国际法学、法律、知识产权、民商法学、经济法学
岸一线动植物及其产品检疫监管,产品运营,auto_phrase,2,2,government:2,job_0d1a640b0ac1550891ad;job_b6b6d05f4f22cb853ad3,动植物检疫四级主办及以下（一） | 动植物检疫四级主办及以下（二）,职位简介：从事海关口岸一线动植物及其产品检疫监管工作 | 职位简介：从事海关口岸一线动植物及其产品检疫监管工作
岸一线进出境化工产品检验监管,产品运营,auto_phrase,2,2,government:2,job_898a83ad6bc81fc4d85a;job_d445143a7b322249a4e5,化工产品查验一级行政执法员（一） | 化工产品查验一级行政执法员（二）,职位简介：从事海关口岸一线进出境化工产品检验监管工作 | 职位简介：从事海关口岸一线进出境化工产品检验监管工作
工务科（监督与科技科）一级主任科员及以下,岗位标签,title_or_tag,2,2,government:2,job_f5c305629fa997c71d07;job_03c1d2141db515925d52,工务科（监督与科技科）一级主任科员及以下 | 工务科（监督与科技科）一级主任科员及以下,工务科（监督与科技科）一级主任科员及以下 | 工务科（监督与科技科）一级主任科员及以下
工商管理类、公共管理类、图书情报与档案管理类,岗位标签,title_or_tag,2,2,government:2,job_dc8c7c9d77edde17017a;job_121be7782e70e534aaba,一级行政执法员（一） | 一级行政执法员（三）,工商管理类、公共管理类、图书情报与档案管理类 | 工商管理类、公共管理类、图书情报与档案管理类
工商管理类、公共管理类、电子商务类,岗位标签,title_or_tag,2,2,government:2,job_1531cb367a277dd305c7;job_7f656b0377f5963afc62,一级行政执法员（一） | 一级行政执法员（二）,工商管理类、公共管理类、电子商务类 | 工商管理类、公共管理类、电子商务类
工商管理类、公共管理类、经济与贸易类、经济学类,岗位标签,title_or_tag,2,2,government:2,job_6788a217d36fd6610d14;job_06998cad876ae6126669,一级行政执法员 | 一级行政执法员（二）,工商管理类、公共管理类、经济与贸易类、经济学类 | 工商管理类、公共管理类、经济与贸易类、经济学类
工商管理类、农业经济管理类、公共管理类,岗位标签,title_or_tag,2,2,government:2,job_fcd5bb62dbd8ef5c4ca1;job_ee1c44103fd15a20baf0,一级行政执法员（五） | 一级行政执法员（三）,工商管理类、农业经济管理类、公共管理类 | 工商管理类、农业经济管理类、公共管理类
工商管理类、图书情报与档案管理类,岗位标签,title_or_tag,2,2,government:2,job_f3f07f1e58c49b230f26;job_f883ade47b28f2875e72,一级行政执法员（三） | 一级行政执法员（四）,工商管理类、图书情报与档案管理类 | 工商管理类、图书情报与档案管理类
工商管理类、物流管理与工程类,岗位标签,title_or_tag,2,2,government:2,job_dc4c6cc8ef27a0415098;job_a9be886d959a55b70760,一级行政执法员（四） | 一级行政执法员（五）,工商管理类、物流管理与工程类 | 工商管理类、物流管理与工程类
工商管理类、社会保障类、图书情报与档案管理类、电子商务类,岗位标签,title_or_tag,2,2,government:2,job_adb4747d7ae6616f0093;job_0329fff40619c2e9c9b1,一级行政执法员（一） | 一级行政执法员（二）,工商管理类、社会保障类、图书情报与档案管理类、电子商务类 | 工商管理类、社会保障类、图书情报与档案管理类、电子商务类
工商管理类、社会保障类、电子商务类,岗位标签,title_or_tag,2,2,government:2,job_e29d48462c84bd31d4f1;job_37b060f58eb07c94f67d,一级行政执法员（三） | 一级行政执法员（四）,工商管理类、社会保障类、电子商务类 | 工商管理类、社会保障类、电子商务类
工学学科门类,岗位标签,title_or_tag,2,2,government:2,job_4f7458ad961381be5745;job_0aff0f8580d7414eef5f,监管三处一级主任科员及以下 | 监管四处一级主任科员及以下,工学学科门类 | 工学学科门类
工学门类、法学门类,岗位标签,title_or_tag,2,2,government:2,job_3d066d6fd53295f5ff96;job_398477d2ded8ef35d710,一级行政执法员（十一） | 一级行政执法员（三十五）,工学门类、法学门类 | 工学门类、法学门类
工学门类、法学门类、管理学门类、理学门类、文学门类、经济学门类,岗位标签,title_or_tag,2,2,government:2,job_a21327dc7ba42240de8b;job_d31b49d621999cc1908a,一级行政执法员（二） | 一级行政执法员（三）,工学门类、法学门类、管理学门类、理学门类、文学门类、经济学门类 | 工学门类、法学门类、管理学门类、理学门类、文学门类、经济学门类
工学门类、理学门类,岗位标签,title_or_tag,2,2,government:2,job_b34c16064a843b2c8be6;job_175e301a297eb99d361b,船舶监督处一级主任科员及以下 | 船员管理处一级主任科员及以下,工学门类、理学门类 | 工学门类、理学门类
应急与减灾处一级主任科员及以下,岗位标签,title_or_tag,2,2,government:2,job_ce5a72b379a68b62b856;job_4a56a84ea2bb69c5b1be,应急与减灾处一级主任科员及以下 | 应急与减灾处一级主任科员及以下,应急与减灾处一级主任科员及以下 | 应急与减灾处一级主任科员及以下
应用经济学、会计、会计学、财务管理、审计学,岗位标签,title_or_tag,2,2,government:2,job_d0d2867ed8f0237e266f;job_c46819ae304fccfc8ab9,新疆调查总队业务处室一级主任科员及以下（5） | 新疆调查总队业务处室一级主任科员及以下（6）,应用经济学、会计、会计学、财务管理、审计学 | 应用经济学、会计、会计学、财务管理、审计学
应用统计（0252）、统计学（0714）、数学（0701）,岗位标签,title_or_tag,2,2,government:2,job_284617d2e88b3681529d;job_193025b1399843cbd4fd,江西调查总队业务或行政处室二级主任科员及以下（1） | 江西调查总队业务或行政处室二级主任科员及以下（2）,应用统计（0252）、统计学（0714）、数学（0701） | 应用统计（0252）、统计学（0714）、数学（0701）
延安铁路公安处基层所队民警,岗位标签,title_or_tag,2,2,government:2,job_627c2a3ab249cc5449bb;job_64efe861935801a5fb9a,延安铁路公安处基层所队民警 | 延安铁路公安处基层所队民警,延安铁路公安处基层所队民警 | 延安铁路公安处基层所队民警
建设运行与监督处（水旱灾害防御处）一级主任科员及以下,岗位标签,title_or_tag,2,2,government:2,job_672b410c662c1cfe6909;job_c089062332d93a5ab5aa,建设运行与监督处（水旱灾害防御处）一级主任科员及以下 | 建设运行与监督处（水旱灾害防御处）一级主任科员及以下,建设运行与监督处（水旱灾害防御处）一级主任科员及以下 | 建设运行与监督处（水旱灾害防御处）一级主任科员及以下
德语,岗位标签,title_or_tag,2,2,government:2,job_cbf50678f5430d9f1515;job_dfe218aa287364fae3f5,德语翻译岗一级主任科员及以下 | 一级主任科员及以下（德语）,德语 | 德语
心理学类、电子信息类、自动化类、计算机类、测绘类,岗位标签,title_or_tag,2,2,government:2,job_890c9864774c78c06e93;job_3ca632a0fa7c1302103b,一级行政执法员（三） | 一级行政执法员（四）,心理学类、电子信息类、自动化类、计算机类、测绘类 | 心理学类、电子信息类、自动化类、计算机类、测绘类
战略应急物资监管,自动短语,auto_phrase,2,2,government:2,job_ceb22288d3e2980993c3;job_438948585d065de30ce7,战略应急物资监管处（天津办事处）一级主任科员及以下 | 战略应急物资监管处一级主任科员及以下,战略应急物资监管处（天津办事处）一级主任科员及以下 | 战略应急物资监管处一级主任科员及以下
战略物资监管,自动短语,auto_phrase,2,2,government:2,job_ad96945a7d7ab5cda45c;job_be81ed4e18c5cb7eeee1,战略物资监管处一级主任科员及以下 | 战略物资监管处一级主任科员及以下,战略物资监管处一级主任科员及以下 | 战略物资监管处一级主任科员及以下
战略物资监管处一级主任科员及以下,岗位标签,title_or_tag,2,2,government:2,job_ad96945a7d7ab5cda45c;job_be81ed4e18c5cb7eeee1,战略物资监管处一级主任科员及以下 | 战略物资监管处一级主任科员及以下,战略物资监管处一级主任科员及以下 | 战略物资监管处一级主任科员及以下
房地产等行业税收专业,自动短语,auto_phrase,2,2,government:2,job_f6b3dc69ea77aa8227de;job_f02ca50baa0057d3f683,一级行政执法员（三） | 一级行政执法员（五）,职位简介：从事建筑、房地产等行业税收专业化管理工作 | 职位简介：从事建筑、房地产等行业税收专业化管理工作
承担核领域政策研究,自动短语,auto_phrase,2,2,government:2,job_36b8e225ba30acd834ef;job_7bc9ed40599ccbec71eb,核项目管理岗一级主任科员及以下 | 核项目监督岗一级主任科员及以下,职位简介：承担核领域政策研究、项目管理、重大事项组织协调等工作 | 职位简介：承担核领域政策研究、安全监督等工作
播音与主持艺术、音乐表演、音乐学、舞蹈表演、舞蹈学、舞蹈编导、音乐剧,岗位标签,title_or_tag,2,2,government:2,job_333b6ee29bfbb9a85823;job_358ff9ea04926d35c6c8,普洱边境管理支队一级警长及以下（六） | 怒江边境管理支队一级警长及以下（四）,播音与主持艺术、音乐表演、音乐学、舞蹈表演、舞蹈学、舞蹈编导、音乐剧 | 播音与主持艺术、音乐表演、音乐学、舞蹈表演、舞蹈学、舞蹈编导、音乐剧
政治学类、社会学类、马克思主义理论类、中国语言文学类,岗位标签,title_or_tag,2,2,government:2,job_46aa67d4943a75a0be8b;job_2f0625a5728af1f06c72,一级行政执法员（七） | 一级行政执法员（七）,政治学类、社会学类、马克思主义理论类、中国语言文学类 | 政治学类、社会学类、马克思主义理论类、中国语言文学类
政治学类、马克思主义理论类,岗位标签,title_or_tag,2,2,government:2,job_ecd8bfe73427098470f7;job_0e5b40b241a6d96dc375,第一稽查局一级行政执法员（四） | 一级行政执法员（四）,政治学类、马克思主义理论类 | 政治学类、马克思主义理论类
政治学类、马克思主义理论类、中国语言文学类、新闻传播学类、英语相关专业,岗位标签,title_or_tag,2,2,government:2,job_d35a7fe5ab4e08096832;job_9bcff9ec8e6357330d06,一级行政执法员（一） | 一级行政执法员（二）,政治学类、马克思主义理论类、中国语言文学类、新闻传播学类、英语相关专业 | 政治学类、马克思主义理论类、中国语言文学类、新闻传播学类、英语相关专业
政治学类、马克思主义理论类、公安学类、中国语言文学类、新闻传播学类,岗位标签,title_or_tag,2,2,government:2,job_59d81cd6cb3f03004f9e;job_3dd0c4e4060c3254f77c,一级行政执法员（八） | 一级行政执法员（九）,政治学类、马克思主义理论类、公安学类、中国语言文学类、新闻传播学类 | 政治学类、马克思主义理论类、公安学类、中国语言文学类、新闻传播学类
政策法规科一级主任科员及以下,岗位标签,title_or_tag,2,2,government:2,job_8972dc33ec006b5b8493;job_a009dab67b87ea0d939d,政策法规科一级主任科员及以下 | 政策法规科一级主任科员及以下,政策法规科一级主任科员及以下 | 政策法规科一级主任科员及以下
教育学类、中国语言文学类,岗位标签,title_or_tag,2,2,government:2,job_4bac50bd5186cfa42845;job_e956abb5de61b8b41c8f,稽查局一级行政执法员 | 一级行政执法员（一）,教育学类、中国语言文学类 | 教育学类、中国语言文学类
教育学类、中国语言文学类、新闻传播学类、英语相关专业,岗位标签,title_or_tag,2,2,government:2,job_0f29923a05d435ac3b44;job_4bbc9d47ac473248d5b8,一级行政执法员（三） | 一级行政执法员（四）,教育学类、中国语言文学类、新闻传播学类、英语相关专业 | 教育学类、中国语言文学类、新闻传播学类、英语相关专业
数字人文专业,自动短语,auto_phrase,2,2,government:2,job_8ce7362d793c55141379;job_1e643eec7d6bfe4a3f95,葫芦岛调查队综合科室一级科员 | 瓦房店调查队一级科员,公务员/事业单位；仅限本科；学士；中国语言文学类（不含汉语国际教育、中国少数民族语言文学、古典文献学、手语翻译、数字人文专业）；市（地）级及以下直属机构综合管理类 | 公务员/事业单位；仅限本科；学士；中国语言文学类（不含汉语国际教育、中国少数民族语言文学、古典文献学、手语翻译、数字人文专业）、电子信息类（不含通信工程、广播电视工程、水声工程、电子封装技术、集成电路设计与集成系统、医学信息工程、人工智能、海洋信息工程、柔性电子学专业）；市（地）级及以下直属机构综合管理类
数学、计算机科学与技术,岗位标签,title_or_tag,2,2,government:2,job_1fd21829219027a3559c;job_3b1116e79f813bed5c02,新疆调查总队业务处室一级主任科员及以下（3） | 新疆调查总队业务处室一级主任科员及以下（4）,数学、计算机科学与技术 | 数学、计算机科学与技术
数学类0701、统计学类（本科0712、研究生0714）,岗位标签,title_or_tag,2,2,government:2,job_f3b1df87c623a3bb701a;job_49d2cfd22a32789139fd,湖州调查队业务处室四级主任科员及以下（1） | 湖州调查队业务处室四级主任科员及以下（2）,数学类0701、统计学类（本科0712、研究生0714） | 数学类0701、统计学类（本科0712、研究生0714）
数学类、化学类、统计学类、化工与制药类,岗位标签,title_or_tag,2,2,government:2,job_f6ea6ecbd372da82625f;job_b2a09c696c9f40d26b76,一级行政执法员（五） | 一级行政执法员（五）,数学类、化学类、统计学类、化工与制药类 | 数学类、化学类、统计学类、化工与制药类
数学类、化学类、统计学类、机械类,岗位标签,title_or_tag,2,2,government:2,job_b462477136cded934880;job_a88f9ed057979e56d3fe,一级行政执法员（一） | 一级行政执法员（二）,数学类、化学类、统计学类、机械类 | 数学类、化学类、统计学类、机械类
数学类、化学类、统计学类、电子信息类、计算机类,岗位标签,title_or_tag,2,2,government:2,job_d8d67aee0f9b0bb1dc28;job_12c9c144edc97e76b503,一级行政执法员（八） | 一级行政执法员（三）,数学类、化学类、统计学类、电子信息类、计算机类 | 数学类、化学类、统计学类、电子信息类、计算机类
数学类、化学类、统计学类、电子信息类、计算机类、化工与制药类,岗位标签,title_or_tag,2,2,government:2,job_051a67974b869c7dec05;job_4c18c066b7a13c4efa39,一级行政执法员（三） | 一级行政执法员（四）,数学类、化学类、统计学类、电子信息类、计算机类、化工与制药类 | 数学类、化学类、统计学类、电子信息类、计算机类、化工与制药类
数学类、化学类、统计学类、计算机类,岗位标签,title_or_tag,2,2,government:2,job_1ec5864fbf831f7b95ee;job_7a5da7154fc5c9b913aa,一级行政执法员（一） | 一级行政执法员（二）,数学类、化学类、统计学类、计算机类 | 数学类、化学类、统计学类、计算机类
数学类、土木类、环境科学与工程类,岗位标签,title_or_tag,2,2,government:2,job_8ba06064f03d73f10edc;job_8be05b0634dd78bae7d3,第二税务分局一级行政执法员（二） | 一级行政执法员,数学类、土木类、环境科学与工程类 | 数学类、土木类、环境科学与工程类
数学类、地理科学类、统计学类、计算机类、测绘类,岗位标签,title_or_tag,2,2,government:2,job_93ea50533efc96d1ff5c;job_c5f612056eb1577baf84,一级行政执法员（五） | 一级行政执法员（六）,数学类、地理科学类、统计学类、计算机类、测绘类 | 数学类、地理科学类、统计学类、计算机类、测绘类
数学类、机械类、计算机类,岗位标签,title_or_tag,2,2,government:2,job_1d3232bdc96adeee31ff;job_a39540a5b3b410019862,一级行政执法员（二） | 一级行政执法员（五）,数学类、机械类、计算机类 | 数学类、机械类、计算机类
数学类、物理学类、化学类、统计学类、计算机类,岗位标签,title_or_tag,2,2,government:2,job_1021689c2cfca7a18ee2;job_79f30440e957106f0386,一级行政执法员（一） | 一级行政执法员（二）,数学类、物理学类、化学类、统计学类、计算机类 | 数学类、物理学类、化学类、统计学类、计算机类
数学类、物理学类、统计学类、电子信息类、计算机类,岗位标签,title_or_tag,2,2,government:2,job_a0b938b97360391f5452;job_3050e07f6f29246aea6c,一级行政执法员（六） | 一级行政执法员（六）,数学类、物理学类、统计学类、电子信息类、计算机类 | 数学类、物理学类、统计学类、电子信息类、计算机类
数学类、环境科学与工程类、建筑类,岗位标签,title_or_tag,2,2,government:2,job_cef3f078c396aa5ace9f;job_110e149f82cbd83783d5,一级行政执法员（一） | 一级行政执法员（二）,数学类、环境科学与工程类、建筑类 | 数学类、环境科学与工程类、建筑类
数学类、电子信息类、计算机类、化工与制药类,岗位标签,title_or_tag,2,2,government:2,job_38764ced09799912f5e8;job_bd3117b7d27d63b3faa0,一级行政执法员（一） | 一级行政执法员（二）,数学类、电子信息类、计算机类、化工与制药类 | 数学类、电子信息类、计算机类、化工与制药类
数学类、电子信息类、计算机类、航空航天类,岗位标签,title_or_tag,2,2,government:2,job_cf9de418162595957ec2;job_b227d16ac5df471d18f0,一级行政执法员（一） | 一级行政执法员（二）,数学类、电子信息类、计算机类、航空航天类 | 数学类、电子信息类、计算机类、航空航天类
数学类、电气类、电子信息类、计算机类,岗位标签,title_or_tag,2,2,government:2,job_e1cc90b71b5256f660f7;job_debb26fba9f6a1a45949,一级行政执法员（一） | 一级行政执法员（二）,数学类、电气类、电子信息类、计算机类 | 数学类、电气类、电子信息类、计算机类
数学类、统计学类、土木类,岗位标签,title_or_tag,2,2,government:2,job_e83c1db5cbd8ef2be37a;job_85dfc537ceb8642bcaf4,一级行政执法员（五） | 一级行政执法员（三）,数学类、统计学类、土木类 | 数学类、统计学类、土木类
数学类、统计学类、地理科学类、安全科学与工程类,岗位标签,title_or_tag,2,2,government:2,job_41d33970ffc93ba510af;job_8ae5ee0dd88c229defc4,一级行政执法员（三） | 一级行政执法员（四）,数学类、统计学类、地理科学类、安全科学与工程类 | 数学类、统计学类、地理科学类、安全科学与工程类
数学类、统计学类、机械类、电气类、计算机类,岗位标签,title_or_tag,2,2,government:2,job_d91fd09e48670eae4700;job_ee1e65937b2223cd5481,一级行政执法员（一） | 一级行政执法员（二）,数学类、统计学类、机械类、电气类、计算机类 | 数学类、统计学类、机械类、电气类、计算机类
数学类、统计学类、机械类、能源动力类、计算机类、化工与制药类,岗位标签,title_or_tag,2,2,government:2,job_928193a419548bc71159;job_d97dbe43db88719722e5,一级行政执法员（三） | 一级行政执法员（四）,数学类、统计学类、机械类、能源动力类、计算机类、化工与制药类 | 数学类、统计学类、机械类、能源动力类、计算机类、化工与制药类
数学类、统计学类、机械类、自动化类,岗位标签,title_or_tag,2,2,government:2,job_c7b79f3014c6e26eba51;job_c1b18dc0cae53da48805,一级行政执法员（二） | 一级行政执法员（三）,数学类、统计学类、机械类、自动化类 | 数学类、统计学类、机械类、自动化类
数学类、统计学类、电子信息类、土木类,岗位标签,title_or_tag,2,2,government:2,job_87083ed6e981333d8419;job_22dd593854e75eab09a7,一级行政执法员（七） | 一级行政执法员（三）,数学类、统计学类、电子信息类、土木类 | 数学类、统计学类、电子信息类、土木类
数学类、统计学类、电子信息类、建筑类,岗位标签,title_or_tag,2,2,government:2,job_e1264b38af7a0bf95998;job_01a54b601f1f5b386e4e,一级行政执法员（九） | 一级行政执法员（六）,数学类、统计学类、电子信息类、建筑类 | 数学类、统计学类、电子信息类、建筑类
数学类、统计学类、电子信息类、计算机类、化工与制药类、矿业类,岗位标签,title_or_tag,2,2,government:2,job_0e7440f98dd0e97a9dd1;job_94fa88524a4839d3f255,一级行政执法员（一） | 一级行政执法员（二）,数学类、统计学类、电子信息类、计算机类、化工与制药类、矿业类 | 数学类、统计学类、电子信息类、计算机类、化工与制药类、矿业类
数学类、统计学类、电子信息类、计算机类、环境科学与工程类,岗位标签,title_or_tag,2,2,government:2,job_efd3c5baa21fba30c554;job_f0345aa2d14c81ade87c,一级行政执法员（六） | 一级行政执法员,数学类、统计学类、电子信息类、计算机类、环境科学与工程类 | 数学类、统计学类、电子信息类、计算机类、环境科学与工程类
数学类、统计学类、电子信息类、计算机类、电气类、自动化类,岗位标签,title_or_tag,2,2,government:2,job_cdd2909363f3c0da6251;job_9fc8968b8d2817a86e08,一级行政执法员（三） | 一级行政执法员（三）,数学类、统计学类、电子信息类、计算机类、电气类、自动化类 | 数学类、统计学类、电子信息类、计算机类、电气类、自动化类
数学类、统计学类、电气类、电子信息类、计算机类,岗位标签,title_or_tag,2,2,government:2,job_fdd79f3dfb153522d916;job_00225036a7072d3700e6,一级行政执法员（四） | 一级行政执法员（三）,数学类、统计学类、电气类、电子信息类、计算机类 | 数学类、统计学类、电气类、电子信息类、计算机类
数学类、统计学类、电气类、计算机类,岗位标签,title_or_tag,2,2,government:2,job_29b25e9b9beb7aab2682;job_3639c87d801dfc749f0a,一级行政执法员 | 一级行政执法员（八）,数学类、统计学类、电气类、计算机类 | 数学类、统计学类、电气类、计算机类
数学类、统计学类、能源动力类、电子信息类、计算机类,岗位标签,title_or_tag,2,2,government:2,job_3fdc07bb3dcda0ab5330;job_e4e6791d3b8517a0de86,一级行政执法员（三） | 一级行政执法员（三）,数学类、统计学类、能源动力类、电子信息类、计算机类 | 数学类、统计学类、能源动力类、电子信息类、计算机类
数学类、统计学类、能源动力类、计算机类,岗位标签,title_or_tag,2,2,government:2,job_28b01169b657efeaf441;job_90bd689f59c6c636479e,一级行政执法员（七） | 一级行政执法员（八）,数学类、统计学类、能源动力类、计算机类 | 数学类、统计学类、能源动力类、计算机类
数学类、统计学类、计算机类、建筑类,岗位标签,title_or_tag,2,2,government:2,job_d1453bb34aa823df5fc8;job_a6ed63858d28dea12c1a,一级行政执法员（七） | 一级行政执法员（八）,数学类、统计学类、计算机类、建筑类 | 数学类、统计学类、计算机类、建筑类
数学类、统计学类、计算机类、环境科学与工程类,岗位标签,title_or_tag,2,2,government:2,job_818afc3ed9769fbf610e;job_ea2be72eba07e3166297,一级行政执法员（一） | 一级行政执法员（二）,数学类、统计学类、计算机类、环境科学与工程类 | 数学类、统计学类、计算机类、环境科学与工程类
数学类、统计学类、计算机类、电子信息类、土木类,岗位标签,title_or_tag,2,2,government:2,job_5379a97e4219ebdb6ec5;job_1cdac0755582918e8949,一级行政执法员（二） | 一级行政执法员,数学类、统计学类、计算机类、电子信息类、土木类 | 数学类、统计学类、计算机类、电子信息类、土木类
数学类、能源动力类、电子信息类、计算机类,岗位标签,title_or_tag,2,2,government:2,job_a1ea2c231e6d7163aabd;job_a08299e87daa24465976,一级行政执法员（三） | 一级行政执法员（四）,数学类、能源动力类、电子信息类、计算机类 | 数学类、能源动力类、电子信息类、计算机类
数学类、能源动力类、计算机类,岗位标签,title_or_tag,2,2,government:2,job_f9f7323a2bf27cf3eed8;job_595130a205f0eb1590ae,一级行政执法员（七） | 一级行政执法员（八）,数学类、能源动力类、计算机类 | 数学类、能源动力类、计算机类
数学类、计算机类、化工与制药类,岗位标签,title_or_tag,2,2,government:2,job_41abca4a7baca4daa994;job_dd5aa2f446ffc5f58316,一级行政执法员（三） | 一级行政执法员（四）,数学类、计算机类、化工与制药类 | 数学类、计算机类、化工与制药类
数学类、计算机类、土木类,岗位标签,title_or_tag,2,2,government:2,job_2f4cdc12593d0947f6ef;job_886ffc1bbf1751324ea5,一级行政执法员（四） | 一级行政执法员（五）,数学类、计算机类、土木类 | 数学类、计算机类、土木类
数学类（数学与应用数学、信息与计算科学、数理基础科学、数据计算及应用）,岗位标签,title_or_tag,2,2,government:2,job_2daee4a8f13f9ec079f2;job_d1473327c98710baf6ce,保定调查队业务科室一级科员(1) | 保定调查队业务科室一级科员(2),数学类（数学与应用数学、信息与计算科学、数理基础科学、数据计算及应用） | 数学类（数学与应用数学、信息与计算科学、数理基础科学、数据计算及应用）
数据分析（统计分析应用类）四级主管及以下,岗位标签,title_or_tag,2,2,government:2,job_502c16535d9a1befaf1b;job_d77dd3d78e1e5b877ad2,数据分析（统计分析应用类）四级主管及以下 | 数据分析（统计分析应用类）四级主管及以下,数据分析（统计分析应用类）四级主管及以下 | 数据分析（统计分析应用类）四级主管及以下
数据科学与大数据技术专业,数据工程,auto_phrase,2,2,government:2,job_08dbe7ff1a9b45d40ddb;job_6d6338b4560ed82f2ae2,监管部门一级主任科员及以下 | 监管部门一级主任科员及以下,公务员/事业单位；本科及以上；与最高学历相对应的学位；以本科专业报考：计算机科学与技术、软件工程、网络工程、数据科学与大数据技术专业；以研究生专业报考：计算机科学与技术、软件工程；市（地）级及以下直属机构综合管理类 | 公务员/事业单位；本科及以上；与最高学历相对应的学位；以本科专业报考：计算机科学与技术、软件工程、网络工程、数据科学与大数据技术专业；以研究生专业报考：计算机科学与技术、软件工程；市（地）级及以下直属机构综合管理类
新会海关缉私分局一级警长及以下,岗位标签,title_or_tag,2,2,government:2,job_a2db725bfb8416c40125;job_000939cc4ad230081683,新会海关缉私分局一级警长及以下 | 新会海关缉私分局一级警长及以下,新会海关缉私分局一级警长及以下 | 新会海关缉私分局一级警长及以下
新塘海关缉私分局一级警长及以下,岗位标签,title_or_tag,2,2,government:2,job_5d4a409fc6e8ef2bbd1f;job_3c4d4563e19c6fa417fd,新塘海关缉私分局一级警长及以下 | 新塘海关缉私分局一级警长及以下,新塘海关缉私分局一级警长及以下 | 新塘海关缉私分局一级警长及以下
新闻传播学类、英语相关专业,岗位标签,title_or_tag,2,2,government:2,job_c22ee5c3ace4211d35af;job_59788ba4fe36799cac19,一级行政执法员（三） | 一级行政执法员（三）,新闻传播学类、英语相关专业 | 新闻传播学类、英语相关专业
新闻传播学类（专业代码0503）,岗位标签,title_or_tag,2,2,government:2,job_4b0c6ffea1facfe42697;job_ff5be3e7af9e75956f70,综合部门一级主任科员及以下 | 综合部门一级主任科员及以下,新闻传播学类（专业代码0503） | 新闻传播学类（专业代码0503）
无限制,岗位标签,title_or_tag,2,2,government:2,job_7a0d644aa7591d4083a9;job_510b2d1a7ee077f49835,建平调查队一级科员（2） | 绥中调查队一级科员（2）,无限制 | 无限制
日语笔译（055105）、日语口译（055106）、日语语言文学（050205）,岗位标签,title_or_tag,2,2,government:2,job_bf6bf8e04bb6055c857b;job_80a00e8cfd780b83ed74,长春出入境边防检查站一级警长及以下（三） | 延吉出入境边防检查站一级警长及以下,日语笔译（055105）、日语口译（055106）、日语语言文学（050205） | 日语笔译（055105）、日语口译（055106）、日语语言文学（050205）
智能化,自动短语,auto_phrase,2,2,government:2,job_515d22ed3ea991942369;job_47cb822df9545b6b91d6,二处一级主任科员及以下 | 瑞丽遣返中心执行队一级警长及以下（十二）,职位简介：主要从事执法信息化、智能化建设等工作 | 职位简介：属于公安机关人民警察，主要从事非法移民羁押监管、国籍身份核查、实施遣返及地理信息系统实战应用、智能化信息平台研发、人工智能融合应用等工作
最高学历专业为法学专业,自动短语,auto_phrase,2,2,government:2,job_c7736fbeeaac81385013;job_f4f2959f0c6d2816760b,一级主任科员及以下 | 一级主任科员及以下,公务员/事业单位；仅限硕士研究生；与最高学历相对应的学位；最高学历专业为法学专业（专业代码为0301、0351）；中央机关及其省级直属机构综合管理类 | 公务员/事业单位；仅限硕士研究生；与最高学历相对应的学位；最高学历专业为法学专业（专业代码为0301、0351）；中央机关及其省级直属机构综合管理类
最高学历专业为法学专业（专业代码为0301、0351）,岗位标签,title_or_tag,2,2,government:2,job_c7736fbeeaac81385013;job_f4f2959f0c6d2816760b,一级主任科员及以下 | 一级主任科员及以下,最高学历专业为法学专业（专业代码为0301、0351） | 最高学历专业为法学专业（专业代码为0301、0351）
朝鲜语,岗位标签,title_or_tag,2,2,government:2,job_bbc9e6df7ed385c02745;job_41817e9ad90ee89421e4,一级主任科员及以下（朝语、韩语） | 翻译一级行政执法员,朝鲜语 | 朝鲜语
本科生招收会计学（120203K）；研究生招收会计（1253）、审计（1257）,岗位标签,title_or_tag,2,2,government:2,job_4d792b01566df7986d8b;job_78fbe1c998367db1df84,综合部门一级主任科员及以下 | 监管部门一级主任科员及以下,本科生招收会计学（120203K）；研究生招收会计（1253）、审计（1257） | 本科生招收会计学（120203K）；研究生招收会计（1253）、审计（1257）
本科生招收法学类（0301）；研究生招收法学（0301）,岗位标签,title_or_tag,2,2,government:2,job_81bae4deb7a1a0cf7ead;job_bb406264090d18cc2f47,监管部门一级主任科员及以下 | 监管部门一级主任科员及以下,本科生招收法学类（0301）；研究生招收法学（0301） | 本科生招收法学类（0301）；研究生招收法学（0301）
本科：030101K法学；研究生：0301法学,岗位标签,title_or_tag,2,2,government:2,job_1a94092d08fb3e532500;job_927c8f1e812ce14308af,法规部门一级主任科员及以下 | 镇江边检站一级警长及以下,本科：030101K法学；研究生：0301法学 | 本科：030101K法学；研究生：0301法学
本科：会计学、财务管理、审计学 研究生：会计、审计,岗位标签,title_or_tag,2,2,government:2,job_fe3cd27b13dbc0754864;job_6ce870c33790ca1a2012,监管部门一级主任科员及以下 | 监管部门一级主任科员及以下,本科：会计学、财务管理、审计学 研究生：会计、审计 | 本科：会计学、财务管理、审计学 研究生：会计、审计
本科：会计学、财务管理、审计学；研究生：会计、会计学、财务管理、审计、审计学,岗位标签,title_or_tag,2,2,government:2,job_aca05916b0c7d326070d;job_7aa7b9878de2c97d23b8,财会部门一级主任科员及以下 | 财会部门一级主任科员及以下,本科：会计学、财务管理、审计学；研究生：会计、会计学、财务管理、审计、审计学 | 本科：会计学、财务管理、审计学；研究生：会计、会计学、财务管理、审计、审计学
本科：会计学、财务管理；研究生：会计、审计,岗位标签,title_or_tag,2,2,government:2,job_dd1afa9a323d20e5c348;job_0a2ac6e7e3beb481d400,财会部门一级主任科员及以下 | 综合部门一级主任科员及以下,本科：会计学、财务管理；研究生：会计、审计 | 本科：会计学、财务管理；研究生：会计、审计
本科：会计学（120203K） 研究生：会计（125300）,岗位标签,title_or_tag,2,2,government:2,job_074c31693dcee349c126;job_f45dbd76029148bd5b60,大连周水子出入境边防检查站一级警长及以下（三） | 盘锦出入境边防检查站一级警长及以下,本科：会计学（120203K） 研究生：会计（125300） | 本科：会计学（120203K） 研究生：会计（125300）
本科：动物医学、动物科学、动植物检疫；研究生：兽医学类、畜牧学类（专业类）,岗位标签,title_or_tag,2,2,government:2,job_c750d4d1ce3b66be578e;job_26f9717451c44159cbad,动物检疫四级主办及以下 | 动物检疫四级主办及以下,本科：动物医学、动物科学、动植物检疫；研究生：兽医学类、畜牧学类（专业类） | 本科：动物医学、动物科学、动植物检疫；研究生：兽医学类、畜牧学类（专业类）
本科：审计学（120207）、大数据管理与应用（120108T）；研究生：审计,岗位标签,title_or_tag,2,2,government:2,job_4dace552899a3b8c61f8;job_7823ac12c2f15dbf1ebe,稽核查监管四级主办及以下（六） | 稽核查监管四级主办及以下（七）,本科：审计学（120207）、大数据管理与应用（120108T）；研究生：审计 | 本科：审计学（120207）、大数据管理与应用（120108T）；研究生：审计
本科：工程审计、审计学、金融审计、内部审计；研究生：审计,岗位标签,title_or_tag,2,2,government:2,job_ceef2fb23921726782e6;job_92e0f28fbd8103bb5e85,财务二级主办及以下（三） | 财务二级主办及以下（四）,本科：工程审计、审计学、金融审计、内部审计；研究生：审计 | 本科：工程审计、审计学、金融审计、内部审计；研究生：审计
本科：新闻传播学类（0503）；研究生：新闻传播学、新闻与传播,岗位标签,title_or_tag,2,2,government:2,job_da236cc565d35de51bc2;job_fee4f86724db180479e7,新闻宣传四级主办及以下（一） | 新闻宣传四级主办及以下（二）,本科：新闻传播学类（0503）；研究生：新闻传播学、新闻与传播 | 本科：新闻传播学类（0503）；研究生：新闻传播学、新闻与传播
本科：水利类（0811） 研究生：水利工程（0815，085902）,岗位标签,title_or_tag,2,2,government:2,job_09cadf73f4c3fc686c0f;job_693e2c7f4bdce65123f1,机关纪委一级主任科员及以下 | 穿卫枢纽管理所一级主任科员及以下（二）,本科：水利类（0811） 研究生：水利工程（0815，085902） | 本科：水利类（0811） 研究生：水利工程（0815，085902）
本科：法学、知识产权、电子商务及法律 研究生：法学、法律,岗位标签,title_or_tag,2,2,government:2,job_5a1f71e2f755b34e9b47;job_3cc4a636308d87cbf6e9,综合业务二级主办及以下 | 综合业务二级主办及以下,本科：法学、知识产权、电子商务及法律 研究生：法学、法律 | 本科：法学、知识产权、电子商务及法律 研究生：法学、法律
本科：法学（0301）；研究生：法学（0301）、法律（0351）,岗位标签,title_or_tag,2,2,government:2,job_0ff3fb287def3c41bc8d;job_75e62313302c504c754d,综合部门一级主任科员及以下 | 综合部门一级主任科员及以下,本科：法学（0301）；研究生：法学（0301）、法律（0351） | 本科：法学（0301）；研究生：法学（0301）、法律（0351）
本科：法学（0301）；硕士：法学（0301）、法律（0351）,岗位标签,title_or_tag,2,2,government:2,job_80bc7715c7fcc1950e82;job_bbc4b41e0fc08c79382a,法规部门一级主任科员及以下 | 法规部门一级主任科员及以下,本科：法学（0301）；硕士：法学（0301）、法律（0351） | 本科：法学（0301）；硕士：法学（0301）、法律（0351）
本科：经济学、金融学；研究生：金融,岗位标签,title_or_tag,2,2,government:2,job_42671fff9a8bd7522887;job_206584964326e61cbda2,监管部门一级主任科员及以下 | 综合部门一级主任科员及以下,本科：经济学、金融学；研究生：金融 | 本科：经济学、金融学；研究生：金融
本科：经济学类、财政学类、金融学类、经济与贸易类；研究生：经济学类,岗位标签,title_or_tag,2,2,government:2,job_0d15a34d20a5d5388284;job_59c091600a484ca4afc6,监管部门一级主任科员及以下 | 监管部门一级主任科员及以下,本科：经济学类、财政学类、金融学类、经济与贸易类；研究生：经济学类 | 本科：经济学类、财政学类、金融学类、经济与贸易类；研究生：经济学类
本科：经济学类、金融学类；研究生：经济学类,岗位标签,title_or_tag,2,2,government:2,job_222b5107e3a855bfcc73;job_400252b6038ab17d878f,监管部门一级主任科员及以下 | 监管部门一级主任科员及以下,本科：经济学类、金融学类；研究生：经济学类 | 本科：经济学类、金融学类；研究生：经济学类
本科：经济学类（0201）、金融学类（0203）；硕士研究生：经济学,岗位标签,title_or_tag,2,2,government:2,job_559555f100ef0af058b1;job_f612d2e1a5a0c0d3906f,监管部门一级主任科员及以下 | 监管部门一级主任科员及以下,本科：经济学类（0201）、金融学类（0203）；硕士研究生：经济学 | 本科：经济学类（0201）、金融学类（0203）；硕士研究生：经济学
本科：计算机科学与技术、软件工程、网络工程；研究生：计算机科学与技术、软件工程,岗位标签,title_or_tag,2,2,government:2,job_4ccabcc0d99ffd72e1b1;job_df48ae04a163f791b00d,监管部门一级主任科员及以下 | 监管部门一级主任科员及以下,本科：计算机科学与技术、软件工程、网络工程；研究生：计算机科学与技术、软件工程 | 本科：计算机科学与技术、软件工程、网络工程；研究生：计算机科学与技术、软件工程
本科：计算机类 研究生：计算机科学与技术、软件工程,岗位标签,title_or_tag,2,2,government:2,job_55a00ecbcc18e5e2bbc4;job_3ca03441a6fa9870ad93,监管部门一级主任科员及以下 | 监管部门一级主任科员及以下,本科：计算机类 研究生：计算机科学与技术、软件工程 | 本科：计算机类 研究生：计算机科学与技术、软件工程
本科：财务管理、会计学、审计学；硕士：会计学、会计、审计,岗位标签,title_or_tag,2,2,government:2,job_5f9af77e6beff1caa137;job_0e6c6d399aadcdcbcfd8,财会部门一级主任科员及以下 | 财会部门一级主任科员及以下,本科：财务管理、会计学、审计学；硕士：会计学、会计、审计 | 本科：财务管理、会计学、审计学；硕士：会计学、会计、审计
本科：食品科学与工程、食品质量与安全、食品安全与检测； 研究生：食品科学与工程,岗位标签,title_or_tag,2,2,government:2,job_e93d4417984a25742bc2;job_c348d19ee2d74ada890c,食品检验监管四级主办及以下（一） | 食品检验监管四级主办及以下（二）,本科：食品科学与工程、食品质量与安全、食品安全与检测； 研究生：食品科学与工程 | 本科：食品科学与工程、食品质量与安全、食品安全与检测； 研究生：食品科学与工程
机关党委办公室一级主任科员及以下,岗位标签,title_or_tag,2,2,government:2,job_b4a6d92c078d7588313f;job_2d728494a05923e8498a,机关党委办公室一级主任科员及以下 | 机关党委办公室一级主任科员及以下,机关党委办公室一级主任科员及以下 | 机关党委办公室一级主任科员及以下
机关综合处室一级主任科员及以下,岗位标签,title_or_tag,2,2,government:2,job_582eb5c6254fd4fad6ca;job_46170e8d2a2306b85f03,机关综合处室一级主任科员及以下 | 机关综合处室一级主任科员及以下,机关综合处室一级主任科员及以下 | 机关综合处室一级主任科员及以下
机关财务管理,项目管理,auto_phrase,2,2,government:2,job_8d3dd6661233f66929a7;job_819a80e2adff658d9826,业务处一级主任科员及以下 | 浙江局业务处一级主任科员及以下,职位简介：从事辖区内粮食监管相关业务的财务检查，机关财务管理，所属事业单位财务监督、检查、审计等工作 | 负责机关财务管理
机场管理处一级主任科员及以下,岗位标签,title_or_tag,2,2,government:2,job_11a44593001cd4c8914a;job_e41961e962c79ad5a4b5,机场管理处一级主任科员及以下 | 机场管理处一级主任科员及以下,机场管理处一级主任科员及以下 | 机场管理处一级主任科员及以下
机场运行监管,自动短语,auto_phrase,2,2,government:2,job_e41961e962c79ad5a4b5;job_553fc5a406b6aad2c808,机场管理处一级主任科员及以下 | 机场处一级主任科员及以下,职位简介：机场运行监管 | 职位简介：机场运行监管
机械工程、机械设计制造及其自动化、机械电子工程、电气工程及其自动化,岗位标签,title_or_tag,2,2,government:2,job_d64d9fd1a8e8e5662066;job_b0a58dc957b3971f2428,科技管理（机械自动化类）一级行政执法员 | 科技管理（机械自动化类）一级行政执法员,机械工程、机械设计制造及其自动化、机械电子工程、电气工程及其自动化 | 机械工程、机械设计制造及其自动化、机械电子工程、电气工程及其自动化
机械类、材料类,岗位标签,title_or_tag,2,2,government:2,job_0d0df18acf1ddf6e4fee;job_dc3e8fdc87a914cf0cdd,一级行政执法员（四） | 一级行政执法员（四）,机械类、材料类 | 机械类、材料类
机械类、电子信息类、计算机类、环境科学与工程类、安全科学与工程类,岗位标签,title_or_tag,2,2,government:2,job_73c17edd3e28e29d3153;job_23c680e25ec0515e5ca2,一级行政执法员（三） | 一级行政执法员（一）,机械类、电子信息类、计算机类、环境科学与工程类、安全科学与工程类 | 机械类、电子信息类、计算机类、环境科学与工程类、安全科学与工程类
材料科学与工程、金属材料工程、稀土材料科学与工程,岗位标签,title_or_tag,2,2,government:2,job_bb9c36526df1a5ba0eee;job_2fd95408cffa99f33c50,危化监管四级主办及以下 | 危化监管四级主办及以下,材料科学与工程、金属材料工程、稀土材料科学与工程 | 材料科学与工程、金属材料工程、稀土材料科学与工程
材料类,岗位标签,title_or_tag,2,2,government:2,job_3cd4297828833b3c384e;job_757e447997f37b7cffbd,税收征管四级主办及以下 | 监管一级行政执法员,材料类 | 材料类
材料类、计算机类,岗位标签,title_or_tag,2,2,government:2,job_bf2dae570c09e0daceac;job_e1a8fa64f5efa34fff9e,一级行政执法员（四） | 一级行政执法员（二）,材料类、计算机类 | 材料类、计算机类
标准化,自动短语,auto_phrase,2,2,government:2,job_41386d06928dc5d365a2;job_2d3f6a8932fdfa80bfc3,建设处一级主任科员及以下 | 新沂河道管理局一级主任科员及以下,职位简介：开展乡镇林业工作站本底调查、标准化建设等相关工作 | 职位简介：从事水利基础设施建设管理、标准化建设等工作
检疫监管,自动短语,auto_phrase,2,2,government:2,job_716c0b26f9fcc118444b;job_f35a7ff011d51be408a4,检疫监管四级主办及以下 | 动物检疫监管四级主办及以下,检疫监管四级主办及以下 | 职位简介：从事海关进出境动物及其产品（水产品）检疫监管工作
检验监管一级行政执法员,岗位标签,title_or_tag,2,2,government:2,job_06f0fdb0c82e4b06a5db;job_4804bc490ae1b82d641d,检验监管一级行政执法员 | 检验监管一级行政执法员,检验监管一级行政执法员 | 检验监管一级行政执法员
植物保护、植物科学与技术、动植物检疫（植物检疫方向）、动植物检疫,岗位标签,title_or_tag,2,2,government:2,job_b311e8bd326634628b6c;job_6b2d67ef4d53d6bad379,植物检疫一级行政执法员（一） | 植物检疫一级行政执法员（二）,植物保护、植物科学与技术、动植物检疫（植物检疫方向）、动植物检疫 | 植物保护、植物科学与技术、动植物检疫（植物检疫方向）、动植物检疫
植物保护、植物科学与技术、林学、森林保护,岗位标签,title_or_tag,2,2,government:2,job_6820646ef2d79abb4aef;job_5571704f09cb4b1d31d9,植物检疫一级行政执法员（一） | 植物检疫一级行政执法员（二）,植物保护、植物科学与技术、林学、森林保护 | 植物保护、植物科学与技术、林学、森林保护
植物检疫一级行政执法员（三）,岗位标签,title_or_tag,2,2,government:2,job_e1eed273a6b390a61a6b;job_5a62bb95202e5bf6135f,植物检疫一级行政执法员（三） | 植物检疫一级行政执法员（三）,植物检疫一级行政执法员（三） | 植物检疫一级行政执法员（三）
比较文学与世界文学专业,自动短语,auto_phrase,2,2,government:2,job_69123941a6e3b432b72e;job_33eeb5b9091f7b9e1944,鞍山调查队业务科室四级主任科员（1） | 鞍山调查队业务科室四级主任科员（2）,公务员/事业单位；仅限硕士研究生；硕士；中国语言文学类（不含文艺学、汉语言文字学、中国古典文献学、中国少数民族语言文学、比较文学与世界文学专业）、应用经济学类（不含国民经济学、区域经济学、财政学、金融学、产业经济学、国际贸易学、劳动经济学、数量经济学、国防经济专业）；市（地）级及以下直属机构综合管理类 | 公务员/事业单位；仅限硕士研究生；硕士；中国语言文学类（不含文艺学、汉语言文字学、中国古典文献学、中国少数民族语言文学、比较文学与世界文学专业）、应用经济学类（不含国民经济学、区域经济学、财政学、金融学、产业经济学、国际贸易学、劳动经济学、数量经济学、国防经济专业）；市（地）级及以下直属机构综合管理类
民商法学、经济法学、国际法学,岗位标签,title_or_tag,2,2,government:2,job_4af18ad63052645707b7;job_9fafb6adc1c36ff1f32c,法制管理四级主办（一） | 法制管理四级主办（二）,民商法学、经济法学、国际法学 | 民商法学、经济法学、国际法学
气象类、数学类、物理学类、地理科学类、电子信息类、计算机类,岗位标签,title_or_tag,2,2,government:2,job_fbc78d539b2d0f3ba1dd;job_f11a987138fb40746ef3,防灾减灾科四级主任科员及以下 | 防灾减灾科四级主任科员及以下,气象类、数学类、物理学类、地理科学类、电子信息类、计算机类 | 气象类、数学类、物理学类、地理科学类、电子信息类、计算机类
气象类、计算机类、电子信息工程,岗位标签,title_or_tag,2,2,government:2,job_22bb816e5ec695171072;job_369411200b3aaf745255,综合管理科四级主任科员及以下 | 综合管理科四级主任科员及以下,气象类、计算机类、电子信息工程 | 气象类、计算机类、电子信息工程
气象类，电子信息类，计算机类，数学类，物理学类,岗位标签,title_or_tag,2,2,government:2,job_abde35828e5af3a4f4f5;job_e152d9343559e1d7a5de,防灾减灾科一级主任科员及以下 | 防灾减灾科一级主任科员及以下,气象类，电子信息类，计算机类，数学类，物理学类 | 气象类，电子信息类，计算机类，数学类，物理学类
气象类；测绘工程、遥感科学与技术、地理空间信息工程,岗位标签,title_or_tag,2,2,government:2,job_0c10212796ff63a3c68b;job_7e55c8714f8c81eb29ac,防灾减灾科一级科员及以下 | 防灾减灾科一级科员及以下,气象类；测绘工程、遥感科学与技术、地理空间信息工程 | 气象类；测绘工程、遥感科学与技术、地理空间信息工程
水产养殖学、水生动物医学、动物医学、动物科学、动植物检疫,岗位标签,title_or_tag,2,2,government:2,job_939ee51aff09bd796638;job_27bc89b3b71823fafd6e,动物检疫一级行政执法员（一） | 动物检疫一级行政执法员（二）,水产养殖学、水生动物医学、动物医学、动物科学、动植物检疫 | 水产养殖学、水生动物医学、动物医学、动物科学、动植物检疫
水利工程,岗位标签,title_or_tag,2,2,government:2,job_9e18a9f273a772cda746;job_1572c3ada5be080816aa,内设处室一级主任科员及以下 | 人事局人才与培训处一级主任科员及以下,水利工程 | 水利工程
水利工程、土木工程（限结构工程、岩土工程）、农业工程（限农业水土工程）,岗位标签,title_or_tag,2,2,government:2,job_672b410c662c1cfe6909;job_c089062332d93a5ab5aa,建设运行与监督处（水旱灾害防御处）一级主任科员及以下 | 建设运行与监督处（水旱灾害防御处）一级主任科员及以下,水利工程、土木工程（限结构工程、岩土工程）、农业工程（限农业水土工程） | 水利工程、土木工程（限结构工程、岩土工程）、农业工程（限农业水土工程）
水利工程（0815，085902）、法学（0301）、法律（0351）,岗位标签,title_or_tag,2,2,government:2,job_26b1b61a221cbf119a6d;job_4afb59c31bacd1061ac6,水政水资源处（水政监察总队、水旱灾害防御处）一级主任科员及以下 | 河道管理二处一级主任科员及以下,水利工程（0815，085902）、法学（0301）、法律（0351） | 水利工程（0815，085902）、法学（0301）、法律（0351）
水政与河湖处（水政监察总队）一级主任科员及以下,岗位标签,title_or_tag,2,2,government:2,job_178277957384dd093580;job_22cda89f83b1ae1244bb,水政与河湖处（水政监察总队）一级主任科员及以下 | 水政与河湖处（水政监察总队）一级主任科员及以下,水政与河湖处（水政监察总队）一级主任科员及以下 | 水政与河湖处（水政监察总队）一级主任科员及以下
水政与河湖处（水政监察支队）一级主任科员及以下,岗位标签,title_or_tag,2,2,government:2,job_d923b47d138004fe161c;job_8b12f23ee3d45a09f431,水政与河湖处（水政监察支队）一级主任科员及以下 | 水政与河湖处（水政监察支队）一级主任科员及以下,水政与河湖处（水政监察支队）一级主任科员及以下 | 水政与河湖处（水政监察支队）一级主任科员及以下
水旱灾害防御科一级主任科员及以下,岗位标签,title_or_tag,2,2,government:2,job_8cbd6c68fb53dff345c7;job_28742af5b412b4031ad8,水旱灾害防御科一级主任科员及以下 | 水旱灾害防御科一级主任科员及以下,水旱灾害防御科一级主任科员及以下 | 水旱灾害防御科一级主任科员及以下
汉语言文学、 秘书学、汉语国际教育,岗位标签,title_or_tag,2,2,government:2,job_22d3cd5f955fa900107f;job_6765ef2bca3c5e692b41,办公室综合管理一级行政执法员 | 办公室综合管理一级行政执法员,汉语言文学、 秘书学、汉语国际教育 | 汉语言文学、 秘书学、汉语国际教育
汉语言文学、汉语言、应用语言学、秘书学、新闻学、行政管理、档案学等,岗位标签,title_or_tag,2,2,government:2,job_3d9b707715b3e9daea1c;job_7344378d9f21d2ca2716,综合部门一级主任科员及以下 | 综合部门一级主任科员及以下,汉语言文学、汉语言、应用语言学、秘书学、新闻学、行政管理、档案学等 | 汉语言文学、汉语言、应用语言学、秘书学、新闻学、行政管理、档案学等
汉语言文学、汉语言、秘书学,岗位标签,title_or_tag,2,2,government:2,job_283b688dbf025e148c01;job_f1bc9e2ad68b2ca3b7aa,一级行政执法员（一） | 边检站一级警长及以下（二十三）,汉语言文学、汉语言、秘书学 | 汉语言文学、汉语言、秘书学
法制二级主办及以下（一）,岗位标签,title_or_tag,2,2,government:2,job_e3896bcd6c07f52b393c;job_b9b4e72a34485a31231b,法制二级主办及以下（一） | 法制二级主办及以下（一）,法制二级主办及以下（一） | 法制二级主办及以下（一）
法制二级主办及以下（二）,岗位标签,title_or_tag,2,2,government:2,job_e023706fcabf3966e3e7;job_c54cd43d2be4b84e7522,法制二级主办及以下（二） | 法制二级主办及以下（二）,法制二级主办及以下（二） | 法制二级主办及以下（二）
法制管理四级主办,岗位标签,title_or_tag,2,2,government:2,job_111ea1312b1d978e98b2;job_49e85bd5167c6e0f205c,法制管理四级主办 | 法制管理四级主办,法制管理四级主办 | 法制管理四级主办
法制管理四级主办及以下（一）,岗位标签,title_or_tag,2,2,government:2,job_4960ecb28dd36108762e;job_e610c6ba37dfaac2cd46,法制管理四级主办及以下（一） | 法制管理四级主办及以下（一）,法制管理四级主办及以下（一） | 法制管理四级主办及以下（一）
法制管理四级主办及以下（二）,岗位标签,title_or_tag,2,2,government:2,job_1f73d08a5c89223f2d7e;job_2609b338ece0c05e4b4a,法制管理四级主办及以下（二） | 法制管理四级主办及以下（二）,法制管理四级主办及以下（二） | 法制管理四级主办及以下（二）
法务管理四级主办及以下,岗位标签,title_or_tag,2,2,government:2,job_406c34f48f44d190ca3b;job_e981cfdfabaaa7bc5e88,法务管理四级主办及以下 | 法务管理四级主办及以下,法务管理四级主办及以下 | 法务管理四级主办及以下
法学、宪法学与行政法学、诉讼法学、国际法学、法律、知识产权、民商法学、经济法学,岗位标签,title_or_tag,2,2,government:2,job_64cb8999b13d6520e6ec;job_657f3c0fb675c2fa790b,法制管理四级主办及以下 | 法制管理四级主办及以下,法学、宪法学与行政法学、诉讼法学、国际法学、法律、知识产权、民商法学、经济法学 | 法学、宪法学与行政法学、诉讼法学、国际法学、法律、知识产权、民商法学、经济法学
法学、法学理论、 宪法学与行政法学、 刑法学、诉讼法学,岗位标签,title_or_tag,2,2,government:2,job_1ded012e9fe7c0f861dd;job_f8645743d0d2c21ce7d7,白云边检站一级警长及以下（二） | 南沙边检站一级警长及以下（二）,法学、法学理论、 宪法学与行政法学、 刑法学、诉讼法学 | 法学、法学理论、 宪法学与行政法学、 刑法学、诉讼法学
法学、法律、国际法、司法警察学、信用风险管理与法律防控（以上均为专业名称）,岗位标签,title_or_tag,2,2,government:2,job_33dd1f8229fde9f0fe30;job_a6b0ed6566d1e3bba1d2,一级科员一 | 一级科员二,法学、法律、国际法、司法警察学、信用风险管理与法律防控（以上均为专业名称） | 法学、法律、国际法、司法警察学、信用风险管理与法律防控（以上均为专业名称）
法学、法律、法学理论专业,岗位标签,title_or_tag,2,2,government:2,job_1ce38836f93e53b68c86;job_a009dab67b87ea0d939d,法规科一级主任科员及以下 | 政策法规科一级主任科员及以下,法学、法律、法学理论专业 | 法学、法律、法学理论专业
法学、法律、知识产权,岗位标签,title_or_tag,2,2,government:2,job_0c16a239c834980a1617;job_b25068bd42e6f597905e,法规部门一级主任科员及以下 | 法律手续审查及流程管理岗位一级主任科员及以下,法学、法律、知识产权 | 法学、法律、知识产权
法学、知识产权、信用风险管理与法律防控、国际经贸规则,岗位标签,title_or_tag,2,2,government:2,job_ae6f7755fb34f059dbd4;job_ee3edb87313ad764420d,综合业务一级行政执法员 | 法律事务一级行政执法员,法学、知识产权、信用风险管理与法律防控、国际经贸规则 | 法学、知识产权、信用风险管理与法律防控、国际经贸规则
法学、知识产权、宪法学与行政法学、刑法学、民商法学、诉讼法学、经济法学、法律,岗位标签,title_or_tag,2,2,government:2,job_406c34f48f44d190ca3b;job_e981cfdfabaaa7bc5e88,法务管理四级主办及以下 | 法务管理四级主办及以下,法学、知识产权、宪法学与行政法学、刑法学、民商法学、诉讼法学、经济法学、法律 | 法学、知识产权、宪法学与行政法学、刑法学、民商法学、诉讼法学、经济法学、法律
法学理论专业,自动短语,auto_phrase,2,2,government:2,job_1ce38836f93e53b68c86;job_a009dab67b87ea0d939d,法规科一级主任科员及以下 | 政策法规科一级主任科员及以下,公务员/事业单位；本科及以上；与最高学历相对应的学位；法学、法律、法学理论专业；市（地）级及以下直属机构综合管理类 | 公务员/事业单位；硕士研究生及以上；与最高学历相对应的学位；法学、法律、法学理论专业；市（地）级及以下直属机构综合管理类
法学类、中国语言文学类、新闻传播学类、经济学类、工商管理类,岗位标签,title_or_tag,2,2,government:2,job_600da8c6b809fa7f80fb;job_9518b5028e812ca45c82,一级行政执法员（五） | 一级行政执法员（五）,法学类、中国语言文学类、新闻传播学类、经济学类、工商管理类 | 法学类、中国语言文学类、新闻传播学类、经济学类、工商管理类
法学类、中国语言文学类、经济学类、财政学类、财会审计类、电子信息类、计算机类,岗位标签,title_or_tag,2,2,government:2,job_b5c742bbc87d940d2170;job_25c4b768980df792c870,一级行政执法员（五） | 一级行政执法员（六）,法学类、中国语言文学类、经济学类、财政学类、财会审计类、电子信息类、计算机类 | 法学类、中国语言文学类、经济学类、财政学类、财会审计类、电子信息类、计算机类
法学类、政治学类、新闻传播学类、英语相关专业,岗位标签,title_or_tag,2,2,government:2,job_48e86e39d1ab0fdaf5a9;job_0e8befca2ae0e7315960,一级行政执法员（三） | 一级行政执法员（四）,法学类、政治学类、新闻传播学类、英语相关专业 | 法学类、政治学类、新闻传播学类、英语相关专业
法学类、政治学类、社会学类、公安学类、中国语言文学类、新闻传播学类,岗位标签,title_or_tag,2,2,government:2,job_4eab1b093fdccf7f8951;job_75bddca55e8afe363e19,一级行政执法员（三） | 一级行政执法员（四）,法学类、政治学类、社会学类、公安学类、中国语言文学类、新闻传播学类 | 法学类、政治学类、社会学类、公安学类、中国语言文学类、新闻传播学类
法学类、新闻传播学类、中国语言文学类、社会学类,岗位标签,title_or_tag,2,2,government:2,job_1e1e442c04d54f105787;job_fb303f31f71f3e3ebab9,一级行政执法员（五） | 一级行政执法员（六）,法学类、新闻传播学类、中国语言文学类、社会学类 | 法学类、新闻传播学类、中国语言文学类、社会学类
法学类、法律硕士,岗位标签,title_or_tag,2,2,government:2,job_e11559a7f8dffdf1c20a;job_9ea791a945331ea5d307,辖区法律类监管岗位一级主任科员及以下 | 法律类监管岗位一级主任科员及以下,法学类、法律硕士 | 法学类、法律硕士
法学类、法律类,岗位标签,title_or_tag,2,2,government:2,job_00dfb42be7000f385605;job_5593d9df01ac0ace297b,辖区法律类监管岗位一级主任科员及以下 | 辖区法律类监管岗位一级主任科员及以下,法学类、法律类 | 法学类、法律类
法学类、社会学类、中国语言文学类,岗位标签,title_or_tag,2,2,government:2,job_ae9a3dcdb9c241221f7d;job_9f02c356b5a2f46cfbe7,一级行政执法员（一） | 一级行政执法员（二）,法学类、社会学类、中国语言文学类 | 法学类、社会学类、中国语言文学类
法学类、社会学类、马克思主义理论类、中国语言文学类、新闻传播学类、英语相关专业,岗位标签,title_or_tag,2,2,government:2,job_edfe1cb1a89ffb353867;job_33b6af41663aee5fdc63,一级行政执法员 | 一级行政执法员,法学类、社会学类、马克思主义理论类、中国语言文学类、新闻传播学类、英语相关专业 | 法学类、社会学类、马克思主义理论类、中国语言文学类、新闻传播学类、英语相关专业
法学类、管理科学与工程类、公共管理类（以上均为专业类别）,岗位标签,title_or_tag,2,2,government:2,job_fe10b46e2f52362b85e5;job_0f54b67b6d2afd6de5ef,一级主任科员及以下 | 一级主任科员及以下,法学类、管理科学与工程类、公共管理类（以上均为专业类别） | 法学类、管理科学与工程类、公共管理类（以上均为专业类别）
法学类、经济学类、财政学类、金融学类、财会审计类,岗位标签,title_or_tag,2,2,government:2,job_89f38de12e4bc169c03b;job_1587c3e93f88d3d6c742,一级行政执法员（八） | 一级行政执法员（七）,法学类、经济学类、财政学类、金融学类、财会审计类 | 法学类、经济学类、财政学类、金融学类、财会审计类
法学类、经济学类、金融学类、经济与贸易类、财会审计类,岗位标签,title_or_tag,2,2,government:2,job_f6bed9d9ed91e6c397cf;job_f6d99a057304bcb6859a,一级行政执法员（八） | 一级行政执法员（六）,法学类、经济学类、金融学类、经济与贸易类、财会审计类 | 法学类、经济学类、金融学类、经济与贸易类、财会审计类
法学类、统计学类、会计学、财务管理、审计学、汉语言文学,岗位标签,title_or_tag,2,2,government:2,job_8c95cce27e1b46d101af;job_29779133fe309fc47f77,监管部门一级主任科员及以下 | 监管部门一级主任科员及以下,法学类、统计学类、会计学、财务管理、审计学、汉语言文学 | 法学类、统计学类、会计学、财务管理、审计学、汉语言文学
法学类、马克思主义理论类、中国语言文学类、社会学类,岗位标签,title_or_tag,2,2,government:2,job_751e1708ddc8d46aa22d;job_baa0d5e34c62880ec222,一级行政执法员（一） | 一级行政执法员（二）,法学类、马克思主义理论类、中国语言文学类、社会学类 | 法学类、马克思主义理论类、中国语言文学类、社会学类
法学类、马克思主义理论类、教育学类,岗位标签,title_or_tag,2,2,government:2,job_92f965cd9cc507f89320;job_ed48bd993d088399bcc2,一级行政执法员（三） | 一级行政执法员（四）,法学类、马克思主义理论类、教育学类 | 法学类、马克思主义理论类、教育学类
法学类、马克思主义理论类、英语相关专业,岗位标签,title_or_tag,2,2,government:2,job_4ffba582fcc0ef541b5b;job_e23eedccf35bcf6d33b3,一级行政执法员（五） | 一级行政执法员（六）,法学类、马克思主义理论类、英语相关专业 | 法学类、马克思主义理论类、英语相关专业
法学门类,岗位标签,title_or_tag,2,2,government:2,job_5ce098e3e2d5fbbd882d;job_3db2b91a3e4ce6395cc7,一级行政执法员（十一） | 一级行政执法员（九）,法学门类 | 法学门类
法学门类（不含社会学类、民族学类、公安学类、社会工作、警务）,岗位标签,title_or_tag,2,2,government:2,job_fb936fc63f0fbb28532f;job_120508b137caecb2863c,一级主任科员及以下 | 一级主任科员及以下,法学门类（不含社会学类、民族学类、公安学类、社会工作、警务） | 法学门类（不含社会学类、民族学类、公安学类、社会工作、警务）
法学（仅限专业代码0301、0351，不含刑法学、环境与资源保护法学、军事法学）,岗位标签,title_or_tag,2,2,government:2,job_6f86b1899bbdc44d1aab;job_ba73effc7f66f8b112a2,法规部门一级主任科员及以下 | 法规部门一级主任科员及以下,法学（仅限专业代码0301、0351，不含刑法学、环境与资源保护法学、军事法学） | 法学（仅限专业代码0301、0351，不含刑法学、环境与资源保护法学、军事法学）
法律、知识产权,岗位标签,title_or_tag,2,2,government:2,job_651c7d67d5393cbd2ffd;job_ed0e3b5db533bd7f3c9a,行政裁决业务处一级主任科员及以下 | 行政诉讼岗位一级主任科员及以下,法律、知识产权 | 法律、知识产权
法律一级行政执法员,岗位标签,title_or_tag,2,2,government:2,job_affdba064612d6fb0010;job_e4eec6e9e922d3da7d33,法律一级行政执法员 | 法律一级行政执法员,法律一级行政执法员 | 法律一级行政执法员
法律专业,自动短语,auto_phrase,2,2,government:2,job_4dd0881b631d78016e7f;job_f45b647fcb56cfe7583e,法规部门一级主任科员及以下 | 稽查处一级主任科员及以下,公务员/事业单位；硕士研究生及以上；与最高学历相对应的学位；研究生为法学类专业（一级学科代码为0301）或法律专业（代码为0351），且本科需为法学专业（仅限专业代码030101K）；中央机关及其省级直属机构综合管理类 | 法律专业
法律四级主办及以下（一）,岗位标签,title_or_tag,2,2,government:2,job_da7647dc805bc230db5e;job_aff0095e0c3239114166,法律四级主办及以下（一） | 法律四级主办及以下（一）,法律四级主办及以下（一） | 法律四级主办及以下（一）
法律四级主办及以下（二）,岗位标签,title_or_tag,2,2,government:2,job_008cfdef999e6c295e72;job_24cecc38dd1cafa9283a,法律四级主办及以下（二） | 法律四级主办及以下（二）,法律四级主办及以下（二） | 法律四级主办及以下（二）
法律类监管,自动短语,auto_phrase,2,2,government:2,job_19de3d40a06d4a1ddd21;job_9ea791a945331ea5d307,法律类监管岗位一级主任科员及以下 | 法律类监管岗位一级主任科员及以下,法律类监管岗位一级主任科员及以下 | 法律类监管岗位一级主任科员及以下
法律类监管岗位一级主任科员及以下,岗位标签,title_or_tag,2,2,government:2,job_19de3d40a06d4a1ddd21;job_9ea791a945331ea5d307,法律类监管岗位一级主任科员及以下 | 法律类监管岗位一级主任科员及以下,法律类监管岗位一级主任科员及以下 | 法律类监管岗位一级主任科员及以下
泰语,岗位标签,title_or_tag,2,2,government:2,job_d162ab10dc0848ce239e;job_0c821035b257f5457e77,泰语 | 九处一级警长及以下,泰语 | 泰语
派出所一级警长及以下,岗位标签,title_or_tag,2,2,government:2,job_8e785b12168a1abe232e;job_9cf6832a4fe0237fb19c,派出所一级警长及以下 | 派出所一级警长及以下,派出所一级警长及以下 | 派出所一级警长及以下
派出所一级警长及以下一,岗位标签,title_or_tag,2,2,government:2,job_b4c811eaedd1a056832a;job_5069aeab433a664fddd7,派出所一级警长及以下一 | 派出所一级警长及以下一,派出所一级警长及以下一 | 派出所一级警长及以下一
派出所一级警长及以下三,岗位标签,title_or_tag,2,2,government:2,job_eb900a9d756d4a487716;job_7c91c3ea9b2aee1b393d,派出所一级警长及以下三 | 派出所一级警长及以下三,派出所一级警长及以下三 | 派出所一级警长及以下三
派出所一级警长及以下二,岗位标签,title_or_tag,2,2,government:2,job_4adff5e4d31363086f8c;job_169ad6c695ecd00b25fc,派出所一级警长及以下二 | 派出所一级警长及以下二,派出所一级警长及以下二 | 派出所一级警长及以下二
派出机构一级行政执法员（三）,岗位标签,title_or_tag,2,2,government:2,job_d84542b0f74e0bce1ed1;job_bfc7fd4fff1a5fc9941c,派出机构一级行政执法员（三） | 派出机构一级行政执法员（三）,派出机构一级行政执法员（三） | 派出机构一级行政执法员（三）
派出机构一级行政执法员（四）,岗位标签,title_or_tag,2,2,government:2,job_7a9632502e287ac43e3f;job_d4b22b4e16091a21066f,派出机构一级行政执法员（四） | 派出机构一级行政执法员（四）,派出机构一级行政执法员（四） | 派出机构一级行政执法员（四）
浙江局业务处一级主任科员及以下,岗位标签,title_or_tag,2,2,government:2,job_819a80e2adff658d9826;job_2ea2f7edb9b94c70c02e,浙江局业务处一级主任科员及以下 | 浙江局业务处一级主任科员及以下,浙江局业务处一级主任科员及以下 | 浙江局业务处一级主任科员及以下
海事管理、海上交通工程、海上安全与环境管理,岗位标签,title_or_tag,2,2,government:2,job_777bad64901e7c4824c1;job_f8d5dfe364ccedef7f30,一级行政执法员（七） | 一级行政执法员（九）,海事管理、海上交通工程、海上安全与环境管理 | 海事管理、海上交通工程、海上安全与环境管理
海事管理、海上安全与环境管理、国际运输与物流,岗位标签,title_or_tag,2,2,government:2,job_6039dda4c5096bfc6d87;job_464ba9c4661f70c1f225,一级行政执法员（五） | 一级行政执法员（十）,海事管理、海上安全与环境管理、国际运输与物流 | 海事管理、海上安全与环境管理、国际运输与物流
海关监管四级主办及以下,岗位标签,title_or_tag,2,2,government:2,job_84c3ea7ca9cd1d3fa360;job_3cc50aabf62821040bbf,海关监管四级主办及以下 | 海关监管四级主办及以下,海关监管四级主办及以下 | 海关监管四级主办及以下
海关财务管理,项目管理,auto_phrase,2,2,government:2,job_58107a02c23ef21f9a63;job_d60f5378ec99f6d2ae27,海关财务管理四级主办及以下 | 海关财务管理一级行政执法员,海关财务管理四级主办及以下 | 海关财务管理一级行政执法员
海拉尔海关缉私分局一级警长及以下,岗位标签,title_or_tag,2,2,government:2,job_d8038b7e6325b0e92b9d;job_1cad3ef2116851f325bf,海拉尔海关缉私分局一级警长及以下 | 海拉尔海关缉私分局一级警长及以下,海拉尔海关缉私分局一级警长及以下 | 海拉尔海关缉私分局一级警长及以下
消防安全岗位一级主任科员及以下,岗位标签,title_or_tag,2,2,government:2,job_65b822846aafb588f2bc;job_df1ebde96abb275ca3e3,消防安全岗位一级主任科员及以下 | 消防安全岗位一级主任科员及以下,消防安全岗位一级主任科员及以下 | 消防安全岗位一级主任科员及以下
物品的卫生检疫监管,自动短语,auto_phrase,2,2,government:2,job_624e7517052acb5c16a1;job_48037cf17c48b35e0567,卫生检疫一级行政执法员 | 卫生检疫一级行政执法员,职位简介：从事海关口岸一线进出境运输工具、货物、人员、物品的卫生检疫监管工作 | 职位简介：从事海关口岸一线进出境运输工具、货物、人员、物品的卫生检疫监管工作
物控查检（电子信息化类）四级主办及以下,岗位标签,title_or_tag,2,2,government:2,job_d62a962cab313d47ee8b;job_1d1dc3dc54a6ebb5e362,物控查检（电子信息化类）四级主办及以下 | 物控查检（电子信息化类）四级主办及以下,物控查检（电子信息化类）四级主办及以下 | 物控查检（电子信息化类）四级主办及以下
物理学类、机械类、建筑类,岗位标签,title_or_tag,2,2,government:2,job_ddda17184ffaed2255f8;job_a1f04c6ca7b9019078ff,一级行政执法员（三） | 一级行政执法员（二）,物理学类、机械类、建筑类 | 物理学类、机械类、建筑类
环境工程硕士（专业硕士）、环境科学、环境工程、海洋科学、化学,岗位标签,title_or_tag,2,2,government:2,job_d1a05452f213aa8323e3;job_72bda20fbb0fdf584168,一级行政执法员（五） | 一级行政执法员（八）,环境工程硕士（专业硕士）、环境科学、环境工程、海洋科学、化学 | 环境工程硕士（专业硕士）、环境科学、环境工程、海洋科学、化学
环境法等相关专业,自动短语,auto_phrase,2,2,government:2,job_b520dd704685cb5aa80e;job_d919ebf323cdfe9f4ee7,业务处一级主任科员及以下 | 业务处一级主任科员及以下,公务员/事业单位；硕士研究生及以上；与最高学历相对应的学位；环境科学与工程、资源与环境、化学类、环境法等相关专业；中央机关及其省级直属机构综合管理类 | 公务员/事业单位；硕士研究生及以上；与最高学历相对应的学位；环境科学与工程、资源与环境、化学类、环境法等相关专业；中央机关及其省级直属机构综合管理类
环境科学、环境工程,岗位标签,title_or_tag,2,2,government:2,job_45addae4616c97fb4b52;job_bbf5a17794c946aff6be,一级行政执法员（六） | 一级行政执法员（二）,环境科学、环境工程 | 环境科学、环境工程
环境科学与工程、资源与环境、化学类、环境法等相关专业,岗位标签,title_or_tag,2,2,government:2,job_b520dd704685cb5aa80e;job_d919ebf323cdfe9f4ee7,业务处一级主任科员及以下 | 业务处一级主任科员及以下,环境科学与工程、资源与环境、化学类、环境法等相关专业 | 环境科学与工程、资源与环境、化学类、环境法等相关专业
环境科学与工程类,岗位标签,title_or_tag,2,2,government:2,job_8f3213eac0fb5b82d218;job_6115814b929579e7a4e4,一级行政执法员（七） | 一级行政执法员（三）,环境科学与工程类 | 环境科学与工程类
生物安全监管,自动短语,auto_phrase,2,2,government:2,job_4a0694d3a153a53ff2be;job_a51592ed4440fc43171c,动植物检疫一级行政执法员 | 动植物检疫一级行政执法员,职位简介：从事海关口岸一线货物查验、生物安全监管及动植物检疫工作 | 职位简介：从事海关口岸一线货物查验、生物安全监管及动植物检疫工作
生物科学、生物技术、生物工程、动物医学、动物科学、动植物检疫,岗位标签,title_or_tag,2,2,government:2,job_96f034f86cd0bde3c44e;job_a5a2b5e38f4038af8b63,动物检疫一级行政执法员（一） | 动物检疫一级行政执法员（二）,生物科学、生物技术、生物工程、动物医学、动物科学、动植物检疫 | 生物科学、生物技术、生物工程、动物医学、动物科学、动植物检疫
电力等相关专业,岗位标签,title_or_tag,2,2,government:2,job_45d6416f315293099120;job_729e9d9b6313038b17da,江西业务办公室一级主任科员及以下 | 西藏业务办公室一级主任科员及以下,电力等相关专业 | 电力等相关专业
电子信息、计算机科学与技术,岗位标签,title_or_tag,2,2,government:2,job_d34cd26c832aa19bae0e;job_69d58193c09313c2e6be,福州出入境边防检查站一级警长及以下 | 福清出入境边防检查站一级警长及以下,电子信息、计算机科学与技术 | 电子信息、计算机科学与技术
电子信息类、统计学类、计算机类,岗位标签,title_or_tag,2,2,government:2,job_1a0db7915f138d227d34;job_63c14bcda7b0f5f50f03,一级行政执法员（一） | 一级行政执法员（二）,电子信息类、统计学类、计算机类 | 电子信息类、统计学类、计算机类
电子信息类、自动化类、计算机类、安全科学与工程类,岗位标签,title_or_tag,2,2,government:2,job_d7476b793d5e972f5e98;job_5b8fd2cb7b70c8ec2867,一级行政执法员（二） | 一级行政执法员（二）,电子信息类、自动化类、计算机类、安全科学与工程类 | 电子信息类、自动化类、计算机类、安全科学与工程类
电子信息类、计算机类、化工与制药类,岗位标签,title_or_tag,2,2,government:2,job_282c0419e1a91b213218;job_2d9e3e28d73238ba8162,一级行政执法员（三） | 一级行政执法员（四）,电子信息类、计算机类、化工与制药类 | 电子信息类、计算机类、化工与制药类
电子信息类、计算机类、建筑类,岗位标签,title_or_tag,2,2,government:2,job_3859d185cfc2283fb2ca;job_74eccb01493d820dda7e,稽查局一级科员（五） | 一级行政执法员（七）,电子信息类、计算机类、建筑类 | 电子信息类、计算机类、建筑类
电子商务及法律,自动短语,auto_phrase,2,2,government:2,job_5a1f71e2f755b34e9b47;job_3cc4a636308d87cbf6e9,综合业务二级主办及以下 | 综合业务二级主办及以下,公务员/事业单位；本科及以上；与最高学历相对应的学位；本科：法学、知识产权、电子商务及法律 研究生：法学、法律；行政执法类 | 公务员/事业单位；本科及以上；与最高学历相对应的学位；本科：法学、知识产权、电子商务及法律 研究生：法学、法律；行政执法类
电机与电器、电力系统及其自动化、电力电子与电力传动,岗位标签,title_or_tag,2,2,government:2,job_a06263a5415703cf0114;job_fca27c8cacef59d7e0c0,一级行政执法员（十一） | 一级行政执法员（十四）,电机与电器、电力系统及其自动化、电力电子与电力传动 | 电机与电器、电力系统及其自动化、电力电子与电力传动
电机电器智能化,自动短语,auto_phrase,2,2,government:2,job_3f571f9ce21f2665f218;job_496c068996417d115c5e,科技管理（机械自动化类）四级主办及以下 | 电力领域一级主任科员及以下,公务员/事业单位；本科或硕士研究生；与最高学历相对应的学位；机械工程、机械设计制造及其自动化、材料成型及控制工程、机械电子工程、电气工程及其自动化、电气工程与智能控制、电机电器智能化、自动化、智能装备与系统、机械制造及其自动化、机械设计及理论、电气工程、电机与电器、智能制造技术；行政执法类 | 公务员/事业单位；硕士研究生及以上；与最高学历相对应的学位；电力系统、电力系统及其自动化、电力电子与电力传动、电气工程、电气工程及其自动化、电气工程与智能控制、电机与电器、电机电器智能化、智慧能源工程、智能电网信息工程、智能装备与系统、自动化、控制理论与控制工程；中央机关及其省级直属机构综合管理类
电气类、电子信息类、计算机类、环境科学与工程类,岗位标签,title_or_tag,2,2,government:2,job_246cc867fdc7d0f983bb;job_c86fc765beb45d5bad99,一级行政执法员（二） | 一级行政执法员（二）,电气类、电子信息类、计算机类、环境科学与工程类 | 电气类、电子信息类、计算机类、环境科学与工程类
登轮检疫鉴定及一线监管,自动短语,auto_phrase,2,2,government:2,job_0c8a2bbe853f0c1f64f4;job_6daaf75e422b3fc7af81,登轮监管二级主办及以下 | 登轮监管二级主办及以下,职位简介：从事海关货物查验、卫生检疫、登轮检疫鉴定及一线监管工作 | 职位简介：从事海关货物查验、卫生检疫、登轮检疫鉴定及一线监管工作
登轮监管二级主办及以下,岗位标签,title_or_tag,2,2,government:2,job_0c8a2bbe853f0c1f64f4;job_6daaf75e422b3fc7af81,登轮监管二级主办及以下 | 登轮监管二级主办及以下,登轮监管二级主办及以下 | 登轮监管二级主办及以下
监测预报与科技处一级主任科员及以下,岗位标签,title_or_tag,2,2,government:2,job_8cf87d6bd955a7e379c6;job_0bb147ba28aef5237bd6,监测预报与科技处一级主任科员及以下 | 监测预报与科技处一级主任科员及以下,监测预报与科技处一级主任科员及以下 | 监测预报与科技处一级主任科员及以下
监狱学（030103T）、司法警察学（030106TK）,岗位标签,title_or_tag,2,2,government:2,job_e05d15f3180242871f9b;job_5db11b0c4f75b985a880,东兴遣返中心执行队一级警长及以下（四） | 南宁遣返站执行队一级警长及以下（三）,监狱学（030103T）、司法警察学（030106TK） | 监狱学（030103T）、司法警察学（030106TK）
监督处一级主任科员及以下,岗位标签,title_or_tag,2,2,government:2,job_9fa9611ed58e724e519a;job_55dcead508495b117ab0,监督处一级主任科员及以下 | 监督处一级主任科员及以下,监督处一级主任科员及以下 | 监督处一级主任科员及以下
监管三处一级主任科员及以下,岗位标签,title_or_tag,2,2,government:2,job_4f7458ad961381be5745;job_d7a1e671c4f2667325ab,监管三处一级主任科员及以下 | 监管三处一级主任科员及以下,监管三处一级主任科员及以下 | 监管三处一级主任科员及以下
监管二级主办及以下,岗位标签,title_or_tag,2,2,government:2,job_927e645eb867add218c5;job_bf7d56bbf29c905e5938,监管二级主办及以下 | 监管二级主办及以下,监管二级主办及以下 | 监管二级主办及以下
监管四级主办及以下（一）,岗位标签,title_or_tag,2,2,government:2,job_7a184a55547a7a3c993c;job_f8f195bdf662f57f04cb,监管四级主办及以下（一） | 监管四级主办及以下（一）,监管四级主办及以下（一） | 监管四级主办及以下（一）
监管四级主办及以下（二）,岗位标签,title_or_tag,2,2,government:2,job_9d201ed2f28db023f656;job_fd81dd72b4344f8e70e7,监管四级主办及以下（二） | 监管四级主办及以下（二）,监管四级主办及以下（二） | 监管四级主办及以下（二）
监管工作一级行政执法员,岗位标签,title_or_tag,2,2,government:2,job_00d3086c2458a0db07b2;job_2690baa95357e5ddbc78,监管工作一级行政执法员 | 监管工作一级行政执法员,监管工作一级行政执法员 | 监管工作一级行政执法员
监管（机械自动化类）二级主办及以下,岗位标签,title_or_tag,2,2,government:2,job_44918b8f59c092cba99a;job_5a0957ef6af9750f2354,监管（机械自动化类）二级主办及以下 | 监管（机械自动化类）二级主办及以下,监管（机械自动化类）二级主办及以下 | 监管（机械自动化类）二级主办及以下
监管（电子信息化类）二级主办及以下,岗位标签,title_or_tag,2,2,government:2,job_bae218c83a559ddd594c;job_da1fe601e76a1286503d,监管（电子信息化类）二级主办及以下 | 监管（电子信息化类）二级主办及以下,监管（电子信息化类）二级主办及以下 | 监管（电子信息化类）二级主办及以下
监管（统计分析应用类）一级行政执法员,岗位标签,title_or_tag,2,2,government:2,job_1869f49a04137b2598b0;job_f8ed74bf8fe7e85a3c1a,监管（统计分析应用类）一级行政执法员 | 监管（统计分析应用类）一级行政执法员,监管（统计分析应用类）一级行政执法员 | 监管（统计分析应用类）一级行政执法员
监管（统计分析应用类）二级主办及以下,岗位标签,title_or_tag,2,2,government:2,job_7750c54fd143fbd7f7b9;job_089e59ec80b4e4fb0cd1,监管（统计分析应用类）二级主办及以下 | 监管（统计分析应用类）二级主办及以下,监管（统计分析应用类）二级主办及以下 | 监管（统计分析应用类）二级主办及以下
研究分析和制度政策制定及监管,自动短语,auto_phrase,2,2,government:2,job_0584e1914397c4894f58;job_f4d9a146926a4d60d82f,一级主任科员及以下 | 一级主任科员及以下,职位简介：从事财政数据研究分析和制度政策制定及监管等工作 | 职位简介：从事财政数据研究分析和制度政策制定及监管等工作
离退休干部处一级主任科员及以下,岗位标签,title_or_tag,2,2,government:2,job_a0671ab8312324451fcc;job_ab5b01df2ab055d0e95c,离退休干部处一级主任科员及以下 | 离退休干部处一级主任科员及以下,离退休干部处一级主任科员及以下 | 离退休干部处一级主任科员及以下
科学社会主义、中国共产党历史、思想政治教育、马克思主义理论,岗位标签,title_or_tag,2,2,government:2,job_4c06f74233d23af64a87;job_8972bbcab74666d95d61,政工宣传四级主办及以下 | 政工宣传一级行政执法员,科学社会主义、中国共产党历史、思想政治教育、马克思主义理论 | 科学社会主义、中国共产党历史、思想政治教育、马克思主义理论
科技处一级主任科员及以下,岗位标签,title_or_tag,2,2,government:2,job_1d5860d9cf540184e199;job_8ed7bf2812ba6bc18c51,科技处一级主任科员及以下 | 科技处一级主任科员及以下,科技处一级主任科员及以下 | 科技处一级主任科员及以下
科技管理（机械自动化类）四级主办,岗位标签,title_or_tag,2,2,government:2,job_47c534a249b0855b18df;job_5b260e20eb8f08610ea0,科技管理（机械自动化类）四级主办 | 科技管理（机械自动化类）四级主办,科技管理（机械自动化类）四级主办 | 科技管理（机械自动化类）四级主办
科技管理（电子信息化类）一级行政执法员（一）,岗位标签,title_or_tag,2,2,government:2,job_95050f58d70f2e923c65;job_4bf17361a0c47bf4d27f,科技管理（电子信息化类）一级行政执法员（一） | 科技管理（电子信息化类）一级行政执法员（一）,科技管理（电子信息化类）一级行政执法员（一） | 科技管理（电子信息化类）一级行政执法员（一）
科技管理（电子信息化类）一级行政执法员（二）,岗位标签,title_or_tag,2,2,government:2,job_3acf8c8a61438350ed5d;job_a9c6d43260bf67da1873,科技管理（电子信息化类）一级行政执法员（二） | 科技管理（电子信息化类）一级行政执法员（二）,科技管理（电子信息化类）一级行政执法员（二） | 科技管理（电子信息化类）一级行政执法员（二）
科技管理（电子信息化类）四级主管及以下,岗位标签,title_or_tag,2,2,government:2,job_90ad261a4002c3cd27c8;job_ae7d1bba936712a5d5a4,科技管理（电子信息化类）四级主管及以下 | 科技管理（电子信息化类）四级主管及以下,科技管理（电子信息化类）四级主管及以下 | 科技管理（电子信息化类）四级主管及以下
秦皇岛铁路公安处基层所队民警,岗位标签,title_or_tag,2,2,government:2,job_911e866bd5856bc380e8;job_14514e8ed50cf8934fb8,秦皇岛铁路公安处基层所队民警 | 秦皇岛铁路公安处基层所队民警,秦皇岛铁路公安处基层所队民警 | 秦皇岛铁路公安处基层所队民警
税收征管等进出境行李物品监管,自动短语,auto_phrase,2,2,government:2,job_486fb87382a624faa9a4;job_dc0d53f8ecbc1b14a2fa,税收征管四级主办及以下（一） | 税收征管四级主办及以下（二）,职位简介：从事海关税收征管等进出境行李物品监管、货物查验监管相关工作 | 职位简介：从事海关税收征管等进出境行李物品监管、货物查验监管相关工作
稽查局一级主任科员及以下（三）,岗位标签,title_or_tag,2,2,government:2,job_d994a3d72e4d6d5b28a4;job_cc36c3498d148b11d637,稽查局一级主任科员及以下（三） | 稽查局一级主任科员及以下（三）,稽查局一级主任科员及以下（三） | 稽查局一级主任科员及以下（三）
稽查局一级主办及以下（一）,岗位标签,title_or_tag,2,2,government:2,job_d060887563d96df8966e;job_34154b8ef4cf89d4ef1b,稽查局一级主办及以下（一） | 稽查局一级主办及以下（一）,稽查局一级主办及以下（一） | 稽查局一级主办及以下（一）
稽查局一级主办及以下（二）,岗位标签,title_or_tag,2,2,government:2,job_a08237142b97ed85eceb;job_4d4ebb557288ee6e70cd,稽查局一级主办及以下（二） | 稽查局一级主办及以下（二）,稽查局一级主办及以下（二） | 稽查局一级主办及以下（二）
稽查局一级行政执法员（五）,岗位标签,title_or_tag,2,2,government:2,job_09d36e1fd2d20ce1a6be;job_83951eb7878a2864fd98,稽查局一级行政执法员（五） | 稽查局一级行政执法员（五）,稽查局一级行政执法员（五） | 稽查局一级行政执法员（五）
稽查局一级行政执法员（六）,岗位标签,title_or_tag,2,2,government:2,job_42c1dd7f419ed8cbae0d;job_f274697aa55ebccbf8e4,稽查局一级行政执法员（六） | 稽查局一级行政执法员（六）,稽查局一级行政执法员（六） | 稽查局一级行政执法员（六）
第一税务分局一级行政执法员,岗位标签,title_or_tag,2,2,government:2,job_f06a781d581c674dde59;job_4b2b75c48b5a60361777,第一税务分局一级行政执法员 | 第一税务分局一级行政执法员,第一税务分局一级行政执法员 | 第一税务分局一级行政执法员
第一稽查局一级主任科员及以下（三）,岗位标签,title_or_tag,2,2,government:2,job_dbe5b6fb488bc905f86a;job_5ad03472b2790c54e327,第一稽查局一级主任科员及以下（三） | 第一稽查局一级主任科员及以下（三）,第一稽查局一级主任科员及以下（三） | 第一稽查局一级主任科员及以下（三）
第三稽查局一级主任科员及以下（三）,岗位标签,title_or_tag,2,2,government:2,job_32f70a1787d91010078d;job_a5637b5b15e397bf8f53,第三稽查局一级主任科员及以下（三） | 第三稽查局一级主任科员及以下（三）,第三稽查局一级主任科员及以下（三） | 第三稽查局一级主任科员及以下（三）
第三稽查局一级行政执法员（一）,岗位标签,title_or_tag,2,2,government:2,job_9a1db0b547bdb0e13959;job_71bf16b23ce603897e0c,第三稽查局一级行政执法员（一） | 第三稽查局一级行政执法员（一）,第三稽查局一级行政执法员（一） | 第三稽查局一级行政执法员（一）
第三稽查局一级行政执法员（二）,岗位标签,title_or_tag,2,2,government:2,job_560bbd2579a5f37275b1;job_0d047019c72c2ec6aef2,第三稽查局一级行政执法员（二） | 第三稽查局一级行政执法员（二）,第三稽查局一级行政执法员（二） | 第三稽查局一级行政执法员（二）
第二稽查局一级主任科员及以下,岗位标签,title_or_tag,2,2,government:2,job_b258a167560db4c56049;job_ce1a2d64a2dfd3c8571a,第二稽查局一级主任科员及以下 | 第二稽查局一级主任科员及以下,第二稽查局一级主任科员及以下 | 第二稽查局一级主任科员及以下
第二稽查局一级主任科员及以下（一）,岗位标签,title_or_tag,2,2,government:2,job_13b32780864224459cc7;job_4cacb61630a13d832335,第二稽查局一级主任科员及以下（一） | 第二稽查局一级主任科员及以下（一）,第二稽查局一级主任科员及以下（一） | 第二稽查局一级主任科员及以下（一）
第二稽查局一级主任科员及以下（三）,岗位标签,title_or_tag,2,2,government:2,job_c27943851f29a5dd2b3a;job_02ded0049c462cd3175d,第二稽查局一级主任科员及以下（三） | 第二稽查局一级主任科员及以下（三）,第二稽查局一级主任科员及以下（三） | 第二稽查局一级主任科员及以下（三）
第二稽查局一级主任科员及以下（二）,岗位标签,title_or_tag,2,2,government:2,job_c3a0a901ce857b35af0a;job_6025493d86da3c7071fe,第二稽查局一级主任科员及以下（二） | 第二稽查局一级主任科员及以下（二）,第二稽查局一级主任科员及以下（二） | 第二稽查局一级主任科员及以下（二）
第五稽查局一级主任科员及以下（三）,岗位标签,title_or_tag,2,2,government:2,job_4e5d16b421f5b2199cdd;job_d635a18fb352f6a41eeb,第五稽查局一级主任科员及以下（三） | 第五稽查局一级主任科员及以下（三）,第五稽查局一级主任科员及以下（三） | 第五稽查局一级主任科员及以下（三）
第四稽查局一级主任科员及以下（一）,岗位标签,title_or_tag,2,2,government:2,job_aa97e507c697f20e263e;job_f0d56019319d09d764d8,第四稽查局一级主任科员及以下（一） | 第四稽查局一级主任科员及以下（一）,第四稽查局一级主任科员及以下（一） | 第四稽查局一级主任科员及以下（一）
第四稽查局一级主任科员及以下（三）,岗位标签,title_or_tag,2,2,government:2,job_d53f1572055e192b34b5;job_68ad21510555ebcb26d4,第四稽查局一级主任科员及以下（三） | 第四稽查局一级主任科员及以下（三）,第四稽查局一级主任科员及以下（三） | 第四稽查局一级主任科员及以下（三）
第四稽查局一级主任科员及以下（二）,岗位标签,title_or_tag,2,2,government:2,job_734dbd31f8ca122ee568;job_563d2b80fe82d68bf5f8,第四稽查局一级主任科员及以下（二） | 第四稽查局一级主任科员及以下（二）,第四稽查局一级主任科员及以下（二） | 第四稽查局一级主任科员及以下（二）
管理科学与工程等相关专业,项目管理,auto_phrase,2,2,government:2,job_ef6b8c54e16b15f3d3f7;job_37fc2b2f7f9e26cfb45c,能源安全处一级主任科员及以下 | 航天监管岗一级主任科员及以下,公务员/事业单位；硕士研究生及以上；与最高学历相对应的学位；经济学、统计学、电气工程、管理科学与工程等相关专业；中央机关及其省级直属机构综合管理类 | 公务员/事业单位；硕士研究生及以上；与最高学历相对应的学位；航天相关理工类专业，安全科学与工程、管理科学与工程等相关专业；中央机关及其省级直属机构综合管理类
管理科学与工程类、公共管理类,岗位标签,title_or_tag,2,2,government:2,job_976fa9f0e022249cad2e;job_4105cdd4f6e2bd360d28,一级行政执法员（四） | 一级行政执法员（三）,管理科学与工程类、公共管理类 | 管理科学与工程类、公共管理类
管理科学与工程类、工商管理类、物流管理与工程类,岗位标签,title_or_tag,2,2,government:2,job_a3b47070e34e3dcd199e;job_0b9791f01bb64734549c,一级行政执法员（二） | 一级行政执法员（三）,管理科学与工程类、工商管理类、物流管理与工程类 | 管理科学与工程类、工商管理类、物流管理与工程类
纪检组纪检一室一级主任科员及以下,岗位标签,title_or_tag,2,2,government:2,job_dc688b3c2f8f969ad3e7;job_78f0a12e8629891a307a,纪检组纪检一室一级主任科员及以下 | 纪检组纪检一室一级主任科员及以下,纪检组纪检一室一级主任科员及以下 | 纪检组纪检一室一级主任科员及以下
纺织品检验监管,自动短语,auto_phrase,2,2,government:2,job_66ff4744009933d12730;job_3b6eacd67a03691aa46c,化工产品检验监管四级主办及以下（一） | 化工产品检验监管四级主办及以下（二）,职位简介：从事海关口岸一线危化品、化工产品、纺织品检验监管，进出境运输工具、货物查验监管，卫生检疫、动植物及其产品检验检疫，食品检验监管，以及登轮检疫鉴定等工作 | 职位简介：从事海关口岸一线危化品、化工产品、纺织品检验监管，进出境运输工具、货物查验监管，卫生检疫、动植物及其产品检验检疫，食品检验监管，以及登轮检疫鉴定等工作
线进出境化学类物品查验及监管,自动短语,auto_phrase,2,2,government:2,job_99e9124f45b01419fef8;job_01f533ae8e89974a3a87,化学检验一级行政执法员 | 化学检验一级行政执法员,职位简介：从事海关口岸一线进出境化学类物品查验及监管工作 | 职位简介：从事海关口岸一线进出境化学类物品查验及监管工作
线进出境化工矿产品检验监管,产品运营,auto_phrase,2,2,government:2,job_401f9e546a0e425c8e3b;job_ea75a0069ddd48724d42,商品检验一级行政执法员 | 商品检验一级行政执法员,职位简介：从事海关口岸一线进出境化工矿产品检验监管工作 | 职位简介：从事海关口岸一线进出境化工矿产品检验监管工作
线进出境运输工具卫生检疫监管,自动短语,auto_phrase,2,2,government:2,job_f47aac5a793dae687287;job_bb24ad1c60aade4893ae,卫生检疫一级行政执法员 | 卫生检疫一级行政执法员,职位简介：从事海关口岸一线进出境运输工具卫生检疫监管等相关工作 | 职位简介：从事海关口岸一线进出境运输工具卫生检疫监管等相关工作
组织内部审计,自动短语,auto_phrase,2,2,government:2,job_123fe30c29381f76ed8f;job_819a80e2adff658d9826,业务处一级主任科员及以下 | 浙江局业务处一级主任科员及以下,负责国有资产监督管理、组织内部审计等工作 | 组织内部审计等
组织处一级主任科员及以下,岗位标签,title_or_tag,2,2,government:2,job_6e1701f5509fd91fcd31;job_76eab50cabd13ed20dd9,组织处一级主任科员及以下 | 组织处一级主任科员及以下,组织处一级主任科员及以下 | 组织处一级主任科员及以下
组织宣传处一级主任科员及以下,岗位标签,title_or_tag,2,2,government:2,job_c10fe858b4af37c30381;job_078beeef1431eb7b3c6d,组织宣传处一级主任科员及以下 | 组织宣传处一级主任科员及以下,组织宣传处一级主任科员及以下 | 组织宣传处一级主任科员及以下
组织开展内部审计,自动短语,auto_phrase,2,2,government:2,job_307ad74b0f49e52523c9;job_a49102a249b1fdf66914,财务审计处一级主任科员及以下 | 资产与审计处一级主任科员及以下,职位简介：负责编制部门预决算，落实有关财务、资产、审计制度，组织开展内部审计等 | 审计监督工作，组织开展内部审计
经济与贸易类、工商管理类、公共管理类,岗位标签,title_or_tag,2,2,government:2,job_aa75efeebf5c86f3c25a;job_2861de0dc9f01c6448d4,一级行政执法员（一） | 一级行政执法员（二）,经济与贸易类、工商管理类、公共管理类 | 经济与贸易类、工商管理类、公共管理类
经济与贸易类、社会保障类,岗位标签,title_or_tag,2,2,government:2,job_dc63beb249cd774dc542;job_4f44fae1ae0fcdb508ef,一级行政执法员（一） | 一级行政执法员（二）,经济与贸易类、社会保障类 | 经济与贸易类、社会保障类
经济与贸易类、管理科学与工程类、电子商务类、财会审计类,岗位标签,title_or_tag,2,2,government:2,job_7eb1f58f2e04e6a50d3d;job_c2b74224b17f02f2db0b,一级行政执法员（一） | 一级行政执法员（二）,经济与贸易类、管理科学与工程类、电子商务类、财会审计类 | 经济与贸易类、管理科学与工程类、电子商务类、财会审计类
经济与贸易类、管理科学与工程类、社会保障类,岗位标签,title_or_tag,2,2,government:2,job_75e347c89041efdf0461;job_f5f2ec636c7cf4e7036b,一级行政执法员（三） | 一级行政执法员（四）,经济与贸易类、管理科学与工程类、社会保障类 | 经济与贸易类、管理科学与工程类、社会保障类
经济与贸易类、管理科学与工程类、社会保障类、电子商务类,岗位标签,title_or_tag,2,2,government:2,job_b25e12f0a114f8d96956;job_cf30585f39a4af9133f2,一级行政执法员（一） | 一级行政执法员（二）,经济与贸易类、管理科学与工程类、社会保障类、电子商务类 | 经济与贸易类、管理科学与工程类、社会保障类、电子商务类
经济与贸易类、管理科学与工程类、财会审计类,岗位标签,title_or_tag,2,2,government:2,job_786358d877ef53e70e30;job_64ed3eac441fcbe0201c,一级行政执法员（一） | 一级行政执法员（二）,经济与贸易类、管理科学与工程类、财会审计类 | 经济与贸易类、管理科学与工程类、财会审计类
经济与贸易类、管理科学与工程类、财会审计类、公共管理类,岗位标签,title_or_tag,2,2,government:2,job_56b84193d5d9f865d58d;job_bd8bf2402ef42c026d84,一级行政执法员（七） | 一级行政执法员（八）,经济与贸易类、管理科学与工程类、财会审计类、公共管理类 | 经济与贸易类、管理科学与工程类、财会审计类、公共管理类
经济学,岗位标签,title_or_tag,2,2,government:2,job_aeb7ab46e00581d4b818;job_ac6316eb5578713409e7,业务处室一级主任科员及以下 | 监管部门一级主任科员及以下,经济学 | 经济学
经济学、经济统计学、金融学、金融工程,岗位标签,title_or_tag,2,2,government:2,job_70f68686e7b55c3f0c3e;job_6a45a24c77b1be7a529a,监管部门一级主任科员及以下 | 监管部门一级主任科员及以下,经济学、经济统计学、金融学、金融工程 | 经济学、经济统计学、金融学、金融工程
经济学类、会计、审计,岗位标签,title_or_tag,2,2,government:2,job_dc1b44d935e84240ad6b;job_fa1cc847af924215d320,一级主任科员及以下 | 一级主任科员及以下,经济学类、会计、审计 | 经济学类、会计、审计
经济学类、公共管理类、电子商务类,岗位标签,title_or_tag,2,2,government:2,job_4bf7a9d99cdcf5ea5d6d;job_ff86812264f588f73b11,一级行政执法员（五） | 一级行政执法员（六）,经济学类、公共管理类、电子商务类 | 经济学类、公共管理类、电子商务类
经济学类、工商管理类、公共管理类、物流管理与工程类,岗位标签,title_or_tag,2,2,government:2,job_f13b27cfe5dab0323174;job_5c40f1ceb28c03d3b8bf,一级行政执法员（一） | 一级行政执法员（二）,经济学类、工商管理类、公共管理类、物流管理与工程类 | 经济学类、工商管理类、公共管理类、物流管理与工程类
经济学类、工商管理类、电子商务类,岗位标签,title_or_tag,2,2,government:2,job_356baf4494fab69a784b;job_e79b305ccdfecdf1b59d,一级行政执法员（一） | 一级行政执法员（二）,经济学类、工商管理类、电子商务类 | 经济学类、工商管理类、电子商务类
经济学类、数学类、统计学类、计算机类、农业经济管理类,岗位标签,title_or_tag,2,2,government:2,job_b43f990a1aa31460d4fb;job_6042fa558fed081b2c1e,额敏调查队一级科员（1） | 额敏调查队一级科员（2）,经济学类、数学类、统计学类、计算机类、农业经济管理类 | 经济学类、数学类、统计学类、计算机类、农业经济管理类
经济学类、社会保障类、电子商务类,岗位标签,title_or_tag,2,2,government:2,job_8c7aea6feb948cd2250c;job_7d44938ee723400bb2ce,一级行政执法员（五） | 一级行政执法员（六）,经济学类、社会保障类、电子商务类 | 经济学类、社会保障类、电子商务类
经济学类、经济与贸易类、农业经济管理类,岗位标签,title_or_tag,2,2,government:2,job_89d0e0616b9a922e9a9b;job_79fc46a9f209b0b49dcf,一级行政执法员（三） | 一级行政执法员（四）,经济学类、经济与贸易类、农业经济管理类 | 经济学类、经济与贸易类、农业经济管理类
经济学类、经济与贸易类、工商管理类、公共管理类、电子商务类,岗位标签,title_or_tag,2,2,government:2,job_cb79b7ec09eeec5ac14c;job_d98d4d069dc5ca4fec20,一级行政执法员（一） | 一级行政执法员（二）,经济学类、经济与贸易类、工商管理类、公共管理类、电子商务类 | 经济学类、经济与贸易类、工商管理类、公共管理类、电子商务类
经济学类、经济与贸易类、工商管理类、管理科学与工程类,岗位标签,title_or_tag,2,2,government:2,job_dd6d3744337aa8bcdb6b;job_a96d3542e283c36e2d4e,一级行政执法员（三） | 一级行政执法员（四）,经济学类、经济与贸易类、工商管理类、管理科学与工程类 | 经济学类、经济与贸易类、工商管理类、管理科学与工程类
经济学类、经济与贸易类、管理科学与工程类、公共管理类、电子商务类,岗位标签,title_or_tag,2,2,government:2,job_c14acc7be72e002ded5d;job_2d76f4fe1b97bb4ec481,一级行政执法员（一） | 一级行政执法员（二）,经济学类、经济与贸易类、管理科学与工程类、公共管理类、电子商务类 | 经济学类、经济与贸易类、管理科学与工程类、公共管理类、电子商务类
经济学类、经济与贸易类、管理科学与工程类、图书情报与档案管理类,岗位标签,title_or_tag,2,2,government:2,job_9a283cbe272e3e473bb6;job_f82fac66c0f4ad637eff,一级行政执法员（一） | 一级行政执法员（二）,经济学类、经济与贸易类、管理科学与工程类、图书情报与档案管理类 | 经济学类、经济与贸易类、管理科学与工程类、图书情报与档案管理类
经济学类、经济与贸易类、管理科学与工程类、电子商务类,岗位标签,title_or_tag,2,2,government:2,job_b86be2ee05abcfc89f13;job_2ef183cee3145e31ede8,一级行政执法员（一） | 一级行政执法员（二）,经济学类、经济与贸易类、管理科学与工程类、电子商务类 | 经济学类、经济与贸易类、管理科学与工程类、电子商务类
经济学类、经济与贸易类、管理科学与工程类、社会保障类,岗位标签,title_or_tag,2,2,government:2,job_f9d670d0f402d8d1c60a;job_f4c8efb359591cd6e4ae,一级行政执法员（一） | 一级行政执法员（二）,经济学类、经济与贸易类、管理科学与工程类、社会保障类 | 经济学类、经济与贸易类、管理科学与工程类、社会保障类
经济学类、经济与贸易类、财政学类、财会审计类、社会保障类,岗位标签,title_or_tag,2,2,government:2,job_072e23b9262d8c27254d;job_eb0c3fe4cf89ecdfee67,第二稽查局一级行政执法员（一） | 第二稽查局一级行政执法员（二）,经济学类、经济与贸易类、财政学类、财会审计类、社会保障类 | 经济学类、经济与贸易类、财政学类、财会审计类、社会保障类
经济学类、统计学类、计算机类、数学类,岗位标签,title_or_tag,2,2,government:2,job_abd5d1f44b94092d2a90;job_f8ae1c23483dc82af80f,乌苏调查队一级科员（1） | 乌苏调查队一级科员（2）,经济学类、统计学类、计算机类、数学类 | 经济学类、统计学类、计算机类、数学类
经济学类、财会审计类、管理科学与工程类,岗位标签,title_or_tag,2,2,government:2,job_e8bf0f80e1cfc6c9a24c;job_cf3a4c27b01b1115867f,一级行政执法员（一） | 一级行政执法员（二）,经济学类、财会审计类、管理科学与工程类 | 经济学类、财会审计类、管理科学与工程类
经济学类、财政学类、工商管理类、公共管理类、图书情报与档案管理类,岗位标签,title_or_tag,2,2,government:2,job_b9c62ca620c3de0c3dac;job_db5981fbf4eaceda29e1,一级行政执法员（一） | 一级行政执法员（二）,经济学类、财政学类、工商管理类、公共管理类、图书情报与档案管理类 | 经济学类、财政学类、工商管理类、公共管理类、图书情报与档案管理类
经济学类、财政学类、工商管理类、农业经济管理类,岗位标签,title_or_tag,2,2,government:2,job_3c24adbacd762a83155f;job_d3bba01df700e09b0c7e,一级行政执法员（五） | 一级行政执法员（六）,经济学类、财政学类、工商管理类、农业经济管理类 | 经济学类、财政学类、工商管理类、农业经济管理类
经济学类、财政学类、工商管理类、工业工程类,岗位标签,title_or_tag,2,2,government:2,job_574966d2429f8ec71af8;job_1f13a834dc51d3f9a08d,一级行政执法员（一） | 一级行政执法员（二）,经济学类、财政学类、工商管理类、工业工程类 | 经济学类、财政学类、工商管理类、工业工程类
经济学类、财政学类、工商管理类、物流管理与工程类,岗位标签,title_or_tag,2,2,government:2,job_9605a1e9976906e147b4;job_7923e47bfa0039e2791a,一级行政执法员（三） | 一级行政执法员（四）,经济学类、财政学类、工商管理类、物流管理与工程类 | 经济学类、财政学类、工商管理类、物流管理与工程类
经济学类、财政学类、工商管理类、电子信息类、计算机类,岗位标签,title_or_tag,2,2,government:2,job_cb786503570e627f7a9f;job_857b03f21676dfd629d6,一级行政执法员（五） | 一级行政执法员（五）,经济学类、财政学类、工商管理类、电子信息类、计算机类 | 经济学类、财政学类、工商管理类、电子信息类、计算机类
经济学类、财政学类、工商管理类、电子商务类,岗位标签,title_or_tag,2,2,government:2,job_17b9538adce4935640c3;job_87f24032172c78d5164f,一级行政执法员（一） | 一级行政执法员（二）,经济学类、财政学类、工商管理类、电子商务类 | 经济学类、财政学类、工商管理类、电子商务类
经济学类、财政学类、管理科学与工程类、社会保障类,岗位标签,title_or_tag,2,2,government:2,job_4f5726039cb4efaa7d26;job_1c82fa2b66e8aa079676,一级行政执法员（一） | 一级行政执法员（二）,经济学类、财政学类、管理科学与工程类、社会保障类 | 经济学类、财政学类、管理科学与工程类、社会保障类
经济学类、财政学类、经济与贸易类、公共管理类,岗位标签,title_or_tag,2,2,government:2,job_aba5cfec05cd57df1cf2;job_a310633014c0b8c369cf,一级行政执法员（一） | 一级行政执法员（二）,经济学类、财政学类、经济与贸易类、公共管理类 | 经济学类、财政学类、经济与贸易类、公共管理类
经济学类、财政学类、经济与贸易类、电子商务类,岗位标签,title_or_tag,2,2,government:2,job_b4bb152df0fdaa691ee5;job_6b740d46439a517d839f,一级行政执法员（一） | 一级行政执法员（二）,经济学类、财政学类、经济与贸易类、电子商务类 | 经济学类、财政学类、经济与贸易类、电子商务类
经济学类、财政学类、经济与贸易类、财会审计类、电子商务类,岗位标签,title_or_tag,2,2,government:2,job_38ae60b04942f18c1b27;job_8751278a1b81eb5382dc,一级行政执法员（一） | 一级行政执法员（二）,经济学类、财政学类、经济与贸易类、财会审计类、电子商务类 | 经济学类、财政学类、经济与贸易类、财会审计类、电子商务类
经济学类、财政学类、经济与贸易类、财会审计类、社会保障类、电子商务类,岗位标签,title_or_tag,2,2,government:2,job_2c1a2dd52e4be0d2a85a;job_e4ce109d76ec32abf8b5,稽查局一级行政执法员（一） | 稽查局一级行政执法员（二）,经济学类、财政学类、经济与贸易类、财会审计类、社会保障类、电子商务类 | 经济学类、财政学类、经济与贸易类、财会审计类、社会保障类、电子商务类
经济学类、财政学类、财会审计类、公共管理类、电子商务类,岗位标签,title_or_tag,2,2,government:2,job_4864c614a38e3a1450c2;job_ab49954adb6808639ff0,一级行政执法员（一） | 一级行政执法员（二）,经济学类、财政学类、财会审计类、公共管理类、电子商务类 | 经济学类、财政学类、财会审计类、公共管理类、电子商务类
经济学类、财政学类、财会审计类、图书情报与档案管理类,岗位标签,title_or_tag,2,2,government:2,job_3654289c5dc561482417;job_cc0a1013a29a97f7a5c7,一级行政执法员（一） | 一级行政执法员（二）,经济学类、财政学类、财会审计类、图书情报与档案管理类 | 经济学类、财政学类、财会审计类、图书情报与档案管理类
经济学类、财政学类、财会审计类、管理科学与工程类,岗位标签,title_or_tag,2,2,government:2,job_3c97d2925ccbfacbcc99;job_08da964b77a06c4d685b,一级行政执法员（一） | 一级行政执法员（二）,经济学类、财政学类、财会审计类、管理科学与工程类 | 经济学类、财政学类、财会审计类、管理科学与工程类
经济学类、财政学类、财会审计类、金融学类,岗位标签,title_or_tag,2,2,government:2,job_fdd2dc4aff17cd373b5f;job_cf56041350a64a9c4e7e,一级行政执法员（一） | 一级行政执法员（一）,经济学类、财政学类、财会审计类、金融学类 | 经济学类、财政学类、财会审计类、金融学类
经济学类、财政学类、金融学类、公共管理类、经济与贸易类,岗位标签,title_or_tag,2,2,government:2,job_dbacfc1c5cd9a4fec31b;job_498ac51ee79d73195580,一级行政执法员（一） | 一级行政执法员（二）,经济学类、财政学类、金融学类、公共管理类、经济与贸易类 | 经济学类、财政学类、金融学类、公共管理类、经济与贸易类
经济学类、财政学类、金融学类、工商管理类、公共管理类、电子商务类,岗位标签,title_or_tag,2,2,government:2,job_ad73cc9e5870fe445c40;job_233a93db9df7011c5f82,一级行政执法员（一） | 一级行政执法员（三）,经济学类、财政学类、金融学类、工商管理类、公共管理类、电子商务类 | 经济学类、财政学类、金融学类、工商管理类、公共管理类、电子商务类
经济学类、财政学类、金融学类、管理科学与工程类、工商管理类、公共管理类,岗位标签,title_or_tag,2,2,government:2,job_891f5ff0e984e79d1a3f;job_43eb289ffb263850e7d4,一级行政执法员（二） | 一级行政执法员（三）,经济学类、财政学类、金融学类、管理科学与工程类、工商管理类、公共管理类 | 经济学类、财政学类、金融学类、管理科学与工程类、工商管理类、公共管理类
经济学类、财政学类、金融学类、经济与贸易类、工商管理类、 社会保障类,岗位标签,title_or_tag,2,2,government:2,job_c4327055a233045c60e9;job_77c1bcaab6aa39a9e9c7,一级行政执法员（一） | 一级行政执法员（二）,经济学类、财政学类、金融学类、经济与贸易类、工商管理类、 社会保障类 | 经济学类、财政学类、金融学类、经济与贸易类、工商管理类、 社会保障类
经济学类、财政学类、金融学类、经济与贸易类、工商管理类、工业工程类,岗位标签,title_or_tag,2,2,government:2,job_c86c948cc07dc8764c42;job_ee3e967e4a977e6e6623,一级主办及以下（一） | 一级主办及以下（二）,经济学类、财政学类、金融学类、经济与贸易类、工商管理类、工业工程类 | 经济学类、财政学类、金融学类、经济与贸易类、工商管理类、工业工程类
经济学类、财政学类、金融学类、经济与贸易类、工商管理类、工业工程类、电子商务类,岗位标签,title_or_tag,2,2,government:2,job_413fbbad7ad3326fa8c7;job_c43d832a8d6df8a24790,一级行政执法员（一） | 一级行政执法员（二）,经济学类、财政学类、金融学类、经济与贸易类、工商管理类、工业工程类、电子商务类 | 经济学类、财政学类、金融学类、经济与贸易类、工商管理类、工业工程类、电子商务类
经济学类、财政学类、金融学类、经济与贸易类、管理科学与工程类、财会审计类,岗位标签,title_or_tag,2,2,government:2,job_0f35ade13346166389c0;job_4859363df23581ed23c6,一级行政执法员（六） | 一级行政执法员（四）,经济学类、财政学类、金融学类、经济与贸易类、管理科学与工程类、财会审计类 | 经济学类、财政学类、金融学类、经济与贸易类、管理科学与工程类、财会审计类
经济学类、财政学类、金融学类、财会审计类、农业经济管理类,岗位标签,title_or_tag,2,2,government:2,job_a4055e9d7e45154545e7;job_a7108c06488daab1130b,一级行政执法员（一） | 一级行政执法员（二）,经济学类、财政学类、金融学类、财会审计类、农业经济管理类 | 经济学类、财政学类、金融学类、财会审计类、农业经济管理类
经济学类、财政学类、金融学类、财会审计类、社会保障类、图书情报与档案管理类,岗位标签,title_or_tag,2,2,government:2,job_d26bcb53ef0557fc3993;job_50ad9eba5d9c23a1ec8f,一级行政执法员（一） | 一级行政执法员（二）,经济学类、财政学类、金融学类、财会审计类、社会保障类、图书情报与档案管理类 | 经济学类、财政学类、金融学类、财会审计类、社会保障类、图书情报与档案管理类
经济学类、财政学类、金融学类、财会审计类、社会保障类、管理科学与工程类,岗位标签,title_or_tag,2,2,government:2,job_8e6afa5b4f45c1cb16f2;job_a436f365ffebb16c30b9,一级行政执法员（一） | 一级行政执法员（二）,经济学类、财政学类、金融学类、财会审计类、社会保障类、管理科学与工程类 | 经济学类、财政学类、金融学类、财会审计类、社会保障类、管理科学与工程类
经济学类、金融学类、工商管理类、公共管理类,岗位标签,title_or_tag,2,2,government:2,job_4d7397a5bded0722123a;job_1c6316c1b54a54da6377,一级行政执法员（一） | 一级行政执法员（二）,经济学类、金融学类、工商管理类、公共管理类 | 经济学类、金融学类、工商管理类、公共管理类
经济学类、金融学类、工商管理类、电子商务类,岗位标签,title_or_tag,2,2,government:2,job_79802c690eb59af489c9;job_0f10c967b571fdc0106e,一级行政执法员（三） | 一级行政执法员（四）,经济学类、金融学类、工商管理类、电子商务类 | 经济学类、金融学类、工商管理类、电子商务类
经济学类、金融学类、工商管理类、社会保障类,岗位标签,title_or_tag,2,2,government:2,job_2bd3fb09a3e7340b473e;job_9e96a3180fed884a8656,一级行政执法员（一） | 一级行政执法员（二）,经济学类、金融学类、工商管理类、社会保障类 | 经济学类、金融学类、工商管理类、社会保障类
经济学类、金融学类、工商管理类、统计学类、法学类,岗位标签,title_or_tag,2,2,government:2,job_55b79eeb18abe3167c83;job_68bc42a64d1d50fc2f6a,监管部门一级主任科员及以下 | 监管部门一级主任科员及以下,经济学类、金融学类、工商管理类、统计学类、法学类 | 经济学类、金融学类、工商管理类、统计学类、法学类
经济学类、金融学类、管理科学与工程类、工商管理类、公共管理类,岗位标签,title_or_tag,2,2,government:2,job_34154b8ef4cf89d4ef1b;job_4d4ebb557288ee6e70cd,稽查局一级主办及以下（一） | 稽查局一级主办及以下（二）,经济学类、金融学类、管理科学与工程类、工商管理类、公共管理类 | 经济学类、金融学类、管理科学与工程类、工商管理类、公共管理类
经济学类、金融学类、管理科学与工程类、工商管理类、社会保障类,岗位标签,title_or_tag,2,2,government:2,job_2218abe613959b918038;job_9f54c3ffc32da20daa0d,一级行政执法员（一） | 一级行政执法员（二）,经济学类、金融学类、管理科学与工程类、工商管理类、社会保障类 | 经济学类、金融学类、管理科学与工程类、工商管理类、社会保障类
经济学类、金融学类、经济与贸易类、管理科学与工程类,岗位标签,title_or_tag,2,2,government:2,job_ac9afb6558467d3fae44;job_ec49577530b7db0ebb5e,一级行政执法员（一） | 一级行政执法员（二）,经济学类、金融学类、经济与贸易类、管理科学与工程类 | 经济学类、金融学类、经济与贸易类、管理科学与工程类
经济学类、金融学类、经济与贸易类、管理科学与工程类、公共管理类,岗位标签,title_or_tag,2,2,government:2,job_7baefeb0430e5a025dbf;job_61a2e33ad0dbaa3ba4e6,一级主办及以下（三） | 一级主办及以下（四）,经济学类、金融学类、经济与贸易类、管理科学与工程类、公共管理类 | 经济学类、金融学类、经济与贸易类、管理科学与工程类、公共管理类
经济学类、金融学类、经济与贸易类、统计学类,岗位标签,title_or_tag,2,2,government:2,job_0626268e7dbcf79e8cc9;job_55a7a720744456d722a3,监管部门一级主任科员及以下 | 监管部门一级主任科员及以下,经济学类、金融学类、经济与贸易类、统计学类 | 经济学类、金融学类、经济与贸易类、统计学类
经济学类、金融学类、经济与贸易类、财政学类、财会审计类、社会保障类,岗位标签,title_or_tag,2,2,government:2,job_71fa1ccce9b4d7fc3b3f;job_e505fb2844334bf6d956,一级行政执法员（一） | 一级行政执法员（二）,经济学类、金融学类、经济与贸易类、财政学类、财会审计类、社会保障类 | 经济学类、金融学类、经济与贸易类、财政学类、财会审计类、社会保障类
经济学类、金融学类、计算机类、030101K法学,岗位标签,title_or_tag,2,2,government:2,job_d77b566c4bd227891a22;job_4bb6128e8c2cc1a94af8,综合部门一级主任科员及以下 | 综合部门一级主任科员及以下,经济学类、金融学类、计算机类、030101K法学 | 经济学类、金融学类、计算机类、030101K法学
经济学类、金融学类、财会审计类、社会保障类、图书情报与档案管理类,岗位标签,title_or_tag,2,2,government:2,job_89fe506b2c42b7275389;job_d0756edbe94812dcf113,一级行政执法员（一） | 一级行政执法员（二）,经济学类、金融学类、财会审计类、社会保障类、图书情报与档案管理类 | 经济学类、金融学类、财会审计类、社会保障类、图书情报与档案管理类
经济学类、金融学类、财政学类、经济与贸易类,岗位标签,title_or_tag,2,2,government:2,job_5c3777b003192c548004;job_1078a046cb592f89e5ff,监管部门一级主任科员及以下 | 监管部门一级主任科员及以下,经济学类、金融学类、财政学类、经济与贸易类 | 经济学类、金融学类、财政学类、经济与贸易类
经济学类、金融学类、财政学类、财会审计类,岗位标签,title_or_tag,2,2,government:2,job_90988edd03ba19971b21;job_e3ef7b8dbbba55738e14,一级行政执法员（一） | 一级行政执法员（二）,经济学类、金融学类、财政学类、财会审计类 | 经济学类、金融学类、财政学类、财会审计类
经济学类、金融学类、财政学类、财会审计类、管理科学与工程类,岗位标签,title_or_tag,2,2,government:2,job_ff6ab8f6e722671344ff;job_bbcedce6921adf73c03e,一级行政执法员（一） | 一级行政执法员（二）,经济学类、金融学类、财政学类、财会审计类、管理科学与工程类 | 经济学类、金融学类、财政学类、财会审计类、管理科学与工程类
经济学类（0201）、统计学类（0712）、计算机类（0809）,岗位标签,title_or_tag,2,2,government:2,job_02ce83da51d2592d0788;job_f7ebd937022cce0610cb,顺德调查队一级科员 | 普宁调查队一级科员,经济学类（0201）、统计学类（0712）、计算机类（0809） | 经济学类（0201）、统计学类（0712）、计算机类（0809）
经济学类（02）、金融,岗位标签,title_or_tag,2,2,government:2,job_1adccbc666ad626d487d;job_23b3548357492bba63ed,一级主任科员及以下 | 一级主任科员及以下,经济学类（02）、金融 | 经济学类（02）、金融
经济学类（专业代码为0201开头）、金融学类（专业代码为0203开头）,岗位标签,title_or_tag,2,2,government:2,job_c812f62a93fbd97cfc03;job_2bb9b4e09d047c129127,科技部门一级主任科员及以下 | 统计信息部门一级主任科员及以下,经济学类（专业代码为0201开头）、金融学类（专业代码为0203开头） | 经济学类（专业代码为0201开头）、金融学类（专业代码为0203开头）
经济学（02）、管理学（12）,岗位标签,title_or_tag,2,2,government:2,job_9a65d5680788846a133a;job_a49102a249b1fdf66914,秘书处（督查室、值班室、应急办公室）一级主任科员及以下 | 资产与审计处一级主任科员及以下,经济学（02）、管理学（12） | 经济学（02）、管理学（12）
统计学,岗位标签,title_or_tag,2,2,government:2,job_d26f7c2c76e8a438939c;job_400edf10be6c62a2daa0,新疆调查总队业务处室一级主任科员及以下（1） | 新疆调查总队业务处室一级主任科员及以下（2）,统计学 | 统计学
统计学类0714,岗位标签,title_or_tag,2,2,government:2,job_a61ac7247a2b90df57e4;job_c0bf9f6632e17a067e13,杭州调查队业务处室二级主任科员及以下 | 宁波调查队业务处室二级主任科员及以下,统计学类0714 | 统计学类0714
统计学类、数学类、经济统计学,岗位标签,title_or_tag,2,2,government:2,job_bfaec7ac80944daf8fd0;job_48db3095b04b75942590,监管部门一级主任科员及以下 | 监管部门一级主任科员及以下,统计学类、数学类、经济统计学 | 统计学类、数学类、经济统计学
统计学类、数学类、计算机类（不含电影制作专业）、工商管理类,岗位标签,title_or_tag,2,2,government:2,job_a0d9c0ce3c5e998cc8f9;job_c25098693ce7cfe91ada,秦安调查队一级科员 | 临泽调查队一级科员,统计学类、数学类、计算机类（不含电影制作专业）、工商管理类 | 统计学类、数学类、计算机类（不含电影制作专业）、工商管理类
统计学类、数学类、计算机类（不含电影制作专业）、经济学类,岗位标签,title_or_tag,2,2,government:2,job_3d75b16e593670073091;job_95297b08c8354d9063da,漳县调查队一级科员 | 成县调查队一级科员,统计学类、数学类、计算机类（不含电影制作专业）、经济学类 | 统计学类、数学类、计算机类（不含电影制作专业）、经济学类
统计学类、机械类、电子信息类、计算机类,岗位标签,title_or_tag,2,2,government:2,job_1f5b8e81a2bde5d25c2f;job_5c7f564e8f1851d52532,一级行政执法员（三） | 一级行政执法员（六）,统计学类、机械类、电子信息类、计算机类 | 统计学类、机械类、电子信息类、计算机类
统计学类、材料类、计算机类、建筑类,岗位标签,title_or_tag,2,2,government:2,job_fc5f819fc0692060f41d;job_112741431ad3c2c9b806,一级行政执法员（五） | 一级行政执法员（六）,统计学类、材料类、计算机类、建筑类 | 统计学类、材料类、计算机类、建筑类
统计学类、电子信息类、环境科学与工程类、建筑类,岗位标签,title_or_tag,2,2,government:2,job_1bbf141e81d03b070995;job_721b4c7e55c4ca988bb9,一级行政执法员（一） | 一级行政执法员（二）,统计学类、电子信息类、环境科学与工程类、建筑类 | 统计学类、电子信息类、环境科学与工程类、建筑类
统计学类、电气类、计算机类、化工与制药类,岗位标签,title_or_tag,2,2,government:2,job_7c7756d4cefeecebec7f;job_f40d5c5adb08234a8a5a,一级行政执法员（三） | 一级行政执法员（四）,统计学类、电气类、计算机类、化工与制药类 | 统计学类、电气类、计算机类、化工与制药类
统计学类、能源动力类、计算机类,岗位标签,title_or_tag,2,2,government:2,job_31d656069ab9808772a2;job_9546dfb294b3486300e8,一级行政执法员（六） | 一级行政执法员（八）,统计学类、能源动力类、计算机类 | 统计学类、能源动力类、计算机类
统计学类、计算机类、工商管理类、中国语言文学类,岗位标签,title_or_tag,2,2,government:2,job_08ea313e813523df1a8a;job_b2af027544db03c7a617,怒江调查队业务科室一级科员 | 永德调查队一级科员,统计学类、计算机类、工商管理类、中国语言文学类 | 统计学类、计算机类、工商管理类、中国语言文学类
统计学类、计算机类、心理学类,岗位标签,title_or_tag,2,2,government:2,job_2cd5e266d6e3ef8bead7;job_278f8d3934d84f075eb8,一级行政执法员（一） | 一级行政执法员（二）,统计学类、计算机类、心理学类 | 统计学类、计算机类、心理学类
统计学类（0712）、工商管理类(1202),岗位标签,title_or_tag,2,2,government:2,job_d6f3df639919d4f712ba;job_79988a9e973595f66210,曲江调查队一级科员（1） | 曲江调查队一级科员（2）,统计学类（0712）、工商管理类(1202) | 统计学类（0712）、工商管理类(1202)
统计学类（0712）、应用统计（0252）、统计学（0714）,岗位标签,title_or_tag,2,2,government:2,job_bd829fbc2ec5e1319298;job_43ef8d248e0f97d1ac75,赣州调查队业务科室四级主任科员及以下（1） | 赣州调查队业务科室四级主任科员及以下（2）,统计学类（0712）、应用统计（0252）、统计学（0714） | 统计学类（0712）、应用统计（0252）、统计学（0714）
统计学类（0712）、数学类（0701）、统计学（0714）、数学（0701）,岗位标签,title_or_tag,2,2,government:2,job_8be104655eaf507dc4ec;job_89406a4d49015573ac41,吉安调查队综合科室四级主任科员及以下（1） | 吉安调查队综合科室四级主任科员及以下（2）,统计学类（0712）、数学类（0701）、统计学（0714）、数学（0701） | 统计学类（0712）、数学类（0701）、统计学（0714）、数学（0701）
统计学类（0712）、管理科学与工程类（1201）,岗位标签,title_or_tag,2,2,government:2,job_bf1dbc9f568a3765945a;job_35746b27117543a388bf,鄱阳调查队一级科员 | 江门调查队业务科室一级科员,统计学类（0712）、管理科学与工程类（1201） | 统计学类（0712）、管理科学与工程类（1201）
统计学类（不含生物统计学）、数学类（不含数理基础科学),岗位标签,title_or_tag,2,2,government:2,job_d1141caa0e7aa790c211;job_bd6f8b8419c120e9242d,虞城调查队一级科员 | 永城调查队一级科员,统计学类（不含生物统计学）、数学类（不含数理基础科学) | 统计学类（不含生物统计学）、数学类（不含数理基础科学)
综合业务一级行政执法员（一）,岗位标签,title_or_tag,2,2,government:2,job_a6a8bcbb4d7771a95cc5;job_f8165cf608f7e333a232,综合业务一级行政执法员（一） | 综合业务一级行政执法员（一）,综合业务一级行政执法员（一） | 综合业务一级行政执法员（一）
综合业务一级行政执法员（二）,岗位标签,title_or_tag,2,2,government:2,job_cfbe427ee93d159f7048;job_05c251344375670d5a32,综合业务一级行政执法员（二） | 综合业务一级行政执法员（二）,综合业务一级行政执法员（二） | 综合业务一级行政执法员（二）
综合保障四级主办及以下,岗位标签,title_or_tag,2,2,government:2,job_b0c875d29ce3dd38c0dc;job_376ff5e65918712b7b5e,综合保障四级主办及以下 | 综合保障四级主办及以下,综合保障四级主办及以下 | 综合保障四级主办及以下
综合协调科三级主任科员及以下,岗位标签,title_or_tag,2,2,government:2,job_7c72c1b661efb0539d98;job_1c18a279d104cad69685,综合协调科三级主任科员及以下 | 综合协调科三级主任科员及以下,综合协调科三级主任科员及以下 | 综合协调科三级主任科员及以下
综合处室二级主任科员及以下,岗位标签,title_or_tag,2,2,government:2,job_e2726fad89a2cb2f2c1c;job_dd7630eadc0fae3367ca,综合处室二级主任科员及以下 | 综合处室二级主任科员及以下,综合处室二级主任科员及以下 | 综合处室二级主任科员及以下
综合管理岗一级主任科员及以下,岗位标签,title_or_tag,2,2,government:2,job_5abac8c567c3dd426df8;job_f74ce8be89f86df5321d,综合管理岗一级主任科员及以下 | 综合管理岗一级主任科员及以下,综合管理岗一级主任科员及以下 | 综合管理岗一级主任科员及以下
综合管理岗位一级主任科员及以下,岗位标签,title_or_tag,2,2,government:2,job_ea70315a5df9e06f1c44;job_da1383bfdbea93a7eec2,综合管理岗位一级主任科员及以下 | 综合管理岗位一级主任科员及以下,综合管理岗位一级主任科员及以下 | 综合管理岗位一级主任科员及以下
综合管理科一级科员及以下,岗位标签,title_or_tag,2,2,government:2,job_f7dfec1b4712a7e92f08;job_e34c1bb88fa67dff4a98,综合管理科一级科员及以下 | 综合管理科一级科员及以下,综合管理科一级科员及以下 | 综合管理科一级科员及以下
网络空间安全（083900）、网络与信息安全（085412）,岗位标签,title_or_tag,2,2,government:2,job_0160a36d7c462118d82b;job_3b0cf863ae19fe49966f,长春出入境边防检查站一级警长及以下（一） | 图们出入境边防检查站一级警长及以下,网络空间安全（083900）、网络与信息安全（085412） | 网络空间安全（083900）、网络与信息安全（085412）
老挝语、泰语,岗位标签,title_or_tag,2,2,government:2,job_35f1193a5a9380b9ee2c;job_9b3cb8e86681001e09b2,磨憨出入境边防检查站一级警长及以下（二） | 西双版纳出入境边防检查站一级警长及以下（三）,老挝语、泰语 | 老挝语、泰语
能源动力类、电气类、自动化类、土木类、建筑类,岗位标签,title_or_tag,2,2,government:2,job_8c4121d1e604f41deb86;job_56f3a7bddb6eaff59669,一级行政执法员（四） | 一级行政执法员（二）,能源动力类、电气类、自动化类、土木类、建筑类 | 能源动力类、电气类、自动化类、土木类、建筑类
能源动力类、自动化类、计算机类、测绘类,岗位标签,title_or_tag,2,2,government:2,job_0a9da83aada7f1654eb2;job_fb8ae7a52d258be13d12,一级行政执法员（一） | 一级行政执法员（二）,能源动力类、自动化类、计算机类、测绘类 | 能源动力类、自动化类、计算机类、测绘类
自动化类、计算机类、测绘类,岗位标签,title_or_tag,2,2,government:2,job_0628f41d0b594db3b3f3;job_0107d9c5e2aad7bb987a,一级行政执法员（一） | 一级行政执法员（二）,自动化类、计算机类、测绘类 | 自动化类、计算机类、测绘类
航海技术、海事管理,岗位标签,title_or_tag,2,2,government:2,job_9678f41cf4a30fcec911;job_66a043aced6a9a217b4f,一级行政执法员（一） | 一级行政执法员（一）,航海技术、海事管理 | 航海技术、海事管理
航海技术、轮机工程、船舶与海洋工程,岗位标签,title_or_tag,2,2,government:2,job_4d329e75eb6670743788;job_dde0ae7bb93956b1d303,一级行政执法员（三） | 一级行政执法员（一）,航海技术、轮机工程、船舶与海洋工程 | 航海技术、轮机工程、船舶与海洋工程
航海技术（081803）,岗位标签,title_or_tag,2,2,government:2,job_616c79256c5c9fc91aa6;job_207ff78e3736befdceb4,白山边境管理支队一级警长及以下（十六） | 通化边境管理支队一级警长及以下（十）,航海技术（081803） | 航海技术（081803）
航空卫生处一级主任科员及以下,岗位标签,title_or_tag,2,2,government:2,job_be1c70667394706710e3;job_3189d099c94ab78046e0,航空卫生处一级主任科员及以下 | 航空卫生处一级主任科员及以下,航空卫生处一级主任科员及以下 | 航空卫生处一级主任科员及以下
航空安全办公室一级主任科员及以下,岗位标签,title_or_tag,2,2,government:2,job_baf47ba9cc1138633c8c;job_af405e40fefb9a54a4ef,航空安全办公室一级主任科员及以下 | 航空安全办公室一级主任科员及以下,航空安全办公室一级主任科员及以下 | 航空安全办公室一级主任科员及以下
船员考试中心一级主任科员,岗位标签,title_or_tag,2,2,government:2,job_e6d564f5df9eb43d00da;job_1bd505b29ac9bea0e438,船员考试中心一级主任科员 | 船员考试中心一级主任科员,船员考试中心一级主任科员 | 船员考试中心一级主任科员
船舶与海洋工程、船舶工程硕士、海洋工程硕士,岗位标签,title_or_tag,2,2,government:2,job_934713e08ba152694384;job_f615e0456d760f626649,一级行政执法员（六） | 一级行政执法员（二）,船舶与海洋工程、船舶工程硕士、海洋工程硕士 | 船舶与海洋工程、船舶工程硕士、海洋工程硕士
船舶监管,自动短语,auto_phrase,2,2,government:2,job_c98ec0b575bb0a4a0bdd;job_d153b2616cd3523621fb,船舶监管一级行政执法员 | 船舶监管一级行政执法员,船舶监管一级行政执法员 | 船舶监管一级行政执法员
船舶监管一级行政执法员,岗位标签,title_or_tag,2,2,government:2,job_c98ec0b575bb0a4a0bdd;job_d153b2616cd3523621fb,船舶监管一级行政执法员 | 船舶监管一级行政执法员,船舶监管一级行政执法员 | 船舶监管一级行政执法员
英语专业,岗位标签,title_or_tag,2,2,government:2,job_f8ca8fe7abc648130a11;job_7b030accaad78814c23b,一级主任科员及以下（英语翻译） | 外交国政和英语,英语专业 | 公务员/事业单位；本科及以上；与最高学历相对应的学位；外交学、国际关系、国际政治、英语专业；中央机关及其省级直属机构综合管理类
英语笔译、英语口译,岗位标签,title_or_tag,2,2,government:2,job_db040b5dba94b5f7ab91;job_3f912a6bc45a86c16aaf,一级行政执法员（二） | 一级行政执法员（七）,英语笔译、英语口译 | 英语笔译、英语口译
英语（包括英语语言文学、英语翻译、口译、同传）,岗位标签,title_or_tag,2,2,government:2,job_108833d45eab93d0f54c;job_14059e4cecf2bad274d7,西亚非洲处一级主任科员及以下 | 联合国处一级主任科员及以下,英语（包括英语语言文学、英语翻译、口译、同传） | 英语（包括英语语言文学、英语翻译、口译、同传）
蒙古语,岗位标签,title_or_tag,2,2,government:2,job_ea7f178fa8afa29e6888;job_ae4838863d027abdff65,口岸旅检一级行政执法员 | 旅客检疫一级行政执法员,蒙古语 | 蒙古语
行政事务四级主办及以下,岗位标签,title_or_tag,2,2,government:2,job_0acd3ca59a519a70743b;job_3070d81bd6108d658fe2,行政事务四级主办及以下 | 行政事务四级主办及以下,行政事务四级主办及以下 | 行政事务四级主办及以下
行政管理一级行政执法员,岗位标签,title_or_tag,2,2,government:2,job_5b81d0eee131b7b88509;job_0b57371969cbdcfe9d04,行政管理一级行政执法员 | 行政管理一级行政执法员,行政管理一级行政执法员 | 行政管理一级行政执法员
行政综合一级行政执法员,岗位标签,title_or_tag,2,2,government:2,job_a5a300dfa09a20a95b6e;job_a06088707ce10f6fc023,行政综合一级行政执法员 | 行政综合一级行政执法员,行政综合一级行政执法员 | 行政综合一级行政执法员
行邮监管,自动短语,auto_phrase,2,2,government:2,job_b9d66957468a62ae3a3d;job_3fd2212d1d60d17bd359,行邮监管一级行政执法员（一） | 行邮监管一级行政执法员（二）,行邮监管一级行政执法员（一） | 行邮监管一级行政执法员（二）
装备财务科一级警长及以下,岗位标签,title_or_tag,2,2,government:2,job_28eac099c558482ba533;job_21c858c0b23e2c33610e,装备财务科一级警长及以下 | 装备财务科一级警长及以下,装备财务科一级警长及以下 | 装备财务科一级警长及以下
要从事基层所队执勤执法及网络安全,自动短语,auto_phrase,2,2,government:2,job_85525bf83bb22dc77c5d;job_7aceeb7b47e297114324,格尔木铁路公安处基层所队民警 | 格尔木铁路公安处基层所队民警,职位简介：主要从事基层所队执勤执法及网络安全管理等工作 | 职位简介：主要从事基层所队执勤执法及网络安全管理等工作
规划处一级主任科员及以下,岗位标签,title_or_tag,2,2,government:2,job_0d242ef0a4be6885c6c0;job_eecf71bd0ac574bb0ffd,规划处一级主任科员及以下 | 规划处一级主任科员及以下,规划处一级主任科员及以下 | 规划处一级主任科员及以下
计划财务处一级主任科员及以下,岗位标签,title_or_tag,2,2,government:2,job_b4b2718dc53c79d1d5aa;job_f0f6e38bfbbeb95458b0,计划财务处一级主任科员及以下 | 计划财务处一级主任科员及以下,计划财务处一级主任科员及以下 | 计划财务处一级主任科员及以下
计算机科学与技术、软件工程、网络工程、信息安全、物联网工程、数字媒体技术,岗位标签,title_or_tag,2,2,government:2,job_239781b375c271879d6e;job_453b9e4a048745e53877,科技管理（电子信息化类）一级行政执法员 | 科技管理（电子信息化类）一级行政执法员,计算机科学与技术、软件工程、网络工程、信息安全、物联网工程、数字媒体技术 | 计算机科学与技术、软件工程、网络工程、信息安全、物联网工程、数字媒体技术
计算机科学与技术、软件工程、网络工程、智能科学与技术,岗位标签,title_or_tag,2,2,government:2,job_c0ab66c00c11702d9fb9;job_522ce3d6a0319c52256c,科技管理（电子信息化类）一级行政执法员 | 风险防控（电子信息化类）专业技术员,计算机科学与技术、软件工程、网络工程、智能科学与技术 | 计算机科学与技术、软件工程、网络工程、智能科学与技术
计算机科学与技术专业,自动短语,auto_phrase,2,2,government:2,job_9adce1b7c1cfd26594db;job_80192cc07d9aa923c603,适航审定处一级主任科员及以下 | 观测处一级主任科员及以下,公务员/事业单位；硕士研究生及以上；与最高学历相对应的学位；电子信息、信息与通讯工程、控制科学与工程、电气工程及其自动化、计算机科学与技术专业；中央机关及其省级直属机构综合管理类 | 公务员/事业单位；硕士研究生及以上；与最高学历相对应的学位；大气科学专业、应用气象学、大气遥感与大气探测、公共管理学专业、行政管理、计算机科学与技术专业、计算机应用技术、电子信息专业、计算机技术、网络与信息安全；中央机关及其省级直属机构综合管理类
计算机科学与技术（077500、081200）、软件工程,岗位标签,title_or_tag,2,2,government:2,job_eca910287e90b02a86be;job_06e01aa9447ca3486cee,美兰边检站警务技术一级主管及以下 | 凤凰边检站警务技术一级主管及以下（二）,计算机科学与技术（077500、081200）、软件工程 | 计算机科学与技术（077500、081200）、软件工程
计算机科学与技术（0812）、网络空间安全（0839）,岗位标签,title_or_tag,2,2,government:2,job_26fa5f7bee91a43cdd95;job_85d1f4f1524315bf750a,北京调查总队综合处室二级主任科员及以下（1） | 北京调查总队综合处室二级主任科员及以下（2）,计算机科学与技术（0812）、网络空间安全（0839） | 计算机科学与技术（0812）、网络空间安全（0839）
计算机类、交通运输类、建筑类,岗位标签,title_or_tag,2,2,government:2,job_c59b58f7e8dd0df1921b;job_288f5484e4fd82cdd713,一级行政执法员（八） | 一级行政执法员（三）,计算机类、交通运输类、建筑类 | 计算机类、交通运输类、建筑类
计算机类、化工与制药类、交通运输类、环境科学与工程类,岗位标签,title_or_tag,2,2,government:2,job_7ae1c66558a309d3ec26;job_d1b69b887c14a21d71d1,一级行政执法员（一） | 一级行政执法员（二）,计算机类、化工与制药类、交通运输类、环境科学与工程类 | 计算机类、化工与制药类、交通运输类、环境科学与工程类
计算机类、电子信息类、材料类、安全科学与工程类、化工与制药类,岗位标签,title_or_tag,2,2,government:2,job_f155d4024de38b268b52;job_81d9bb43d4388fc2fe1e,一级行政执法员（三） | 一级行政执法员（四）,计算机类、电子信息类、材料类、安全科学与工程类、化工与制药类 | 计算机类、电子信息类、材料类、安全科学与工程类、化工与制药类
计算机类、电子信息类、统计学类、能源动力类,岗位标签,title_or_tag,2,2,government:2,job_48a6ffc17c6f6817260d;job_d35e4459fb12578d6622,一级行政执法员（三） | 一级行政执法员（三）,计算机类、电子信息类、统计学类、能源动力类 | 计算机类、电子信息类、统计学类、能源动力类
计算机类监管,自动短语,auto_phrase,2,2,government:2,job_219e5a40150aa79c8e18;job_c13a3b993165fcfa07fa,计算机类监管岗位一级主任科员及以下 | 计算机类监管岗位一级主任科员及以下,计算机类监管岗位一级主任科员及以下 | 计算机类监管岗位一级主任科员及以下
计算机类监管岗位一级主任科员及以下,岗位标签,title_or_tag,2,2,government:2,job_219e5a40150aa79c8e18;job_c13a3b993165fcfa07fa,计算机类监管岗位一级主任科员及以下 | 计算机类监管岗位一级主任科员及以下,计算机类监管岗位一级主任科员及以下 | 计算机类监管岗位一级主任科员及以下
计算机类（0809）,岗位标签,title_or_tag,2,2,government:2,job_7b6021c0c8dc76410588;job_9c6464bc7cf6dca00880,东兴遣返中心执行队一级警长及以下（九） | 潮州调查队业务科室一级科员,计算机类（0809） | 计算机类（0809）
计算金融等专业,自动短语,auto_phrase,2,2,government:2,job_909ffd1768fda4bc0ddb;job_ab34c6aecb4b151b79b8,监管部门一级主任科员及以下 | 监管部门一级主任科员及以下,公务员/事业单位；硕士研究生及以上；与最高学历相对应的学位；国际金融、货币银行学、计量经济学、数量经济学、金融工程、金融数学、金融科技、金融审计、计算金融等专业；中央机关及其省级直属机构综合管理类 | 公务员/事业单位；硕士研究生及以上；与最高学历相对应的学位；国际金融、世界经济、西方经济学、货币银行学、计量经济学、数量经济学、金融工程、金融数学、金融科技、金融审计、计算金融等专业；中央机关及其省级直属机构综合管理类
财会审计类、电子商务类,岗位标签,title_or_tag,2,2,government:2,job_d18c28713a25828878f3;job_b56e1780f8cd9e5fe12f,一级行政执法员（七） | 一级行政执法员（四）,财会审计类、电子商务类 | 财会审计类、电子商务类
财会审计类、社会保障类、电子商务类,岗位标签,title_or_tag,2,2,government:2,job_f4ab01d5482bffee9ce0;job_82c80c662f1df7d77ef8,一级行政执法员（一） | 一级行政执法员（二）,财会审计类、社会保障类、电子商务类 | 财会审计类、社会保障类、电子商务类
财务二级主办及以下（一）,岗位标签,title_or_tag,2,2,government:2,job_1e69056b7bfe5f638f7c;job_304e40f4d595ac40fea1,财务二级主办及以下（一） | 财务二级主办及以下（一）,财务二级主办及以下（一） | 财务二级主办及以下（一）
财务二级主办及以下（二）,岗位标签,title_or_tag,2,2,government:2,job_9cec6b8cd121aa6d2720;job_50a1e86761fb42362265,财务二级主办及以下（二） | 财务二级主办及以下（二）,财务二级主办及以下（二） | 财务二级主办及以下（二）
财务四级主办及以下（一）,岗位标签,title_or_tag,2,2,government:2,job_7b4244cfbdb2bbe15982;job_6b5465fcb6c412a09fbd,财务四级主办及以下（一） | 财务四级主办及以下（一）,财务四级主办及以下（一） | 财务四级主办及以下（一）
财务四级主办及以下（二）,岗位标签,title_or_tag,2,2,government:2,job_1dd95f712d5e60099d8f;job_941a509eb42ed4ce2f15,财务四级主办及以下（二） | 财务四级主办及以下（二）,财务四级主办及以下（二） | 财务四级主办及以下（二）
财务审计四级主办及以下,岗位标签,title_or_tag,2,2,government:2,job_fe121f426ce897ebe760;job_e690b14ce4a68b24e1d1,财务审计四级主办及以下 | 财务审计四级主办及以下,财务审计四级主办及以下 | 财务审计四级主办及以下
财务管理、会计、审计、统计学类,岗位标签,title_or_tag,2,2,government:2,job_6e45a6b8472a790f4c4d;job_a44f3783ead1d552c433,财会部门一级主任科员及以下 | 财会部门一级主任科员及以下,财务管理、会计、审计、统计学类 | 财务管理、会计、审计、统计学类
财务管理一级行政执法员（一）,岗位标签,title_or_tag,2,2,government:2,job_cb050959c2388a427add;job_e912a0e159ac5b780800,财务管理一级行政执法员（一） | 财务管理一级行政执法员（一）,财务管理一级行政执法员（一） | 财务管理一级行政执法员（一）
财务管理一级行政执法员（二）,岗位标签,title_or_tag,2,2,government:2,job_71a732f48d93f522dcea;job_573eeab60931dbba323a,财务管理一级行政执法员（二） | 财务管理一级行政执法员（二）,财务管理一级行政执法员（二） | 财务管理一级行政执法员（二）
财务管理专业,项目管理,auto_phrase,2,2,government:2,job_6e84c8b432cb2d9e22f4;job_bce93190d7cde04579fa,襄城调查队一级科员 | 新疆生产建设兵团第七师调查队综合科一级科员,公务员/事业单位；仅限本科；学士；统计学类（不含生物统计学）、经济学类（非经济学大类，不含资源与环境经济学、商务经济学、经济工程）、计算机类（不含电影制作、服务科学与工程、虚拟现实技术、区块链工程），会计学、审计学、财务管理专业；市（地）级及以下直属机构综合管理类 | 公务员/事业单位；仅限本科；学士；统计学类（不含生物统计学专业）、经济学类（不含资源与环境经济学、商务经济学、能源经济、经济工程专业）、会计学专业、财务管理专业、审计学专业。；市（地）级及以下直属机构综合管理类
财务管理及审计,项目管理,auto_phrase,2,2,government:2,job_50a1e935306c552fb165;job_79243132bba11e8fa572,哈密铁路公安处基层所队民警 | 喀什铁路公安处基层所队民警,职位简介：主要从事车站治安管理、财务管理及审计等工作 | 职位简介：主要从事车站治安管理、财务管理及审计等工作
财务管理和审计,项目管理,auto_phrase,2,2,government:2,job_5ccaa80877e5873e98e1;job_ba5726e07057949c5ecd,延吉海关缉私分局一级警长及以下 | 办公室一级警长及以下,职位简介：主要从事预算、会计记账、财务管理和审计工作 | 职位简介：主要从事预算、会计记账、财务管理和审计工作
财务预算处一级主任科员及以下,岗位标签,title_or_tag,2,2,government:2,job_1055e0b52e8353e71868;job_68e6214eb588d5e1fbce,财务预算处一级主任科员及以下 | 财务预算处一级主任科员及以下,财务预算处一级主任科员及以下 | 财务预算处一级主任科员及以下
财政学类、工商管理类、图书情报与档案管理类、电子商务类,岗位标签,title_or_tag,2,2,government:2,job_66782e8e49ebf5e332ba;job_3e1b8c371031537e7bab,一级主办及以下（一） | 一级主办及以下（二）,财政学类、工商管理类、图书情报与档案管理类、电子商务类 | 财政学类、工商管理类、图书情报与档案管理类、电子商务类
财政学类、工商管理类、物流管理与工程类,岗位标签,title_or_tag,2,2,government:2,job_47eede53b7e297c2b632;job_017e18b759a00be62da9,一级行政执法员（二） | 一级行政执法员（八）,财政学类、工商管理类、物流管理与工程类 | 财政学类、工商管理类、物流管理与工程类
财政学类、电子商务类,岗位标签,title_or_tag,2,2,government:2,job_239c23b24cc5bfa6c6f7;job_ee196a8a7c9c21929fac,一级行政执法员（八） | 一级行政执法员（三）,财政学类、电子商务类 | 财政学类、电子商务类
财政学类、管理科学与工程类,岗位标签,title_or_tag,2,2,government:2,job_a99e5ace72c2c9065fc3;job_977bf2974a88b6a244f7,一级行政执法员（三） | 一级行政执法员（四）,财政学类、管理科学与工程类 | 财政学类、管理科学与工程类
财政学类、管理科学与工程类、工商管理类、电子商务类,岗位标签,title_or_tag,2,2,government:2,job_94e493b15963009bc81c;job_6b67e928d1010c182303,一级行政执法员（一） | 一级行政执法员（二）,财政学类、管理科学与工程类、工商管理类、电子商务类 | 财政学类、管理科学与工程类、工商管理类、电子商务类
财政学类、管理科学与工程类、社会保障类,岗位标签,title_or_tag,2,2,government:2,job_6487479f7140128a4692;job_1938517db6527959d7b0,一级行政执法员（六） | 一级行政执法员（七）,财政学类、管理科学与工程类、社会保障类 | 财政学类、管理科学与工程类、社会保障类
财政学类、管理科学与工程类、财会审计类、图书情报与档案管理类,岗位标签,title_or_tag,2,2,government:2,job_765a6072e7536d09dd9e;job_6b4ad73541007a8b8a77,一级行政执法员（一） | 一级行政执法员（二）,财政学类、管理科学与工程类、财会审计类、图书情报与档案管理类 | 财政学类、管理科学与工程类、财会审计类、图书情报与档案管理类
财政学类、管理科学与工程类、财会审计类、电子商务类,岗位标签,title_or_tag,2,2,government:2,job_57f80dd0013c30a14523;job_8175a024dcd6358c6356,一级行政执法员（一） | 一级行政执法员（二）,财政学类、管理科学与工程类、财会审计类、电子商务类 | 财政学类、管理科学与工程类、财会审计类、电子商务类
财政学类、经济与贸易类、工商管理类、公共管理类,岗位标签,title_or_tag,2,2,government:2,job_b48912d8f3f4f27212c8;job_567710c4139e93ffd657,一级行政执法员（一） | 一级行政执法员（二）,财政学类、经济与贸易类、工商管理类、公共管理类 | 财政学类、经济与贸易类、工商管理类、公共管理类
财政学类、经济与贸易类、工商管理类、电子商务类、图书情报与档案管理类,岗位标签,title_or_tag,2,2,government:2,job_17876a2efb4386c33d8e;job_9ab7654dff899085e2f8,一级行政执法员（三） | 一级行政执法员（四）,财政学类、经济与贸易类、工商管理类、电子商务类、图书情报与档案管理类 | 财政学类、经济与贸易类、工商管理类、电子商务类、图书情报与档案管理类
财政学类、经济与贸易类、社会保障类,岗位标签,title_or_tag,2,2,government:2,job_d976acc79c76c4bd6f50;job_1b72290d52e34666ed63,一级行政执法员（一） | 一级行政执法员（二）,财政学类、经济与贸易类、社会保障类 | 财政学类、经济与贸易类、社会保障类
财政学类、经济与贸易类、管理科学与工程类、公共管理类,岗位标签,title_or_tag,2,2,government:2,job_302dcfebf2c01ef4d2a4;job_d479ebfaf8e68d0780da,一级行政执法员（一） | 一级行政执法员（二）,财政学类、经济与贸易类、管理科学与工程类、公共管理类 | 财政学类、经济与贸易类、管理科学与工程类、公共管理类
财政学类、经济与贸易类、管理科学与工程类、图书情报与档案管理类,岗位标签,title_or_tag,2,2,government:2,job_7b98b4fdd34554b52682;job_7d6c7d03d946dbe83ac3,一级行政执法员（三） | 一级行政执法员（四）,财政学类、经济与贸易类、管理科学与工程类、图书情报与档案管理类 | 财政学类、经济与贸易类、管理科学与工程类、图书情报与档案管理类
财政学类、经济与贸易类、管理科学与工程类、工商管理类、社会保障类,岗位标签,title_or_tag,2,2,government:2,job_e544bc9a4b63918e4f14;job_8462fa7971aa083d16ed,一级行政执法员（一） | 一级行政执法员（二）,财政学类、经济与贸易类、管理科学与工程类、工商管理类、社会保障类 | 财政学类、经济与贸易类、管理科学与工程类、工商管理类、社会保障类
财政学类、经济与贸易类、管理科学与工程类、社会保障类,岗位标签,title_or_tag,2,2,government:2,job_02670af50f0894bd44a1;job_0992624d41da17ec56f2,一级行政执法员（一） | 一级行政执法员（二）,财政学类、经济与贸易类、管理科学与工程类、社会保障类 | 财政学类、经济与贸易类、管理科学与工程类、社会保障类
财政学类、经济与贸易类、管理科学与工程类、财会审计类、社会保障类,岗位标签,title_or_tag,2,2,government:2,job_a12e89ffcc91b45fb8d7;job_2e1123b052a65842459c,一级行政执法员（一） | 一级行政执法员（二）,财政学类、经济与贸易类、管理科学与工程类、财会审计类、社会保障类 | 财政学类、经济与贸易类、管理科学与工程类、财会审计类、社会保障类
财政学类、经济与贸易类、财会审计类、社会保障类、工业工程类,岗位标签,title_or_tag,2,2,government:2,job_331c666bfd1b1f5cb30a;job_2ac044f30d5459d84ca8,一级行政执法员（三） | 一级行政执法员（四）,财政学类、经济与贸易类、财会审计类、社会保障类、工业工程类 | 财政学类、经济与贸易类、财会审计类、社会保障类、工业工程类
财政学类、财会审计类、图书情报与档案管理类,岗位标签,title_or_tag,2,2,government:2,job_fe400e96489b3ae78f0a;job_d104c7102ab8a78e32a1,一级行政执法员（一） | 一级行政执法员（二）,财政学类、财会审计类、图书情报与档案管理类 | 财政学类、财会审计类、图书情报与档案管理类
财政学类、财会审计类、物流管理与工程类,岗位标签,title_or_tag,2,2,government:2,job_a14358f69f9f4c32e593;job_4bb92cad23ff1cb5802b,一级行政执法员（一） | 一级行政执法员（二）,财政学类、财会审计类、物流管理与工程类 | 财政学类、财会审计类、物流管理与工程类
财政学类、财会审计类、社会保障类、图书情报与档案管理类,岗位标签,title_or_tag,2,2,government:2,job_cdcbe8fa2ad2dff75b3e;job_f3d269d210951d813e7d,一级行政执法员（一） | 一级行政执法员（二）,财政学类、财会审计类、社会保障类、图书情报与档案管理类 | 财政学类、财会审计类、社会保障类、图书情报与档案管理类
财政学类、财会审计类、管理科学与工程类、金融学类,岗位标签,title_or_tag,2,2,government:2,job_1c45b90b703e8aa9347c;job_bad8dc67291e35194341,一级行政执法员（三） | 一级行政执法员（四）,财政学类、财会审计类、管理科学与工程类、金融学类 | 财政学类、财会审计类、管理科学与工程类、金融学类
财政学类、金融学类、公共管理类,岗位标签,title_or_tag,2,2,government:2,job_a2004e97bcebc41c1372;job_88a5139e0da05a34e73d,一级行政执法员（一） | 一级行政执法员（二）,财政学类、金融学类、公共管理类 | 财政学类、金融学类、公共管理类
财政学类、金融学类、农业经济管理类,岗位标签,title_or_tag,2,2,government:2,job_a4d7daf4b41ea3eb5a24;job_359b52daec9d7bcb7a1e,一级行政执法员（一） | 一级行政执法员（二）,财政学类、金融学类、农业经济管理类 | 财政学类、金融学类、农业经济管理类
财政学类、金融学类、社会保障类、电子商务类,岗位标签,title_or_tag,2,2,government:2,job_2bbd0b8609ec954fa21d;job_f92dd9d0699160e8370d,一级行政执法员（一） | 一级行政执法员（二）,财政学类、金融学类、社会保障类、电子商务类 | 财政学类、金融学类、社会保障类、电子商务类
财政学类、金融学类、管理科学与工程类、工商管理类、社会保障类,岗位标签,title_or_tag,2,2,government:2,job_a9452ac6fe110895b656;job_e51a0e1864f710d39c75,一级行政执法员（一） | 一级行政执法员（二）,财政学类、金融学类、管理科学与工程类、工商管理类、社会保障类 | 财政学类、金融学类、管理科学与工程类、工商管理类、社会保障类
财政学类、金融学类、经济与贸易类、工商管理类、公共管理类、图书情报与档案管理类,岗位标签,title_or_tag,2,2,government:2,job_b356add6dd278b04bc4d;job_85f9990fff8a8d2d6f33,一级行政执法员（三） | 一级行政执法员（四）,财政学类、金融学类、经济与贸易类、工商管理类、公共管理类、图书情报与档案管理类 | 财政学类、金融学类、经济与贸易类、工商管理类、公共管理类、图书情报与档案管理类
财政学类、金融学类、经济与贸易类、财会审计类、工业工程类,岗位标签,title_or_tag,2,2,government:2,job_de22108e471a25961fdc;job_a1642e9c537e9ef5ec49,一级行政执法员（一） | 一级行政执法员（二）,财政学类、金融学类、经济与贸易类、财会审计类、工业工程类 | 财政学类、金融学类、经济与贸易类、财会审计类、工业工程类
财政学类、金融学类、财会审计类、社会保障类、电子商务类,岗位标签,title_or_tag,2,2,government:2,job_6e64749e6d06a5a0624e;job_4fef5cac008b00fbe0c3,一级行政执法员（一） | 一级行政执法员（二）,财政学类、金融学类、财会审计类、社会保障类、电子商务类 | 财政学类、金融学类、财会审计类、社会保障类、电子商务类
货物查验四级主办,岗位标签,title_or_tag,2,2,government:2,job_23e64826c2a7e66aebc1;job_a08ef9bde6f33eac68b7,货物查验四级主办 | 货物查验四级主办,货物查验四级主办 | 货物查验四级主办
货物监管（机械自动化类）一级行政执法员,岗位标签,title_or_tag,2,2,government:2,job_734a69b9e98e472ed12e;job_3e768fc792d66ab264a7,货物监管（机械自动化类）一级行政执法员 | 货物监管（机械自动化类）一级行政执法员,货物监管（机械自动化类）一级行政执法员 | 货物监管（机械自动化类）一级行政执法员
轮机工程、能源动力,岗位标签,title_or_tag,2,2,government:2,job_406ebce7f4d0a87bcbd0;job_6de7d1251c5d3eeea308,一级行政执法员（六） | 一级行政执法员（四）,轮机工程、能源动力 | 轮机工程、能源动力
轮机工程、船舶与海洋工程、船舶与海洋结构物设计制造、船舶工程、海洋工程、能源动力,岗位标签,title_or_tag,2,2,government:2,job_83d8b57dc6d424f1d9c9;job_f9236fb80bffe8ee1ebc,一级行政执法员（二） | 一级行政执法员（二）,轮机工程、船舶与海洋工程、船舶与海洋结构物设计制造、船舶工程、海洋工程、能源动力 | 轮机工程、船舶与海洋工程、船舶与海洋结构物设计制造、船舶工程、海洋工程、能源动力
轮机工程、船舶与海洋工程、船舶电子电气工程,岗位标签,title_or_tag,2,2,government:2,job_b357de7881a3f0f14d7e;job_b387a99f189676381788,一级行政执法员（二） | 一级行政执法员（二）,轮机工程、船舶与海洋工程、船舶电子电气工程 | 轮机工程、船舶与海洋工程、船舶电子电气工程
轮机工程、船舶电子电气工程、船舶与海洋工程,岗位标签,title_or_tag,2,2,government:2,job_c98ec0b575bb0a4a0bdd;job_d153b2616cd3523621fb,船舶监管一级行政执法员 | 船舶监管一级行政执法员,轮机工程、船舶电子电气工程、船舶与海洋工程 | 轮机工程、船舶电子电气工程、船舶与海洋工程
边检站一级警长及以下（九）,岗位标签,title_or_tag,2,2,government:2,job_5d4bad5034211b3b87a4;job_82a6ffd57c08ccb0e4e8,边检站一级警长及以下（九） | 边检站一级警长及以下（九）,边检站一级警长及以下（九） | 边检站一级警长及以下（九）
边检站一级警长及以下（八）,岗位标签,title_or_tag,2,2,government:2,job_4ebd7c3dd675b0fae913;job_0dec0e397ea7110e2178,边检站一级警长及以下（八） | 边检站一级警长及以下（八）,边检站一级警长及以下（八） | 边检站一级警长及以下（八）
边检站一级警长及以下（十一）,岗位标签,title_or_tag,2,2,government:2,job_6446b18877815c543706;job_3a1e1c02d52ca319035d,边检站一级警长及以下（十一） | 边检站一级警长及以下（十一）,边检站一级警长及以下（十一） | 边检站一级警长及以下（十一）
边检站一级警长及以下（十七）,岗位标签,title_or_tag,2,2,government:2,job_388a3b8c4c3a9ed0cd33;job_a5abd7712ecbb42205c9,边检站一级警长及以下（十七） | 边检站一级警长及以下（十七）,边检站一级警长及以下（十七） | 边检站一级警长及以下（十七）
边检站一级警长及以下（十三）,岗位标签,title_or_tag,2,2,government:2,job_5aca8f9e2cc79b7ab963;job_78201e1c66da945ea6be,边检站一级警长及以下（十三） | 边检站一级警长及以下（十三）,边检站一级警长及以下（十三） | 边检站一级警长及以下（十三）
边检站一级警长及以下（十二）,岗位标签,title_or_tag,2,2,government:2,job_a0a2946666f68f4cbee0;job_42f7c63da80fb1b74686,边检站一级警长及以下（十二） | 边检站一级警长及以下（十二）,边检站一级警长及以下（十二） | 边检站一级警长及以下（十二）
边检站一级警长及以下（十五）,岗位标签,title_or_tag,2,2,government:2,job_a0a565adfc8e2f121d15;job_bc55810ad114f47c85fe,边检站一级警长及以下（十五） | 边检站一级警长及以下（十五）,边检站一级警长及以下（十五） | 边检站一级警长及以下（十五）
边检站一级警长及以下（十六）,岗位标签,title_or_tag,2,2,government:2,job_a5249dc7ee658a694fee;job_ead74b50f1c3be06f176,边检站一级警长及以下（十六） | 边检站一级警长及以下（十六）,边检站一级警长及以下（十六） | 边检站一级警长及以下（十六）
边检站一级警长及以下（十四）,岗位标签,title_or_tag,2,2,government:2,job_7f4e8b45e237df5b46f6;job_ed7731cf2d1c8854a7c3,边检站一级警长及以下（十四） | 边检站一级警长及以下（十四）,边检站一级警长及以下（十四） | 边检站一级警长及以下（十四）
边检站一级警长及以下（十）,岗位标签,title_or_tag,2,2,government:2,job_fddda7b658adab6a078d;job_7dba7279cf9b9af3200e,边检站一级警长及以下（十） | 边检站一级警长及以下（十）,边检站一级警长及以下（十） | 边检站一级警长及以下（十）
进出口商品检验监管,自动短语,auto_phrase,2,2,government:2,job_40d668e09e6a4e052207;job_8972ab1b4fc44298884a,进出口商品检验监管（机械自动化类）一级行政执法员 | 进出口商品检验监管（机械自动化类）一级行政执法员,进出口商品检验监管（机械自动化类）一级行政执法员 | 进出口商品检验监管（机械自动化类）一级行政执法员
进出口商品检验监管（机械自动化类）一级行政执法员,岗位标签,title_or_tag,2,2,government:2,job_40d668e09e6a4e052207;job_8972ab1b4fc44298884a,进出口商品检验监管（机械自动化类）一级行政执法员 | 进出口商品检验监管（机械自动化类）一级行政执法员,进出口商品检验监管（机械自动化类）一级行政执法员 | 进出口商品检验监管（机械自动化类）一级行政执法员
进出境植物及其产品检疫监管,产品运营,auto_phrase,2,2,government:2,job_b311e8bd326634628b6c;job_6b2d67ef4d53d6bad379,植物检疫一级行政执法员（一） | 植物检疫一级行政执法员（二）,职位简介：从事海关口岸一线货物查验、进出境植物及其产品检疫监管工作 | 职位简介：从事海关口岸一线货物查验、进出境植物及其产品检疫监管工作
进出境货物查验监管,自动短语,auto_phrase,2,2,government:2,job_aa80d99716772d7023e3;job_608507953b65ba0227cd,稽查四级主办及以下 | 稽查四级主办及以下,职位简介：从事海关稽查、财务、审计、进出境货物查验监管等工作 | 职位简介：从事海关稽查、财务、审计、进出境货物查验监管等工作
连云港海关缉私分局一级警长及以下,岗位标签,title_or_tag,2,2,government:2,job_4d039a8c923554ecddda;job_d57ba8726ff06946a895,连云港海关缉私分局一级警长及以下 | 连云港海关缉私分局一级警长及以下,连云港海关缉私分局一级警长及以下 | 连云港海关缉私分局一级警长及以下
适航维修处一级主任科员及以下,岗位标签,title_or_tag,2,2,government:2,job_6af2809d38653fbf9904;job_052645aea3fc06766a87,适航维修处一级主任科员及以下 | 适航维修处一级主任科员及以下,适航维修处一级主任科员及以下 | 适航维修处一级主任科员及以下
采矿工程、矿业工程,岗位标签,title_or_tag,2,2,government:2,job_c86a6bce9e4e7c870a81;job_b804e5dbef504d70302b,监察执法处二级主任科员及以下 | 监察执法处二级主任科员及以下,采矿工程、矿业工程 | 采矿工程、矿业工程
采矿工程、矿物加工工程、矿物资源工程、智能采矿工程,岗位标签,title_or_tag,2,2,government:2,job_1720dfff20385071ffde;job_97da01688e04123b9cee,登轮监管一级行政执法员 | 商品检验监管一级行政执法员,采矿工程、矿物加工工程、矿物资源工程、智能采矿工程 | 采矿工程、矿物加工工程、矿物资源工程、智能采矿工程
金融学,岗位标签,title_or_tag,2,2,government:2,job_10cc76ce99efb41718ef;job_a28111ed56ca87de4f04,辖区财金类监管岗位一级主任科员及以下 | 辖区财金类监管岗位一级主任科员及以下,金融学 | 金融学
金融学类、020101经济学,岗位标签,title_or_tag,2,2,government:2,job_778c6ed8bcd0528482b0;job_35738a57aa4efaaa81e7,监管部门一级主任科员及以下 | 监管部门一级主任科员及以下,金融学类、020101经济学 | 金融学类、020101经济学
金融学类、工商管理类、电子商务类,岗位标签,title_or_tag,2,2,government:2,job_f360248890f565d682d4;job_cf7501758708e8f37fb6,一级行政执法员（一） | 一级行政执法员（二）,金融学类、工商管理类、电子商务类 | 金融学类、工商管理类、电子商务类
金融学类、社会保障类、电子商务类,岗位标签,title_or_tag,2,2,government:2,job_d31f5c0ad36b9e1ba272;job_414d7bf9e67cca683967,一级行政执法员（一） | 一级行政执法员（二）,金融学类、社会保障类、电子商务类 | 金融学类、社会保障类、电子商务类
金融学类、社会保障类、经济与贸易类,岗位标签,title_or_tag,2,2,government:2,job_720602f19bef29c724d4;job_2327a441413b972e4599,一级行政执法员（三） | 一级行政执法员（四）,金融学类、社会保障类、经济与贸易类 | 金融学类、社会保障类、经济与贸易类
金融学类、管理科学与工程类,岗位标签,title_or_tag,2,2,government:2,job_e284bd9cb3d5b2e540de;job_f2364437d6b9016cb567,一级行政执法员（一） | 一级行政执法员（二）,金融学类、管理科学与工程类 | 金融学类、管理科学与工程类
金融学类、管理科学与工程类、公共管理类,岗位标签,title_or_tag,2,2,government:2,job_7cd169812d83b84fb757;job_7c18a81f9b696c8ab806,一级行政执法员（五） | 一级行政执法员（六）,金融学类、管理科学与工程类、公共管理类 | 金融学类、管理科学与工程类、公共管理类
金融学类、管理科学与工程类、工商管理类,岗位标签,title_or_tag,2,2,government:2,job_dd84059dae5f6482d02e;job_bd4382def1a7a0cbf9cb,一级行政执法员（一） | 一级行政执法员（二）,金融学类、管理科学与工程类、工商管理类 | 金融学类、管理科学与工程类、工商管理类
金融学类、管理科学与工程类、工商管理类、公共管理类,岗位标签,title_or_tag,2,2,government:2,job_881ab90c1f5eac9a3a3c;job_e6d85db6b8cff26930b9,一级行政执法员（一） | 一级行政执法员（二）,金融学类、管理科学与工程类、工商管理类、公共管理类 | 金融学类、管理科学与工程类、工商管理类、公共管理类
金融学类、管理科学与工程类、工商管理类、公共管理类、财政学类,岗位标签,title_or_tag,2,2,government:2,job_e2da65fd2a8b9d1969da;job_7f8b8a6231564b3b66f3,一级行政执法员（三） | 一级行政执法员（四）,金融学类、管理科学与工程类、工商管理类、公共管理类、财政学类 | 金融学类、管理科学与工程类、工商管理类、公共管理类、财政学类
金融学类、管理科学与工程类、财会审计类、社会保障类,岗位标签,title_or_tag,2,2,government:2,job_b74f341d106ec298bd94;job_8ea4658a62ce38182a8d,一级行政执法员（三） | 一级行政执法员（四）,金融学类、管理科学与工程类、财会审计类、社会保障类 | 金融学类、管理科学与工程类、财会审计类、社会保障类
金融学类、经济与贸易类、管理科学与工程类、物流管理与工程类,岗位标签,title_or_tag,2,2,government:2,job_98432cfbcbac68df72b8;job_d275497f2af9b09dc2da,一级行政执法员（一） | 一级行政执法员（二）,金融学类、经济与贸易类、管理科学与工程类、物流管理与工程类 | 金融学类、经济与贸易类、管理科学与工程类、物流管理与工程类
金融学类、经济与贸易类、管理科学与工程类、财会审计类,岗位标签,title_or_tag,2,2,government:2,job_686f49fb9d879a22d57c;job_0f5782dbfb5d5af89ad6,一级行政执法员（一） | 一级行政执法员（二）,金融学类、经济与贸易类、管理科学与工程类、财会审计类 | 金融学类、经济与贸易类、管理科学与工程类、财会审计类
金融学类、财会审计类、公共管理类,岗位标签,title_or_tag,2,2,government:2,job_82e29190b0b135adde88;job_5eee94a93d91a6a9a541,一级行政执法员（一） | 一级行政执法员（二）,金融学类、财会审计类、公共管理类 | 金融学类、财会审计类、公共管理类
限以下专业,自动短语,auto_phrase,2,2,government:2,job_35215320dbcbefb290bb;job_b744297a46352b252ec0,辛集调查队一级科员 | 东光调查队一级科员,公务员/事业单位；仅限本科；学士；中国语言文学类（限以下专业：汉语言文学、汉语言、应用语言学、秘书学、中国语言与文化）、统计学类（统计学、 应用统计学）；市（地）级及以下直属机构综合管理类 | 公务员/事业单位；仅限本科；学士；中国语言文学类（限以下专业：汉语言文学、汉语言、应用语言学、秘书学、中国语言与文化）、统计学类（统计学、 应用统计学）；市（地）级及以下直属机构综合管理类
险品及其包装等商品的检验监管,自动短语,auto_phrase,2,2,government:2,job_06f0fdb0c82e4b06a5db;job_4804bc490ae1b82d641d,检验监管一级行政执法员 | 检验监管一级行政执法员,职位简介：从事海关口岸一线化矿、危险品及其包装等商品的检验监管工作 | 职位简介：从事海关口岸一线化矿、危险品及其包装等商品的检验监管工作
震害防御与应急处（公共服务处）一级主任科员及以下,岗位标签,title_or_tag,2,2,government:2,job_b63cac0f386f6cd4184c;job_6c5ce2027cd051978d85,震害防御与应急处（公共服务处）一级主任科员及以下 | 震害防御与应急处（公共服务处）一级主任科员及以下,震害防御与应急处（公共服务处）一级主任科员及以下 | 震害防御与应急处（公共服务处）一级主任科员及以下
预算处一级主任科员及以下,岗位标签,title_or_tag,2,2,government:2,job_c6c56469cad18970c353;job_9609669e941e866e708c,预算处一级主任科员及以下 | 预算处一级主任科员及以下,预算处一级主任科员及以下 | 预算处一级主任科员及以下
预防医学、临床医学、卫生检验与检疫,岗位标签,title_or_tag,2,2,government:2,job_624e7517052acb5c16a1;job_48037cf17c48b35e0567,卫生检疫一级行政执法员 | 卫生检疫一级行政执法员,预防医学、临床医学、卫生检验与检疫 | 预防医学、临床医学、卫生检验与检疫
预防医学、临床医学、卫生检验与检疫、医学检验技术,岗位标签,title_or_tag,2,2,government:2,job_e6672592b3da794ce72a;job_614ba31bd0591f510078,卫生检疫一级行政执法员（一） | 卫生检疫一级行政执法员（二）,预防医学、临床医学、卫生检验与检疫、医学检验技术 | 预防医学、临床医学、卫生检验与检疫、医学检验技术
预防医学、卫生检验与检疫、临床医学、卫生监督,岗位标签,title_or_tag,2,2,government:2,job_8026029703551f2489e5;job_14bb342edf90b3acd026,卫生检疫一级行政执法员（一） | 卫生检疫一级行政执法员（二）,预防医学、卫生检验与检疫、临床医学、卫生监督 | 预防医学、卫生检验与检疫、临床医学、卫生监督
预防医学、卫生监督、卫生检验与检疫,岗位标签,title_or_tag,2,2,government:2,job_f47aac5a793dae687287;job_bb24ad1c60aade4893ae,卫生检疫一级行政执法员 | 卫生检疫一级行政执法员,预防医学、卫生监督、卫生检验与检疫 | 预防医学、卫生监督、卫生检验与检疫
风险管理（统计分析应用类）二级主管及以下,岗位标签,title_or_tag,2,2,government:2,job_d9361279e464b8cbe444;job_14688c7f45f0550f56d7,风险管理（统计分析应用类）二级主管及以下 | 风险管理（统计分析应用类）二级主管及以下,风险管理（统计分析应用类）二级主管及以下 | 风险管理（统计分析应用类）二级主管及以下
飞行技术专业,岗位标签,title_or_tag,2,2,government:2,job_f82afce5c9e932678aaa;job_ed2fde4cc2a7ec1e6485,飞行标准处一级主任科员及以下 | 飞行标准处一级主任科员及以下,飞行技术专业 | 飞行技术专业
食品、化妆品检验一级行政执法员（一）,岗位标签,title_or_tag,2,2,government:2,job_16f0a07b8cb15e2a1bd2;job_570b6d19658b39aa99ad,食品、化妆品检验一级行政执法员（一） | 食品、化妆品检验一级行政执法员（一）,食品、化妆品检验一级行政执法员（一） | 食品、化妆品检验一级行政执法员（一）
食品、化妆品检验一级行政执法员（二）,岗位标签,title_or_tag,2,2,government:2,job_e680959179c820cf0d3c;job_1ddbf0f284ea8c1371b4,食品、化妆品检验一级行政执法员（二） | 食品、化妆品检验一级行政执法员（二）,食品、化妆品检验一级行政执法员（二） | 食品、化妆品检验一级行政执法员（二）
食品检验一级行政执法员（一）,岗位标签,title_or_tag,2,2,government:2,job_95b52e873b99b001ada2;job_6b4c974882d6a339d20f,食品检验一级行政执法员（一） | 食品检验一级行政执法员（一）,食品检验一级行政执法员（一） | 食品检验一级行政执法员（一）
食品检验一级行政执法员（二）,岗位标签,title_or_tag,2,2,government:2,job_92d81729d6617c1f3324;job_42251773754b9e1cf085,食品检验一级行政执法员（二） | 食品检验一级行政执法员（二）,食品检验一级行政执法员（二） | 食品检验一级行政执法员（二）
食品检验检疫监管,自动短语,auto_phrase,2,2,government:2,job_ef751a2c954ca9fd1734;job_afd116b0a5d739886871,食品检验检疫监管一级行政执法员 | 食品检验检疫监管一级行政执法员,食品检验检疫监管一级行政执法员 | 食品检验检疫监管一级行政执法员
食品检验检疫监管一级行政执法员,岗位标签,title_or_tag,2,2,government:2,job_ef751a2c954ca9fd1734;job_afd116b0a5d739886871,食品检验检疫监管一级行政执法员 | 食品检验检疫监管一级行政执法员,食品检验检疫监管一级行政执法员 | 食品检验检疫监管一级行政执法员
食品检验监管一级行政执法员（一）,岗位标签,title_or_tag,2,2,government:2,job_830d81beabe8c8a8d340;job_0da916f56fe9cab09765,食品检验监管一级行政执法员（一） | 食品检验监管一级行政执法员（一）,食品检验监管一级行政执法员（一） | 食品检验监管一级行政执法员（一）
食品检验监管一级行政执法员（二）,岗位标签,title_or_tag,2,2,government:2,job_b50c0e264321f8b28e97;job_bf991f5bebf78e7f2551,食品检验监管一级行政执法员（二） | 食品检验监管一级行政执法员（二）,食品检验监管一级行政执法员（二） | 食品检验监管一级行政执法员（二）
食品检验监管二级主办及以下,岗位标签,title_or_tag,2,2,government:2,job_f979549877d18bd590fb;job_80463f1e55e0e64f3737,食品检验监管二级主办及以下 | 食品检验监管二级主办及以下,食品检验监管二级主办及以下 | 食品检验监管二级主办及以下
食品监管二级主办及以下（一）,岗位标签,title_or_tag,2,2,government:2,job_821302f431760633e68d;job_1f8c84547329175d4454,食品监管二级主办及以下（一） | 食品监管二级主办及以下（一）,食品监管二级主办及以下（一） | 食品监管二级主办及以下（一）
食品监管二级主办及以下（二）,岗位标签,title_or_tag,2,2,government:2,job_403f8b0b0835e94bd4bc;job_00695c7bff5deef7968f,食品监管二级主办及以下（二） | 食品监管二级主办及以下（二）,食品监管二级主办及以下（二） | 食品监管二级主办及以下（二）
食品监管四级主办及以下,岗位标签,title_or_tag,2,2,government:2,job_96213503646d4e5d8731;job_0d74d9fb5f6742258f39,食品监管四级主办及以下 | 食品监管四级主办及以下,食品监管四级主办及以下 | 食品监管四级主办及以下
马克思主义理论类、中国语言文学类,岗位标签,title_or_tag,2,2,government:2,job_8bd0b1de00e80939bd3c;job_0a8ad2f220d2faabcb54,一级主办及以下（一） | 一级行政执法员（三）,马克思主义理论类、中国语言文学类 | 马克思主义理论类、中国语言文学类
马克思主义理论类、新闻传播学类,岗位标签,title_or_tag,2,2,government:2,job_fbfbc6b2475e2b9d7b02;job_8ad783eacc39b8ed49bb,一级行政执法员（四） | 一级行政执法员（五）,马克思主义理论类、新闻传播学类 | 马克思主义理论类、新闻传播学类
马尾海关缉私分局一级警长及以下,岗位标签,title_or_tag,2,2,government:2,job_4922556cfa7aac3285f2;job_853694827e8f0eda4cd9,马尾海关缉私分局一级警长及以下 | 马尾海关缉私分局一级警长及以下,马尾海关缉私分局一级警长及以下 | 马尾海关缉私分局一级警长及以下
(0775、0812)计算机科学与技术、(0779、1004)公共卫生与预防医学,岗位标签,title_or_tag,1,1,government:1,job_bf369af8bc52d4aff9a3,业务处一级主任科员及以下,(0775、0812)计算机科学与技术、(0779、1004)公共卫生与预防医学
010107宗教学,岗位标签,title_or_tag,1,1,government:1,job_e9b6fc764c9a066375ac,审查部门（五）一级主任科员及以下,010107宗教学
0101哲学、0301法学、0302政治学、0303社会学、1204公共管理学,岗位标签,title_or_tag,1,1,government:1,job_e7ee4f847b2376c584bc,业务处室一级主任科员及以下,0101哲学、0301法学、0302政治学、0303社会学、1204公共管理学
0101哲学、0301法学、0303社会学,岗位标签,title_or_tag,1,1,government:1,job_d767e32fc53d67d19dc9,党委办公室（精神文明办公室）一级主任科员及以下,0101哲学、0301法学、0303社会学
0201理论经济学、0501中国语言文学,岗位标签,title_or_tag,1,1,government:1,job_0a3b52d98c3c2da14115,办公室一级主任科员及以下,0201理论经济学、0501中国语言文学
0201经济学类、 0203金融学类,岗位标签,title_or_tag,1,1,government:1,job_72f6c3a8585523d05aa3,综合部门一级主任科员及以下,0201经济学类、 0203金融学类
0201经济学类、0203金融学类、0204经济与贸易类,岗位标签,title_or_tag,1,1,government:1,job_a90b9f5bd55609d14d5a,监管部门一级主任科员及以下,0201经济学类、0203金融学类、0204经济与贸易类
0202 应用经济学,岗位标签,title_or_tag,1,1,government:1,job_1b258298ac46d70c55b4,一级主任科员及以下,0202 应用经济学
020203财政学、120201会计学、0256资产评估,岗位标签,title_or_tag,1,1,government:1,job_089140086f011c24e9e8,财务监督处一级主任科员及以下,020203财政学、120201会计学、0256资产评估
020208统计学、020209数量经济学、0252应用统计、0714统计学,岗位标签,title_or_tag,1,1,government:1,job_bfbfc43efc6959518005,经济预测和政策预研处一级主任科员及以下,020208统计学、020209数量经济学、0252应用统计、0714统计学
0202应用经济学、0251金融,岗位标签,title_or_tag,1,1,government:1,job_018233d0935bbacb18fd,综合业务处一级主任科员及以下,0202应用经济学、0251金融
0202应用经济学、0251金融、0255保险、0258数字经济,岗位标签,title_or_tag,1,1,government:1,job_6d991d14726d978dbb53,监管部门一级主任科员及以下,0202应用经济学、0251金融、0255保险、0258数字经济
0202应用经济学、0251金融、0301法学、0351法律,岗位标签,title_or_tag,1,1,government:1,job_05b3e96511d1be2a8ee8,综合业务处一级主任科员及以下,0202应用经济学、0251金融、0301法学、0351法律
0202应用经济学、0253税务、0251金融,岗位标签,title_or_tag,1,1,government:1,job_86a5d3ef1ac6270f8d53,一处一级警长及以下,0202应用经济学、0253税务、0251金融
0202应用经济学、030105民商法学、030107经济法学,岗位标签,title_or_tag,1,1,government:1,job_834e05c5ea1dc8bf3cce,业务处一级主任科员及以下,0202应用经济学、030105民商法学、030107经济法学
0202应用经济学、0819矿业工程,岗位标签,title_or_tag,1,1,government:1,job_c22484807d7c6efef2a1,综合处一级主任科员及以下,0202应用经济学、0819矿业工程
020311TK金融审计、081001土木工程、082801建筑学,岗位标签,title_or_tag,1,1,government:1,job_4c93cb95074f38a21a74,塔城边境管理支队一级警长及以下（一）,020311TK金融审计、081001土木工程、082801建筑学
0203金融学类,岗位标签,title_or_tag,1,1,government:1,job_464a64dc5f471c847197,监管部门一级主任科员及以下,0203金融学类
0252应用统计、0701数学,岗位标签,title_or_tag,1,1,government:1,job_63142d7e5a6f37c93383,陕西调查总队综合处室二级主任科员及以下（1）,0252应用统计、0701数学
0252应用统计类，0701数学类，0714统计学类,岗位标签,title_or_tag,1,1,government:1,job_f01ea2d25ecda55bd8d9,扬州调查队业务处室四级主任科员,0252应用统计类，0701数学类，0714统计学类
02经济学,岗位标签,title_or_tag,1,1,government:1,job_785da1f89a5f16ce4d49,监管部门一级主任科员及以下,02经济学
02经济学类、0301法学、0351法律,岗位标签,title_or_tag,1,1,government:1,job_673c64e82087dfff3ff4,综合处一级主任科员及以下,02经济学类、0301法学、0351法律
02经济学类、0301法学、0351法律、08工学类,岗位标签,title_or_tag,1,1,government:1,job_2101a579fb3af9a3b48f,一级主任科员及以下,02经济学类、0301法学、0351法律、08工学类
02经济学类、0302政治学、12管理学类,岗位标签,title_or_tag,1,1,government:1,job_f31c0457fa12d98b9da3,一级主任科员及以下,02经济学类、0302政治学、12管理学类
02经济学类、03法学类,岗位标签,title_or_tag,1,1,government:1,job_a75a012d61810f4cdd78,内设处室（二）一级主任科员及以下,02经济学类、03法学类
02经济学类、0712统计学类、0809计算机类,岗位标签,title_or_tag,1,1,government:1,job_add0d3e37ed5b0a7e2e6,宜州调查队一级科员,02经济学类、0712统计学类、0809计算机类
02经济学类、07理学类、08工学类、09农学类,岗位标签,title_or_tag,1,1,government:1,job_84e49ccaf49626656789,一级主任科员及以下,02经济学类、07理学类、08工学类、09农学类
02经济学类、0809电子科学与技术、0825航空宇航科学与技术,岗位标签,title_or_tag,1,1,government:1,job_73bb890dd76741fa70e9,一级主任科员及以下,02经济学类、0809电子科学与技术、0825航空宇航科学与技术
02经济学类、1203农林经济管理,岗位标签,title_or_tag,1,1,government:1,job_5c449bf66af3df7e28a2,一级主任科员及以下,02经济学类、1203农林经济管理
02经济学类，07理学类，08工学类，12管理学类,岗位标签,title_or_tag,1,1,government:1,job_a3984eb6d095c8c78318,一级主任科员及以下,02经济学类，07理学类，08工学类，12管理学类
02经济学门类,岗位标签,title_or_tag,1,1,government:1,job_42ddbfbd414c7311e2cd,监管部门一级主任科员及以下,02经济学门类
030101K法学、030104T信用风险管理与法律防控、030109TK国际法,岗位标签,title_or_tag,1,1,government:1,job_10622781b00ec58faa2f,法规部门一级主任科员及以下,030101K法学、030104T信用风险管理与法律防控、030109TK国际法
030101K法学、030601K治安学、030602K侦查学,岗位标签,title_or_tag,1,1,government:1,job_2b5531b5aa6588ff6bae,阿勒泰边境管理支队一级警长及以下（二）,030101K法学、030601K治安学、030602K侦查学
030101K法学、030602K侦查学、030610TK公安情报学,岗位标签,title_or_tag,1,1,government:1,job_618def72e773a0843730,和田边境管理支队一级警长及以下（四）,030101K法学、030602K侦查学、030610TK公安情报学
030101K法学、120203K会计学、030602K侦查学,岗位标签,title_or_tag,1,1,government:1,job_fbd1f86177e0e2140d71,红其拉甫出入境边防检查站一级警长及以下（四）,030101K法学、120203K会计学、030602K侦查学
030101K法学、政治学与行政学、思想政治教育,岗位标签,title_or_tag,1,1,government:1,job_8683e7e192aa68c5d1df,边检站一级警长及以下（二十二）,030101K法学、政治学与行政学、思想政治教育
030105民商法、030103宪法学与行政法学、035102法律（法学）,岗位标签,title_or_tag,1,1,government:1,job_535b908c4eb6907ae470,法务管理岗位一级主任科员及以下,030105民商法、030103宪法学与行政法学、035102法律（法学）
030110TK司法鉴定学、030503思想政治教育、030302社会工作,岗位标签,title_or_tag,1,1,government:1,job_fca56b300d1c36381e1f,乌鲁木齐出入境边防检查站一级警长及以下（五）,030110TK司法鉴定学、030503思想政治教育、030302社会工作
0301法学(本科要求为030101K法学专业),岗位标签,title_or_tag,1,1,government:1,job_4b477820d279bf6eb095,网络交易执法处一级主任科员及以下,0301法学(本科要求为030101K法学专业)
0301法学、0302政治学、0305马克思主义理论、0351法律,岗位标签,title_or_tag,1,1,government:1,job_3e1e4d09c68b3c2a7919,天津经济技术开发区海关缉私分局一级警长及以下,0301法学、0302政治学、0305马克思主义理论、0351法律
0301法学、0304民族学、0306公安学、0351法律、1251工商管理,岗位标签,title_or_tag,1,1,government:1,job_827142d5c47ff51a2f34,九处一级主任科员及以下,0301法学、0304民族学、0306公安学、0351法律、1251工商管理
0301法学、0308纪检监察学、0351法律,岗位标签,title_or_tag,1,1,government:1,job_ebb3b80347c418122fad,三处一级警长及以下,0301法学、0308纪检监察学、0351法律
0301法学、0351法律、0302政治学、0304民族学,岗位标签,title_or_tag,1,1,government:1,job_36e39529919f55799f74,一处一级警长及以下,0301法学、0351法律、0302政治学、0304民族学
0301法学、0351法律、0354知识产权,岗位标签,title_or_tag,1,1,government:1,job_eba5246875df59f775ef,二处一级警长及以下,0301法学、0351法律、0354知识产权
0301法学、0351法律、0501中国语言文学,岗位标签,title_or_tag,1,1,government:1,job_4c1b5ff0a22d2e1f26a2,一级主任科员及以下,0301法学、0351法律、0501中国语言文学
0301法学、0351法律、0501中国语言文学、1201管理科学与工程,岗位标签,title_or_tag,1,1,government:1,job_e2d127cd1f4ef96ae2b4,一处一级主任科员及以下,0301法学、0351法律、0501中国语言文学、1201管理科学与工程
0301法学、0351法律（法学）,岗位标签,title_or_tag,1,1,government:1,job_0d76618e8f95b9d1d0fc,法规部门一级主任科员及以下,0301法学、0351法律（法学）
0301法学、0501中国语言文学、0602中国史,岗位标签,title_or_tag,1,1,government:1,job_0f5d58f012916cd0e65f,文秘岗位一级主任科员及以下,0301法学、0501中国语言文学、0602中国史
0301法学类、0306公安学类、030605TK警犬技术,岗位标签,title_or_tag,1,1,government:1,job_d7c44b0c2f5695cd8e34,和田边境管理支队一级警长及以下（五）,0301法学类、0306公安学类、030605TK警犬技术
0301法学类、0809计算机类,岗位标签,title_or_tag,1,1,government:1,job_51bcd970dd2bdaf0d7fa,派出所一级警长及以下（二）,0301法学类、0809计算机类
0301法学类；0501中国语言文学类,岗位标签,title_or_tag,1,1,government:1,job_b2a76397b9fc61c7aa62,闸口海关缉私分局一级警长及以下,0301法学类；0501中国语言文学类
0301法学（刑法学、诉讼法学）,岗位标签,title_or_tag,1,1,government:1,job_47dc5274b1f0d77340e8,法制一处一级警长及以下,0301法学（刑法学、诉讼法学）
0301法学（国际法学）、0351法律（国际法方向）,岗位标签,title_or_tag,1,1,government:1,job_451b5be6c19a8e108a8a,二处一级警长及以下,0301法学（国际法学）、0351法律（国际法方向）
0302政治学（国际政治、国际关系、外交学）,岗位标签,title_or_tag,1,1,government:1,job_5b0beed964cc70e33d25,一处一级警长及以下,0302政治学（国际政治、国际关系、外交学）
0304民族学类、0501中国语言文学类、0602中国史类,岗位标签,title_or_tag,1,1,government:1,job_56ca71a9ddc4f697ecdb,业务处一级主任科员及以下,0304民族学类、0501中国语言文学类、0602中国史类
0305马克思主义理论、0307中共党史党建学、0308纪检监察学,岗位标签,title_or_tag,1,1,government:1,job_b36dbb84aa53a899a308,党务岗位一级主任科员及以下,0305马克思主义理论、0307中共党史党建学、0308纪检监察学
0305马克思主义理论、0307中共党史党建学、0501中国语言文学,岗位标签,title_or_tag,1,1,government:1,job_aea8d41ad5aedeaf4f91,一处一级警长及以下,0305马克思主义理论、0307中共党史党建学、0501中国语言文学
0305马克思主义理论，0307中共党史党建学,岗位标签,title_or_tag,1,1,government:1,job_d4d18afef4e11d48d048,机关党委一级警长及以下,0305马克思主义理论，0307中共党史党建学
0308纪检监察学，0301法学,岗位标签,title_or_tag,1,1,government:1,job_db0a07f71f5faed0cd60,纪律检查部门一级警长及以下,0308纪检监察学，0301法学
03法学、05文学,岗位标签,title_or_tag,1,1,government:1,job_b4e880774bec6296e11c,十处一级主任科员及以下,03法学、05文学
040200心理学（心理测量方向）,岗位标签,title_or_tag,1,1,government:1,job_89146e6c9fc4d945b68f,训练处一级警长及以下（六）,040200心理学（心理测量方向）
0402心理学，0305马克思主义理论（思想政治教育）,岗位标签,title_or_tag,1,1,government:1,job_908a785ed360347dfbbf,新闻宣传处一级警长及以下,0402心理学，0305马克思主义理论（思想政治教育）
050101汉语言文学、050102汉语言、050113T应用中文,岗位标签,title_or_tag,1,1,government:1,job_7fe719009c94aee26b27,综合部门一级主任科员及以下,050101汉语言文学、050102汉语言、050113T应用中文
050201英语、050202俄语、050221乌尔都语,岗位标签,title_or_tag,1,1,government:1,job_6acb2974e9db3f362d86,喀什边境管理支队一级警长及以下（一）,050201英语、050202俄语、050221乌尔都语
050201英语语言文学、055101英语笔译、055102英语口译,岗位标签,title_or_tag,1,1,government:1,job_bead9f38ff39bb58baa1,国际注册部门一级主任科员及以下,050201英语语言文学、055101英语笔译、055102英语口译
050202俄语、030101K法学、120203K会计学,岗位标签,title_or_tag,1,1,government:1,job_4319189825241b45bbc9,吐尔尕特出入境边防检查站一级警长及以下（二）,050202俄语、030101K法学、120203K会计学
050212印度尼西亚语、050217马来语,岗位标签,title_or_tag,1,1,government:1,job_7fe1bea673431b4d45b9,南宁出入境边防检查站一级警长及以下（四）,050212印度尼西亚语、050217马来语
050218蒙古语、010101哲学、030101K法学,岗位标签,title_or_tag,1,1,government:1,job_e72587f8cf4f2c75f224,塔克什肯出入境边防检查站一级警长及以下（三）,050218蒙古语、010101哲学、030101K法学
050220泰语,岗位标签,title_or_tag,1,1,government:1,job_2eca07caa11b9d46379a,训练处一级警长及以下（一）,050220泰语
050257哈萨克语、050202俄语、030101K法学、040107小学教育,岗位标签,title_or_tag,1,1,government:1,job_37f4a785b5953c34fe92,都拉塔出入境边防检查站一级警长及以下（四）,050257哈萨克语、050202俄语、030101K法学、040107小学教育
0502外国语言文学、0551翻译,岗位标签,title_or_tag,1,1,government:1,job_c61c709408c6ab690dd8,业务处室一级主任科员及以下,0502外国语言文学、0551翻译
0502外国语言文学类、翻译,岗位标签,title_or_tag,1,1,government:1,job_78201e1c66da945ea6be,边检站一级警长及以下（十三）,0502外国语言文学类、翻译
0502外国语言文学类（越南语）,岗位标签,title_or_tag,1,1,government:1,job_01d738ce580fedbea8bc,昆明机场海关缉私分局一级警长及以下,0502外国语言文学类（越南语）
050301新闻学、050303广告学、050306T网络与新媒体,岗位标签,title_or_tag,1,1,government:1,job_82e944e5f890cb071b57,喀什边境管理支队一级警长及以下（二）,050301新闻学、050303广告学、050306T网络与新媒体
0503新闻传播学、0501中国语言文学、0305马克思主义理论,岗位标签,title_or_tag,1,1,government:1,job_7d656211b22afc20ad4b,办公室（应急管理办公室）一级主任科员及以下,0503新闻传播学、0501中国语言文学、0305马克思主义理论
055104俄语口译、085411大数据技术与工程,岗位标签,title_or_tag,1,1,government:1,job_f6b8a94d209814426450,吉木乃出入境边防检查站一级警长及以下（一）,055104俄语口译、085411大数据技术与工程
055104俄语口译、090401植物病理学、125500图书情报,岗位标签,title_or_tag,1,1,government:1,job_2ff5de0c134d2455f60b,霍尔果斯出入境边防检查站一级警长及以下（二）,055104俄语口译、090401植物病理学、125500图书情报
0602中国史（中国近现代史方向），0602L5中国近现代史,岗位标签,title_or_tag,1,1,government:1,job_24413ca4316ed639beea,档案利用岗位一级主任科员及以下,0602中国史（中国近现代史方向），0602L5中国近现代史
0701数学、0711系统科学、0714统计学、120404社会保障,岗位标签,title_or_tag,1,1,government:1,job_5cfb461a1524518e7014,就业服务处一级主任科员及以下,0701数学、0711系统科学、0714统计学、120404社会保障
0703化学、1004公共卫生与预防医学、1007药学,岗位标签,title_or_tag,1,1,government:1,job_a110b95d58040688b20e,十二处警务技术一级主管及以下,0703化学、1004公共卫生与预防医学、1007药学
0703化学（有机化学、分析化学）、1007药学（药物化学、药物分析学）,岗位标签,title_or_tag,1,1,government:1,job_abef6fb5e5f2282a713e,二处警务技术一级主管及以下,0703化学（有机化学、分析化学）、1007药学（药物化学、药物分析学）
0706气象类,岗位标签,title_or_tag,1,1,government:1,job_56884dfd7f5919d0c1a4,党组纪检组（审计室）一级主任科员及以下,0706气象类
0707 海洋科学，0833 城乡规划学，0853 城市规划,岗位标签,title_or_tag,1,1,government:1,job_f193e687a65c730990ae,综合处室一级主任科员及以下,0707 海洋科学，0833 城乡规划学，0853 城市规划
0710生物学、0703化学（有机化学）、0836生物工程、0860生物与医药,岗位标签,title_or_tag,1,1,government:1,job_fc235728b256c72589dc,八处警务技术一级主管及以下,0710生物学、0703化学（有机化学）、0836生物工程、0860生物与医药
0710生物学、1012法医学（仅限法医物证方向）,岗位标签,title_or_tag,1,1,government:1,job_d29bb8da000eb5e39ad3,七处警务技术一级主管及以下,0710生物学、1012法医学（仅限法医物证方向）
0710生物学（生物化学与分子生物学、生物信息学、遗传学）,岗位标签,title_or_tag,1,1,government:1,job_fcd4511b89ef9273ba31,三处警务技术一级主管及以下,0710生物学（生物化学与分子生物学、生物信息学、遗传学）
071201统计学、071202应用统计学、071203T数据科学,岗位标签,title_or_tag,1,1,government:1,job_d6a06b23099caa452fbf,综合部门一级主任科员及以下,071201统计学、071202应用统计学、071203T数据科学
0712统计学类,岗位标签,title_or_tag,1,1,government:1,job_709e68bef1c4a1f786ee,监管部门一级主任科员及以下,0712统计学类
0712统计学类、0503新闻传播学类,岗位标签,title_or_tag,1,1,government:1,job_0f8f12957f106672dff7,邵阳调查队业务科室一级科员,0712统计学类、0503新闻传播学类
0712统计学类、0701数学类,岗位标签,title_or_tag,1,1,government:1,job_2e7ad7ed173cb051e159,琼中调查队一级科员,0712统计学类、0701数学类
0712统计学类、0701数学类、0201经济学类、0809计算机类,岗位标签,title_or_tag,1,1,government:1,job_3cb861dbfcf53934ce4e,澄迈调查队一级科员,0712统计学类、0701数学类、0201经济学类、0809计算机类
0714统计学、0252应用统计,岗位标签,title_or_tag,1,1,government:1,job_f4dd9de7be0c20e9c6f3,审查部门（四）一级主任科员及以下,0714统计学、0252应用统计
0714统计学、0252应用统计、1404遥感科学与技术,岗位标签,title_or_tag,1,1,government:1,job_afd44a62e2abbafc36cc,湖北调查总队业务处室二级主任科员及以下（1）,0714统计学、0252应用统计、1404遥感科学与技术
0781中药学、1056中药、1008中药学类,岗位标签,title_or_tag,1,1,government:1,job_5d94ab26fcafcefbc9bf,审查部门（二）一级主任科员及以下,0781中药学、1056中药、1008中药学类
0801力学（工程力学）、0826兵器科学与技术、0837安全科学与工程,岗位标签,title_or_tag,1,1,government:1,job_ea3c14334f5040a139aa,六处警务技术一级主管及以下,0801力学（工程力学）、0826兵器科学与技术、0837安全科学与工程
0805材料科学与工程、0806冶金工程、0856材料与化工,岗位标签,title_or_tag,1,1,government:1,job_ad0192c4356aa75c623c,业务处室一级主任科员及以下,0805材料科学与工程、0806冶金工程、0856材料与化工
0807电子信息类,岗位标签,title_or_tag,1,1,government:1,job_c8e45d7831e78dbda609,特警支队一级警长及以下（三）,0807电子信息类
0807电子信息类、0809计算机类,岗位标签,title_or_tag,1,1,government:1,job_bd9438169b408c2b9164,新化调查队一级科员,0807电子信息类、0809计算机类
080800电气工程、085801电气工程,岗位标签,title_or_tag,1,1,government:1,job_ce39f4bc78d445aa8630,机场处一级主任科员及以下,080800电气工程、085801电气工程
080901计算机科学与技术、080903网络工程、080904K信息安全,岗位标签,title_or_tag,1,1,government:1,job_fb82b019cd400f43e072,统计信息部门一级主任科员及以下,080901计算机科学与技术、080903网络工程、080904K信息安全
080901计算机科学与技术、080903网络工程、081001土木工程,岗位标签,title_or_tag,1,1,government:1,job_5d91da1430f51ec0390c,喀什边境管理支队一级警长及以下（四）,080901计算机科学与技术、080903网络工程、081001土木工程
080903网络工程、080703通信工程,岗位标签,title_or_tag,1,1,government:1,job_5cb6ac809eca1ff66b6d,和田边境管理支队一级警长及以下（七）,080903网络工程、080703通信工程
080910T数据科学与大数据技术、080201机械工程、040201体育教育,岗位标签,title_or_tag,1,1,government:1,job_a0ae26a6fae298fdf292,塔城边境管理支队一级警长及以下（三）,080910T数据科学与大数据技术、080201机械工程、040201体育教育
080912T新媒体技术、130311T影视摄影与制作,岗位标签,title_or_tag,1,1,government:1,job_52d852b9754829736278,吉木乃出入境边防检查站一级警长及以下（二）,080912T新媒体技术、130311T影视摄影与制作
0809电子科学与技术、0810信息与通信工程、 0812计算机科学与技术,岗位标签,title_or_tag,1,1,government:1,job_373df6a6dba9049def2c,一级主任科员及以下,0809电子科学与技术、0810信息与通信工程、 0812计算机科学与技术
0809计算机类（计算机科学与技术、新媒体技术）,岗位标签,title_or_tag,1,1,government:1,job_656a7c58ff8b561109e6,长白海关缉私分局一级警长及以下,0809计算机类（计算机科学与技术、新媒体技术）
081002建筑环境与能源应用工程,岗位标签,title_or_tag,1,1,government:1,job_f1d76ce2ae4c10ee8c10,行政后勤岗位一级主任科员及以下,081002建筑环境与能源应用工程
0812计算机科学与技术,岗位标签,title_or_tag,1,1,government:1,job_00f9f877c55f63c0b3a6,陕西调查总队综合处室二级主任科员及以下（2）,0812计算机科学与技术
0812计算机科学与技术、085410人工智能、085411大数据技术与工程,岗位标签,title_or_tag,1,1,government:1,job_977f5d6e5e416476f4b9,信息化部门一级主任科员及以下,0812计算机科学与技术、085410人工智能、085411大数据技术与工程
0813建筑学、0814土木工程、0851建筑、0859土木水利（土木工程）,岗位标签,title_or_tag,1,1,government:1,job_1f6aa7a1bae76b7191e6,一处一级主任科员及以下,0813建筑学、0814土木工程、0851建筑、0859土木水利（土木工程）
0813建筑学、0833城乡规划学、0853城乡规划,岗位标签,title_or_tag,1,1,government:1,job_5ba74ad045d60dfd143d,规划管理岗位一级主任科员及以下,0813建筑学、0833城乡规划学、0853城乡规划
0813建筑学、0851建筑、0814土木工程、0859土木水利（土木工程）,岗位标签,title_or_tag,1,1,government:1,job_24c0477dbab8d7b2d56b,九处一级主任科员及以下,0813建筑学、0851建筑、0814土木工程、0859土木水利（土木工程）
0814土木工程、0823交通运输工程、0861交通运输,岗位标签,title_or_tag,1,1,government:1,job_8632644621778fa28132,铁道处一级主任科员及以下,0814土木工程、0823交通运输工程、0861交通运输
081805K飞行技术,岗位标签,title_or_tag,1,1,government:1,job_89bcd69216afd507cdf9,飞行标准处一级主任科员及以下,081805K飞行技术
0818交通运输类（航海技术、轮机工程）,岗位标签,title_or_tag,1,1,government:1,job_000939cc4ad230081683,新会海关缉私分局一级警长及以下,0818交通运输类（航海技术、轮机工程）
082009T无人驾驶航空器系统工程、081801交通运输,岗位标签,title_or_tag,1,1,government:1,job_bde3325791da17af361f,阿克苏边境管理支队一级警长及以下,082009T无人驾驶航空器系统工程、081801交通运输
0820石油与天然气工程,岗位标签,title_or_tag,1,1,government:1,job_43f0818dfe1a346e96be,石油天然气处一级主任科员及以下,0820石油与天然气工程
0820航空航天类、050301新闻学、071101心理学,岗位标签,title_or_tag,1,1,government:1,job_36cac5e0ab28449074cb,和田边境管理支队一级警长及以下（八）,0820航空航天类、050301新闻学、071101心理学
0822轻工技术与工程、0856材料与化工（仅印刷包装或制浆造纸方向）,岗位标签,title_or_tag,1,1,government:1,job_2a88487f65c166f08a90,东兴出入境边防检查站一级警长及以下（三）,0822轻工技术与工程、0856材料与化工（仅印刷包装或制浆造纸方向）
0823交通运输工程、0861交通运输、1251工商管理、1252公共管理,岗位标签,title_or_tag,1,1,government:1,job_c52cfa17e12225b7e7b0,运输处一级主任科员及以下,0823交通运输工程、0861交通运输、1251工商管理、1252公共管理
0834风景园林学，0862/0953风景园林，090706园林植物与观赏园艺,岗位标签,title_or_tag,1,1,government:1,job_a2013397e049b982e839,后勤管理岗位一级主任科员及以下,0834风景园林学，0862/0953风景园林，090706园林植物与观赏园艺
0835软件工程,岗位标签,title_or_tag,1,1,government:1,job_2be0a71d235e961dcd2b,训练处一级警长及以下（四）,0835软件工程
085404计算机技术、085600材料与化工,岗位标签,title_or_tag,1,1,government:1,job_11f169a057f65c863962,伊尔克什坦出入境边防检查站一级警长及以下（二）,085404计算机技术、085600材料与化工
08工学、02经济学,岗位标签,title_or_tag,1,1,government:1,job_d8abd273ab11dca7451f,业务处室一级主任科员及以下,08工学、02经济学
0901植物生产类、0902自然保护与环境生态类、0905林学类、0907草学类,岗位标签,title_or_tag,1,1,government:1,job_c8277c33ff005014ac18,园林管理岗位一级主任科员及以下,0901植物生产类、0902自然保护与环境生态类、0905林学类、0907草学类
1051临床医学,岗位标签,title_or_tag,1,1,government:1,job_ff000db31fd0dc1cf6ba,卫生健康管理岗位一级主任科员及以下,1051临床医学
120102信息管理与信息系统、120108T大数据管理与应用,岗位标签,title_or_tag,1,1,government:1,job_dde979a46c1e930e5dab,牡丹江出入境边防检查站一级警长及以下（一）,120102信息管理与信息系统、120108T大数据管理与应用
1201管理科学与工程、1205信息资源管理、1256工程管理,岗位标签,title_or_tag,1,1,government:1,job_de115100534b2d43cd8d,六处一级主任科员及以下,1201管理科学与工程、1205信息资源管理、1256工程管理
120201会计学,岗位标签,title_or_tag,1,1,government:1,job_b4b2718dc53c79d1d5aa,计划财务处一级主任科员及以下,120201会计学
120201会计学、120202财务管理、1253会计、1257审计,岗位标签,title_or_tag,1,1,government:1,job_db64e53a654aa03b47a4,审计和财务监管处一级主任科员及以下,120201会计学、120202财务管理、1253会计、1257审计
120201会计学、1253会计,岗位标签,title_or_tag,1,1,government:1,job_7d1800c4a11b828d8391,财务管理岗位一级主任科员及以下,120201会计学、1253会计
120203K会计学、081001土木工程,岗位标签,title_or_tag,1,1,government:1,job_249154c4cab46935abce,伊犁边境管理支队一级警长及以下（一）,120203K会计学、081001土木工程
120203K会计学、120204财务管理,岗位标签,title_or_tag,1,1,government:1,job_670aff4c3ef0fcf0b0de,财务管理岗位一级主任科员及以下,120203K会计学、120204财务管理
120207审计学、120204财务管理、081001土木工程,岗位标签,title_or_tag,1,1,government:1,job_6a203b177ca021113118,博州边境管理支队一级警长及以下（四）,120207审计学、120204财务管理、081001土木工程
1202工商管理学（会计学、审计学、财务管理）、1253会计、1257审计,岗位标签,title_or_tag,1,1,government:1,job_25808a5bd05d8cf7e491,办公室一级警长及以下,1202工商管理学（会计学、审计学、财务管理）、1253会计、1257审计
1202工商管理学（会计学、审计学）、1253会计 、1257审计,岗位标签,title_or_tag,1,1,government:1,job_19409795b6db88d2c450,三处一级警长及以下,1202工商管理学（会计学、审计学）、1253会计 、1257审计
1202工商管理学（会计学）、1253会计、1257审计,岗位标签,title_or_tag,1,1,government:1,job_ef5ff4aaf33e8f783dd5,天津保税区海关缉私分局一级警长及以下,1202工商管理学（会计学）、1253会计、1257审计
1202工商管理学（审计学）、1257审计,岗位标签,title_or_tag,1,1,government:1,job_9d6b84cf3f726c4c6833,一处一级警长及以下,1202工商管理学（审计学）、1257审计
1202工商管理类,岗位标签,title_or_tag,1,1,government:1,job_d3d3f4e87017efd65259,牡丹江海关缉私分局一级警长及以下,1202工商管理类
1202工商管理类（会计学、财务管理、审计学）,岗位标签,title_or_tag,1,1,government:1,job_c25221540b4523e0b908,海沧海关缉私分局一级警长及以下,1202工商管理类（会计学、财务管理、审计学）
1202工商管理（会计学、财务学、审计学、财务管理）、1253会计、1257审计,岗位标签,title_or_tag,1,1,government:1,job_a04b7f77686a23e015fa,一处一级警长及以下,1202工商管理（会计学、财务学、审计学、财务管理）、1253会计、1257审计
1202工商管理（财务管理、会计学、审计学）、1253会计、1257审计,岗位标签,title_or_tag,1,1,government:1,job_d66f12200c30f6478af6,监管部门一级主任科员及以下,1202工商管理（财务管理、会计学、审计学）、1253会计、1257审计
1205信息资源管理,岗位标签,title_or_tag,1,1,government:1,job_6ac2d99108473378e433,办公室一级警长及以下,1205信息资源管理
1205信息资源管理（不含图书馆学）,岗位标签,title_or_tag,1,1,government:1,job_dacdc0a3cd7d072fac39,陕西调查总队综合处室二级主任科员及以下（4）,1205信息资源管理（不含图书馆学）
1205图书情报与档案管理类,岗位标签,title_or_tag,1,1,government:1,job_c277b6eb35af0f8a551a,湾仔海关缉私分局一级警长及以下,1205图书情报与档案管理类
1251工商管理（会计学、审计学）、1253会计、1257审计、,岗位标签,title_or_tag,1,1,government:1,job_2e6e8584c22ffbdc7e5f,二处一级主任科员及以下,1251工商管理（会计学、审计学）、1253会计、1257审计、
1253会计,岗位标签,title_or_tag,1,1,government:1,job_dc666113671089283b4c,陕西调查总队综合处室二级主任科员及以下（3）,1253会计
1253会计学、1257审计学、1202工商管理学（仅会计、财务管理或审计方向）,岗位标签,title_or_tag,1,1,government:1,job_5485d995a2f8530ce64c,政治处一级警长及以下,1253会计学、1257审计学、1202工商管理学（仅会计、财务管理或审计方向）
1301艺术学理论类、1302音乐与舞蹈类、1303戏剧与影视学类,岗位标签,title_or_tag,1,1,government:1,job_adcd438a87473c0f3229,演出管理处一级主任科员及以下,1301艺术学理论类、1302音乐与舞蹈类、1303戏剧与影视学类
1301艺术学（雕塑）、1356美术与书法（雕塑）,岗位标签,title_or_tag,1,1,government:1,job_9e89b29f42aa4e04456e,十处警务技术一级主管及以下,1301艺术学（雕塑）、1356美术与书法（雕塑）
130508数字媒体艺术、130511T新媒体艺术,岗位标签,title_or_tag,1,1,government:1,job_e35a288260b0236e39d3,饶河出入境边防检查站一级警长及以下,130508数字媒体艺术、130511T新媒体艺术
135100艺术、135101音乐、135106舞蹈,岗位标签,title_or_tag,1,1,government:1,job_03d305463cffdc9505e0,博州边境管理支队一级警长及以下（一）,135100艺术、135101音乐、135106舞蹈
13艺术学、05文学,岗位标签,title_or_tag,1,1,government:1,job_6a9556ed58ed29262437,文艺研究与评论处一级主任科员及以下,13艺术学、05文学
1404遥感科学与技术类,岗位标签,title_or_tag,1,1,government:1,job_e5ba0db5c0de1593941e,江苏调查总队农业调查处四级主任科员,1404遥感科学与技术类
460602飞行器数字化装配技术、440301建筑工程技术、440501工程造价,岗位标签,title_or_tag,1,1,government:1,job_ee8bc86eac6ed608ca00,喀什边境管理支队一级警长及以下（六）,460602飞行器数字化装配技术、440301建筑工程技术、440501工程造价
500412通用航空器维修、550114室内艺术设计,岗位标签,title_or_tag,1,1,government:1,job_5fc69709a0e3ccacaead,博州边境管理支队一级警长及以下（五）,500412通用航空器维修、550114室内艺术设计
510306通信系统运行管理、530202金融科技应用、530302大数据与会计,岗位标签,title_or_tag,1,1,government:1,job_d147a80505a8f1b4ae31,喀什边境管理支队一级警长及以下（七）,510306通信系统运行管理、530202金融科技应用、530302大数据与会计
580301K刑事侦查、580201K刑事科学技术、580701安全防范技术,岗位标签,title_or_tag,1,1,government:1,job_f008cde8a4cf080e66c4,和田边境管理支队一级警长及以下（十二）,580301K刑事侦查、580201K刑事科学技术、580701安全防范技术
一处警务技术一级主管及以下,岗位标签,title_or_tag,1,1,government:1,job_2392ac63aa866be5b7c2,一处警务技术一级主管及以下,一处警务技术一级主管及以下
一级主任科员及以下（俄语）,岗位标签,title_or_tag,1,1,government:1,job_8c6b63737d6262f3689c,一级主任科员及以下（俄语）,一级主任科员及以下（俄语）
一级主任科员及以下（德语）,岗位标签,title_or_tag,1,1,government:1,job_dfe218aa287364fae3f5,一级主任科员及以下（德语）,一级主任科员及以下（德语）
一级主任科员及以下（意大利语）,岗位标签,title_or_tag,1,1,government:1,job_86f77bc3b7d8651a5548,一级主任科员及以下（意大利语）,一级主任科员及以下（意大利语）
一级主任科员及以下（日语）,岗位标签,title_or_tag,1,1,government:1,job_32a70d76e5e1640b9504,一级主任科员及以下（日语）,一级主任科员及以下（日语）
一级主任科员及以下（朝语、韩语）,岗位标签,title_or_tag,1,1,government:1,job_bbc9e6df7ed385c02745,一级主任科员及以下（朝语、韩语）,一级主任科员及以下（朝语、韩语）
一级主任科员及以下（英语一）,岗位标签,title_or_tag,1,1,government:1,job_d5d85a555b56a181c4ff,一级主任科员及以下（英语一）,一级主任科员及以下（英语一）
一级主任科员及以下（英语七）,岗位标签,title_or_tag,1,1,government:1,job_a5190c36fb6bb8c1d809,一级主任科员及以下（英语七）,一级主任科员及以下（英语七）
一级主任科员及以下（英语三）,岗位标签,title_or_tag,1,1,government:1,job_1a8b89f82c5b5514142f,一级主任科员及以下（英语三）,一级主任科员及以下（英语三）
一级主任科员及以下（英语二）,岗位标签,title_or_tag,1,1,government:1,job_408e95f0aa297589cad7,一级主任科员及以下（英语二）,一级主任科员及以下（英语二）
一级主任科员及以下（英语五）,岗位标签,title_or_tag,1,1,government:1,job_bbbdf83f13414ec59b89,一级主任科员及以下（英语五）,一级主任科员及以下（英语五）
一级主任科员及以下（英语六）,岗位标签,title_or_tag,1,1,government:1,job_0ae12a5d2f87e783cba8,一级主任科员及以下（英语六）,一级主任科员及以下（英语六）
一级主任科员及以下（英语四）,岗位标签,title_or_tag,1,1,government:1,job_0ca815913767a857cc89,一级主任科员及以下（英语四）,一级主任科员及以下（英语四）
一级主任科员及以下（英语翻译）,岗位标签,title_or_tag,1,1,government:1,job_f8ca8fe7abc648130a11,一级主任科员及以下（英语翻译）,一级主任科员及以下（英语翻译）
一级主任科员及以下（葡萄牙语）,岗位标签,title_or_tag,1,1,government:1,job_539e4e80f680085c9a26,一级主任科员及以下（葡萄牙语）,一级主任科员及以下（葡萄牙语）
一级主任科员及以下（西班牙语）,岗位标签,title_or_tag,1,1,government:1,job_e0ff0051ce09aa03f6a9,一级主任科员及以下（西班牙语）,一级主任科员及以下（西班牙语）
一级主办及以下(一),岗位标签,title_or_tag,1,1,government:1,job_04336cde21e1698c45f6,一级主办及以下(一),一级主办及以下(一)
一级主办及以下(三),岗位标签,title_or_tag,1,1,government:1,job_b324f2f34a5fba54ef37,一级主办及以下(三),一级主办及以下(三)
一级主办及以下(二),岗位标签,title_or_tag,1,1,government:1,job_c042ea3248ba4d5b55e1,一级主办及以下(二),一级主办及以下(二)
一级主办及以下(四),岗位标签,title_or_tag,1,1,government:1,job_e2af6f4edd5b7e45cfba,一级主办及以下(四),一级主办及以下(四)
一级主办及以下（二十一）,岗位标签,title_or_tag,1,1,government:1,job_48752714f7eb5866c453,一级主办及以下（二十一）,一级主办及以下（二十一）
一级主办及以下（二十七）,岗位标签,title_or_tag,1,1,government:1,job_d4e7f4a8c8025162b3a7,一级主办及以下（二十七）,一级主办及以下（二十七）
一级主办及以下（二十三）,岗位标签,title_or_tag,1,1,government:1,job_4cee9fd5dd1399c33569,一级主办及以下（二十三）,一级主办及以下（二十三）
一级主办及以下（二十二）,岗位标签,title_or_tag,1,1,government:1,job_843b82c5f4b2f7046b02,一级主办及以下（二十二）,一级主办及以下（二十二）
一级主办及以下（二十五）,岗位标签,title_or_tag,1,1,government:1,job_98af6cddb2fe0a1dd555,一级主办及以下（二十五）,一级主办及以下（二十五）
一级主办及以下（二十六）,岗位标签,title_or_tag,1,1,government:1,job_7a7fe19cbfecd775c66e,一级主办及以下（二十六）,一级主办及以下（二十六）
一级主办及以下（二十四）,岗位标签,title_or_tag,1,1,government:1,job_d25af7c3c57a8388fade,一级主办及以下（二十四）,一级主办及以下（二十四）
一级主办及以下（二十）,岗位标签,title_or_tag,1,1,government:1,job_335f705263cdb2e24906,一级主办及以下（二十）,一级主办及以下（二十）
一级主办及以下（十九）,岗位标签,title_or_tag,1,1,government:1,job_3f667d11cb8deccc898f,一级主办及以下（十九）,一级主办及以下（十九）
一级主办及以下（十八）,岗位标签,title_or_tag,1,1,government:1,job_da5cc92012681cf16f2a,一级主办及以下（十八）,一级主办及以下（十八）
一级主办（一）,岗位标签,title_or_tag,1,1,government:1,job_c5ef6710eff7173219ca,一级主办（一）,一级主办（一）
一级主办（二）,岗位标签,title_or_tag,1,1,government:1,job_a1c3ec645df45c4bd9fe,一级主办（二）,一级主办（二）
一级主管及以下,岗位标签,title_or_tag,1,1,government:1,job_332499fe7b742b3e194f,一级主管及以下,一级主管及以下
一级科员（七）,岗位标签,title_or_tag,1,1,government:1,job_abf565d4807edaef5e2e,一级科员（七）,一级科员（七）
一级行政执法员（三十一）,岗位标签,title_or_tag,1,1,government:1,job_7bafc7c327d51854c881,一级行政执法员（三十一）,一级行政执法员（三十一）
一级行政执法员（三十七）,岗位标签,title_or_tag,1,1,government:1,job_4f8205fccdd6496d2dad,一级行政执法员（三十七）,一级行政执法员（三十七）
一级行政执法员（三十三）,岗位标签,title_or_tag,1,1,government:1,job_76661ad06742396864d2,一级行政执法员（三十三）,一级行政执法员（三十三）
一级行政执法员（三十九）,岗位标签,title_or_tag,1,1,government:1,job_a0fd51c5b66aa6af69d1,一级行政执法员（三十九）,一级行政执法员（三十九）
一级行政执法员（三十二）,岗位标签,title_or_tag,1,1,government:1,job_8990831727e87d2053f4,一级行政执法员（三十二）,一级行政执法员（三十二）
一级行政执法员（三十五）,岗位标签,title_or_tag,1,1,government:1,job_398477d2ded8ef35d710,一级行政执法员（三十五）,一级行政执法员（三十五）
一级行政执法员（三十八）,岗位标签,title_or_tag,1,1,government:1,job_3e409d295195f7b936c6,一级行政执法员（三十八）,一级行政执法员（三十八）
一级行政执法员（三十六）,岗位标签,title_or_tag,1,1,government:1,job_733d412b392326e93b37,一级行政执法员（三十六）,一级行政执法员（三十六）
一级行政执法员（三十四）,岗位标签,title_or_tag,1,1,government:1,job_0018163106417a3bdd4f,一级行政执法员（三十四）,一级行政执法员（三十四）
一级行政执法员（三十）,岗位标签,title_or_tag,1,1,government:1,job_6b7826c0bfc92c93735a,一级行政执法员（三十）,一级行政执法员（三十）
一级行政执法员（二十一）,岗位标签,title_or_tag,1,1,government:1,job_f19470e8324e2eb10098,一级行政执法员（二十一）,一级行政执法员（二十一）
一级行政执法员（二十七）,岗位标签,title_or_tag,1,1,government:1,job_d14b51a6e28225304e11,一级行政执法员（二十七）,一级行政执法员（二十七）
一级行政执法员（二十三）,岗位标签,title_or_tag,1,1,government:1,job_3f6e6eb0da93d366cdb6,一级行政执法员（二十三）,一级行政执法员（二十三）
一级行政执法员（二十九）,岗位标签,title_or_tag,1,1,government:1,job_9c85f2898de63c93938d,一级行政执法员（二十九）,一级行政执法员（二十九）
一级行政执法员（二十二）,岗位标签,title_or_tag,1,1,government:1,job_1c2bbaa3543e2882a014,一级行政执法员（二十二）,一级行政执法员（二十二）
一级行政执法员（二十五）,岗位标签,title_or_tag,1,1,government:1,job_05e3886842d6f33ff1de,一级行政执法员（二十五）,一级行政执法员（二十五）
一级行政执法员（二十八）,岗位标签,title_or_tag,1,1,government:1,job_e24f81c4c8d40922726c,一级行政执法员（二十八）,一级行政执法员（二十八）
一级行政执法员（二十六）,岗位标签,title_or_tag,1,1,government:1,job_8446718c1a4a5bf7a232,一级行政执法员（二十六）,一级行政执法员（二十六）
一级行政执法员（二十四）,岗位标签,title_or_tag,1,1,government:1,job_a39cded53ffa8e709a4b,一级行政执法员（二十四）,一级行政执法员（二十四）
一级行政执法员（二十）,岗位标签,title_or_tag,1,1,government:1,job_5deefeab7733a27d6905,一级行政执法员（二十）,一级行政执法员（二十）
一级行政执法员（十七）,岗位标签,title_or_tag,1,1,government:1,job_e46bb7265bb467617336,一级行政执法员（十七）,一级行政执法员（十七）
一级行政执法员（十九）,岗位标签,title_or_tag,1,1,government:1,job_6cd13029cfbcea553758,一级行政执法员（十九）,一级行政执法员（十九）
一级行政执法员（十八）,岗位标签,title_or_tag,1,1,government:1,job_6dba501035059aa71611,一级行政执法员（十八）,一级行政执法员（十八）
一级行政执法员（四十一）,岗位标签,title_or_tag,1,1,government:1,job_4e2348f4c325bfe22bed,一级行政执法员（四十一）,一级行政执法员（四十一）
一级行政执法员（四十三）,岗位标签,title_or_tag,1,1,government:1,job_ecaeb012ea69052b3cb4,一级行政执法员（四十三）,一级行政执法员（四十三）
一级行政执法员（四十二）,岗位标签,title_or_tag,1,1,government:1,job_3fe452f8e8842633a61d,一级行政执法员（四十二）,一级行政执法员（四十二）
一级行政执法员（四十）,岗位标签,title_or_tag,1,1,government:1,job_dd83593c1fe5b2f05233,一级行政执法员（四十）,一级行政执法员（四十）
一级警长及以下（七）,岗位标签,title_or_tag,1,1,government:1,job_7cfbf950c314719f6cee,一级警长及以下（七）,一级警长及以下（七）
一级警长及以下（三）,岗位标签,title_or_tag,1,1,government:1,job_ae2450d4723ee8bb5ffe,一级警长及以下（三）,一级警长及以下（三）
一级警长及以下（二）,岗位标签,title_or_tag,1,1,government:1,job_1d1ba7226a16d4df46fb,一级警长及以下（二）,一级警长及以下（二）
一级警长及以下（五）,岗位标签,title_or_tag,1,1,government:1,job_b8877974ca537e6d404e,一级警长及以下（五）,一级警长及以下（五）
一级警长及以下（八）,岗位标签,title_or_tag,1,1,government:1,job_acf61a41bbcecc4a0928,一级警长及以下（八）,一级警长及以下（八）
一级警长及以下（六）,岗位标签,title_or_tag,1,1,government:1,job_ce85c7d100dbc072298c,一级警长及以下（六）,一级警长及以下（六）
一级警长及以下（四）,岗位标签,title_or_tag,1,1,government:1,job_2facf8c6a9ad10526677,一级警长及以下（四）,一级警长及以下（四）
七处一级主任科员及以下,岗位标签,title_or_tag,1,1,government:1,job_39e91ef2421c8f323b1b,七处一级主任科员及以下,七处一级主任科员及以下
七处警务技术一级主管及以下,岗位标签,title_or_tag,1,1,government:1,job_d29bb8da000eb5e39ad3,七处警务技术一级主管及以下,七处警务技术一级主管及以下
万州调查队业务科室一级科员（1）,岗位标签,title_or_tag,1,1,government:1,job_44988f8b52d89e16b65a,万州调查队业务科室一级科员（1）,万州调查队业务科室一级科员（1）
万州调查队业务科室一级科员（2）,岗位标签,title_or_tag,1,1,government:1,job_9a02d9191c2dfec83b80,万州调查队业务科室一级科员（2）,万州调查队业务科室一级科员（2）
万州调查队综合科室一级科员,岗位标签,title_or_tag,1,1,government:1,job_9147ea4620888968dd03,万州调查队综合科室一级科员,万州调查队综合科室一级科员
三亚海关缉私分局一级警长及以下,岗位标签,title_or_tag,1,1,government:1,job_fe157d28005d812583f0,三亚海关缉私分局一级警长及以下,三亚海关缉私分局一级警长及以下
三处警务技术一级主管及以下,岗位标签,title_or_tag,1,1,government:1,job_fcd4511b89ef9273ba31,三处警务技术一级主管及以下,三处警务技术一级主管及以下
三明调查队业务科室一级科员（1）,岗位标签,title_or_tag,1,1,government:1,job_a8f60b04e4d4e38d1e17,三明调查队业务科室一级科员（1）,三明调查队业务科室一级科员（1）
三明调查队业务科室一级科员（2）,岗位标签,title_or_tag,1,1,government:1,job_907246f30281b243edf1,三明调查队业务科室一级科员（2）,三明调查队业务科室一级科员（2）
三河调查队一级科员,岗位标签,title_or_tag,1,1,government:1,job_331221a480c6767da4fb,三河调查队一级科员,三河调查队一级科员
上海外高桥港区海关缉私分局一级警长及以下,岗位标签,title_or_tag,1,1,government:1,job_3958caefadf73025253a,上海外高桥港区海关缉私分局一级警长及以下,上海外高桥港区海关缉私分局一级警长及以下
上海浦东国际机场海关缉私分局一级警长及以下,岗位标签,title_or_tag,1,1,government:1,job_193c49567987bf86b570,上海浦东国际机场海关缉私分局一级警长及以下,上海浦东国际机场海关缉私分局一级警长及以下
上海浦江海关缉私分局一级警长及以下,岗位标签,title_or_tag,1,1,government:1,job_f39b07db1590973373cd,上海浦江海关缉私分局一级警长及以下,上海浦江海关缉私分局一级警长及以下
上海调查总队业务处室一级主任科员及以下,岗位标签,title_or_tag,1,1,government:1,job_bd9c747a85b2dea00e54,上海调查总队业务处室一级主任科员及以下,上海调查总队业务处室一级主任科员及以下
上级湖水利管理局一级主任科员及以下,岗位标签,title_or_tag,1,1,government:1,job_b61a932e2865746e1e56,上级湖水利管理局一级主任科员及以下,上级湖水利管理局一级主任科员及以下
上虞调查队一级科员,岗位标签,title_or_tag,1,1,government:1,job_7c510bdee6913e95ca44,上虞调查队一级科员,上虞调查队一级科员
不限专业,岗位标签,title_or_tag,1,1,government:1,job_4ce912f28b673fb336e8,浦北调查队一级科员,不限专业
专业技术员（一）,岗位标签,title_or_tag,1,1,government:1,job_f4e9ee99b150ae76e23e,专业技术员（一）,专业技术员（一）
专业技术员（三）,岗位标签,title_or_tag,1,1,government:1,job_a4de17a9eebb1e522236,专业技术员（三）,专业技术员（三）
专业技术员（二）,岗位标签,title_or_tag,1,1,government:1,job_07f28c2cc547aaefff61,专业技术员（二）,专业技术员（二）
业务二处一级主任科员及以下,岗位标签,title_or_tag,1,1,government:1,job_84913b6278ab7148d61b,业务二处一级主任科员及以下,业务二处一级主任科员及以下
业务司局岗位（一级主任科员及以下）,岗位标签,title_or_tag,1,1,government:1,job_118f08a075c645f5f57b,业务司局岗位（一级主任科员及以下）,业务司局岗位（一级主任科员及以下）
业务处室一级主任科员以下职位,岗位标签,title_or_tag,1,1,government:1,job_a70c381c4fb9f2ea90af,业务处室一级主任科员以下职位,业务处室一级主任科员以下职位
业务处室一级主任科员及以下1,岗位标签,title_or_tag,1,1,government:1,job_284375718c3fde4f6e28,业务处室一级主任科员及以下1,业务处室一级主任科员及以下1
业务处室一级主任科员及以下2,岗位标签,title_or_tag,1,1,government:1,job_28960df011d2f20f335a,业务处室一级主任科员及以下2,业务处室一级主任科员及以下2
业务处室一级主任科员及以下3,岗位标签,title_or_tag,1,1,government:1,job_ca747823df4307e39a39,业务处室一级主任科员及以下3,业务处室一级主任科员及以下3
业务处室一级主任科员及以下4,岗位标签,title_or_tag,1,1,government:1,job_69d59aa67255c0fb8a27,业务处室一级主任科员及以下4,业务处室一级主任科员及以下4
业务处室一级主任科员及以下5,岗位标签,title_or_tag,1,1,government:1,job_40b022f8384594c2e98d,业务处室一级主任科员及以下5,业务处室一级主任科员及以下5
业务处室一级主任科员及以下6,岗位标签,title_or_tag,1,1,government:1,job_67951ae27ccf8f8c702f,业务处室一级主任科员及以下6,业务处室一级主任科员及以下6
业务处室一级主任科员及以下（一）,岗位标签,title_or_tag,1,1,government:1,job_ec2e952df06dee437f3d,业务处室一级主任科员及以下（一）,业务处室一级主任科员及以下（一）
业务处室一级主任科员及以下（三）,岗位标签,title_or_tag,1,1,government:1,job_1f383c04546af6722365,业务处室一级主任科员及以下（三）,业务处室一级主任科员及以下（三）
业务处室一级主任科员及以下（二）,岗位标签,title_or_tag,1,1,government:1,job_c50ce5e6f40b7968a2a2,业务处室一级主任科员及以下（二）,业务处室一级主任科员及以下（二）
业务处室一级主任科员及以下（四）,岗位标签,title_or_tag,1,1,government:1,job_856fb09dabc279b66937,业务处室一级主任科员及以下（四）,业务处室一级主任科员及以下（四）
业务法规科一级科员及以下,岗位标签,title_or_tag,1,1,government:1,job_bd12c91c5fdcc8ade601,业务法规科一级科员及以下,业务法规科一级科员及以下
业务科技与服务管理科业务管理四级主任科员及以下,岗位标签,title_or_tag,1,1,government:1,job_27589cae0eb29110510b,业务科技与服务管理科业务管理四级主任科员及以下,业务科技与服务管理科业务管理四级主任科员及以下
业务科技与服务管理科（政策法规科）业务管理四级主任科员及以下,岗位标签,title_or_tag,1,1,government:1,job_9bc88b237a481a0d6830,业务科技与服务管理科（政策法规科）业务管理四级主任科员及以下,业务科技与服务管理科（政策法规科）业务管理四级主任科员及以下
业务科技科（法规科）一级科员及以下,岗位标签,title_or_tag,1,1,government:1,job_be4cd361188a4da4aea4,业务科技科（法规科）一级科员及以下,业务科技科（法规科）一级科员及以下
业务科技科（法规科）四级主任科员及以下,岗位标签,title_or_tag,1,1,government:1,job_f4456113f8704f272ead,业务科技科（法规科）四级主任科员及以下,业务科技科（法规科）四级主任科员及以下
业务科（法规科）综合业务管理一级科员及以下,岗位标签,title_or_tag,1,1,government:1,job_3e80f53e5998046f2288,业务科（法规科）综合业务管理一级科员及以下,业务科（法规科）综合业务管理一级科员及以下
业务管理岗一级主任科员及以下,岗位标签,title_or_tag,1,1,government:1,job_79b4b17a63fc6d35fb6c,业务管理岗一级主任科员及以下,业务管理岗一级主任科员及以下
业务管理部门一级主任科员及以下,岗位标签,title_or_tag,1,1,government:1,job_a00f413258ec706e9424,业务管理部门一级主任科员及以下,业务管理部门一级主任科员及以下
东光调查队一级科员,岗位标签,title_or_tag,1,1,government:1,job_b744297a46352b252ec0,东光调查队一级科员,东光调查队一级科员
东兴出入境边防检查站一级警长及以下（一）,岗位标签,title_or_tag,1,1,government:1,job_280f99e285a396561bca,东兴出入境边防检查站一级警长及以下（一）,东兴出入境边防检查站一级警长及以下（一）
东兴出入境边防检查站一级警长及以下（三）,岗位标签,title_or_tag,1,1,government:1,job_2a88487f65c166f08a90,东兴出入境边防检查站一级警长及以下（三）,东兴出入境边防检查站一级警长及以下（三）
东兴出入境边防检查站一级警长及以下（二）,岗位标签,title_or_tag,1,1,government:1,job_b9ca56099cb315cdec19,东兴出入境边防检查站一级警长及以下（二）,东兴出入境边防检查站一级警长及以下（二）
东兴出入境边防检查站一级警长及以下（四）,岗位标签,title_or_tag,1,1,government:1,job_9c36e5f7edad00e3c14f,东兴出入境边防检查站一级警长及以下（四）,东兴出入境边防检查站一级警长及以下（四）
东兴遣返中心执行队一级警长及以下（一）,岗位标签,title_or_tag,1,1,government:1,job_f56c79e053ac7a0cc529,东兴遣返中心执行队一级警长及以下（一）,东兴遣返中心执行队一级警长及以下（一）
东兴遣返中心执行队一级警长及以下（七）,岗位标签,title_or_tag,1,1,government:1,job_9e0937f369199e9f74d3,东兴遣返中心执行队一级警长及以下（七）,东兴遣返中心执行队一级警长及以下（七）
东兴遣返中心执行队一级警长及以下（三）,岗位标签,title_or_tag,1,1,government:1,job_1a865244c5191d9cf119,东兴遣返中心执行队一级警长及以下（三）,东兴遣返中心执行队一级警长及以下（三）
东兴遣返中心执行队一级警长及以下（九）,岗位标签,title_or_tag,1,1,government:1,job_7b6021c0c8dc76410588,东兴遣返中心执行队一级警长及以下（九）,东兴遣返中心执行队一级警长及以下（九）
东兴遣返中心执行队一级警长及以下（二）,岗位标签,title_or_tag,1,1,government:1,job_dc8019bbdddeb0c5fc2c,东兴遣返中心执行队一级警长及以下（二）,东兴遣返中心执行队一级警长及以下（二）
东兴遣返中心执行队一级警长及以下（五）,岗位标签,title_or_tag,1,1,government:1,job_1a2c28a78bdebd653d3e,东兴遣返中心执行队一级警长及以下（五）,东兴遣返中心执行队一级警长及以下（五）
东兴遣返中心执行队一级警长及以下（八）,岗位标签,title_or_tag,1,1,government:1,job_b427c30193cee6809d6c,东兴遣返中心执行队一级警长及以下（八）,东兴遣返中心执行队一级警长及以下（八）
东兴遣返中心执行队一级警长及以下（六）,岗位标签,title_or_tag,1,1,government:1,job_cc6931fedfa1d22741e0,东兴遣返中心执行队一级警长及以下（六）,东兴遣返中心执行队一级警长及以下（六）
东兴遣返中心执行队一级警长及以下（四）,岗位标签,title_or_tag,1,1,government:1,job_e05d15f3180242871f9b,东兴遣返中心执行队一级警长及以下（四）,东兴遣返中心执行队一级警长及以下（四）
东宁出入境边防检查站一级警长及以下,岗位标签,title_or_tag,1,1,government:1,job_1d6012532a2eb06a670b,东宁出入境边防检查站一级警长及以下,东宁出入境边防检查站一级警长及以下
东源调查队一级科员,岗位标签,title_or_tag,1,1,government:1,job_77c24f84394fd38f58e3,东源调查队一级科员,东源调查队一级科员
两路寸滩海关缉私分局一级警长及以下,岗位标签,title_or_tag,1,1,government:1,job_3a5fd6b9a8f22faba67b,两路寸滩海关缉私分局一级警长及以下,两路寸滩海关缉私分局一级警长及以下
中国共产党历史、马克思主义理论、中共党史党建学,岗位标签,title_or_tag,1,1,government:1,job_3279c91f5a93174d2542,机关处室二级主任科员及以下,中国共产党历史、马克思主义理论、中共党史党建学
中国民用航空三亚安全监督管理局空防处一级主任科员及以下,岗位标签,title_or_tag,1,1,government:1,job_9359e74bdcecf9c99206,中国民用航空三亚安全监督管理局空防处一级主任科员及以下,中国民用航空三亚安全监督管理局空防处一级主任科员及以下
中国民用航空河南安全监督管理局空防处一级主任科员及以下,岗位标签,title_or_tag,1,1,government:1,job_178d333ac185d583430c,中国民用航空河南安全监督管理局空防处一级主任科员及以下,中国民用航空河南安全监督管理局空防处一级主任科员及以下
中国民用航空深圳安全监督管理局空防处一级主任科员及以下,岗位标签,title_or_tag,1,1,government:1,job_fe3a94121fba61b78cea,中国民用航空深圳安全监督管理局空防处一级主任科员及以下,中国民用航空深圳安全监督管理局空防处一级主任科员及以下
中国语言文学、新闻与传播、新闻学、传播学,岗位标签,title_or_tag,1,1,government:1,job_c5410975cd527f308c5d,一级行政执法员（六）,中国语言文学、新闻与传播、新闻学、传播学
中国语言文学、马克思主义理论,岗位标签,title_or_tag,1,1,government:1,job_1c2bbaa3543e2882a014,一级行政执法员（二十二）,中国语言文学、马克思主义理论
中国语言文学类,岗位标签,title_or_tag,1,1,government:1,job_e050304dad577fc80513,综合部门一级主任科员及以下,中国语言文学类
中国语言文学类、思想政治教育、心理学类、法学,岗位标签,title_or_tag,1,1,government:1,job_a0a2946666f68f4cbee0,边检站一级警长及以下（十二）,中国语言文学类、思想政治教育、心理学类、法学
中国语言文学类、数学类、统计学类、电子信息类、计算机类,岗位标签,title_or_tag,1,1,government:1,job_7c55981dddd6a68a7962,一级行政执法员（七）,中国语言文学类、数学类、统计学类、电子信息类、计算机类
中国语言文学类、新闻传播学类、电子信息类、计算机类,岗位标签,title_or_tag,1,1,government:1,job_49e43d6553256ceae9aa,一级行政执法员（三）,中国语言文学类、新闻传播学类、电子信息类、计算机类
中国语言文学类、新闻传播学类、英语相关专业、财政学类、金融学类、财会审计类,岗位标签,title_or_tag,1,1,government:1,job_72cdba3af63d41c79332,一级行政执法员（七）,中国语言文学类、新闻传播学类、英语相关专业、财政学类、金融学类、财会审计类
中国语言文学类、新闻传播学类、财政学类、工商管理类、公共管理类,岗位标签,title_or_tag,1,1,government:1,job_3a841b3a44236299e94f,一级行政执法员（六）,中国语言文学类、新闻传播学类、财政学类、工商管理类、公共管理类
中国语言文学类、新闻学,岗位标签,title_or_tag,1,1,government:1,job_1b7f6c314c1eeeddcfb8,综合部门一级主任科员及以下,中国语言文学类、新闻学
中国语言文学类、法学类、机械类、化学类、动物医学类、工商管理类,岗位标签,title_or_tag,1,1,government:1,job_00d3086c2458a0db07b2,监管工作一级行政执法员,中国语言文学类、法学类、机械类、化学类、动物医学类、工商管理类
中国语言文学类、经济学类、经济与贸易类、管理科学与工程类、工商管理类、计算机类,岗位标签,title_or_tag,1,1,government:1,job_1cb3bd307c32ff4aff02,一级行政执法员（五）,中国语言文学类、经济学类、经济与贸易类、管理科学与工程类、工商管理类、计算机类
中国语言文学类、经济学类、财政学类、财会审计类、社会保障类、数学类、统计学类,岗位标签,title_or_tag,1,1,government:1,job_005d21c3400023e18881,一级行政执法员（三）,中国语言文学类、经济学类、财政学类、财会审计类、社会保障类、数学类、统计学类
中国语言文学类、统计学类、新闻传播学类、030101K法学,岗位标签,title_or_tag,1,1,government:1,job_388a7b8742d22dc25963,综合部门一级主任科员及以下,中国语言文学类、统计学类、新闻传播学类、030101K法学
中国语言文学类、计算机类、新闻传播学类（以上均为专业类别）,岗位标签,title_or_tag,1,1,government:1,job_35642ecac4fd7028d077,一级主任科员及以下,中国语言文学类、计算机类、新闻传播学类（以上均为专业类别）
中国语言文学类、财政学类、金融学类、经济与贸易类、财会审计类,岗位标签,title_or_tag,1,1,government:1,job_86bf68bce1ae5ce69965,一级行政执法员（九）,中国语言文学类、财政学类、金融学类、经济与贸易类、财会审计类
中国语言文学类、马克思主义理论类,岗位标签,title_or_tag,1,1,government:1,job_d743b2d7f6cdda11319e,办公室四级主任科员及以下,中国语言文学类、马克思主义理论类
中国语言文学类（0501）、新闻传播学类（0503）,岗位标签,title_or_tag,1,1,government:1,job_b4c4477d375fd1775bb2,梅州调查队综合科室一级科员,中国语言文学类（0501）、新闻传播学类（0503）
中国语言文学类（0501）、法学类（0301）、公共管理类（1204）,岗位标签,title_or_tag,1,1,government:1,job_94e9623df9d9c3a90aa7,综合管理处一级主任科员及以下,中国语言文学类（0501）、法学类（0301）、公共管理类（1204）
中国语言文学类（不含中国少数民族语言文学、古典文献学、手语翻译专业）,岗位标签,title_or_tag,1,1,government:1,job_17ae51b350fdf315f647,宁河调查队综合科室一级科员,中国语言文学类（不含中国少数民族语言文学、古典文献学、手语翻译专业）
中国语言文学类（不含手语翻译专业）、工商管理类,岗位标签,title_or_tag,1,1,government:1,job_328727fd58be11a43bc5,泾川调查队一级科员（2）,中国语言文学类（不含手语翻译专业）、工商管理类
中国（辽宁）自由贸易试验区营口片区税务分局一级行政执法员（一）,岗位标签,title_or_tag,1,1,government:1,job_c3450e99e1c1992e3b60,中国（辽宁）自由贸易试验区营口片区税务分局一级行政执法员（一）,中国（辽宁）自由贸易试验区营口片区税务分局一级行政执法员（一）
中国（辽宁）自由贸易试验区营口片区税务分局一级行政执法员（二）,岗位标签,title_or_tag,1,1,government:1,job_aa4f4fe5ddff5273060a,中国（辽宁）自由贸易试验区营口片区税务分局一级行政执法员（二）,中国（辽宁）自由贸易试验区营口片区税务分局一级行政执法员（二）
中山调查队业务科室四级主任科员,岗位标签,title_or_tag,1,1,government:1,job_3f7c158261490f9ecc38,中山调查队业务科室四级主任科员,中山调查队业务科室四级主任科员
中西医结合（1006）,岗位标签,title_or_tag,1,1,government:1,job_dd4ac3c40a55ca0e335e,执勤队一级警长及以下（七）,中西医结合（1006）
丰润调查队一级科员,岗位标签,title_or_tag,1,1,government:1,job_af9c7cc043c1dc104b81,丰润调查队一级科员,丰润调查队一级科员
临床医学、预防医学、卫生检验与检疫,岗位标签,title_or_tag,1,1,government:1,job_161fac044bf23a8f4850,卫生检疫四级主办及以下,临床医学、预防医学、卫生检验与检疫
临床医学、预防医学、卫生检验与检疫、卫生监督、基础医学、医学检验技术,岗位标签,title_or_tag,1,1,government:1,job_60c5749e750280ea9d3e,卫生检疫处卫生检疫专业技术员,临床医学、预防医学、卫生检验与检疫、卫生监督、基础医学、医学检验技术
临床医学（1002）,岗位标签,title_or_tag,1,1,government:1,job_3189d099c94ab78046e0,航空卫生处一级主任科员及以下,临床医学（1002）
临武调查队一级科员,岗位标签,title_or_tag,1,1,government:1,job_e3b6afc7ef6d6d45c734,临武调查队一级科员,临武调查队一级科员
临江出入境边防检查站一级警长及以下,岗位标签,title_or_tag,1,1,government:1,job_db59dc5f8f9cb930985d,临江出入境边防检查站一级警长及以下,临江出入境边防检查站一级警长及以下
临沧调查队业务科室一级科员,岗位标签,title_or_tag,1,1,government:1,job_d00e52cc2870641deb7a,临沧调查队业务科室一级科员,临沧调查队业务科室一级科员
临沧边境管理支队一级警长及以下（一）,岗位标签,title_or_tag,1,1,government:1,job_b33ed7f9a7e50a875e87,临沧边境管理支队一级警长及以下（一）,临沧边境管理支队一级警长及以下（一）
临沧边境管理支队一级警长及以下（三）,岗位标签,title_or_tag,1,1,government:1,job_d55a229171ca6c55bff4,临沧边境管理支队一级警长及以下（三）,临沧边境管理支队一级警长及以下（三）
临沧边境管理支队一级警长及以下（二）,岗位标签,title_or_tag,1,1,government:1,job_92aa231cbcddb389d253,临沧边境管理支队一级警长及以下（二）,临沧边境管理支队一级警长及以下（二）
临沧边境管理支队一级警长及以下（五）,岗位标签,title_or_tag,1,1,government:1,job_52fcd08ff4700670847a,临沧边境管理支队一级警长及以下（五）,临沧边境管理支队一级警长及以下（五）
临沧边境管理支队一级警长及以下（六）,岗位标签,title_or_tag,1,1,government:1,job_624ffa4714f8dfd69562,临沧边境管理支队一级警长及以下（六）,临沧边境管理支队一级警长及以下（六）
临沧边境管理支队一级警长及以下（四）,岗位标签,title_or_tag,1,1,government:1,job_26f4d9abb3219b1a5edd,临沧边境管理支队一级警长及以下（四）,临沧边境管理支队一级警长及以下（四）
临泽调查队一级科员,岗位标签,title_or_tag,1,1,government:1,job_c25098693ce7cfe91ada,临泽调查队一级科员,临泽调查队一级科员
临泽调查队四级主任科员及以下,岗位标签,title_or_tag,1,1,government:1,job_fc24f68a1ca64c2868af,临泽调查队四级主任科员及以下,临泽调查队四级主任科员及以下
临海调查队一级科员,岗位标签,title_or_tag,1,1,government:1,job_fdd88e6852827b264b56,临海调查队一级科员,临海调查队一级科员
临高调查队一级科员(1),岗位标签,title_or_tag,1,1,government:1,job_37a997ecb44814ef620d,临高调查队一级科员(1),临高调查队一级科员(1)
临高调查队一级科员(2),岗位标签,title_or_tag,1,1,government:1,job_da3ff009cd9488869e67,临高调查队一级科员(2),临高调查队一级科员(2)
丹东出入境边防检查站一级警长及以下,岗位标签,title_or_tag,1,1,government:1,job_5b4f97aa09b7c0a8fbcb,丹东出入境边防检查站一级警长及以下,丹东出入境边防检查站一级警长及以下
丹东港出入境边防检查站一级警长及以下,岗位标签,title_or_tag,1,1,government:1,job_5471c69cfa6344979225,丹东港出入境边防检查站一级警长及以下,丹东港出入境边防检查站一级警长及以下
丹东遣返站执行队一级警长及以下（一）,岗位标签,title_or_tag,1,1,government:1,job_ff7396ceb0bea94a5433,丹东遣返站执行队一级警长及以下（一）,丹东遣返站执行队一级警长及以下（一）
丹东遣返站执行队一级警长及以下（三）,岗位标签,title_or_tag,1,1,government:1,job_d6436cdf7fc1e7ec6e9b,丹东遣返站执行队一级警长及以下（三）,丹东遣返站执行队一级警长及以下（三）
丹东遣返站执行队一级警长及以下（二）,岗位标签,title_or_tag,1,1,government:1,job_e225ae5e1723e7a6de23,丹东遣返站执行队一级警长及以下（二）,丹东遣返站执行队一级警长及以下（二）
丹寨调查队一级科员,岗位标签,title_or_tag,1,1,government:1,job_cfcc6745bfc0234e5c51,丹寨调查队一级科员,丹寨调查队一级科员
丽江出入境边防检查站一级警长及以下（一）,岗位标签,title_or_tag,1,1,government:1,job_6e04126e5713fffa06fa,丽江出入境边防检查站一级警长及以下（一）,丽江出入境边防检查站一级警长及以下（一）
丽江出入境边防检查站一级警长及以下（二）,岗位标签,title_or_tag,1,1,government:1,job_e8320c287c2e0832c14d,丽江出入境边防检查站一级警长及以下（二）,丽江出入境边防检查站一级警长及以下（二）
乌什调查队一级科员,岗位标签,title_or_tag,1,1,government:1,job_ae9cc315920a544f9200,乌什调查队一级科员,乌什调查队一级科员
乌兰察布·二连浩特国家物流枢纽园区税务分局一级行政执法员（一）,岗位标签,title_or_tag,1,1,government:1,job_f9b5425acfa266153975,乌兰察布·二连浩特国家物流枢纽园区税务分局一级行政执法员（一）,乌兰察布·二连浩特国家物流枢纽园区税务分局一级行政执法员（一）
乌兰察布·二连浩特国家物流枢纽园区税务分局一级行政执法员（二）,岗位标签,title_or_tag,1,1,government:1,job_27e227d176b6a393b434,乌兰察布·二连浩特国家物流枢纽园区税务分局一级行政执法员（二）,乌兰察布·二连浩特国家物流枢纽园区税务分局一级行政执法员（二）
乌海调查队业务科室一级科员（1）,岗位标签,title_or_tag,1,1,government:1,job_33fefd8fad5e5abdba3b,乌海调查队业务科室一级科员（1）,乌海调查队业务科室一级科员（1）
乌海调查队业务科室一级科员（2）,岗位标签,title_or_tag,1,1,government:1,job_e6eac81a4f4a31bb4056,乌海调查队业务科室一级科员（2）,乌海调查队业务科室一级科员（2）
乌海调查队业务科室一级科员（3）,岗位标签,title_or_tag,1,1,government:1,job_fca8dab607853d0b8219,乌海调查队业务科室一级科员（3）,乌海调查队业务科室一级科员（3）
乌苏调查队一级科员（1）,岗位标签,title_or_tag,1,1,government:1,job_abd5d1f44b94092d2a90,乌苏调查队一级科员（1）,乌苏调查队一级科员（1）
乌苏调查队一级科员（2）,岗位标签,title_or_tag,1,1,government:1,job_f8ae1c23483dc82af80f,乌苏调查队一级科员（2）,乌苏调查队一级科员（2）
乌鲁木齐出入境边防检查站一级警长及以下（一）,岗位标签,title_or_tag,1,1,government:1,job_f1c36e2f2b232e533638,乌鲁木齐出入境边防检查站一级警长及以下（一）,乌鲁木齐出入境边防检查站一级警长及以下（一）
乌鲁木齐出入境边防检查站一级警长及以下（三）,岗位标签,title_or_tag,1,1,government:1,job_2e2c9ad278e7491233e3,乌鲁木齐出入境边防检查站一级警长及以下（三）,乌鲁木齐出入境边防检查站一级警长及以下（三）
乌鲁木齐出入境边防检查站一级警长及以下（二）,岗位标签,title_or_tag,1,1,government:1,job_0fd097a28adcb5ba049c,乌鲁木齐出入境边防检查站一级警长及以下（二）,乌鲁木齐出入境边防检查站一级警长及以下（二）
乌鲁木齐出入境边防检查站一级警长及以下（五）,岗位标签,title_or_tag,1,1,government:1,job_fca56b300d1c36381e1f,乌鲁木齐出入境边防检查站一级警长及以下（五）,乌鲁木齐出入境边防检查站一级警长及以下（五）
乌鲁木齐出入境边防检查站一级警长及以下（四）,岗位标签,title_or_tag,1,1,government:1,job_01660f0c9fad2f551d01,乌鲁木齐出入境边防检查站一级警长及以下（四）,乌鲁木齐出入境边防检查站一级警长及以下（四）
乐山调查队业务科室一级科员,岗位标签,title_or_tag,1,1,government:1,job_faac7cf7966423dca049,乐山调查队业务科室一级科员,乐山调查队业务科室一级科员
九处一级警长及以下,岗位标签,title_or_tag,1,1,government:1,job_0c821035b257f5457e77,九处一级警长及以下,九处一级警长及以下
九洲海关缉私分局一级警长及以下,岗位标签,title_or_tag,1,1,government:1,job_f07afc299993e760171f,九洲海关缉私分局一级警长及以下,九洲海关缉私分局一级警长及以下
乡村振兴协调指导处一级主任科员及以下,岗位标签,title_or_tag,1,1,government:1,job_6e02ae75fce466a42170,乡村振兴协调指导处一级主任科员及以下,乡村振兴协调指导处一级主任科员及以下
二连出入境边防检查站一级警长及以下（一）,岗位标签,title_or_tag,1,1,government:1,job_00b02a97fc654690fe5b,二连出入境边防检查站一级警长及以下（一）,二连出入境边防检查站一级警长及以下（一）
二连出入境边防检查站一级警长及以下（七）,岗位标签,title_or_tag,1,1,government:1,job_c7eb6a3af92ca75ac5cd,二连出入境边防检查站一级警长及以下（七）,二连出入境边防检查站一级警长及以下（七）
二连出入境边防检查站一级警长及以下（三）,岗位标签,title_or_tag,1,1,government:1,job_3e2325549ea4e476f104,二连出入境边防检查站一级警长及以下（三）,二连出入境边防检查站一级警长及以下（三）
二连出入境边防检查站一级警长及以下（二）,岗位标签,title_or_tag,1,1,government:1,job_77cc5f10ff0368989b44,二连出入境边防检查站一级警长及以下（二）,二连出入境边防检查站一级警长及以下（二）
二连出入境边防检查站一级警长及以下（五）,岗位标签,title_or_tag,1,1,government:1,job_ce5cf2fe252658e84f84,二连出入境边防检查站一级警长及以下（五）,二连出入境边防检查站一级警长及以下（五）
二连出入境边防检查站一级警长及以下（六）,岗位标签,title_or_tag,1,1,government:1,job_72c04861e54d3f8f6164,二连出入境边防检查站一级警长及以下（六）,二连出入境边防检查站一级警长及以下（六）
二连出入境边防检查站一级警长及以下（四）,岗位标签,title_or_tag,1,1,government:1,job_7fa6a4464e9e5159058c,二连出入境边防检查站一级警长及以下（四）,二连出入境边防检查站一级警长及以下（四）
二连出入境边防检查站警务技术一级主管及以下,岗位标签,title_or_tag,1,1,government:1,job_7b2d1e3056c1fdc5c8df,二连出入境边防检查站警务技术一级主管及以下,二连出入境边防检查站警务技术一级主管及以下
云南调查总队农业调查处二级主任科员及以下,岗位标签,title_or_tag,1,1,government:1,job_7b77b23cdc70544639bb,云南调查总队农业调查处二级主任科员及以下,云南调查总队农业调查处二级主任科员及以下
云南香格里拉产业园区税务分局一级行政执法员（一）,岗位标签,title_or_tag,1,1,government:1,job_3d2985b951daf00308f7,云南香格里拉产业园区税务分局一级行政执法员（一）,云南香格里拉产业园区税务分局一级行政执法员（一）
云南香格里拉产业园区税务分局一级行政执法员（三）,岗位标签,title_or_tag,1,1,government:1,job_c5a769f27215154c1dc7,云南香格里拉产业园区税务分局一级行政执法员（三）,云南香格里拉产业园区税务分局一级行政执法员（三）
云南香格里拉产业园区税务分局一级行政执法员（二）,岗位标签,title_or_tag,1,1,government:1,job_52d8a455143d6e9b181f,云南香格里拉产业园区税务分局一级行政执法员（二）,云南香格里拉产业园区税务分局一级行政执法员（二）
云浮调查队业务科室四级主任科员及以下（1）,岗位标签,title_or_tag,1,1,government:1,job_77aaf921de85e17efdd5,云浮调查队业务科室四级主任科员及以下（1）,云浮调查队业务科室四级主任科员及以下（1）
云浮调查队业务科室四级主任科员及以下（2）,岗位标签,title_or_tag,1,1,government:1,job_46cc83f9b363c79ffe7e,云浮调查队业务科室四级主任科员及以下（2）,云浮调查队业务科室四级主任科员及以下（2）
五处一级主任科员及以下,岗位标签,title_or_tag,1,1,government:1,job_5d948ad647cec242c059,五处一级主任科员及以下,五处一级主任科员及以下
五处警务技术一级主管及以下,岗位标签,title_or_tag,1,1,government:1,job_eca27816137673b339ed,五处警务技术一级主管及以下,五处警务技术一级主管及以下
亚东出入境边防检查站一级警长及以下（一）,岗位标签,title_or_tag,1,1,government:1,job_49c5f871c4d5ca99b1b5,亚东出入境边防检查站一级警长及以下（一）,亚东出入境边防检查站一级警长及以下（一）
亚非语言文学（朝鲜语言文学方向）、朝鲜语笔译、朝鲜语口译,岗位标签,title_or_tag,1,1,government:1,job_1bc7537e8b816a62355a,恩施边检站一级警长及以下（四）,亚非语言文学（朝鲜语言文学方向）、朝鲜语笔译、朝鲜语口译
亚非语言文学（越南语方向）、越南语笔译、越南语口译,岗位标签,title_or_tag,1,1,government:1,job_f3fd89757b64e0d12ad1,恩施边检站一级警长及以下（三）,亚非语言文学（越南语方向）、越南语笔译、越南语口译
交通与物流处一级主任科员及以下,岗位标签,title_or_tag,1,1,government:1,job_c076e2abf022551c9768,交通与物流处一级主任科员及以下,交通与物流处一级主任科员及以下
交通信息工程及控制、船舶与海洋工程,岗位标签,title_or_tag,1,1,government:1,job_a0079c9607ebe8fae277,一级行政执法员（三）,交通信息工程及控制、船舶与海洋工程
交通信息工程及控制；交通运输规划与管理；载运工具运用工程；物流工程与管理,岗位标签,title_or_tag,1,1,government:1,job_4dbad177ac71320cc0ed,业务处室一级主任科员及以下,交通信息工程及控制；交通运输规划与管理；载运工具运用工程；物流工程与管理
交通工程、交通运输工程,岗位标签,title_or_tag,1,1,government:1,job_94ac3d69a989999bd09c,业务处室一级主任科员及以下,交通工程、交通运输工程
交通工程（081802）,岗位标签,title_or_tag,1,1,government:1,job_71e62e610b3f0556102e,机场处一级主任科员及以下,交通工程（081802）
交通运输、交通运输工程,岗位标签,title_or_tag,1,1,government:1,job_866418a2eddb929b08fe,一级行政执法员（一）,交通运输、交通运输工程
交通运输、交通运输工程、船舶与海洋工程,岗位标签,title_or_tag,1,1,government:1,job_b7dbd141e2d462528154,一级行政执法员（三）,交通运输、交通运输工程、船舶与海洋工程
交通运输、救助与打捞工程、船舶与海洋工程,岗位标签,title_or_tag,1,1,government:1,job_01b0ce2a8bab4f3030bb,一级行政执法员（二）,交通运输、救助与打捞工程、船舶与海洋工程
交通运输、海上交通工程,岗位标签,title_or_tag,1,1,government:1,job_80098c0440b511817740,一级行政执法员（三）,交通运输、海上交通工程
交通运输、船舶与海洋工程,岗位标签,title_or_tag,1,1,government:1,job_2f8ad918efaa00fdddb8,一级行政执法员（五）,交通运输、船舶与海洋工程
交通运输、船舶与海洋工程、港口航道与海岸工程,岗位标签,title_or_tag,1,1,government:1,job_1e3b14451818c1359d82,一级行政执法员（三）,交通运输、船舶与海洋工程、港口航道与海岸工程
交通运输工程、交通信息工程及控制、交通运输规划与管理、载运工具运用工程,岗位标签,title_or_tag,1,1,government:1,job_4089a1c47e8e035b8fc1,一级行政执法员（四）,交通运输工程、交通信息工程及控制、交通运输规划与管理、载运工具运用工程
交通运输工程、交通运输、船舶与海洋工程,岗位标签,title_or_tag,1,1,government:1,job_cd8f330cbfcde8e7d676,一级行政执法员（四）,交通运输工程、交通运输、船舶与海洋工程
交通运输工程、水利工程,岗位标签,title_or_tag,1,1,government:1,job_a0b03a789b727210b313,规划基建处一级主任科员及以下,交通运输工程、水利工程
交通运输工程、海上交通工程、电气工程,岗位标签,title_or_tag,1,1,government:1,job_df3e21a6591811c88f46,一级行政执法员（一）,交通运输工程、海上交通工程、电气工程
交通运输类、建筑类,岗位标签,title_or_tag,1,1,government:1,job_e7c02f711d95bb71403e,一级行政执法员（三）,交通运输类、建筑类
交通运输类、海洋工程类、环境科学与工程类、法学类,岗位标签,title_or_tag,1,1,government:1,job_89fe39e0cef50ac5192c,一级行政执法员（二）,交通运输类、海洋工程类、环境科学与工程类、法学类
交通运输类、海洋工程类、环境科学与工程类、计算机类、电子信息类、电气类,岗位标签,title_or_tag,1,1,government:1,job_168f1d7864261a66dd06,一级行政执法员（二）,交通运输类、海洋工程类、环境科学与工程类、计算机类、电子信息类、电气类
交通运输类（水运方向）、环境工程类、计算机类、通信与信息类,岗位标签,title_or_tag,1,1,government:1,job_1a9482f58bc6cc16217c,一级行政执法员（二）,交通运输类（水运方向）、环境工程类、计算机类、通信与信息类
交通运输规划与管理（水运方向）；海商法学；国际法学,岗位标签,title_or_tag,1,1,government:1,job_c0f18bd726d459a6c23b,业务处室一级主任科员及以下,交通运输规划与管理（水运方向）；海商法学；国际法学
交通运输（081801）（空中交通管制，含管制+1）,岗位标签,title_or_tag,1,1,government:1,job_8ab756ed0138a115844c,空中交通管制处一级主任科员及以下,交通运输（081801）（空中交通管制，含管制+1）
交通运输（空中交通管制方向）,岗位标签,title_or_tag,1,1,government:1,job_485915a7d6e832cd880f,空中交通管理处一级主任科员及以下,交通运输（空中交通管制方向）
交通运输（空中交通管制）（081801）,岗位标签,title_or_tag,1,1,government:1,job_baf47ba9cc1138633c8c,航空安全办公室一级主任科员及以下,交通运输（空中交通管制）（081801）
产业管理处一级主任科员及以下,岗位标签,title_or_tag,1,1,government:1,job_07b7461cee5a1c7c8e1d,产业管理处一级主任科员及以下,产业管理处一级主任科员及以下
人事保卫处一级主任科员及以下,岗位标签,title_or_tag,1,1,government:1,job_f73e02f5e9f83b9fdb8d,人事保卫处一级主任科员及以下,人事保卫处一级主任科员及以下
人事劳动教育科（党群工作科）一级主任科员及以下,岗位标签,title_or_tag,1,1,government:1,job_fe0ae3258b78c8523ba5,人事劳动教育科（党群工作科）一级主任科员及以下,人事劳动教育科（党群工作科）一级主任科员及以下
人事处二级主任科员及以下,岗位标签,title_or_tag,1,1,government:1,job_f551b5bf697f827a8563,人事处二级主任科员及以下,人事处二级主任科员及以下
人事局人才与培训处一级主任科员及以下,岗位标签,title_or_tag,1,1,government:1,job_1572c3ada5be080816aa,人事局人才与培训处一级主任科员及以下,人事局人才与培训处一级主任科员及以下
人事政工一级行政执法员,岗位标签,title_or_tag,1,1,government:1,job_1438f4aa59c8d68d611d,人事政工一级行政执法员,人事政工一级行政执法员
人事政工四级主办及以下,岗位标签,title_or_tag,1,1,government:1,job_677f84b25445c3ba049c,人事政工四级主办及以下,人事政工四级主办及以下
人事教育科一级主任科员及以下,岗位标签,title_or_tag,1,1,government:1,job_0cb478a7c2005679c3bc,人事教育科一级主任科员及以下,人事教育科一级主任科员及以下
人事科一级主任科员及以下,岗位标签,title_or_tag,1,1,government:1,job_430f492da2b8d6d17ae1,人事科一级主任科员及以下,人事科一级主任科员及以下
人事科四级主任科员及以下,岗位标签,title_or_tag,1,1,government:1,job_dd922459ee38b55eda76,人事科四级主任科员及以下,人事科四级主任科员及以下
人力资源管理、公共组织与人力资源管理、组织与人力资源管理、社会保障,岗位标签,title_or_tag,1,1,government:1,job_5fc2af145c71831ae0d9,一级行政执法员（六）,人力资源管理、公共组织与人力资源管理、组织与人力资源管理、社会保障
人力资源管理、劳动关系、劳动与社会保障,岗位标签,title_or_tag,1,1,government:1,job_0ebd864cdb1a3a7ffa07,一级行政执法员（七）,人力资源管理、劳动关系、劳动与社会保障
人力资源管理、行政管理,岗位标签,title_or_tag,1,1,government:1,job_64494361c89c7e81163c,一级行政执法员（十二）,人力资源管理、行政管理
人工智能、网络与信息安全、网络空间安全、软件工程、大数据技术与工程,岗位标签,title_or_tag,1,1,government:1,job_ce30e334b96935419d93,一级行政执法员（八）,人工智能、网络与信息安全、网络空间安全、软件工程、大数据技术与工程
人工智能、软件工程、计算机科学与技术,岗位标签,title_or_tag,1,1,government:1,job_720527194df355b29c1a,监管（电子信息化类）四级主办及以下,人工智能、软件工程、计算机科学与技术
人工智能硕士、软件工程硕士、网络与信息安全硕士,岗位标签,title_or_tag,1,1,government:1,job_00873f692391ae1fd6db,一级行政执法员（七）,人工智能硕士、软件工程硕士、网络与信息安全硕士
人才发展处一级主任科员及以下,岗位标签,title_or_tag,1,1,government:1,job_38af183a5edd5c5dfe24,人才发展处一级主任科员及以下,人才发展处一级主任科员及以下
仁寿调查队一级科员,岗位标签,title_or_tag,1,1,government:1,job_b83b83fc6396284d7e86,仁寿调查队一级科员,仁寿调查队一级科员
介休调查队一级科员（1）,岗位标签,title_or_tag,1,1,government:1,job_7352b8314cc4f95b1c97,介休调查队一级科员（1）,介休调查队一级科员（1）
介休调查队一级科员（2）,岗位标签,title_or_tag,1,1,government:1,job_7e5217230e6553529413,介休调查队一级科员（2）,介休调查队一级科员（2）
以本科专业报考：030101K法学;以研究生专业报考：0301法学,岗位标签,title_or_tag,1,1,government:1,job_872ecf13bc450b6c5c81,法规部门一级主任科员及以下,以本科专业报考：030101K法学;以研究生专业报考：0301法学
以本科专业报考：030101K法学；以研究生专业报考：0301法学，0351法律,岗位标签,title_or_tag,1,1,government:1,job_cd097b73ecd4cb3a4a09,法规部门一级主任科员及以下,以本科专业报考：030101K法学；以研究生专业报考：0301法学，0351法律
以本科专业报考：法学类；以研究生专业报考：0301法学、0351法律,岗位标签,title_or_tag,1,1,government:1,job_4b10b264755f464f3858,法规部门一级主任科员及以下,以本科专业报考：法学类；以研究生专业报考：0301法学、0351法律
以本科专业报考：计算机类；以研究生专业报考：0812计算机科学与技术,岗位标签,title_or_tag,1,1,government:1,job_1772870bfdcaab0a7fc5,统计信息部门一级主任科员及以下,以本科专业报考：计算机类；以研究生专业报考：0812计算机科学与技术
仪器科学与技术、精密仪器及机械、测试计量技术及仪器,岗位标签,title_or_tag,1,1,government:1,job_23e64826c2a7e66aebc1,货物查验四级主办,仪器科学与技术、精密仪器及机械、测试计量技术及仪器
仪器类、材料类、电气类、建筑类,岗位标签,title_or_tag,1,1,government:1,job_a5c4a03f5c2878aac03c,一级行政执法员（三）,仪器类、材料类、电气类、建筑类
仪器类、材料类、自动化类、建筑类,岗位标签,title_or_tag,1,1,government:1,job_d59abe3be9c939ea5d41,一级行政执法员（四）,仪器类、材料类、自动化类、建筑类
仪器类、自动化类,岗位标签,title_or_tag,1,1,government:1,job_afbba9afba857d54cbaf,一级行政执法员（四）,仪器类、自动化类
仪陇调查队一级科员,岗位标签,title_or_tag,1,1,government:1,job_7863aa677c688a68c3a7,仪陇调查队一级科员,仪陇调查队一级科员
任丘调查队一级科员(1),岗位标签,title_or_tag,1,1,government:1,job_78ec8d2e5b9b11e4057d,任丘调查队一级科员(1),任丘调查队一级科员(1)
任丘调查队一级科员(2),岗位标签,title_or_tag,1,1,government:1,job_c4e10604921ff392673d,任丘调查队一级科员(2),任丘调查队一级科员(2)
任泽调查队一级科员,岗位标签,title_or_tag,1,1,government:1,job_7cc3929a4e9f706da554,任泽调查队一级科员,任泽调查队一级科员
企业所得税处一级主任科员及以下,岗位标签,title_or_tag,1,1,government:1,job_b196c5e01be6c359f4d3,企业所得税处一级主任科员及以下,企业所得税处一级主任科员及以下
企业领导人员管理工作一级主任科员及以下,岗位标签,title_or_tag,1,1,government:1,job_bad329c50bbaada9daf1,企业领导人员管理工作一级主任科员及以下,企业领导人员管理工作一级主任科员及以下
伊尔克什坦出入境边防检查站一级警长及以下（一）,岗位标签,title_or_tag,1,1,government:1,job_75d46ea78454cff89658,伊尔克什坦出入境边防检查站一级警长及以下（一）,伊尔克什坦出入境边防检查站一级警长及以下（一）
伊尔克什坦出入境边防检查站一级警长及以下（三）,岗位标签,title_or_tag,1,1,government:1,job_7129b4c064cd4c0bf661,伊尔克什坦出入境边防检查站一级警长及以下（三）,伊尔克什坦出入境边防检查站一级警长及以下（三）
伊尔克什坦出入境边防检查站一级警长及以下（二）,岗位标签,title_or_tag,1,1,government:1,job_11f169a057f65c863962,伊尔克什坦出入境边防检查站一级警长及以下（二）,伊尔克什坦出入境边防检查站一级警长及以下（二）
伊尔克什坦出入境边防检查站一级警长及以下（五）,岗位标签,title_or_tag,1,1,government:1,job_da085db88f220e131ab3,伊尔克什坦出入境边防检查站一级警长及以下（五）,伊尔克什坦出入境边防检查站一级警长及以下（五）
伊尔克什坦出入境边防检查站一级警长及以下（六）,岗位标签,title_or_tag,1,1,government:1,job_f99228eb97f872bb761f,伊尔克什坦出入境边防检查站一级警长及以下（六）,伊尔克什坦出入境边防检查站一级警长及以下（六）
伊尔克什坦出入境边防检查站一级警长及以下（四）,岗位标签,title_or_tag,1,1,government:1,job_eb3961ba8557cdd20578,伊尔克什坦出入境边防检查站一级警长及以下（四）,伊尔克什坦出入境边防检查站一级警长及以下（四）
伊川调查队一级科员（1）,岗位标签,title_or_tag,1,1,government:1,job_2135a11c7ab42b94b3d1,伊川调查队一级科员（1）,伊川调查队一级科员（1）
伊川调查队一级科员（2）,岗位标签,title_or_tag,1,1,government:1,job_7d90de7721c7e27c3270,伊川调查队一级科员（2）,伊川调查队一级科员（2）
伊春边境管理支队一级警长及以下,岗位标签,title_or_tag,1,1,government:1,job_cd4274836d2315105677,伊春边境管理支队一级警长及以下,伊春边境管理支队一级警长及以下
伊犁边境管理支队一级警长及以下（一）,岗位标签,title_or_tag,1,1,government:1,job_249154c4cab46935abce,伊犁边境管理支队一级警长及以下（一）,伊犁边境管理支队一级警长及以下（一）
伊犁边境管理支队一级警长及以下（三）,岗位标签,title_or_tag,1,1,government:1,job_15ad5e1b52eb8ddc6677,伊犁边境管理支队一级警长及以下（三）,伊犁边境管理支队一级警长及以下（三）
伊犁边境管理支队一级警长及以下（二）,岗位标签,title_or_tag,1,1,government:1,job_1ae8abe4dbd0e5c56e6b,伊犁边境管理支队一级警长及以下（二）,伊犁边境管理支队一级警长及以下（二）
伊犁边境管理支队一级警长及以下（四）,岗位标签,title_or_tag,1,1,government:1,job_087ae921a7264eefb838,伊犁边境管理支队一级警长及以下（四）,伊犁边境管理支队一级警长及以下（四）
会员工作处一级主任科员及以下,岗位标签,title_or_tag,1,1,government:1,job_4788de7e64d6488fb0d5,会员工作处一级主任科员及以下,会员工作处一级主任科员及以下
会泽调查队一级科员,岗位标签,title_or_tag,1,1,government:1,job_162d820ec9bd141731ed,会泽调查队一级科员,会泽调查队一级科员
会计、会计学、审计、税务、财政学、国际关系、国际法学、国际政治、国际事务、外交学,岗位标签,title_or_tag,1,1,government:1,job_ea6ec3e7f391e899628d,边检站一级警长及以下（四）,会计、会计学、审计、税务、财政学、国际关系、国际法学、国际政治、国际事务、外交学
会计、会计学、审计、财务管理,岗位标签,title_or_tag,1,1,government:1,job_51e994cce44f6e132abe,河南调查总队综合处室二级主任科员及以下,会计、会计学、审计、财务管理
会计、会计学、财务管理、审计、审计学,岗位标签,title_or_tag,1,1,government:1,job_fedbdc3aad80ca020396,财会部门一级主任科员及以下,会计、会计学、财务管理、审计、审计学
会计、审计、税务、保险,岗位标签,title_or_tag,1,1,government:1,job_13cf2c1660a344a2a0c1,一级主任科员及以下,会计、审计、税务、保险
会计、审计、财务管理、财政、税收、金融,岗位标签,title_or_tag,1,1,government:1,job_12ccd13f5d76b51666bf,审计业务处一级主任科员及以下,会计、审计、财务管理、财政、税收、金融
会计、审计、财务管理、资产评估,岗位标签,title_or_tag,1,1,government:1,job_e3c37c7ce4c13a22a6c9,辖区会计类监管岗位一级主任科员及以下,会计、审计、财务管理、资产评估
会计、审计、财务管理、金融,岗位标签,title_or_tag,1,1,government:1,job_9b581fb840761f65692e,一级主任科员及以下,会计、审计、财务管理、金融
会计、审计或财务管理类,岗位标签,title_or_tag,1,1,government:1,job_71002c6e00bd9c76131a,辖区会计类监管岗位一级主任科员及以下,会计、审计或财务管理类
会计、金融、审计、税务、应用统计、计算机科学与技术、计算机技术,岗位标签,title_or_tag,1,1,government:1,job_04b69871bd0984bece73,一级主任科员及以下,会计、金融、审计、税务、应用统计、计算机科学与技术、计算机技术
会计学,岗位标签,title_or_tag,1,1,government:1,job_0c8761abcb5c0f270cad,辖区会计类监管岗位一级主任科员及以下,会计学
会计学120203K、财务管理120204、审计学120207,岗位标签,title_or_tag,1,1,government:1,job_d966a1a82ba10b2a2765,边检站一级警长及以下（四）,会计学120203K、财务管理120204、审计学120207
会计学、 会计、财务管理、金融学,岗位标签,title_or_tag,1,1,government:1,job_bc2261cb6491026ccffa,一级行政执法员（一）,会计学、 会计、财务管理、金融学
会计学、会计、审计、会计与审计,岗位标签,title_or_tag,1,1,government:1,job_1ff3ed81e7cbac756e22,综合部门一级主任科员及以下,会计学、会计、审计、会计与审计
会计学、会计、水利工程、计算机科学与技术、电子信息,岗位标签,title_or_tag,1,1,government:1,job_16bf0c98d17c07bd6922,财务局基建财务处一级主任科员及以下,会计学、会计、水利工程、计算机科学与技术、电子信息
会计学、会计、统计学、审计,岗位标签,title_or_tag,1,1,government:1,job_8e08f456895b79c762e1,办公室（财务科）一级主任科员及以下,会计学、会计、统计学、审计
会计学、会计、财务管理,岗位标签,title_or_tag,1,1,government:1,job_ece1b1b6108b92647b3d,一级行政执法员（一）,会计学、会计、财务管理
会计学、会计、财务管理、审计、财政学、税务,岗位标签,title_or_tag,1,1,government:1,job_2b218fc051ba1b64ccf5,一级行政执法员（二）,会计学、会计、财务管理、审计、财政学、税务
会计学、会计、财政学、审计,岗位标签,title_or_tag,1,1,government:1,job_59a8b63b195745d492d6,一级主任科员及以下,会计学、会计、财政学、审计
会计学、会计硕士（专业硕士）、审计硕士（专业硕士）,岗位标签,title_or_tag,1,1,government:1,job_5b4452053065c7f8c2d4,发展改革与财务科一级主任科员及以下,会计学、会计硕士（专业硕士）、审计硕士（专业硕士）
会计学、审计学、会计硕士、审计硕士,岗位标签,title_or_tag,1,1,government:1,job_65ebd90c5ee54cb561ab,辖区会计类监管岗位一级主任科员及以下,会计学、审计学、会计硕士、审计硕士
会计学、审计学、应用经济学、会计、审计、金融、财务管理,岗位标签,title_or_tag,1,1,government:1,job_b37bfda2c7ee25276adf,办公室一级主任科员及以下,会计学、审计学、应用经济学、会计、审计、金融、财务管理
会计学、审计学、经济学、金融学、财务管理,岗位标签,title_or_tag,1,1,government:1,job_f91ea88398b08a90f8eb,处室一级主任科员及以下,会计学、审计学、经济学、金融学、财务管理
会计学、审计学、财务管理、内部审计（以上均为专业名称）,岗位标签,title_or_tag,1,1,government:1,job_f01ba4b78d81c72700bb,一级科员,会计学、审计学、财务管理、内部审计（以上均为专业名称）
会计学、审计学、财务管理、财政学、税收学、金融学,岗位标签,title_or_tag,1,1,government:1,job_7a8bf6383f7aceab5b3e,审计业务处一级主任科员及以下,会计学、审计学、财务管理、财政学、税收学、金融学
会计学、审计学、财务管理、财政学、经济学、财务会计教育（以上均为专业名称）,岗位标签,title_or_tag,1,1,government:1,job_534ba2806d25fc26d7a0,一级科员,会计学、审计学、财务管理、财政学、经济学、财务会计教育（以上均为专业名称）
会计学、审计学、财务管理、资产评估、经济学类、金融学类,岗位标签,title_or_tag,1,1,government:1,job_e17efc46870f02b16197,辖区会计类监管岗位一级主任科员及以下,会计学、审计学、财务管理、资产评估、经济学类、金融学类
会计学、审计学、财务管理、资产评估或会计硕士、审计硕士、资产评估硕士,岗位标签,title_or_tag,1,1,government:1,job_718bcb277d1ac176a812,辖区会计类监管岗位一级主任科员及以下,会计学、审计学、财务管理、资产评估或会计硕士、审计硕士、资产评估硕士
会计学、审计学、财政学类,岗位标签,title_or_tag,1,1,government:1,job_71f73e98523859740950,关税管理二级主管及以下（一）,会计学、审计学、财政学类
会计学、工商管理、财务管理、工程造价、工程审计、农林经济管理,岗位标签,title_or_tag,1,1,government:1,job_0b57371969cbdcfe9d04,行政管理一级行政执法员,会计学、工商管理、财务管理、工程造价、工程审计、农林经济管理
会计学、财务管理、审计学、会计、审计专业,岗位标签,title_or_tag,1,1,government:1,job_9d1e0cd140b438fe25b9,计划与财务处一级主任科员及以下,会计学、财务管理、审计学、会计、审计专业
会计学、财务管理、审计学、法学（以上均为专业名称）,岗位标签,title_or_tag,1,1,government:1,job_219786cb7664fd787d75,一级主任科员及以下,会计学、财务管理、审计学、法学（以上均为专业名称）
会计学、财务管理、审计学、财务会计教育,岗位标签,title_or_tag,1,1,government:1,job_b701e2f5fb71e1954c58,财务管理一级行政执法员,会计学、财务管理、审计学、财务会计教育
会计学、财务管理、审计学、资产评估、财务会计教育、会计、审计专业,岗位标签,title_or_tag,1,1,government:1,job_5fdd5627e5ad82c8e0ca,监管部门一级主任科员及以下,会计学、财务管理、审计学、资产评估、财务会计教育、会计、审计专业
会计学、财务管理、审计学、金融数学、精算学、税收学,岗位标签,title_or_tag,1,1,government:1,job_44610c44cad2634de72b,财务管理一级行政执法员,会计学、财务管理、审计学、金融数学、精算学、税收学
会计学、财务管理、审计学（专业型硕士仅限会计硕士、审计硕士报考）,岗位标签,title_or_tag,1,1,government:1,job_823de308631e6adf0696,财会部门一级主任科员及以下,会计学、财务管理、审计学（专业型硕士仅限会计硕士、审计硕士报考）
会计学、财务管理、审计学，经济学类，金融学类,岗位标签,title_or_tag,1,1,government:1,job_e0a22eb1c2e32b0ef8f1,辖区会计类监管岗位一级主任科员及以下,会计学、财务管理、审计学，经济学类，金融学类
会计学、财务管理、工程管理、工程审计、会计,岗位标签,title_or_tag,1,1,government:1,job_b4ff68312a035b9e5a0a,财务管理四级主办及以下,会计学、财务管理、工程管理、工程审计、会计
会计学、财务管理、经济学（以上均为专业名称）,岗位标签,title_or_tag,1,1,government:1,job_71eea1f8c42eacb492a4,一级主任科员及以下,会计学、财务管理、经济学（以上均为专业名称）
会计学、财务管理、邮政管理、邮政工程、物流管理（以上均为专业名称）,岗位标签,title_or_tag,1,1,government:1,job_04b9c4c0a0ddcd7b27ac,一级主任科员及以下,会计学、财务管理、邮政管理、邮政工程、物流管理（以上均为专业名称）
会计学、财政学,岗位标签,title_or_tag,1,1,government:1,job_4a2b026fd117f9feefb3,业务处室一级主任科员及以下,会计学、财政学
会计学、财政学、财务管理、审计学、金融学、投资学等,岗位标签,title_or_tag,1,1,government:1,job_b60c1f7652e40a62f18b,预算和财务管理,会计学、财政学、财务管理、审计学、金融学、投资学等
会计学类、经济学类、金融学类、法学类、理工类,岗位标签,title_or_tag,1,1,government:1,job_ead2afc3d18cd6ced0c7,辖区会计类监管岗位一级主任科员及以下,会计学类、经济学类、金融学类、法学类、理工类
会计学类（会计学、审计学、财务管理）,岗位标签,title_or_tag,1,1,government:1,job_675789a6f508240f4fb1,辖区会计类监管岗位一级主任科员及以下,会计学类（会计学、审计学、财务管理）
会计学类（会计学、审计学、财务管理）、经济学类、金融学类,岗位标签,title_or_tag,1,1,government:1,job_e85a23d47f707ee75268,辖区会计类监管岗位一级主任科员及以下,会计学类（会计学、审计学、财务管理）、经济学类、金融学类
会计学类（含会计硕士）、审计学（含审计硕士）、财务管理,岗位标签,title_or_tag,1,1,government:1,job_a9f3f39eccd9f466ce99,辖区会计类监管岗位一级主任科员及以下,会计学类（含会计硕士）、审计学（含审计硕士）、财务管理
会计学类（含会计硕士）、审计学（含审计硕士）、财务管理；经济学类,岗位标签,title_or_tag,1,1,government:1,job_e4254e1cc61c82b6e6da,辖区会计类监管岗位一级主任科员及以下,会计学类（含会计硕士）、审计学（含审计硕士）、财务管理；经济学类
会计学类（含审计学）,岗位标签,title_or_tag,1,1,government:1,job_501d99434f3430eac59a,辖区会计类监管岗位一级主任科员及以下,会计学类（含审计学）
会计学（120201）、会计（125300）、审计（125700）,岗位标签,title_or_tag,1,1,government:1,job_33ec8439dcabe48fa5a2,一级行政执法员（三）,会计学（120201）、会计（125300）、审计（125700）
会计学（120201）、农业经济管理（120301）、财政学,岗位标签,title_or_tag,1,1,government:1,job_3bd5b8de71bd392b80a9,财会资产处一级主任科员及以下,会计学（120201）、农业经济管理（120301）、财政学
会计学（120203K）、财务管理（120204）,岗位标签,title_or_tag,1,1,government:1,job_b57a4523e9b67196b0a2,财务处一级主任科员及以下,会计学（120203K）、财务管理（120204）
会计学（含会计硕士）、审计学（含审计硕士）,岗位标签,title_or_tag,1,1,government:1,job_c824c7cdae0b94906ab0,辖区会计类监管岗位一级主任科员及以下,会计学（含会计硕士）、审计学（含审计硕士）
会计学，会计,岗位标签,title_or_tag,1,1,government:1,job_f0f6e38bfbbeb95458b0,计划财务处一级主任科员及以下,会计学，会计
会计类,岗位标签,title_or_tag,1,1,government:1,job_a0134e9ab46f7f207c12,辖区会计类监管岗位一级主任科员及以下,会计类
会计类、审计类、财务管理类、经济学,岗位标签,title_or_tag,1,1,government:1,job_bcf5dfedf822bc215985,辖区会计类监管岗位一级主任科员及以下,会计类、审计类、财务管理类、经济学
会计类监管岗位一级主任科员及以下,岗位标签,title_or_tag,1,1,government:1,job_b46cf0ca3f46e19c74b5,会计类监管岗位一级主任科员及以下,会计类监管岗位一级主任科员及以下
会计（1253）,岗位标签,title_or_tag,1,1,government:1,job_7403733afcd35274c7f5,珠海调查队综合科室四级主任科员,会计（1253）
会计（学）、财务管理,岗位标签,title_or_tag,1,1,government:1,job_7a0ae68d2e90610ca453,边检站一级警长及以下（十九）,会计（学）、财务管理
会计（学）、财务管理、审计（学）,岗位标签,title_or_tag,1,1,government:1,job_d8e6e0ddbe716a01a77c,边检站一级警长及以下（二十一）,会计（学）、财务管理、审计（学）
体育学类,岗位标签,title_or_tag,1,1,government:1,job_5471c69cfa6344979225,丹东港出入境边防检查站一级警长及以下,体育学类
体育教学（045201）、运动训练（045202）,岗位标签,title_or_tag,1,1,government:1,job_9cc17bfdf7f37601a8ac,宁波边检站一级警长及以下（二）,体育教学（045201）、运动训练（045202）
体能训练、体育教育、运动训练,岗位标签,title_or_tag,1,1,government:1,job_bc55810ad114f47c85fe,边检站一级警长及以下（十五）,体能训练、体育教育、运动训练
佳木斯边境管理支队一级警长及以下（一）,岗位标签,title_or_tag,1,1,government:1,job_20fda69f0cf6b06c12e1,佳木斯边境管理支队一级警长及以下（一）,佳木斯边境管理支队一级警长及以下（一）
佳木斯边境管理支队一级警长及以下（三）,岗位标签,title_or_tag,1,1,government:1,job_7fd040d417628e054648,佳木斯边境管理支队一级警长及以下（三）,佳木斯边境管理支队一级警长及以下（三）
佳木斯边境管理支队一级警长及以下（二）,岗位标签,title_or_tag,1,1,government:1,job_7664a9fba8457b7bb76c,佳木斯边境管理支队一级警长及以下（二）,佳木斯边境管理支队一级警长及以下（二）
佳木斯边境管理支队一级警长及以下（四）,岗位标签,title_or_tag,1,1,government:1,job_b5c48644019808ff6db7,佳木斯边境管理支队一级警长及以下（四）,佳木斯边境管理支队一级警长及以下（四）
供应协调处（火电处）一级主任科员及以下,岗位标签,title_or_tag,1,1,government:1,job_dc8f7efe3c4888338321,供应协调处（火电处）一级主任科员及以下,供应协调处（火电处）一级主任科员及以下
俄语、俄语语言文学,岗位标签,title_or_tag,1,1,government:1,job_78301e70dd46a9009a0b,一级主任科员及以下,俄语、俄语语言文学
俄语、俄语语言文学、俄语笔译、俄语口译,岗位标签,title_or_tag,1,1,government:1,job_d9580624b4a9714faff6,监管四级主办及以下,俄语、俄语语言文学、俄语笔译、俄语口译
俄语、阿拉伯语、葡萄牙语、德语,岗位标签,title_or_tag,1,1,government:1,job_42f7c63da80fb1b74686,边检站一级警长及以下（十二）,俄语、阿拉伯语、葡萄牙语、德语
俄语相关专业、朝鲜语相关专业、日语相关专业,岗位标签,title_or_tag,1,1,government:1,job_4ebd490154ff60bdea28,一级行政执法员（十二）,俄语相关专业、朝鲜语相关专业、日语相关专业
保定调查队业务科室一级科员(1),岗位标签,title_or_tag,1,1,government:1,job_2daee4a8f13f9ec079f2,保定调查队业务科室一级科员(1),保定调查队业务科室一级科员(1)
保定调查队业务科室一级科员(2),岗位标签,title_or_tag,1,1,government:1,job_d1473327c98710baf6ce,保定调查队业务科室一级科员(2),保定调查队业务科室一级科员(2)
保山边境管理支队一级警长及以下（一）,岗位标签,title_or_tag,1,1,government:1,job_a1e007a9139b8b5f8199,保山边境管理支队一级警长及以下（一）,保山边境管理支队一级警长及以下（一）
保山边境管理支队一级警长及以下（三）,岗位标签,title_or_tag,1,1,government:1,job_6dfcbacd815e578cb888,保山边境管理支队一级警长及以下（三）,保山边境管理支队一级警长及以下（三）
保山边境管理支队一级警长及以下（二）,岗位标签,title_or_tag,1,1,government:1,job_85b0917e36f520a0cedf,保山边境管理支队一级警长及以下（二）,保山边境管理支队一级警长及以下（二）
保险、精算等专业,岗位标签,title_or_tag,1,1,government:1,job_31ada82c3c1a647cd71e,监管部门一级主任科员及以下,保险、精算等专业
保险学、精算学,岗位标签,title_or_tag,1,1,government:1,job_947cd09e7dfdba67a474,监管部门一级主任科员及以下,保险学、精算学
保险类,岗位标签,title_or_tag,1,1,government:1,job_317db6125f49bd2826df,监管部门一级主任科员及以下,保险类
保险精算,岗位标签,title_or_tag,1,1,government:1,job_4cbff862ee62eafda94b,监管部门一级主任科员及以下,保险精算
信丰调查队一级科员,岗位标签,title_or_tag,1,1,government:1,job_3f3249f66c139f6bf788,信丰调查队一级科员,信丰调查队一级科员
信息与通信工程0810、计算机科学与技术0812、航空宇航科学与技术0825,岗位标签,title_or_tag,1,1,government:1,job_bce2ab33506ec71e6378,外国专家工作岗位一级主任科员及以下,信息与通信工程0810、计算机科学与技术0812、航空宇航科学与技术0825
信息与通信工程、计算机科学与技术、软件工程,岗位标签,title_or_tag,1,1,government:1,job_8b19b129bb3853376f17,监管部门一级主任科员及以下,信息与通信工程、计算机科学与技术、软件工程
信息化部门一级主任科员及以下,岗位标签,title_or_tag,1,1,government:1,job_977f5d6e5e416476f4b9,信息化部门一级主任科员及以下,信息化部门一级主任科员及以下
信息安全、电子信息工程、智能无人系统技术,岗位标签,title_or_tag,1,1,government:1,job_85d17b153a1b2c6d7e46,一级行政执法员（七）,信息安全、电子信息工程、智能无人系统技术
信息技术岗一级主任科员及以下,岗位标签,title_or_tag,1,1,government:1,job_876b283a9a45cef64fc6,信息技术岗一级主任科员及以下,信息技术岗一级主任科员及以下
信息管理处一级警长及以下,岗位标签,title_or_tag,1,1,government:1,job_537f0e0fd65529d06aa2,信息管理处一级警长及以下,信息管理处一级警长及以下
信用建设处一级主任科员及以下,岗位标签,title_or_tag,1,1,government:1,job_cb2715857d411f26e62c,信用建设处一级主任科员及以下,信用建设处一级主任科员及以下
修复经营处一级主任科员及以下,岗位标签,title_or_tag,1,1,government:1,job_7cbbe3e11a676f3b872b,修复经营处一级主任科员及以下,修复经营处一级主任科员及以下
偏关调查队一级科员,岗位标签,title_or_tag,1,1,government:1,job_cd6175a7978a50e7664e,偏关调查队一级科员,偏关调查队一级科员
健康服务处一级主任科员及以下,岗位标签,title_or_tag,1,1,government:1,job_6395e4d2aac0c058d992,健康服务处一级主任科员及以下,健康服务处一级主任科员及以下
光学领域一级主任科员及以下,岗位标签,title_or_tag,1,1,government:1,job_025383b33962ef928398,光学领域一级主任科员及以下,光学领域一级主任科员及以下
克州边境管理支队一级警长及以下（一）,岗位标签,title_or_tag,1,1,government:1,job_3ed6179011ca5d0fbdba,克州边境管理支队一级警长及以下（一）,克州边境管理支队一级警长及以下（一）
克州边境管理支队一级警长及以下（三）,岗位标签,title_or_tag,1,1,government:1,job_1bd8b183fc5fec8c4cd1,克州边境管理支队一级警长及以下（三）,克州边境管理支队一级警长及以下（三）
克州边境管理支队一级警长及以下（二）,岗位标签,title_or_tag,1,1,government:1,job_84af310fec286884bd9c,克州边境管理支队一级警长及以下（二）,克州边境管理支队一级警长及以下（二）
党务岗位一级主任科员及以下,岗位标签,title_or_tag,1,1,government:1,job_b36dbb84aa53a899a308,党务岗位一级主任科员及以下,党务岗位一级主任科员及以下
党委办公室（精神文明办公室）一级主任科员及以下,岗位标签,title_or_tag,1,1,government:1,job_d767e32fc53d67d19dc9,党委办公室（精神文明办公室）一级主任科员及以下,党委办公室（精神文明办公室）一级主任科员及以下
党组纪检组（审计室）一级主任科员及以下,岗位标签,title_or_tag,1,1,government:1,job_56884dfd7f5919d0c1a4,党组纪检组（审计室）一级主任科员及以下,党组纪检组（审计室）一级主任科员及以下
党群工作科一级主任科员及以下,岗位标签,title_or_tag,1,1,government:1,job_ebe83ccb4190cd560a1a,党群工作科一级主任科员及以下,党群工作科一级主任科员及以下
全椒调查队一级科员,岗位标签,title_or_tag,1,1,government:1,job_e2c2a4708f05e950ddcd,全椒调查队一级科员,全椒调查队一级科员
八处一级主任科员及以下,岗位标签,title_or_tag,1,1,government:1,job_6b2390f5f4dec070a045,八处一级主任科员及以下,八处一级主任科员及以下
八处警务技术一级主管及以下,岗位标签,title_or_tag,1,1,government:1,job_fc235728b256c72589dc,八处警务技术一级主管及以下,八处警务技术一级主管及以下
八所边检站一级警长及以下,岗位标签,title_or_tag,1,1,government:1,job_e2a771c8317431f5736c,八所边检站一级警长及以下,八所边检站一级警长及以下
公共事业管理、会计学、汉语言文学（以上均为专业名称）,岗位标签,title_or_tag,1,1,government:1,job_19bc2229955c1b75c21b,一级主任科员及以下,公共事业管理、会计学、汉语言文学（以上均为专业名称）
公共管理,岗位标签,title_or_tag,1,1,government:1,job_070da10bcc253d584508,公共管理岗一级主任科员及以下,公共管理
公共管理、行政管理、人力资源管理,岗位标签,title_or_tag,1,1,government:1,job_d8ec0728f7b38a22e246,一级行政执法员（八）,公共管理、行政管理、人力资源管理
公共管理岗一级主任科员及以下,岗位标签,title_or_tag,1,1,government:1,job_070da10bcc253d584508,公共管理岗一级主任科员及以下,公共管理岗一级主任科员及以下
公共管理硕士、工程管理硕士,岗位标签,title_or_tag,1,1,government:1,job_b2dd8c31b43bb5f40bd8,一级行政执法员（八）,公共管理硕士、工程管理硕士
公共管理类、物流管理与工程类,岗位标签,title_or_tag,1,1,government:1,job_d962298a0c49237240b1,一级行政执法员（一）,公共管理类、物流管理与工程类
公共管理类（1204）、人力资源管理、劳动关系,岗位标签,title_or_tag,1,1,government:1,job_0600386eb6ef82b0cfeb,综合部门一级主任科员及以下,公共管理类（1204）、人力资源管理、劳动关系
公安情报学、侦查学、应急管理、治安学、国内安全保卫、消防工程、安全科学与工程,岗位标签,title_or_tag,1,1,government:1,job_df6458ea91d4b9e2a178,安全防范管理,公安情报学、侦查学、应急管理、治安学、国内安全保卫、消防工程、安全科学与工程
公安情报学、侦查学、经济犯罪侦查、情报学,岗位标签,title_or_tag,1,1,government:1,job_46da07ea5b67a85e5465,风险防控四级主管及以下,公安情报学、侦查学、经济犯罪侦查、情报学
六处一级主任科员及以下,岗位标签,title_or_tag,1,1,government:1,job_de115100534b2d43cd8d,六处一级主任科员及以下,六处一级主任科员及以下
六处警务技术一级主管及以下,岗位标签,title_or_tag,1,1,government:1,job_ea3c14334f5040a139aa,六处警务技术一级主管及以下,六处警务技术一级主管及以下
六枝调查队一级科员,岗位标签,title_or_tag,1,1,government:1,job_a97c37f0c18b3c3a0adf,六枝调查队一级科员,六枝调查队一级科员
六盘水高新技术产业开发区税务分局一级行政执法员,岗位标签,title_or_tag,1,1,government:1,job_450a349c618bb2c1cf29,六盘水高新技术产业开发区税务分局一级行政执法员,六盘水高新技术产业开发区税务分局一级行政执法员
关税处二级主管及以下,岗位标签,title_or_tag,1,1,government:1,job_66c096da48513b5143da,关税处二级主管及以下,关税处二级主管及以下
关税管理二级主管及以下（一）,岗位标签,title_or_tag,1,1,government:1,job_71f73e98523859740950,关税管理二级主管及以下（一）,关税管理二级主管及以下（一）
关税管理二级主管及以下（二）,岗位标签,title_or_tag,1,1,government:1,job_77090729b8475d081eaf,关税管理二级主管及以下（二）,关税管理二级主管及以下（二）
关税管理（机械自动化类）四级主管及以下,岗位标签,title_or_tag,1,1,government:1,job_53b4ca74e996d753e15a,关税管理（机械自动化类）四级主管及以下,关税管理（机械自动化类）四级主管及以下
关税管理（统计分析应用类）二级主管及以下,岗位标签,title_or_tag,1,1,government:1,job_183d00b4ededb78e8647,关税管理（统计分析应用类）二级主管及以下,关税管理（统计分析应用类）二级主管及以下
兴化调查队一级科员,岗位标签,title_or_tag,1,1,government:1,job_ea4a6d6c2a16411e455f,兴化调查队一级科员,兴化调查队一级科员
兴安调查队业务科室一级科员（1）,岗位标签,title_or_tag,1,1,government:1,job_47bd21c1808f3afbb9e1,兴安调查队业务科室一级科员（1）,兴安调查队业务科室一级科员（1）
兴安调查队业务科室一级科员（2）,岗位标签,title_or_tag,1,1,government:1,job_009bc4ccd17f76e996a4,兴安调查队业务科室一级科员（2）,兴安调查队业务科室一级科员（2）
其他文科类,岗位标签,title_or_tag,1,1,government:1,job_58e07b93211233dffbcc,其他文科类,其他文科类
其他理工类,岗位标签,title_or_tag,1,1,government:1,job_bde1bac4e5a9ae5b9032,其他理工类,其他理工类
内丘调查队一级科员,岗位标签,title_or_tag,1,1,government:1,job_a1ee599f9eac7dbcdd84,内丘调查队一级科员,内丘调查队一级科员
内审处一级主任科员及以下,岗位标签,title_or_tag,1,1,government:1,job_1435bf253b2bd4031969,内审处一级主任科员及以下,内审处一级主任科员及以下
内设处室（三）一级主任科员及以下,岗位标签,title_or_tag,1,1,government:1,job_92c57d143e96c71af0a9,内设处室（三）一级主任科员及以下,内设处室（三）一级主任科员及以下
内设部门三级主任科员及以下,岗位标签,title_or_tag,1,1,government:1,job_136edc38c83388812cb2,内设部门三级主任科员及以下,内设部门三级主任科员及以下
冕宁调查队一级科员,岗位标签,title_or_tag,1,1,government:1,job_aa1fe39c0de2a9ba0dc7,冕宁调查队一级科员,冕宁调查队一级科员
农业工程类、环境科学与工程类,岗位标签,title_or_tag,1,1,government:1,job_5aaf166967e27b38a23c,一级行政执法员（八）,农业工程类、环境科学与工程类
农学、植物保护、植物科学与技术、林学、森林保护、动植物检疫（植物方向）,岗位标签,title_or_tag,1,1,government:1,job_8be9a97cd155184eb438,植物检疫一级行政执法员,农学、植物保护、植物科学与技术、林学、森林保护、动植物检疫（植物方向）
农学、经济学、管理学,岗位标签,title_or_tag,1,1,government:1,job_c56528fcf408512eaf04,欧亚处一级主任科员及以下,农学、经济学、管理学
准格尔经济开发区税务分局一级行政执法员（一）,岗位标签,title_or_tag,1,1,government:1,job_c9371ff3aa3947334474,准格尔经济开发区税务分局一级行政执法员（一）,准格尔经济开发区税务分局一级行政执法员（一）
准格尔经济开发区税务分局一级行政执法员（三）,岗位标签,title_or_tag,1,1,government:1,job_66469111d3e30eda054a,准格尔经济开发区税务分局一级行政执法员（三）,准格尔经济开发区税务分局一级行政执法员（三）
准格尔经济开发区税务分局一级行政执法员（二）,岗位标签,title_or_tag,1,1,government:1,job_72a1701c6a09e06270af,准格尔经济开发区税务分局一级行政执法员（二）,准格尔经济开发区税务分局一级行政执法员（二）
准格尔经济开发区税务分局一级行政执法员（四）,岗位标签,title_or_tag,1,1,government:1,job_d40043875737fa47e369,准格尔经济开发区税务分局一级行政执法员（四）,准格尔经济开发区税务分局一级行政执法员（四）
凤凰边检站一级警长及以下（一）,岗位标签,title_or_tag,1,1,government:1,job_750cd7a4b059035a335d,凤凰边检站一级警长及以下（一）,凤凰边检站一级警长及以下（一）
凤凰边检站一级警长及以下（三）,岗位标签,title_or_tag,1,1,government:1,job_e20ede3ac963cbb3191e,凤凰边检站一级警长及以下（三）,凤凰边检站一级警长及以下（三）
凤凰边检站一级警长及以下（二）,岗位标签,title_or_tag,1,1,government:1,job_5d8610958d9401ac72c8,凤凰边检站一级警长及以下（二）,凤凰边检站一级警长及以下（二）
凤凰边检站一级警长及以下（五）,岗位标签,title_or_tag,1,1,government:1,job_1ba14cf06a64e76cd104,凤凰边检站一级警长及以下（五）,凤凰边检站一级警长及以下（五）
凤凰边检站一级警长及以下（四）,岗位标签,title_or_tag,1,1,government:1,job_a5e3c5db4ad924956c3c,凤凰边检站一级警长及以下（四）,凤凰边检站一级警长及以下（四）
凤凰边检站警务技术一级主管及以下（一）,岗位标签,title_or_tag,1,1,government:1,job_dc7003ec103f34e21e21,凤凰边检站警务技术一级主管及以下（一）,凤凰边检站警务技术一级主管及以下（一）
凤凰边检站警务技术一级主管及以下（二）,岗位标签,title_or_tag,1,1,government:1,job_06e01aa9447ca3486cee,凤凰边检站警务技术一级主管及以下（二）,凤凰边检站警务技术一级主管及以下（二）
凤城调查队一级科员,岗位标签,title_or_tag,1,1,government:1,job_f31dfb0a260111f8786b,凤城调查队一级科员,凤城调查队一级科员
凭祥海关缉私分局一级警长及以下,岗位标签,title_or_tag,1,1,government:1,job_575db1fe069ec4c40686,凭祥海关缉私分局一级警长及以下,凭祥海关缉私分局一级警长及以下
分析化学、有机化学、应用化学、海洋化学,岗位标签,title_or_tag,1,1,government:1,job_eab26f7430d65f4c3a2a,一级行政执法员（七）,分析化学、有机化学、应用化学、海洋化学
分析化学、有机化学、物理化学,岗位标签,title_or_tag,1,1,government:1,job_a08ef9bde6f33eac68b7,货物查验四级主办,分析化学、有机化学、物理化学
分析研究处一级主任科员及以下,岗位标签,title_or_tag,1,1,government:1,job_61b09b7790c236131dab,分析研究处一级主任科员及以下,分析研究处一级主任科员及以下
刑事技术鉴定中心一级警长及以下,岗位标签,title_or_tag,1,1,government:1,job_84992380d901f60a4374,刑事技术鉴定中心一级警长及以下,刑事技术鉴定中心一级警长及以下
初步审查及流程管理岗位一级主任科员及以下,岗位标签,title_or_tag,1,1,government:1,job_ba0ae593613943e29bf3,初步审查及流程管理岗位一级主任科员及以下,初步审查及流程管理岗位一级主任科员及以下
办公宣传一级行政执法员,岗位标签,title_or_tag,1,1,government:1,job_ebde4c1d5f9b18e4bc22,办公宣传一级行政执法员,办公宣传一级行政执法员
办公室一级科员及以下,岗位标签,title_or_tag,1,1,government:1,job_e9b36aad9680b6411705,办公室一级科员及以下,办公室一级科员及以下
办公室业务管理四级主任科员及以下,岗位标签,title_or_tag,1,1,government:1,job_8ea7314d5e2bb8a68fdb,办公室业务管理四级主任科员及以下,办公室业务管理四级主任科员及以下
办公室督查室一级主任科员及以下,岗位标签,title_or_tag,1,1,government:1,job_e7babad3da3201164517,办公室督查室一级主任科员及以下,办公室督查室一级主任科员及以下
办公室（党委办公室）一级主任科员及以下,岗位标签,title_or_tag,1,1,government:1,job_faaa2253ccb40bd9753d,办公室（党委办公室）一级主任科员及以下,办公室（党委办公室）一级主任科员及以下
办公室（应急管理办公室）一级主任科员及以下,岗位标签,title_or_tag,1,1,government:1,job_7d656211b22afc20ad4b,办公室（应急管理办公室）一级主任科员及以下,办公室（应急管理办公室）一级主任科员及以下
办公室（指挥中心、法制办公室、政治处）一级警长及以下,岗位标签,title_or_tag,1,1,government:1,job_915d7664bca015f357e3,办公室（指挥中心、法制办公室、政治处）一级警长及以下,办公室（指挥中心、法制办公室、政治处）一级警长及以下
办公室（监察审计科、审批服务办公室）一级主任科员及以下,岗位标签,title_or_tag,1,1,government:1,job_f0cdaf63ec98164377ff,办公室（监察审计科、审批服务办公室）一级主任科员及以下,办公室（监察审计科、审批服务办公室）一级主任科员及以下
办公室（财务科）一级主任科员及以下,岗位标签,title_or_tag,1,1,government:1,job_8e08f456895b79c762e1,办公室（财务科）一级主任科员及以下,办公室（财务科）一级主任科员及以下
动力工程及工程热物理、电力工程、能源动力,岗位标签,title_or_tag,1,1,government:1,job_dc8f7efe3c4888338321,供应协调处（火电处）一级主任科员及以下,动力工程及工程热物理、电力工程、能源动力
动力工程及工程热物理、能源动力、机械工程、机械电子工程、机械设计制造及其自动化,岗位标签,title_or_tag,1,1,government:1,job_1110ae1a5c67ffd49521,能源与动力工程领域一级主任科员及以下,动力工程及工程热物理、能源动力、机械工程、机械电子工程、机械设计制造及其自动化
动植物和食品检验检疫处二级主管及以下,岗位标签,title_or_tag,1,1,government:1,job_dd56c84e429d20df15fe,动植物和食品检验检疫处二级主管及以下,动植物和食品检验检疫处二级主管及以下
动植物和食品检验检疫处食品检验监管专业技术员,岗位标签,title_or_tag,1,1,government:1,job_cae908da88c366682e5e,动植物和食品检验检疫处食品检验监管专业技术员,动植物和食品检验检疫处食品检验监管专业技术员
动植物检疫、林学、森林保护、农学、植物保护、植物科学与技术,岗位标签,title_or_tag,1,1,government:1,job_2799cc5583357ec42a12,动植物检疫一级行政执法员,动植物检疫、林学、森林保护、农学、植物保护、植物科学与技术
动植物检疫二级主办及以下（一）,岗位标签,title_or_tag,1,1,government:1,job_ed886c95e8f33bcc0c4b,动植物检疫二级主办及以下（一）,动植物检疫二级主办及以下（一）
动植物检疫二级主办及以下（二）,岗位标签,title_or_tag,1,1,government:1,job_f3910ccfcd6d7a2b2adc,动植物检疫二级主办及以下（二）,动植物检疫二级主办及以下（二）
动植物检疫四级主办,岗位标签,title_or_tag,1,1,government:1,job_b9cb28f6ad9d8686a636,动植物检疫四级主办,动植物检疫四级主办
动植物检疫四级主办及以下（一）,岗位标签,title_or_tag,1,1,government:1,job_0d1a640b0ac1550891ad,动植物检疫四级主办及以下（一）,动植物检疫四级主办及以下（一）
动植物检疫四级主办及以下（二）,岗位标签,title_or_tag,1,1,government:1,job_b6b6d05f4f22cb853ad3,动植物检疫四级主办及以下（二）,动植物检疫四级主办及以下（二）
动植物检疫处动物检疫四级主管及以下,岗位标签,title_or_tag,1,1,government:1,job_855d21b9f501c26f6465,动植物检疫处动物检疫四级主管及以下,动植物检疫处动物检疫四级主管及以下
动植物检疫处四级主管及以下,岗位标签,title_or_tag,1,1,government:1,job_5cbc334326acfbada066,动植物检疫处四级主管及以下,动植物检疫处四级主管及以下
动植物检疫处植物检疫四级主管及以下,岗位标签,title_or_tag,1,1,government:1,job_7b2c2f5e250a77a110e6,动植物检疫处植物检疫四级主管及以下,动植物检疫处植物检疫四级主管及以下
动物医学、动物科学、兽医、基础兽医学、预防兽医学、临床兽医学、动物遗传育种与繁殖,岗位标签,title_or_tag,1,1,government:1,job_de4d8461edf5844e6876,动物检疫监管四级主办及以下,动物医学、动物科学、兽医、基础兽医学、预防兽医学、临床兽医学、动物遗传育种与繁殖
动物医学、动物科学、动植物检疫,岗位标签,title_or_tag,1,1,government:1,job_a512919f3a883b71f70e,动物检疫四级主办及以下,动物医学、动物科学、动植物检疫
动物医学、动物科学、动植物检疫（动物检疫方向）、动植物检疫,岗位标签,title_or_tag,1,1,government:1,job_c44a34b4c64ba2303148,动物检疫一级行政执法员,动物医学、动物科学、动植物检疫（动物检疫方向）、动植物检疫
动物检疫四级主办及以下（三）,岗位标签,title_or_tag,1,1,government:1,job_0163d7b71d74ac3e2380,动物检疫四级主办及以下（三）,动物检疫四级主办及以下（三）
动物检疫四级主办及以下（五）,岗位标签,title_or_tag,1,1,government:1,job_a41c8eaf3351396bb017,动物检疫四级主办及以下（五）,动物检疫四级主办及以下（五）
动物检疫四级主办及以下（六）,岗位标签,title_or_tag,1,1,government:1,job_ac2d345f12e5626f62c7,动物检疫四级主办及以下（六）,动物检疫四级主办及以下（六）
动物检疫四级主办及以下（四）,岗位标签,title_or_tag,1,1,government:1,job_cf3e4502debf24e2e56b,动物检疫四级主办及以下（四）,动物检疫四级主办及以下（四）
动物生产类、动物医学类,岗位标签,title_or_tag,1,1,government:1,job_5dd1a56dce176aeeb9bf,动物检疫一级行政执法员,动物生产类、动物医学类
动物科学、动物医学、实验动物学、中兽医学、兽医公共卫生、水生动物医学,岗位标签,title_or_tag,1,1,government:1,job_f6fb7e137e146ac7dd47,动物检疫一级行政执法员,动物科学、动物医学、实验动物学、中兽医学、兽医公共卫生、水生动物医学
动物科学、经济动物学、动物医学、动植物检疫（动物检疫方向）、兽医公共卫生,岗位标签,title_or_tag,1,1,government:1,job_40c088fed89e96cd7b84,动物检疫一级行政执法员,动物科学、经济动物学、动物医学、动植物检疫（动物检疫方向）、兽医公共卫生
勐康出入境边防检查站一级警长及以下（一）,岗位标签,title_or_tag,1,1,government:1,job_fd926f5c52ee6d2b1b74,勐康出入境边防检查站一级警长及以下（一）,勐康出入境边防检查站一级警长及以下（一）
勐康出入境边防检查站一级警长及以下（三）,岗位标签,title_or_tag,1,1,government:1,job_910d16577472f7de6e2f,勐康出入境边防检查站一级警长及以下（三）,勐康出入境边防检查站一级警长及以下（三）
勐康出入境边防检查站一级警长及以下（二）,岗位标签,title_or_tag,1,1,government:1,job_ae837331ec577eb56c4c,勐康出入境边防检查站一级警长及以下（二）,勐康出入境边防检查站一级警长及以下（二）
勐康出入境边防检查站一级警长及以下（五）,岗位标签,title_or_tag,1,1,government:1,job_662ef9b22c9bff57da2d,勐康出入境边防检查站一级警长及以下（五）,勐康出入境边防检查站一级警长及以下（五）
勐康出入境边防检查站一级警长及以下（六）,岗位标签,title_or_tag,1,1,government:1,job_ac36e0099b9c8899496f,勐康出入境边防检查站一级警长及以下（六）,勐康出入境边防检查站一级警长及以下（六）
勐康出入境边防检查站一级警长及以下（四）,岗位标签,title_or_tag,1,1,government:1,job_ce2a41cfc1e527ae06e8,勐康出入境边防检查站一级警长及以下（四）,勐康出入境边防检查站一级警长及以下（四）
勐腊调查队一级科员,岗位标签,title_or_tag,1,1,government:1,job_d9389a668f3f98bbe5bc,勐腊调查队一级科员,勐腊调查队一级科员
匈牙利语,岗位标签,title_or_tag,1,1,government:1,job_33f4cd8ce1031e1f1cc2,匈牙利语翻译,匈牙利语
匈牙利语翻译,岗位标签,title_or_tag,1,1,government:1,job_33f4cd8ce1031e1f1cc2,匈牙利语翻译,匈牙利语翻译
化学、分析化学,岗位标签,title_or_tag,1,1,government:1,job_419db6f88670aee6a5d7,一级行政执法员（二）,化学、分析化学
化学、化学工程与工艺、应用化学、化学工程、物理化学、分析化学,岗位标签,title_or_tag,1,1,government:1,job_5befa45c8c8585929763,化工监管四级主办及以下,化学、化学工程与工艺、应用化学、化学工程、物理化学、分析化学
化学、化学工程与工艺、应用化学、轻化工程、能源化学工程、精细化工,岗位标签,title_or_tag,1,1,government:1,job_5f0bca716eb0927bbc68,危化监管一级行政执法员,化学、化学工程与工艺、应用化学、轻化工程、能源化学工程、精细化工
化学、应用化学,岗位标签,title_or_tag,1,1,government:1,job_017f2be2428b08af11c9,一级行政执法员（八）,化学、应用化学
化学、应用化学、化学工程与工艺、材料化学,岗位标签,title_or_tag,1,1,government:1,job_cae566663235ae16c188,监管一级行政执法员,化学、应用化学、化学工程与工艺、材料化学
化学、应用化学、环境工程、环境科学,岗位标签,title_or_tag,1,1,government:1,job_0057ca85234a270829c6,一级行政执法员（五）,化学、应用化学、环境工程、环境科学
化学工程与工艺、化工安全工程、包装工程、精细化工、化学工程、化学工艺,岗位标签,title_or_tag,1,1,government:1,job_52ab54dfd6b6d4f5ebfe,化工产品监管四级主办及以下,化学工程与工艺、化工安全工程、包装工程、精细化工、化学工程、化学工艺
化学类、机械类、能源动力类、电气类,岗位标签,title_or_tag,1,1,government:1,job_8427d33aa23b057d2ba4,一级行政执法员（七）,化学类、机械类、能源动力类、电气类
化学类、机械类、能源动力类、电气类、化工与制药类,岗位标签,title_or_tag,1,1,government:1,job_859237bae0eb46fe95c1,一级行政执法员（三）,化学类、机械类、能源动力类、电气类、化工与制药类
化学类、材料类,岗位标签,title_or_tag,1,1,government:1,job_77090729b8475d081eaf,关税管理二级主管及以下（二）,化学类、材料类
化学类、材料类、电气类、矿业类,岗位标签,title_or_tag,1,1,government:1,job_7eabdd4f7671f5f2d4e4,一级行政执法员（四）,化学类、材料类、电气类、矿业类
化学类、统计学类、机械类、能源动力类、计算机类,岗位标签,title_or_tag,1,1,government:1,job_dae7ffe129f632657026,一级行政执法员（三）,化学类、统计学类、机械类、能源动力类、计算机类
化学类、计算机类、环境科学与工程类,岗位标签,title_or_tag,1,1,government:1,job_0992670f07869b1b4e39,一级行政执法员（二）,化学类、计算机类、环境科学与工程类
化工产品查验一级行政执法员（一）,岗位标签,title_or_tag,1,1,government:1,job_898a83ad6bc81fc4d85a,化工产品查验一级行政执法员（一）,化工产品查验一级行政执法员（一）
化工产品查验一级行政执法员（二）,岗位标签,title_or_tag,1,1,government:1,job_d445143a7b322249a4e5,化工产品查验一级行政执法员（二）,化工产品查验一级行政执法员（二）
化工产品检验监管四级主办及以下,岗位标签,title_or_tag,1,1,government:1,job_b5d5911151d4cde21d88,化工产品检验监管四级主办及以下,化工产品检验监管四级主办及以下
化工监管二级主办及以下（一）,岗位标签,title_or_tag,1,1,government:1,job_f6155e2d3dac3e8ef87b,化工监管二级主办及以下（一）,化工监管二级主办及以下（一）
化工监管二级主办及以下（二）,岗位标签,title_or_tag,1,1,government:1,job_bbe0120f1e49056f5a0d,化工监管二级主办及以下（二）,化工监管二级主办及以下（二）
化工监管四级主办及以下（一）,岗位标签,title_or_tag,1,1,government:1,job_1d5b97315bf8fff1857f,化工监管四级主办及以下（一）,化工监管四级主办及以下（一）
化工监管四级主办及以下（二）,岗位标签,title_or_tag,1,1,government:1,job_9c0d69973cbc4ed6e2a8,化工监管四级主办及以下（二）,化工监管四级主办及以下（二）
北京调查总队业务处室二级主任科员及以下（1）,岗位标签,title_or_tag,1,1,government:1,job_b8eee820544282099de6,北京调查总队业务处室二级主任科员及以下（1）,北京调查总队业务处室二级主任科员及以下（1）
北京调查总队业务处室二级主任科员及以下（2）,岗位标签,title_or_tag,1,1,government:1,job_ba62c3cebba498086f32,北京调查总队业务处室二级主任科员及以下（2）,北京调查总队业务处室二级主任科员及以下（2）
北京调查总队综合处室二级主任科员及以下（1）,岗位标签,title_or_tag,1,1,government:1,job_26fa5f7bee91a43cdd95,北京调查总队综合处室二级主任科员及以下（1）,北京调查总队综合处室二级主任科员及以下（1）
北京调查总队综合处室二级主任科员及以下（2）,岗位标签,title_or_tag,1,1,government:1,job_85d1f4f1524315bf750a,北京调查总队综合处室二级主任科员及以下（2）,北京调查总队综合处室二级主任科员及以下（2）
北川调查队一级科员,岗位标签,title_or_tag,1,1,government:1,job_6cd478931d4f9509605d,北川调查队一级科员,北川调查队一级科员
北海海关缉私分局一级警长及以下,岗位标签,title_or_tag,1,1,government:1,job_d3df69fbc8f8e586a618,北海海关缉私分局一级警长及以下,北海海关缉私分局一级警长及以下
北辰调查队综合科室一级科员（1）,岗位标签,title_or_tag,1,1,government:1,job_c96720ac421c0d526ba2,北辰调查队综合科室一级科员（1）,北辰调查队综合科室一级科员（1）
北辰调查队综合科室一级科员（2）,岗位标签,title_or_tag,1,1,government:1,job_a4d2b9fe8623c3851019,北辰调查队综合科室一级科员（2）,北辰调查队综合科室一级科员（2）
区域国别法学、区域国别研究、国别和区域研究、区域国别学,岗位标签,title_or_tag,1,1,government:1,job_312903f9181caabb941e,瑞丽出入境边防检查站一级警长及以下（一）,区域国别法学、区域国别研究、国别和区域研究、区域国别学
医学(10)、经济学（02）、公共管理（1204、1252）,岗位标签,title_or_tag,1,1,government:1,job_0607c41ee0ba189e2f4c,业务处室一级主任科员及以下,医学(10)、经济学（02）、公共管理（1204、1252）
医疗器械与控制领域一级主任科员及以下,岗位标签,title_or_tag,1,1,government:1,job_7f217acfad16ea828f5f,医疗器械与控制领域一级主任科员及以下,医疗器械与控制领域一级主任科员及以下
十一处一级警长及以下,岗位标签,title_or_tag,1,1,government:1,job_333e37c06fa13cccd73c,十一处一级警长及以下,十一处一级警长及以下
十一处警务技术一级主管及以下,岗位标签,title_or_tag,1,1,government:1,job_8f465e14fb74f9ac6593,十一处警务技术一级主管及以下,十一处警务技术一级主管及以下
十三处警务技术一级主管及以下,岗位标签,title_or_tag,1,1,government:1,job_a6f3e9120dd32d652068,十三处警务技术一级主管及以下,十三处警务技术一级主管及以下
十二处警务技术一级主管及以下,岗位标签,title_or_tag,1,1,government:1,job_a110b95d58040688b20e,十二处警务技术一级主管及以下,十二处警务技术一级主管及以下
十四处警务技术一级主管及以下,岗位标签,title_or_tag,1,1,government:1,job_579a7347d640e1be9745,十四处警务技术一级主管及以下,十四处警务技术一级主管及以下
十堰调查队业务科室一级科员,岗位标签,title_or_tag,1,1,government:1,job_e51ab0711fc35ec70475,十堰调查队业务科室一级科员,十堰调查队业务科室一级科员
十处警务技术一级主管及以下,岗位标签,title_or_tag,1,1,government:1,job_9e89b29f42aa4e04456e,十处警务技术一级主管及以下,十处警务技术一级主管及以下
华容调查队一级科员,岗位标签,title_or_tag,1,1,government:1,job_ee46826132bce8fae5cb,华容调查队一级科员,华容调查队一级科员
南京调查队综合处室一级科员（1）,岗位标签,title_or_tag,1,1,government:1,job_4e4cf81858e7552251c1,南京调查队综合处室一级科员（1）,南京调查队综合处室一级科员（1）
南京调查队综合处室一级科员（2）,岗位标签,title_or_tag,1,1,government:1,job_440097f07271af4de2f8,南京调查队综合处室一级科员（2）,南京调查队综合处室一级科员（2）
南充调查队业务科室四级主任科员及以下,岗位标签,title_or_tag,1,1,government:1,job_a4cb085b821278133747,南充调查队业务科室四级主任科员及以下,南充调查队业务科室四级主任科员及以下
南县调查队一级科员,岗位标签,title_or_tag,1,1,government:1,job_d013f949bb8ea3d006b2,南县调查队一级科员,南县调查队一级科员
南头海关缉私分局一级警长及以下,岗位标签,title_or_tag,1,1,government:1,job_19c3b33f254cfad056a3,南头海关缉私分局一级警长及以下,南头海关缉私分局一级警长及以下
南宁出入境边防检查站一级警长及以下（一）,岗位标签,title_or_tag,1,1,government:1,job_d097cde630d1d1a0e9f7,南宁出入境边防检查站一级警长及以下（一）,南宁出入境边防检查站一级警长及以下（一）
南宁出入境边防检查站一级警长及以下（三）,岗位标签,title_or_tag,1,1,government:1,job_205cb0be87241edd3af4,南宁出入境边防检查站一级警长及以下（三）,南宁出入境边防检查站一级警长及以下（三）
南宁出入境边防检查站一级警长及以下（二）,岗位标签,title_or_tag,1,1,government:1,job_ea4972d45c6bd0a6b622,南宁出入境边防检查站一级警长及以下（二）,南宁出入境边防检查站一级警长及以下（二）
南宁出入境边防检查站一级警长及以下（四）,岗位标签,title_or_tag,1,1,government:1,job_7fe1bea673431b4d45b9,南宁出入境边防检查站一级警长及以下（四）,南宁出入境边防检查站一级警长及以下（四）
南宁遣返站执行队一级警长及以下（一）,岗位标签,title_or_tag,1,1,government:1,job_11566866cb68dbc87f4b,南宁遣返站执行队一级警长及以下（一）,南宁遣返站执行队一级警长及以下（一）
南宁遣返站执行队一级警长及以下（三）,岗位标签,title_or_tag,1,1,government:1,job_5db11b0c4f75b985a880,南宁遣返站执行队一级警长及以下（三）,南宁遣返站执行队一级警长及以下（三）
南宁遣返站执行队一级警长及以下（二）,岗位标签,title_or_tag,1,1,government:1,job_9c8647679437e9ba94d0,南宁遣返站执行队一级警长及以下（二）,南宁遣返站执行队一级警长及以下（二）
南平调查队业务科室四级主任科员,岗位标签,title_or_tag,1,1,government:1,job_2a86d0b1aa2a40b32c58,南平调查队业务科室四级主任科员,南平调查队业务科室四级主任科员
南江调查队一级科员,岗位标签,title_or_tag,1,1,government:1,job_61dd39c5519391887e80,南江调查队一级科员,南江调查队一级科员
南沙海关缉私分局一级警长及以下,岗位标签,title_or_tag,1,1,government:1,job_5739ea1e4ceed33c4feb,南沙海关缉私分局一级警长及以下,南沙海关缉私分局一级警长及以下
南沙边检站一级警长及以下（一）,岗位标签,title_or_tag,1,1,government:1,job_5d9eeff49f04648ac70d,南沙边检站一级警长及以下（一）,南沙边检站一级警长及以下（一）
南沙边检站一级警长及以下（三）,岗位标签,title_or_tag,1,1,government:1,job_60de86ccc1135f553046,南沙边检站一级警长及以下（三）,南沙边检站一级警长及以下（三）
南沙边检站一级警长及以下（二）,岗位标签,title_or_tag,1,1,government:1,job_f8645743d0d2c21ce7d7,南沙边检站一级警长及以下（二）,南沙边检站一级警长及以下（二）
南沙边检站一级警长及以下（四）,岗位标签,title_or_tag,1,1,government:1,job_20945cdb9de94f09ff8a,南沙边检站一级警长及以下（四）,南沙边检站一级警长及以下（四）
南沙边检站警务技术一级主管及以下,岗位标签,title_or_tag,1,1,government:1,job_7763e5bc9e39744741d2,南沙边检站警务技术一级主管及以下,南沙边检站警务技术一级主管及以下
南海海巡执法总队一级主任科员（一）,岗位标签,title_or_tag,1,1,government:1,job_6dd361b63e4063c2f039,南海海巡执法总队一级主任科员（一）,南海海巡执法总队一级主任科员（一）
南海海巡执法总队一级主任科员（二）,岗位标签,title_or_tag,1,1,government:1,job_75ac5b6085e819198f66,南海海巡执法总队一级主任科员（二）,南海海巡执法总队一级主任科员（二）
南海海巡执法总队一级科员,岗位标签,title_or_tag,1,1,government:1,job_8e5ed782035e10771113,南海海巡执法总队一级科员,南海海巡执法总队一级科员
南皮河务局一级主任科员及以下,岗位标签,title_or_tag,1,1,government:1,job_6df350c0abe84432e07e,南皮河务局一级主任科员及以下,南皮河务局一级主任科员及以下
南雄调查队一级科员（1）,岗位标签,title_or_tag,1,1,government:1,job_fe8f664d2a704d8a83b6,南雄调查队一级科员（1）,南雄调查队一级科员（1）
南雄调查队一级科员（2）,岗位标签,title_or_tag,1,1,government:1,job_2555ee8640ccce57e5e9,南雄调查队一级科员（2）,南雄调查队一级科员（2）
博尔塔拉调查队业务科室四级主任科员及以下,岗位标签,title_or_tag,1,1,government:1,job_1bf11681f87f5c712681,博尔塔拉调查队业务科室四级主任科员及以下,博尔塔拉调查队业务科室四级主任科员及以下
博州边境管理支队一级警长及以下（一）,岗位标签,title_or_tag,1,1,government:1,job_03d305463cffdc9505e0,博州边境管理支队一级警长及以下（一）,博州边境管理支队一级警长及以下（一）
博州边境管理支队一级警长及以下（三）,岗位标签,title_or_tag,1,1,government:1,job_8c898687209223a8723a,博州边境管理支队一级警长及以下（三）,博州边境管理支队一级警长及以下（三）
博州边境管理支队一级警长及以下（二）,岗位标签,title_or_tag,1,1,government:1,job_26a8c520d44412062ffc,博州边境管理支队一级警长及以下（二）,博州边境管理支队一级警长及以下（二）
博州边境管理支队一级警长及以下（五）,岗位标签,title_or_tag,1,1,government:1,job_5fc69709a0e3ccacaead,博州边境管理支队一级警长及以下（五）,博州边境管理支队一级警长及以下（五）
博州边境管理支队一级警长及以下（四）,岗位标签,title_or_tag,1,1,government:1,job_6a203b177ca021113118,博州边境管理支队一级警长及以下（四）,博州边境管理支队一级警长及以下（四）
博白调查队一级科员,岗位标签,title_or_tag,1,1,government:1,job_7c49f9e84776fbec190a,博白调查队一级科员,博白调查队一级科员
博罗调查队一级科员,岗位标签,title_or_tag,1,1,government:1,job_97125298fff4d17f58ce,博罗调查队一级科员,博罗调查队一级科员
卡拉苏出入境边防检查站一级警长及以下（一）,岗位标签,title_or_tag,1,1,government:1,job_3941b2ea62aef69446d0,卡拉苏出入境边防检查站一级警长及以下（一）,卡拉苏出入境边防检查站一级警长及以下（一）
卡拉苏出入境边防检查站一级警长及以下（三）,岗位标签,title_or_tag,1,1,government:1,job_12126cb359b3d4a45122,卡拉苏出入境边防检查站一级警长及以下（三）,卡拉苏出入境边防检查站一级警长及以下（三）
卡拉苏出入境边防检查站一级警长及以下（二）,岗位标签,title_or_tag,1,1,government:1,job_d639c38e2855e37f3a72,卡拉苏出入境边防检查站一级警长及以下（二）,卡拉苏出入境边防检查站一级警长及以下（二）
卡拉苏出入境边防检查站一级警长及以下（四）,岗位标签,title_or_tag,1,1,government:1,job_dd64dad9d706b07d3907,卡拉苏出入境边防检查站一级警长及以下（四）,卡拉苏出入境边防检查站一级警长及以下（四）
卢氏调查队一级科员,岗位标签,title_or_tag,1,1,government:1,job_e3e9cb02f431baf5b15d,卢氏调查队一级科员,卢氏调查队一级科员
卫河河务局一级主任科员及以下,岗位标签,title_or_tag,1,1,government:1,job_f346c23afb3cdb710991,卫河河务局一级主任科员及以下,卫河河务局一级主任科员及以下
卫生健康管理岗位一级主任科员及以下,岗位标签,title_or_tag,1,1,government:1,job_ff000db31fd0dc1cf6ba,卫生健康管理岗位一级主任科员及以下,卫生健康管理岗位一级主任科员及以下
卫生检疫四级主办及以下（三）,岗位标签,title_or_tag,1,1,government:1,job_e65f2921b5895b824d5a,卫生检疫四级主办及以下（三）,卫生检疫四级主办及以下（三）
卫生检疫四级主办及以下（五）,岗位标签,title_or_tag,1,1,government:1,job_164fe712ab82764337d9,卫生检疫四级主办及以下（五）,卫生检疫四级主办及以下（五）
卫生检疫四级主办及以下（六）,岗位标签,title_or_tag,1,1,government:1,job_fc36f921b54e43a90778,卫生检疫四级主办及以下（六）,卫生检疫四级主办及以下（六）
卫生检疫四级主办及以下（四）,岗位标签,title_or_tag,1,1,government:1,job_fdf41f608b385f0c473f,卫生检疫四级主办及以下（四）,卫生检疫四级主办及以下（四）
卫生检疫处二级主管及以下,岗位标签,title_or_tag,1,1,government:1,job_118416c7433ed9101b09,卫生检疫处二级主管及以下,卫生检疫处二级主管及以下
卫生检疫处卫生检疫专业技术员,岗位标签,title_or_tag,1,1,government:1,job_60c5749e750280ea9d3e,卫生检疫处卫生检疫专业技术员,卫生检疫处卫生检疫专业技术员
卫生检疫监管一级行政执法员,岗位标签,title_or_tag,1,1,government:1,job_f3b0efd41ff427ca4f9b,卫生检疫监管一级行政执法员,卫生检疫监管一级行政执法员
卫生检疫监管一级行政执法员（一）,岗位标签,title_or_tag,1,1,government:1,job_7f12e143f65a7918210f,卫生检疫监管一级行政执法员（一）,卫生检疫监管一级行政执法员（一）
卫生检疫监管一级行政执法员（二）,岗位标签,title_or_tag,1,1,government:1,job_00a6c3588b44a9301975,卫生检疫监管一级行政执法员（二）,卫生检疫监管一级行政执法员（二）
卫生检疫监管四级主办及以下,岗位标签,title_or_tag,1,1,government:1,job_5b71c327d66cde94c561,卫生检疫监管四级主办及以下,卫生检疫监管四级主办及以下
危化监管一级行政执法员,岗位标签,title_or_tag,1,1,government:1,job_5f0bca716eb0927bbc68,危化监管一级行政执法员,危化监管一级行政执法员
危化监管一级行政执法员（一）,岗位标签,title_or_tag,1,1,government:1,job_c04ae9bb1457348607bc,危化监管一级行政执法员（一）,危化监管一级行政执法员（一）
危化监管一级行政执法员（二）,岗位标签,title_or_tag,1,1,government:1,job_6d590e9fea28c8e90831,危化监管一级行政执法员（二）,危化监管一级行政执法员（二）
历史学、法学、哲学、文学、教育学,岗位标签,title_or_tag,1,1,government:1,job_7f4e8b45e237df5b46f6,边检站一级警长及以下（十四）,历史学、法学、哲学、文学、教育学
原平调查队一级科员,岗位标签,title_or_tag,1,1,government:1,job_a97ca9efb15d1f65a382,原平调查队一级科员,原平调查队一级科员
原阳调查队一级科员,岗位标签,title_or_tag,1,1,government:1,job_d8beefb61082b82f53e2,原阳调查队一级科员,原阳调查队一级科员
厦门调查队业务处室二级主任科员及以下,岗位标签,title_or_tag,1,1,government:1,job_9a6f6a582b565f31a3c8,厦门调查队业务处室二级主任科员及以下,厦门调查队业务处室二级主任科员及以下
参事业务三处一级主任科员及以下,岗位标签,title_or_tag,1,1,government:1,job_10ef143da76c47782cf3,参事业务三处一级主任科员及以下,参事业务三处一级主任科员及以下
友谊关出入境边防检查站一级警长及以下（一）,岗位标签,title_or_tag,1,1,government:1,job_0a4ab5becd4c28090f58,友谊关出入境边防检查站一级警长及以下（一）,友谊关出入境边防检查站一级警长及以下（一）
友谊关出入境边防检查站一级警长及以下（二）,岗位标签,title_or_tag,1,1,government:1,job_d8d68f6ffd004fe3edd5,友谊关出入境边防检查站一级警长及以下（二）,友谊关出入境边防检查站一级警长及以下（二）
双鸭山调查队业务科一级科员,岗位标签,title_or_tag,1,1,government:1,job_4c569ccae41c95d06f3a,双鸭山调查队业务科一级科员,双鸭山调查队业务科一级科员
双鸭山边境管理支队一级警长及以下（一）,岗位标签,title_or_tag,1,1,government:1,job_c47396817aaa8786edd7,双鸭山边境管理支队一级警长及以下（一）,双鸭山边境管理支队一级警长及以下（一）
双鸭山边境管理支队一级警长及以下（三）,岗位标签,title_or_tag,1,1,government:1,job_04b053efa49ba9d7ee09,双鸭山边境管理支队一级警长及以下（三）,双鸭山边境管理支队一级警长及以下（三）
双鸭山边境管理支队一级警长及以下（二）,岗位标签,title_or_tag,1,1,government:1,job_885f968b31200cac47b6,双鸭山边境管理支队一级警长及以下（二）,双鸭山边境管理支队一级警长及以下（二）
双鸭山边境管理支队一级警长及以下（五）,岗位标签,title_or_tag,1,1,government:1,job_1a7a3310c6f672b62b30,双鸭山边境管理支队一级警长及以下（五）,双鸭山边境管理支队一级警长及以下（五）
双鸭山边境管理支队一级警长及以下（四）,岗位标签,title_or_tag,1,1,government:1,job_716b5adba7b0acc0d171,双鸭山边境管理支队一级警长及以下（四）,双鸭山边境管理支队一级警长及以下（四）
发展改革与财务科一级主任科员及以下,岗位标签,title_or_tag,1,1,government:1,job_5b4452053065c7f8c2d4,发展改革与财务科一级主任科员及以下,发展改革与财务科一级主任科员及以下
口岸监管（电子信息化类）一级行政执法员,岗位标签,title_or_tag,1,1,government:1,job_f92d383c5ad7c4ea36dc,口岸监管（电子信息化类）一级行政执法员,口岸监管（电子信息化类）一级行政执法员
台山调查队一级科员,岗位标签,title_or_tag,1,1,government:1,job_3209f93d5682e1480742,台山调查队一级科员,台山调查队一级科员
台州调查队业务处室四级主任科员及以下,岗位标签,title_or_tag,1,1,government:1,job_89a20b08d1f774662506,台州调查队业务处室四级主任科员及以下,台州调查队业务处室四级主任科员及以下
叶县调查队一级科员,岗位标签,title_or_tag,1,1,government:1,job_6cba3e2bb700e9581b28,叶县调查队一级科员,叶县调查队一级科员
合作经济处一级主任科员及以下,岗位标签,title_or_tag,1,1,government:1,job_0f5f2e0996b2a73936dd,合作经济处一级主任科员及以下,合作经济处一级主任科员及以下
合江调查队一级科员,岗位标签,title_or_tag,1,1,government:1,job_5a9932763721dfb638b3,合江调查队一级科员,合江调查队一级科员
合肥调查队业务科室四级主任科员,岗位标签,title_or_tag,1,1,government:1,job_f6860dee8bb7f03d410d,合肥调查队业务科室四级主任科员,合肥调查队业务科室四级主任科员
合肥边检站一级警长及以下,岗位标签,title_or_tag,1,1,government:1,job_a830ce2d50e2019e1b78,合肥边检站一级警长及以下,合肥边检站一级警长及以下
合阳调查队一级科员,岗位标签,title_or_tag,1,1,government:1,job_57d02a5745349fda9bfd,合阳调查队一级科员,合阳调查队一级科员
吉安调查队综合科室四级主任科员及以下（1）,岗位标签,title_or_tag,1,1,government:1,job_8be104655eaf507dc4ec,吉安调查队综合科室四级主任科员及以下（1）,吉安调查队综合科室四级主任科员及以下（1）
吉安调查队综合科室四级主任科员及以下（2）,岗位标签,title_or_tag,1,1,government:1,job_89406a4d49015573ac41,吉安调查队综合科室四级主任科员及以下（2）,吉安调查队综合科室四级主任科员及以下（2）
吉木乃出入境边防检查站一级警长及以下（一）,岗位标签,title_or_tag,1,1,government:1,job_f6b8a94d209814426450,吉木乃出入境边防检查站一级警长及以下（一）,吉木乃出入境边防检查站一级警长及以下（一）
吉木乃出入境边防检查站一级警长及以下（三）,岗位标签,title_or_tag,1,1,government:1,job_885b8e99bf783631952d,吉木乃出入境边防检查站一级警长及以下（三）,吉木乃出入境边防检查站一级警长及以下（三）
吉木乃出入境边防检查站一级警长及以下（二）,岗位标签,title_or_tag,1,1,government:1,job_52d852b9754829736278,吉木乃出入境边防检查站一级警长及以下（二）,吉木乃出入境边防检查站一级警长及以下（二）
吉林珲春海洋经济发展示范区税务分局一级行政执法员（一）,岗位标签,title_or_tag,1,1,government:1,job_ceecad6655bd0f09143e,吉林珲春海洋经济发展示范区税务分局一级行政执法员（一）,吉林珲春海洋经济发展示范区税务分局一级行政执法员（一）
吉林珲春海洋经济发展示范区税务分局一级行政执法员（二）,岗位标签,title_or_tag,1,1,government:1,job_a520eeb0dccc03638c5d,吉林珲春海洋经济发展示范区税务分局一级行政执法员（二）,吉林珲春海洋经济发展示范区税务分局一级行政执法员（二）
吉隆出入境边防检查站一级警长及以下（一）,岗位标签,title_or_tag,1,1,government:1,job_ed4bdfe39a1659da77cf,吉隆出入境边防检查站一级警长及以下（一）,吉隆出入境边防检查站一级警长及以下（一）
吉隆出入境边防检查站一级警长及以下（七）,岗位标签,title_or_tag,1,1,government:1,job_1d7639538868053e3804,吉隆出入境边防检查站一级警长及以下（七）,吉隆出入境边防检查站一级警长及以下（七）
吉隆出入境边防检查站一级警长及以下（三）,岗位标签,title_or_tag,1,1,government:1,job_337c33706c3cfc2f3343,吉隆出入境边防检查站一级警长及以下（三）,吉隆出入境边防检查站一级警长及以下（三）
吉隆出入境边防检查站一级警长及以下（二）,岗位标签,title_or_tag,1,1,government:1,job_3da47de955277c9ca934,吉隆出入境边防检查站一级警长及以下（二）,吉隆出入境边防检查站一级警长及以下（二）
吉隆出入境边防检查站一级警长及以下（五）,岗位标签,title_or_tag,1,1,government:1,job_31e6bb7fe11cd3ca84b6,吉隆出入境边防检查站一级警长及以下（五）,吉隆出入境边防检查站一级警长及以下（五）
吉隆出入境边防检查站一级警长及以下（六）,岗位标签,title_or_tag,1,1,government:1,job_ecbc551ae18af239814d,吉隆出入境边防检查站一级警长及以下（六）,吉隆出入境边防检查站一级警长及以下（六）
吉隆出入境边防检查站一级警长及以下（四）,岗位标签,title_or_tag,1,1,government:1,job_96dc4a6864c7685c193f,吉隆出入境边防检查站一级警长及以下（四）,吉隆出入境边防检查站一级警长及以下（四）
同江出入境边防检查站一级警长及以下,岗位标签,title_or_tag,1,1,government:1,job_ee45c0c4767a9271abd3,同江出入境边防检查站一级警长及以下,同江出入境边防检查站一级警长及以下
后勤管理岗位一级主任科员及以下,岗位标签,title_or_tag,1,1,government:1,job_a2013397e049b982e839,后勤管理岗位一级主任科员及以下,后勤管理岗位一级主任科员及以下
吐尔尕特出入境边防检查站一级警长及以下（一）,岗位标签,title_or_tag,1,1,government:1,job_9e5bbeaed60d62386069,吐尔尕特出入境边防检查站一级警长及以下（一）,吐尔尕特出入境边防检查站一级警长及以下（一）
吐尔尕特出入境边防检查站一级警长及以下（二）,岗位标签,title_or_tag,1,1,government:1,job_4319189825241b45bbc9,吐尔尕特出入境边防检查站一级警长及以下（二）,吐尔尕特出入境边防检查站一级警长及以下（二）
吐鲁番调查队业务科室四级主任科员及以下,岗位标签,title_or_tag,1,1,government:1,job_dc3e06ec384e7c1d4b4f,吐鲁番调查队业务科室四级主任科员及以下,吐鲁番调查队业务科室四级主任科员及以下
吕梁调查队业务科室四级主任科员（1）,岗位标签,title_or_tag,1,1,government:1,job_2311b515614f67d2def9,吕梁调查队业务科室四级主任科员（1）,吕梁调查队业务科室四级主任科员（1）
吕梁调查队业务科室四级主任科员（2）,岗位标签,title_or_tag,1,1,government:1,job_5e0cd997951dca91197a,吕梁调查队业务科室四级主任科员（2）,吕梁调查队业务科室四级主任科员（2）
吴桥河务局一级主任科员及以下（一）,岗位标签,title_or_tag,1,1,government:1,job_2b2a8ecec0151bdcb9bb,吴桥河务局一级主任科员及以下（一）,吴桥河务局一级主任科员及以下（一）
吴桥河务局一级主任科员及以下（二）,岗位标签,title_or_tag,1,1,government:1,job_624e08d012e04277d0a3,吴桥河务局一级主任科员及以下（二）,吴桥河务局一级主任科员及以下（二）
周口调查队业务科室四级主任科员,岗位标签,title_or_tag,1,1,government:1,job_2be9a8cbf9758e2a4cb4,周口调查队业务科室四级主任科员,周口调查队业务科室四级主任科员
呼伦贝尔边境管理支队一级警长及以下（一）,岗位标签,title_or_tag,1,1,government:1,job_7e55e29b590bcf7d6892,呼伦贝尔边境管理支队一级警长及以下（一）,呼伦贝尔边境管理支队一级警长及以下（一）
呼伦贝尔边境管理支队一级警长及以下（七）,岗位标签,title_or_tag,1,1,government:1,job_1c9ede55677da8a75caf,呼伦贝尔边境管理支队一级警长及以下（七）,呼伦贝尔边境管理支队一级警长及以下（七）
呼伦贝尔边境管理支队一级警长及以下（三）,岗位标签,title_or_tag,1,1,government:1,job_264d0e6fc6a6367b548c,呼伦贝尔边境管理支队一级警长及以下（三）,呼伦贝尔边境管理支队一级警长及以下（三）
呼伦贝尔边境管理支队一级警长及以下（九）,岗位标签,title_or_tag,1,1,government:1,job_d41f7624b976098a0333,呼伦贝尔边境管理支队一级警长及以下（九）,呼伦贝尔边境管理支队一级警长及以下（九）
呼伦贝尔边境管理支队一级警长及以下（二）,岗位标签,title_or_tag,1,1,government:1,job_77cdcd1301407e6845a7,呼伦贝尔边境管理支队一级警长及以下（二）,呼伦贝尔边境管理支队一级警长及以下（二）
呼伦贝尔边境管理支队一级警长及以下（五）,岗位标签,title_or_tag,1,1,government:1,job_0593f23693928019e049,呼伦贝尔边境管理支队一级警长及以下（五）,呼伦贝尔边境管理支队一级警长及以下（五）
呼伦贝尔边境管理支队一级警长及以下（八）,岗位标签,title_or_tag,1,1,government:1,job_e2182474d1a13c1e48e2,呼伦贝尔边境管理支队一级警长及以下（八）,呼伦贝尔边境管理支队一级警长及以下（八）
呼伦贝尔边境管理支队一级警长及以下（六）,岗位标签,title_or_tag,1,1,government:1,job_a880bba8f663f4809cee,呼伦贝尔边境管理支队一级警长及以下（六）,呼伦贝尔边境管理支队一级警长及以下（六）
呼伦贝尔边境管理支队一级警长及以下（十）,岗位标签,title_or_tag,1,1,government:1,job_88695054e89baa316319,呼伦贝尔边境管理支队一级警长及以下（十）,呼伦贝尔边境管理支队一级警长及以下（十）
呼伦贝尔边境管理支队一级警长及以下（四）,岗位标签,title_or_tag,1,1,government:1,job_fbd980a767a8d226ec32,呼伦贝尔边境管理支队一级警长及以下（四）,呼伦贝尔边境管理支队一级警长及以下（四）
呼伦贝尔边境管理支队警务技术一级主管及以下（一）,岗位标签,title_or_tag,1,1,government:1,job_2a5a7e85e052f3c8820c,呼伦贝尔边境管理支队警务技术一级主管及以下（一）,呼伦贝尔边境管理支队警务技术一级主管及以下（一）
呼伦贝尔边境管理支队警务技术一级主管及以下（三）,岗位标签,title_or_tag,1,1,government:1,job_d544bb0bc2d7b25ae9b6,呼伦贝尔边境管理支队警务技术一级主管及以下（三）,呼伦贝尔边境管理支队警务技术一级主管及以下（三）
呼伦贝尔边境管理支队警务技术一级主管及以下（二）,岗位标签,title_or_tag,1,1,government:1,job_3adacc225e4883700322,呼伦贝尔边境管理支队警务技术一级主管及以下（二）,呼伦贝尔边境管理支队警务技术一级主管及以下（二）
呼和浩特出入境边防检查站警务技术一级主管及以下,岗位标签,title_or_tag,1,1,government:1,job_59375b43c0ca06493c1e,呼和浩特出入境边防检查站警务技术一级主管及以下,呼和浩特出入境边防检查站警务技术一级主管及以下
呼和浩特调查队业务科室四级主任科员（1）,岗位标签,title_or_tag,1,1,government:1,job_38122bd122d569b6bf13,呼和浩特调查队业务科室四级主任科员（1）,呼和浩特调查队业务科室四级主任科员（1）
呼和浩特调查队业务科室四级主任科员（2）,岗位标签,title_or_tag,1,1,government:1,job_561a5115b82246d3e022,呼和浩特调查队业务科室四级主任科员（2）,呼和浩特调查队业务科室四级主任科员（2）
和田边境管理支队一级警长及以下（一）,岗位标签,title_or_tag,1,1,government:1,job_9afb08f86a325e6dc10c,和田边境管理支队一级警长及以下（一）,和田边境管理支队一级警长及以下（一）
和田边境管理支队一级警长及以下（七）,岗位标签,title_or_tag,1,1,government:1,job_5cb6ac809eca1ff66b6d,和田边境管理支队一级警长及以下（七）,和田边境管理支队一级警长及以下（七）
和田边境管理支队一级警长及以下（三）,岗位标签,title_or_tag,1,1,government:1,job_4bf44b4188b012fc7f4e,和田边境管理支队一级警长及以下（三）,和田边境管理支队一级警长及以下（三）
和田边境管理支队一级警长及以下（九）,岗位标签,title_or_tag,1,1,government:1,job_0d93567d30ecccf33a6b,和田边境管理支队一级警长及以下（九）,和田边境管理支队一级警长及以下（九）
和田边境管理支队一级警长及以下（二）,岗位标签,title_or_tag,1,1,government:1,job_39e49393d3c784e64871,和田边境管理支队一级警长及以下（二）,和田边境管理支队一级警长及以下（二）
和田边境管理支队一级警长及以下（五）,岗位标签,title_or_tag,1,1,government:1,job_d7c44b0c2f5695cd8e34,和田边境管理支队一级警长及以下（五）,和田边境管理支队一级警长及以下（五）
和田边境管理支队一级警长及以下（八）,岗位标签,title_or_tag,1,1,government:1,job_36cac5e0ab28449074cb,和田边境管理支队一级警长及以下（八）,和田边境管理支队一级警长及以下（八）
和田边境管理支队一级警长及以下（六）,岗位标签,title_or_tag,1,1,government:1,job_702080eb37aab1313f0f,和田边境管理支队一级警长及以下（六）,和田边境管理支队一级警长及以下（六）
和田边境管理支队一级警长及以下（十一）,岗位标签,title_or_tag,1,1,government:1,job_7141f2f03e132fe94464,和田边境管理支队一级警长及以下（十一）,和田边境管理支队一级警长及以下（十一）
和田边境管理支队一级警长及以下（十三）,岗位标签,title_or_tag,1,1,government:1,job_cb7cfa16c7d1acc251be,和田边境管理支队一级警长及以下（十三）,和田边境管理支队一级警长及以下（十三）
和田边境管理支队一级警长及以下（十二）,岗位标签,title_or_tag,1,1,government:1,job_f008cde8a4cf080e66c4,和田边境管理支队一级警长及以下（十二）,和田边境管理支队一级警长及以下（十二）
和田边境管理支队一级警长及以下（十）,岗位标签,title_or_tag,1,1,government:1,job_70efa891209e35d8d106,和田边境管理支队一级警长及以下（十）,和田边境管理支队一级警长及以下（十）
和田边境管理支队一级警长及以下（四）,岗位标签,title_or_tag,1,1,government:1,job_618def72e773a0843730,和田边境管理支队一级警长及以下（四）,和田边境管理支队一级警长及以下（四）
咸宁调查队业务科室四级主任科员,岗位标签,title_or_tag,1,1,government:1,job_b2e7d5cf53218d1ec56d,咸宁调查队业务科室四级主任科员,咸宁调查队业务科室四级主任科员
哈密调查队业务科室一级科员,岗位标签,title_or_tag,1,1,government:1,job_a73313e737750e5d29d2,哈密调查队业务科室一级科员,哈密调查队业务科室一级科员
哈密边境管理支队一级警长及以下（一）,岗位标签,title_or_tag,1,1,government:1,job_c7730b1d120cbe706dc9,哈密边境管理支队一级警长及以下（一）,哈密边境管理支队一级警长及以下（一）
哈密边境管理支队一级警长及以下（三）,岗位标签,title_or_tag,1,1,government:1,job_b25b6fa2e11d4558175e,哈密边境管理支队一级警长及以下（三）,哈密边境管理支队一级警长及以下（三）
哈密边境管理支队一级警长及以下（二）,岗位标签,title_or_tag,1,1,government:1,job_4e38f2d1815755bc70c1,哈密边境管理支队一级警长及以下（二）,哈密边境管理支队一级警长及以下（二）
哈尔滨调查队业务处室四级主任科员,岗位标签,title_or_tag,1,1,government:1,job_b5c8a7210711d97f1bd3,哈尔滨调查队业务处室四级主任科员,哈尔滨调查队业务处室四级主任科员
哲学、中国语言文学、外国语言文学、翻译,岗位标签,title_or_tag,1,1,government:1,job_cbbee5a8e0b3b0d4782f,边检站一级警长及以下（一）,哲学、中国语言文学、外国语言文学、翻译
哲学、政治学,岗位标签,title_or_tag,1,1,government:1,job_dd7630eadc0fae3367ca,综合处室二级主任科员及以下,哲学、政治学
哲学、社会学、马克思主义理论、中国语言文学,岗位标签,title_or_tag,1,1,government:1,job_e5a8818dfabfe0042933,新闻宣传四级主办,哲学、社会学、马克思主义理论、中国语言文学
哲学类、政治学类、中国语言文学类、新闻传播学类,岗位标签,title_or_tag,1,1,government:1,job_6ec3e780acdd97f0acae,一级行政执法员（五）,哲学类、政治学类、中国语言文学类、新闻传播学类
哲学类、法学类,岗位标签,title_or_tag,1,1,government:1,job_d193064bddc872af2ea3,一级行政执法员（七）,哲学类、法学类
哲学类、法学类、政治学类、教育学类,岗位标签,title_or_tag,1,1,government:1,job_419e885a945e5e0f3370,一级行政执法员（三）,哲学类、法学类、政治学类、教育学类
哲学类、马克思主义理论类、教育学类、中国语言文学类,岗位标签,title_or_tag,1,1,government:1,job_8fba4cdd570b660841a0,一级行政执法员（三）,哲学类、马克思主义理论类、教育学类、中国语言文学类
哲学（限哲学），文学（限中国语言文学），历史学（限中国史、世界史）,岗位标签,title_or_tag,1,1,government:1,job_bbbdf83f13414ec59b89,一级主任科员及以下（英语五）,哲学（限哲学），文学（限中国语言文学），历史学（限中国史、世界史）
唐山边检站一级警长及以下（一）,岗位标签,title_or_tag,1,1,government:1,job_f66615e1b9f79ceff49d,唐山边检站一级警长及以下（一）,唐山边检站一级警长及以下（一）
唐山边检站一级警长及以下（三）,岗位标签,title_or_tag,1,1,government:1,job_0a45ad74cd2fbd1b3ce0,唐山边检站一级警长及以下（三）,唐山边检站一级警长及以下（三）
唐山边检站一级警长及以下（二）,岗位标签,title_or_tag,1,1,government:1,job_a546e16b5ceda1d21480,唐山边检站一级警长及以下（二）,唐山边检站一级警长及以下（二）
商品检验一级行政执法员（一）,岗位标签,title_or_tag,1,1,government:1,job_672a0f21118c3ca242de,商品检验一级行政执法员（一）,商品检验一级行政执法员（一）
商品检验一级行政执法员（二）,岗位标签,title_or_tag,1,1,government:1,job_463602d185fdea999cfc,商品检验一级行政执法员（二）,商品检验一级行政执法员（二）
商品检验监管一级行政执法员（一）,岗位标签,title_or_tag,1,1,government:1,job_1f7d7baadfe7d28e7f01,商品检验监管一级行政执法员（一）,商品检验监管一级行政执法员（一）
商品检验监管一级行政执法员（二）,岗位标签,title_or_tag,1,1,government:1,job_29d269d8cc5841f6ecb7,商品检验监管一级行政执法员（二）,商品检验监管一级行政执法员（二）
喀什边境管理支队一级警长及以下（一）,岗位标签,title_or_tag,1,1,government:1,job_6acb2974e9db3f362d86,喀什边境管理支队一级警长及以下（一）,喀什边境管理支队一级警长及以下（一）
喀什边境管理支队一级警长及以下（七）,岗位标签,title_or_tag,1,1,government:1,job_d147a80505a8f1b4ae31,喀什边境管理支队一级警长及以下（七）,喀什边境管理支队一级警长及以下（七）
喀什边境管理支队一级警长及以下（三）,岗位标签,title_or_tag,1,1,government:1,job_af575a306d8afcbf444d,喀什边境管理支队一级警长及以下（三）,喀什边境管理支队一级警长及以下（三）
喀什边境管理支队一级警长及以下（二）,岗位标签,title_or_tag,1,1,government:1,job_82e944e5f890cb071b57,喀什边境管理支队一级警长及以下（二）,喀什边境管理支队一级警长及以下（二）
喀什边境管理支队一级警长及以下（五）,岗位标签,title_or_tag,1,1,government:1,job_8da1f05d43e3cc5020b9,喀什边境管理支队一级警长及以下（五）,喀什边境管理支队一级警长及以下（五）
喀什边境管理支队一级警长及以下（六）,岗位标签,title_or_tag,1,1,government:1,job_ee8bc86eac6ed608ca00,喀什边境管理支队一级警长及以下（六）,喀什边境管理支队一级警长及以下（六）
喀什边境管理支队一级警长及以下（四）,岗位标签,title_or_tag,1,1,government:1,job_5d91da1430f51ec0390c,喀什边境管理支队一级警长及以下（四）,喀什边境管理支队一级警长及以下（四）
喀左调查队一级科员,岗位标签,title_or_tag,1,1,government:1,job_5fdf466d2aee7c9d41b8,喀左调查队一级科员,喀左调查队一级科员
嘉善调查队一级科员,岗位标签,title_or_tag,1,1,government:1,job_1cb799ad9c9f826dbc8e,嘉善调查队一级科员,嘉善调查队一级科员
嘉定调查队业务科室四级主任科员,岗位标签,title_or_tag,1,1,government:1,job_4d746092b5be63faf3bc,嘉定调查队业务科室四级主任科员,嘉定调查队业务科室四级主任科员
嘉峪关调查队业务科室二级主任科员及以下,岗位标签,title_or_tag,1,1,government:1,job_f5f16af73ebdb92221c6,嘉峪关调查队业务科室二级主任科员及以下,嘉峪关调查队业务科室二级主任科员及以下
四处一级主任科员及以下,岗位标签,title_or_tag,1,1,government:1,job_f3e76134a48b0028cb50,四处一级主任科员及以下,四处一级主任科员及以下
四处警务技术一级主管及以下,岗位标签,title_or_tag,1,1,government:1,job_60d63594327e9aed7e6e,四处警务技术一级主管及以下,四处警务技术一级主管及以下
四女寺枢纽工程管理局一级主任科员及以下,岗位标签,title_or_tag,1,1,government:1,job_e0d819941b88fe07e443,四女寺枢纽工程管理局一级主任科员及以下,四女寺枢纽工程管理局一级主任科员及以下
四川调查总队业务处室二级主任科员及以下（1）,岗位标签,title_or_tag,1,1,government:1,job_85100682f2d1f9b4fc8b,四川调查总队业务处室二级主任科员及以下（1）,四川调查总队业务处室二级主任科员及以下（1）
四川调查总队业务处室二级主任科员及以下（2）,岗位标签,title_or_tag,1,1,government:1,job_aa280da52e6f2c1d996f,四川调查总队业务处室二级主任科员及以下（2）,四川调查总队业务处室二级主任科员及以下（2）
园林管理岗位一级主任科员及以下,岗位标签,title_or_tag,1,1,government:1,job_c8277c33ff005014ac18,园林管理岗位一级主任科员及以下,园林管理岗位一级主任科员及以下
固原调查队业务科室一级科员,岗位标签,title_or_tag,1,1,government:1,job_ac0945e57cc9940757a7,固原调查队业务科室一级科员,固原调查队业务科室一级科员
固始调查队一级科员,岗位标签,title_or_tag,1,1,government:1,job_2cf6b23831b264100d67,固始调查队一级科员,固始调查队一级科员
国内协调处一级主任科员及以下（一）,岗位标签,title_or_tag,1,1,government:1,job_7189ce43b096c841f4e7,国内协调处一级主任科员及以下（一）,国内协调处一级主任科员及以下（一）
国内协调处一级主任科员及以下（二）,岗位标签,title_or_tag,1,1,government:1,job_ca9ba0a05359521f558f,国内协调处一级主任科员及以下（二）,国内协调处一级主任科员及以下（二）
国家公园管理处一级主任科员及以下,岗位标签,title_or_tag,1,1,government:1,job_8eb2d1aff3eb1576fee6,国家公园管理处一级主任科员及以下,国家公园管理处一级主任科员及以下
国家公园（自然保护地）监督处一级主任科员及以下,岗位标签,title_or_tag,1,1,government:1,job_9e690da1ce4ca56b3c45,国家公园（自然保护地）监督处一级主任科员及以下,国家公园（自然保护地）监督处一级主任科员及以下
国家安全学、 信息安全、网络空间安全、档案学等,岗位标签,title_or_tag,1,1,government:1,job_08a3d000e67bed11e896,辖区计算机类监管岗位一级主任科员及以下,国家安全学、 信息安全、网络空间安全、档案学等
国家统计局丰台调查队一级科员（1）,岗位标签,title_or_tag,1,1,government:1,job_66e325bc05b504fbed36,国家统计局丰台调查队一级科员（1）,国家统计局丰台调查队一级科员（1）
国家统计局丰台调查队一级科员（2）,岗位标签,title_or_tag,1,1,government:1,job_3ac7ea74fed1cc7d4c31,国家统计局丰台调查队一级科员（2）,国家统计局丰台调查队一级科员（2）
国家统计局平谷调查队四级主任科员,岗位标签,title_or_tag,1,1,government:1,job_157bfafedcf4e7794d83,国家统计局平谷调查队四级主任科员,国家统计局平谷调查队四级主任科员
国有企业改革工作一级主任科员及以下,岗位标签,title_or_tag,1,1,government:1,job_53e516737d5ec43151b0,国有企业改革工作一级主任科员及以下,国有企业改革工作一级主任科员及以下
国防科技工作部一级主任科员及以下,岗位标签,title_or_tag,1,1,government:1,job_f09a2099c9c10d7622a1,国防科技工作部一级主任科员及以下,国防科技工作部一级主任科员及以下
国际事务与国际关系、国际经济与贸易,岗位标签,title_or_tag,1,1,government:1,job_2c3a8bd7a6a27ce0439c,美兰边检站一级警长及以下（四）,国际事务与国际关系、国际经济与贸易
国际事务与国际关系（030204T）、英语（050201）,岗位标签,title_or_tag,1,1,government:1,job_d381ee33f9a03fc303b9,对外交流处一级主任科员及以下,国际事务与国际关系（030204T）、英语（050201）
国际交流处一级主任科员及以下,岗位标签,title_or_tag,1,1,government:1,job_e6a2deb7d27ed3153b46,国际交流处一级主任科员及以下,国际交流处一级主任科员及以下
国际传播,岗位标签,title_or_tag,1,1,government:1,job_9729b10d5e27ed6a32fc,国际传播,国际传播
国际合作与科技处一级主任科员及以下,岗位标签,title_or_tag,1,1,government:1,job_8e7add2af2bb2e7735bf,国际合作与科技处一级主任科员及以下,国际合作与科技处一级主任科员及以下
国际合作处（港澳台处）一级主任科员及以下,岗位标签,title_or_tag,1,1,government:1,job_f0be81422221df25d473,国际合作处（港澳台处）一级主任科员及以下,国际合作处（港澳台处）一级主任科员及以下
国际新闻与传播、国际传播,岗位标签,title_or_tag,1,1,government:1,job_9729b10d5e27ed6a32fc,国际传播,国际新闻与传播、国际传播
国际注册部门一级主任科员及以下,岗位标签,title_or_tag,1,1,government:1,job_bead9f38ff39bb58baa1,国际注册部门一级主任科员及以下,国际注册部门一级主任科员及以下
国际税收管理处一级主任科员及以下,岗位标签,title_or_tag,1,1,government:1,job_21b902382f2b6eb9710d,国际税收管理处一级主任科员及以下,国际税收管理处一级主任科员及以下
国际组织处一级主任科员及以下,岗位标签,title_or_tag,1,1,government:1,job_019a00fda40f98319e89,国际组织处一级主任科员及以下,国际组织处一级主任科员及以下
国际贸易学,岗位标签,title_or_tag,1,1,government:1,job_728b257bcfa7c8d77ca1,一级行政执法员（一）,国际贸易学
国际金融、世界经济、西方经济学、计量经济学、金融工程、投资学、资产评估、金融审计,岗位标签,title_or_tag,1,1,government:1,job_b892df058c80a8589316,辖区财金类监管岗位一级主任科员及以下,国际金融、世界经济、西方经济学、计量经济学、金融工程、投资学、资产评估、金融审计
国际金融、世界经济、西方经济学、金融工程、投资学,岗位标签,title_or_tag,1,1,government:1,job_1855b08558840e7ca462,处室一级主任科员及以下,国际金融、世界经济、西方经济学、金融工程、投资学
国际金融、世界经济、金融工程、投资学、资产评估、金融审计、金融科技、计算金融,岗位标签,title_or_tag,1,1,government:1,job_c494671e5810e9941ff4,辖区财金类监管岗位一级主任科员及以下,国际金融、世界经济、金融工程、投资学、资产评估、金融审计、金融科技、计算金融
国际金融、货币银行学、金融工程、金融数学、金融科技、金融审计、计算金融,岗位标签,title_or_tag,1,1,government:1,job_71840109f00c206fab8f,监管部门一级主任科员及以下,国际金融、货币银行学、金融工程、金融数学、金融科技、金融审计、计算金融
国际金融、金融工程、投资学、资产评估、金融审计、金融科技、计算金融,岗位标签,title_or_tag,1,1,government:1,job_b4bf21a8c1e68dbb839e,辖区财金类监管岗位一级主任科员及以下,国际金融、金融工程、投资学、资产评估、金融审计、金融科技、计算金融
国际金融、金融工程、投资学、资产评估、金融科技,岗位标签,title_or_tag,1,1,government:1,job_a8d355b1f80f77f8e5a9,辖区财金类监管岗位一级主任科员及以下,国际金融、金融工程、投资学、资产评估、金融科技
图书情报与档案管理类、保密管理,岗位标签,title_or_tag,1,1,government:1,job_a35dec15987bff6136df,辖区财金类监管岗位一级主任科员及以下,图书情报与档案管理类、保密管理
图书情报与档案管理类、信息资源管理、密码科学与技术、密码,岗位标签,title_or_tag,1,1,government:1,job_4aa068f2e0b82e3142c9,辖区财金类监管岗位一级主任科员及以下,图书情报与档案管理类、信息资源管理、密码科学与技术、密码
图们出入境边防检查站一级警长及以下,岗位标签,title_or_tag,1,1,government:1,job_3b0cf863ae19fe49966f,图们出入境边防检查站一级警长及以下,图们出入境边防检查站一级警长及以下
土木工程081001、工程造价120105,岗位标签,title_or_tag,1,1,government:1,job_28b09329b181c7bc0e2c,边检站一级警长及以下（五）,土木工程081001、工程造价120105
土木工程、城乡规划、建筑、土木水利、风景园林、工程管理,岗位标签,title_or_tag,1,1,government:1,job_14cc9e500f086564d3a1,工程建筑岗一级主任科员及以下,土木工程、城乡规划、建筑、土木水利、风景园林、工程管理
土木工程、工程管理、工程造价,岗位标签,title_or_tag,1,1,government:1,job_879f6dbae1bc8c704345,综合保障一级行政执法员,土木工程、工程管理、工程造价
土木工程、建筑学,岗位标签,title_or_tag,1,1,government:1,job_710c84e5543c5d5cf112,洋浦边检站一级警长及以下（二）,土木工程、建筑学
土木工程、智能建造、信息管理与信息系统、工程管理、工程造价,岗位标签,title_or_tag,1,1,government:1,job_52fcd08ff4700670847a,临沧边境管理支队一级警长及以下（五）,土木工程、智能建造、信息管理与信息系统、工程管理、工程造价
土木工程、智能建造、工程管理、物流管理、资产评估、会计学、审计学、工程审计,岗位标签,title_or_tag,1,1,government:1,job_7aef5d36f738030466f9,普洱边境管理支队一级警长及以下（五）,土木工程、智能建造、工程管理、物流管理、资产评估、会计学、审计学、工程审计
土木工程、桥梁与隧道工程、交通运输工程、道路与铁道工程,岗位标签,title_or_tag,1,1,government:1,job_e41961e962c79ad5a4b5,机场管理处一级主任科员及以下,土木工程、桥梁与隧道工程、交通运输工程、道路与铁道工程
土木类（0810）、建筑类（0828）,岗位标签,title_or_tag,1,1,government:1,job_a657bf605bf329100618,后勤保障处一级主任科员及以下,土木类（0810）、建筑类（0828）
土耳其语（050235）,岗位标签,title_or_tag,1,1,government:1,job_d08fb3d745888e84ec82,执勤队一级警长及以下（十四）,土耳其语（050235）
地区业务处室一级主任科员及以下,岗位标签,title_or_tag,1,1,government:1,job_d6efc1aca63c81c50b18,地区业务处室一级主任科员及以下,地区业务处室一级主任科员及以下
地图学与地理信息系统、地理信息工程,岗位标签,title_or_tag,1,1,government:1,job_01bbd5cd9e17083a9eb9,审计业务处一级主任科员及以下,地图学与地理信息系统、地理信息工程
地图学与地理信息系统（070503）,岗位标签,title_or_tag,1,1,government:1,job_c4fbb9edd4f57032c2fe,案件督办处一级主任科员及以下,地图学与地理信息系统（070503）
地球物理学类（0708）、地质学类（0709）,岗位标签,title_or_tag,1,1,government:1,job_232867500f03b2886a38,业务处室一级主任科员及以下,地球物理学类（0708）、地质学类（0709）
地理学（不含自然地理学、人文地理学）、遥感科学与技术,岗位标签,title_or_tag,1,1,government:1,job_d4413baa1b3027de942a,河北调查总队业务处室四级主任科员,地理学（不含自然地理学、人文地理学）、遥感科学与技术
地理科学类、测绘类,岗位标签,title_or_tag,1,1,government:1,job_a4816fe26546b0a446e3,一级行政执法员（三）,地理科学类、测绘类
地理科学类、统计学类、电子信息类,岗位标签,title_or_tag,1,1,government:1,job_df0891dc829b24db6309,一级行政执法员（七）,地理科学类、统计学类、电子信息类
地理科学类、计算机类,岗位标签,title_or_tag,1,1,government:1,job_bc6eb191537fd11de274,一级行政执法员（七）,地理科学类、计算机类
地质工程,岗位标签,title_or_tag,1,1,government:1,job_d82713a09aa9250d5d82,监察执法处二级主任科员及以下,地质工程
地质工程、地下水科学与工程、水文与水资源工程、资源勘查工程,岗位标签,title_or_tag,1,1,government:1,job_a6697a4c5c5fa4760b79,监察执法处三级主任科员及以下职位,地质工程、地下水科学与工程、水文与水资源工程、资源勘查工程
地质工程、地质资源与地质工程,岗位标签,title_or_tag,1,1,government:1,job_9e0b92b236e2f173e6f3,监察执法处二级主任科员及以下,地质工程、地质资源与地质工程
地质工程、资源勘查工程、勘查技术与工程、地下水科学与工程、水文与水资源工程,岗位标签,title_or_tag,1,1,government:1,job_920b510fd0e1d2a4d54a,监察执法处三级主任科员及以下,地质工程、资源勘查工程、勘查技术与工程、地下水科学与工程、水文与水资源工程
垫江调查队办公室一级科员,岗位标签,title_or_tag,1,1,government:1,job_1751303494f5e05b44c7,垫江调查队办公室一级科员,垫江调查队办公室一级科员
城区税务分局一级行政执法员,岗位标签,title_or_tag,1,1,government:1,job_1c7366d953aa3c9a503f,城区税务分局一级行政执法员,城区税务分局一级行政执法员
培训大队一级警长及以下,岗位标签,title_or_tag,1,1,government:1,job_68eb7bd7de2e3084d593,培训大队一级警长及以下,培训大队一级警长及以下
培训开发处一级主任科员及以下,岗位标签,title_or_tag,1,1,government:1,job_3c7a3fbdf4df836b0eae,培训开发处一级主任科员及以下,培训开发处一级主任科员及以下
培训指导处一级主任科员及以下,岗位标签,title_or_tag,1,1,government:1,job_cd0c42e4cdfd0cda7d45,培训指导处一级主任科员及以下,培训指导处一级主任科员及以下
基层单位一级主办及以下,岗位标签,title_or_tag,1,1,government:1,job_b6299b296cf90f25002d,基层单位一级主办及以下,基层单位一级主办及以下
基层单位一级主办及以下（三）,岗位标签,title_or_tag,1,1,government:1,job_c30692bde44cae29a321,基层单位一级主办及以下（三）,基层单位一级主办及以下（三）
基层单位一级行政执法员（七）,岗位标签,title_or_tag,1,1,government:1,job_9267a0e0db58c86821f3,基层单位一级行政执法员（七）,基层单位一级行政执法员（七）
基层单位一级行政执法员（八）,岗位标签,title_or_tag,1,1,government:1,job_153d9c6db06ba7592938,基层单位一级行政执法员（八）,基层单位一级行政执法员（八）
塔克什肯出入境边防检查站一级警长及以下（一）,岗位标签,title_or_tag,1,1,government:1,job_a5d77b8c2ddef1552ce5,塔克什肯出入境边防检查站一级警长及以下（一）,塔克什肯出入境边防检查站一级警长及以下（一）
塔克什肯出入境边防检查站一级警长及以下（三）,岗位标签,title_or_tag,1,1,government:1,job_e72587f8cf4f2c75f224,塔克什肯出入境边防检查站一级警长及以下（三）,塔克什肯出入境边防检查站一级警长及以下（三）
塔克什肯出入境边防检查站一级警长及以下（二）,岗位标签,title_or_tag,1,1,government:1,job_5b74c64cc01f464f1ef8,塔克什肯出入境边防检查站一级警长及以下（二）,塔克什肯出入境边防检查站一级警长及以下（二）
塔克什肯出入境边防检查站一级警长及以下（五）,岗位标签,title_or_tag,1,1,government:1,job_d174f4ba8219461c2a4d,塔克什肯出入境边防检查站一级警长及以下（五）,塔克什肯出入境边防检查站一级警长及以下（五）
塔克什肯出入境边防检查站一级警长及以下（四）,岗位标签,title_or_tag,1,1,government:1,job_cd39b0c9fa7079443395,塔克什肯出入境边防检查站一级警长及以下（四）,塔克什肯出入境边防检查站一级警长及以下（四）
塔城边境管理支队一级警长及以下（一）,岗位标签,title_or_tag,1,1,government:1,job_4c93cb95074f38a21a74,塔城边境管理支队一级警长及以下（一）,塔城边境管理支队一级警长及以下（一）
塔城边境管理支队一级警长及以下（三）,岗位标签,title_or_tag,1,1,government:1,job_a0ae26a6fae298fdf292,塔城边境管理支队一级警长及以下（三）,塔城边境管理支队一级警长及以下（三）
塔城边境管理支队一级警长及以下（二）,岗位标签,title_or_tag,1,1,government:1,job_026af16a9d54267a4dad,塔城边境管理支队一级警长及以下（二）,塔城边境管理支队一级警长及以下（二）
塔城边境管理支队一级警长及以下（四）,岗位标签,title_or_tag,1,1,government:1,job_ddc0da55acc2e8fe83ed,塔城边境管理支队一级警长及以下（四）,塔城边境管理支队一级警长及以下（四）
墨玉调查队一级科员,岗位标签,title_or_tag,1,1,government:1,job_f2aa3181b7ca98aa0f9e,墨玉调查队一级科员,墨玉调查队一级科员
复合型专业（理工类专业+经济学类专业、理工类专业+人文学类专业）（详见备注）,岗位标签,title_or_tag,1,1,government:1,job_0ae12a5d2f87e783cba8,一级主任科员及以下（英语六）,复合型专业（理工类专业+经济学类专业、理工类专业+人文学类专业）（详见备注）
外事处一级主任科员及以下,岗位标签,title_or_tag,1,1,government:1,job_197478041a7c36b957f4,外事处一级主任科员及以下,外事处一级主任科员及以下
外交国政和英语,岗位标签,title_or_tag,1,1,government:1,job_7b030accaad78814c23b,外交国政和英语,外交国政和英语
外交学、国际事务与国际关系,岗位标签,title_or_tag,1,1,government:1,job_3d0cffabc9131ef65e70,外交学或国际关系学,外交学、国际事务与国际关系
外交学、国际关系、国际政治、英语专业,岗位标签,title_or_tag,1,1,government:1,job_7b030accaad78814c23b,外交国政和英语,外交学、国际关系、国际政治、英语专业
外交学或国际关系学,岗位标签,title_or_tag,1,1,government:1,job_3d0cffabc9131ef65e70,外交学或国际关系学,外交学或国际关系学
外商投资发展促进处一级主任科员及以下,岗位标签,title_or_tag,1,1,government:1,job_99a32029902950439721,外商投资发展促进处一级主任科员及以下,外商投资发展促进处一级主任科员及以下
外国专家工作岗位一级主任科员及以下,岗位角色,title_or_tag,1,1,government:1,job_bce2ab33506ec71e6378,外国专家工作岗位一级主任科员及以下,外国专家工作岗位一级主任科员及以下
外国语言文学、翻译,岗位标签,title_or_tag,1,1,government:1,job_c2e1631cf61a3b75dab9,边检站一级警长及以下（三）,外国语言文学、翻译
外国语言文学、翻译（英语）,岗位标签,title_or_tag,1,1,government:1,job_1f383c04546af6722365,业务处室一级主任科员及以下（三）,外国语言文学、翻译（英语）
外国语言文学类、法学类、政治学类、社会学类、民族学类、历史学类、建筑类,岗位标签,title_or_tag,1,1,government:1,job_197478041a7c36b957f4,外事处一级主任科员及以下,外国语言文学类、法学类、政治学类、社会学类、民族学类、历史学类、建筑类
多边合作处一级主任科员及以下,岗位标签,title_or_tag,1,1,government:1,job_7516feb7af0544e1ee91,多边合作处一级主任科员及以下,多边合作处一级主任科员及以下
大兴安岭调查队业务科一级科员,岗位标签,title_or_tag,1,1,government:1,job_0d8c25ca0b0ac899855e,大兴安岭调查队业务科一级科员,大兴安岭调查队业务科一级科员
大埔调查队一级科员,岗位标签,title_or_tag,1,1,government:1,job_ecbceca4c5fd769736b5,大埔调查队一级科员,大埔调查队一级科员
大学本科：0201经济学类； 研究生：0202应用经济学,岗位标签,title_or_tag,1,1,government:1,job_7de1d413e2b83d380779,天津铁路公安处基层所队民警,大学本科：0201经济学类； 研究生：0202应用经济学
大学本科：0203金融学类； 研究生：0202应用经济学（金融学）、0251金融,岗位标签,title_or_tag,1,1,government:1,job_803212d18d1958a49e8a,天津铁路公安处基层所队民警,大学本科：0203金融学类； 研究生：0202应用经济学（金融学）、0251金融
大学本科：02经济学； 研究生：02经济学,岗位标签,title_or_tag,1,1,government:1,job_74f63f68bd9a69f42260,监管部门一级主任科员及以下,大学本科：02经济学； 研究生：02经济学
大学本科：030101K法学 研究生：0301法学、0351法律,岗位标签,title_or_tag,1,1,government:1,job_5f555c443b2f663c600a,法规部门一级主任科员及以下,大学本科：030101K法学 研究生：0301法学、0351法律
大学本科：030101K法学、030104T信用风险管理与法律防控,岗位标签,title_or_tag,1,1,government:1,job_aeacb07a8023f36c74f5,法规部门一级主任科员及以下,大学本科：030101K法学、030104T信用风险管理与法律防控
大学本科：030101K法学； 研究生：0301法学,岗位标签,title_or_tag,1,1,government:1,job_bb128ed60f5b1ba8464f,一处一级警长及以下,大学本科：030101K法学； 研究生：0301法学
大学本科：0301法学类; 研究生：0301法学、0351法律,岗位标签,title_or_tag,1,1,government:1,job_0923c01b518a948a2cb3,洋浦海关缉私分局一级警长及以下,大学本科：0301法学类; 研究生：0301法学、0351法律
大学本科：0301法学类（法学）；研究生：0301法学、0351法律,岗位标签,title_or_tag,1,1,government:1,job_bf9f840acb70190d6ac5,镇江海关缉私分局一级警长及以下,大学本科：0301法学类（法学）；研究生：0301法学、0351法律
大学本科：0302政治学类； 研究生：0305马克思主义理论,岗位标签,title_or_tag,1,1,government:1,job_2cad7c6820990c3c4f58,锦州铁路公安处基层所队民警,大学本科：0302政治学类； 研究生：0305马克思主义理论
大学本科：0305马克思主义理论类； 研究生：0307中共党史党建学,岗位标签,title_or_tag,1,1,government:1,job_080d2e7fc64209de1607,成都铁路公安处基层所队民警,大学本科：0305马克思主义理论类； 研究生：0307中共党史党建学
大学本科：03法学、07理学、08工学； 研究生：03法学、07理学、08工学,岗位标签,title_or_tag,1,1,government:1,job_f25bd9f0b35479b74481,天津铁路公安处基层所队民警,大学本科：03法学、07理学、08工学； 研究生：03法学、07理学、08工学
大学本科：03法学； 研究生：0301法学、0351法律,岗位标签,title_or_tag,1,1,government:1,job_38ddb016531325352520,乌鲁木齐铁路公安处基层所队民警,大学本科：03法学； 研究生：0301法学、0351法律
大学本科：0401教育学类； 研究生：0401教育学、0451教育,岗位标签,title_or_tag,1,1,government:1,job_02321c6b313ee712f130,成都铁路公安处基层所队民警,大学本科：0401教育学类； 研究生：0401教育学、0451教育
大学本科：0402体育学类（体育教育）； 研究生：0403体育学、0452体育,岗位标签,title_or_tag,1,1,government:1,job_1650aca585278437a73a,西昌铁路公安处基层所队民警,大学本科：0402体育学类（体育教育）； 研究生：0403体育学、0452体育
大学本科：0402体育学类； 研究生：0906兽医学、0952兽医,岗位标签,title_or_tag,1,1,government:1,job_391aad1690e1e0548440,武汉铁路公安处基层所队民警,大学本科：0402体育学类； 研究生：0906兽医学、0952兽医
大学本科：0501中国语言文学类（秘书学）； 研究生：0501中国语言文学,岗位标签,title_or_tag,1,1,government:1,job_cccacd69ac4c98ea4b01,西昌铁路公安处基层所队民警,大学本科：0501中国语言文学类（秘书学）； 研究生：0501中国语言文学
大学本科：0711心理学类、0701数学类； 研究生：0501中国语言文学,岗位标签,title_or_tag,1,1,government:1,job_12bc3ed07c0ad6db8c9b,衡阳铁路公安处基层所队民警,大学本科：0711心理学类、0701数学类； 研究生：0501中国语言文学
大学本科：0804材料类； 研究生：0805材料科学与工程、0856材料与化工,岗位标签,title_or_tag,1,1,government:1,job_e6f37cb0c97600a28186,济南铁路公安处基层所队民警,大学本科：0804材料类； 研究生：0805材料科学与工程、0856材料与化工
大学本科：0807电子信息类； 研究生：0810信息与通信工程、0854电子信息,岗位标签,title_or_tag,1,1,government:1,job_0d5feaebc8ab4c6a8708,武汉铁路公安处基层所队民警,大学本科：0807电子信息类； 研究生：0810信息与通信工程、0854电子信息
大学本科：0809计算机类； 研究生：0812计算机科学与技术、0854电子信息,岗位标签,title_or_tag,1,1,government:1,job_1cad3ef2116851f325bf,海拉尔海关缉私分局一级警长及以下,大学本科：0809计算机类； 研究生：0812计算机科学与技术、0854电子信息
大学本科：0809计算机类；研究生：0812计算机科学与技术、0835软件工程,岗位标签,title_or_tag,1,1,government:1,job_59f32239a25f3ad854dc,统计信息部门一级主任科员及以下,大学本科：0809计算机类；研究生：0812计算机科学与技术、0835软件工程
大学本科：0904动物医学类（动物医学）； 研究生：0906兽医学、0952兽医,岗位标签,title_or_tag,1,1,government:1,job_36fd7e3f988728595040,北京铁路公安处基层所队民警,大学本科：0904动物医学类（动物医学）； 研究生：0906兽医学、0952兽医
大学本科：0904动物医学类； 研究生：0906兽医学、0952兽医,岗位标签,title_or_tag,1,1,government:1,job_bfeb14f16c2056410e4f,奎屯铁路公安处基层所队民警,大学本科：0904动物医学类； 研究生：0906兽医学、0952兽医
大学本科：1007药学类；研究生：1007药学、1055药学,岗位标签,title_or_tag,1,1,government:1,job_f07afc299993e760171f,九洲海关缉私分局一级警长及以下,大学本科：1007药学类；研究生：1007药学、1055药学
大学本科：1009法医学类；研究生：1012法医学,岗位标签,title_or_tag,1,1,government:1,job_4acc15cf78e459b2e5e3,蚌埠铁路公安处基层所队民警,大学本科：1009法医学类；研究生：1012法医学
大学本科：1202工商管理类； 研究生：1202工商管理学、1251工商管理,岗位标签,title_or_tag,1,1,government:1,job_77d08e7897a69eb58340,格尔木铁路公安处基层所队民警,大学本科：1202工商管理类； 研究生：1202工商管理学、1251工商管理
大学本科：1302音乐与舞蹈学类； 研究生：0501中国语言文学,岗位标签,title_or_tag,1,1,government:1,job_d65ddbc7b27d6f86bd32,怀化铁路公安处基层所队民警,大学本科：1302音乐与舞蹈学类； 研究生：0501中国语言文学
大学本科：统计学类、经济统计学；研究生：统计学、应用统计,岗位标签,title_or_tag,1,1,government:1,job_0c6f1b0ebb8481dc5084,统计信息部门一级主任科员及以下,大学本科：统计学类、经济统计学；研究生：统计学、应用统计
大数据技术与工程（085411）,岗位标签,title_or_tag,1,1,government:1,job_0ff0b2b0d402b291510a,沈阳出入境边防检查站一级警长及以下（二）,大数据技术与工程（085411）
大方调查队一级科员,岗位标签,title_or_tag,1,1,government:1,job_be77d9d8b8573836acbc,大方调查队一级科员,大方调查队一级科员
大气科学、 气象学、 应用气象学,岗位标签,title_or_tag,1,1,government:1,job_d730b1b6bf0726726e4b,业务管理科一级主任科员及以下,大气科学、 气象学、 应用气象学
大气科学、大气电子、大气遥感与大气探测、气象探测技术,岗位标签,title_or_tag,1,1,government:1,job_0b5eb458c87c79ef2a79,观测与网络处一级主任科员及以下,大气科学、大气电子、大气遥感与大气探测、气象探测技术
大气科学、应用气象学、气象学,岗位标签,title_or_tag,1,1,government:1,job_be4cd361188a4da4aea4,业务科技科（法规科）一级科员及以下,大气科学、应用气象学、气象学
大气科学、应用气象学、气象技术与工程、人工智能、电子科学与技术,岗位标签,title_or_tag,1,1,government:1,job_696525feab73cd8666f2,防灾减灾科一级科员及以下,大气科学、应用气象学、气象技术与工程、人工智能、电子科学与技术
大气科学、应用气象学、气象技术与工程、智慧气象技术、雷电防护,岗位标签,title_or_tag,1,1,government:1,job_72bcec444496e0736c43,防灾减灾科一级科员及以下,大气科学、应用气象学、气象技术与工程、智慧气象技术、雷电防护
大气科学、应用气象学、气象技术与工程、雷电防护,岗位标签,title_or_tag,1,1,government:1,job_bd12c91c5fdcc8ade601,业务法规科一级科员及以下,大气科学、应用气象学、气象技术与工程、雷电防护
大气科学、应用气象学、环境生态工程,岗位标签,title_or_tag,1,1,government:1,job_dae329874b588b33ce3c,综合管理办公室一级主任科员及以下,大气科学、应用气象学、环境生态工程
大气科学、应用气象学、行政管理专业,岗位标签,title_or_tag,1,1,government:1,job_1d004dd1dc61d34f2704,办公室（人事教育科）一级主任科员及以下,大气科学、应用气象学、行政管理专业
大气科学、应用气象学、软件工程、网络工程、遥感科学与技术,岗位标签,title_or_tag,1,1,government:1,job_f7dfec1b4712a7e92f08,综合管理科一级科员及以下,大气科学、应用气象学、软件工程、网络工程、遥感科学与技术
大气科学、气象学、大气物理学与大气环境,岗位标签,title_or_tag,1,1,government:1,job_518bb7d170613ef6a742,预报科一级主任科员及以下,大气科学、气象学、大气物理学与大气环境
大气科学、气象学、应用气象学、气象灾害监测与预警,岗位标签,title_or_tag,1,1,government:1,job_f4456113f8704f272ead,业务科技科（法规科）四级主任科员及以下,大气科学、气象学、应用气象学、气象灾害监测与预警
大气科学、气象学、气候系统与气候变化、气候学、应用气象学,岗位标签,title_or_tag,1,1,government:1,job_79c9c4768a64ed3f48c3,科技与预报处一级主任科员及以下,大气科学、气象学、气候系统与气候变化、气候学、应用气象学
大气科学、气象学、汉语言文字学、语言学及应用语言学,岗位标签,title_or_tag,1,1,government:1,job_4300216501a6176e01cb,办公室四级主任科员及以下,大气科学、气象学、汉语言文字学、语言学及应用语言学
大气科学专业、气象学、气候系统与气候变化、气候变化风险管理、气候与大气环境,岗位标签,title_or_tag,1,1,government:1,job_964041f33989b39accc2,科技与预报处一级主任科员及以下,大气科学专业、气象学、气候系统与气候变化、气候变化风险管理、气候与大气环境
大气科学专业、气象学专业、3S集成与气象应用专业,岗位标签,title_or_tag,1,1,government:1,job_cc7ab3947e582e2e6871,业务科一级主任科员及以下,大气科学专业、气象学专业、3S集成与气象应用专业
大连周水子出入境边防检查站一级警长及以下（一）,岗位标签,title_or_tag,1,1,government:1,job_d08ce8571b3abf5e9f35,大连周水子出入境边防检查站一级警长及以下（一）,大连周水子出入境边防检查站一级警长及以下（一）
大连周水子出入境边防检查站一级警长及以下（三）,岗位标签,title_or_tag,1,1,government:1,job_074c31693dcee349c126,大连周水子出入境边防检查站一级警长及以下（三）,大连周水子出入境边防检查站一级警长及以下（三）
大连周水子出入境边防检查站一级警长及以下（二）,岗位标签,title_or_tag,1,1,government:1,job_2799fb0288fae198624b,大连周水子出入境边防检查站一级警长及以下（二）,大连周水子出入境边防检查站一级警长及以下（二）
天气处一级主任科员及以下,岗位标签,title_or_tag,1,1,government:1,job_7e36abb361612434458c,天气处一级主任科员及以下,天气处一级主任科员及以下
天津经济技术开发区海关缉私分局一级警长及以下,岗位标签,title_or_tag,1,1,government:1,job_3e1e4d09c68b3c2a7919,天津经济技术开发区海关缉私分局一级警长及以下,天津经济技术开发区海关缉私分局一级警长及以下
天津调查总队业务处室四级主任科员,岗位标签,title_or_tag,1,1,government:1,job_6bb58784357da2768c57,天津调查总队业务处室四级主任科员,天津调查总队业务处室四级主任科员
太原调查队业务科室四级主任科员（1）,岗位标签,title_or_tag,1,1,government:1,job_e13afb78d1532fdb278d,太原调查队业务科室四级主任科员（1）,太原调查队业务科室四级主任科员（1）
太原调查队业务科室四级主任科员（2）,岗位标签,title_or_tag,1,1,government:1,job_1643f690f4a46c71643e,太原调查队业务科室四级主任科员（2）,太原调查队业务科室四级主任科员（2）
奇台调查队一级科员（1）,岗位标签,title_or_tag,1,1,government:1,job_6a9b4441a47b09d607f1,奇台调查队一级科员（1）,奇台调查队一级科员（1）
奇台调查队一级科员（2）,岗位标签,title_or_tag,1,1,government:1,job_6c6d1c48a2c2ee6d6951,奇台调查队一级科员（2）,奇台调查队一级科员（2）
威海临港经济技术开发区税务分局一级行政执法员（一）,岗位标签,title_or_tag,1,1,government:1,job_9cd65049c3e26efde6cf,威海临港经济技术开发区税务分局一级行政执法员（一）,威海临港经济技术开发区税务分局一级行政执法员（一）
威海临港经济技术开发区税务分局一级行政执法员（二）,岗位标签,title_or_tag,1,1,government:1,job_4e30c8f4acbea1591e85,威海临港经济技术开发区税务分局一级行政执法员（二）,威海临港经济技术开发区税务分局一级行政执法员（二）
威远调查队一级科员,岗位标签,title_or_tag,1,1,government:1,job_a5f3b8bce84b91136b63,威远调查队一级科员,威远调查队一级科员
子长调查队一级科员,岗位标签,title_or_tag,1,1,government:1,job_e95506665c61b7fc94a3,子长调查队一级科员,子长调查队一级科员
孝感所辖县级调查队一级科员（1）,岗位标签,title_or_tag,1,1,government:1,job_d2cc1719b2b754eeb81d,孝感所辖县级调查队一级科员（1）,孝感所辖县级调查队一级科员（1）
孝感所辖县级调查队一级科员（2）,岗位标签,title_or_tag,1,1,government:1,job_72184ece819cb4dd4823,孝感所辖县级调查队一级科员（2）,孝感所辖县级调查队一级科员（2）
学员工作二处一级主任科员及以下,岗位标签,title_or_tag,1,1,government:1,job_870f91162277b82f20a2,学员工作二处一级主任科员及以下,学员工作二处一级主任科员及以下
学科门类为理学（07）、工学（08）、管理学（12）,岗位标签,title_or_tag,1,1,government:1,job_28960df011d2f20f335a,业务处室一级主任科员及以下2,学科门类为理学（07）、工学（08）、管理学（12）
学科门类为经济学（02）或会计、审计专业,岗位标签,title_or_tag,1,1,government:1,job_69d59aa67255c0fb8a27,业务处室一级主任科员及以下4,学科门类为经济学（02）或会计、审计专业
学科门类：哲学、经济学、法学、教育学、文学、历史学、理学、工学、管理学,岗位标签,title_or_tag,1,1,government:1,job_58a61b6c7e6584504fa5,综合研究处一级主任科员及以下职位,学科门类：哲学、经济学、法学、教育学、文学、历史学、理学、工学、管理学
学科门类：工学，且本科或研究生阶段为计算机类或电子信息类专业,岗位标签,title_or_tag,1,1,government:1,job_892adc7144b861edac2a,业务处室一级主任科员及以下职位,学科门类：工学，且本科或研究生阶段为计算机类或电子信息类专业
学科门类：教育学、经济学、文学、法学、工学,岗位标签,title_or_tag,1,1,government:1,job_776754e4e4ab99112836,业务处室一级主任科员及以下职位,学科门类：教育学、经济学、文学、法学、工学
学科门类：法学,岗位标签,title_or_tag,1,1,government:1,job_efaf79e4682ee4ecd2c6,二处一级主任科员及以下,学科门类：法学
学科门类：理学、工学、农学、医学,岗位标签,title_or_tag,1,1,government:1,job_81120121fc8b900960ff,驻外储备人员,学科门类：理学、工学、农学、医学
学科门类：理学、工学、经济学、法学、管理学,岗位标签,title_or_tag,1,1,government:1,job_7d7d5710acf6055d38ce,驻外储备人员,学科门类：理学、工学、经济学、法学、管理学
学科门类：经济学、理学、工学、管理学,岗位标签,title_or_tag,1,1,government:1,job_a70c381c4fb9f2ea90af,业务处室一级主任科员以下职位,学科门类：经济学、理学、工学、管理学
学科门类：经济学、管理学,岗位标签,title_or_tag,1,1,government:1,job_6e85bd02d252fa84d790,业务处室一级主任科员及以下职位,学科门类：经济学、管理学
孪井滩生态移民示范区税务分局一级行政执法员,岗位标签,title_or_tag,1,1,government:1,job_44076303e571c7f5e21f,孪井滩生态移民示范区税务分局一级行政执法员,孪井滩生态移民示范区税务分局一级行政执法员
宁夏业务办公室一级主任科员及以下,岗位标签,title_or_tag,1,1,government:1,job_607bce8135f071379b32,宁夏业务办公室一级主任科员及以下,宁夏业务办公室一级主任科员及以下
宁夏调查总队业务处室一级科员,岗位标签,title_or_tag,1,1,government:1,job_6e879d9baed4e11b6acd,宁夏调查总队业务处室一级科员,宁夏调查总队业务处室一级科员
宁夏调查总队业务处室二级主任科员及以下,岗位标签,title_or_tag,1,1,government:1,job_b0fcb3c2e94931b81e5a,宁夏调查总队业务处室二级主任科员及以下,宁夏调查总队业务处室二级主任科员及以下
宁武调查队一级科员,岗位标签,title_or_tag,1,1,government:1,job_efa63c7df200860c6ea3,宁武调查队一级科员,宁武调查队一级科员
宁河调查队综合科室一级科员,岗位标签,title_or_tag,1,1,government:1,job_17ae51b350fdf315f647,宁河调查队综合科室一级科员,宁河调查队综合科室一级科员
宁波调查队业务处室二级主任科员及以下,岗位标签,title_or_tag,1,1,government:1,job_c0bf9f6632e17a067e13,宁波调查队业务处室二级主任科员及以下,宁波调查队业务处室二级主任科员及以下
宁波边检站一级警长及以下（一）,岗位标签,title_or_tag,1,1,government:1,job_2d8400248511a945fa76,宁波边检站一级警长及以下（一）,宁波边检站一级警长及以下（一）
宁波边检站一级警长及以下（三）,岗位标签,title_or_tag,1,1,government:1,job_b2650d3afb470fec21fe,宁波边检站一级警长及以下（三）,宁波边检站一级警长及以下（三）
宁波边检站一级警长及以下（二）,岗位标签,title_or_tag,1,1,government:1,job_9cc17bfdf7f37601a8ac,宁波边检站一级警长及以下（二）,宁波边检站一级警长及以下（二）
宁津河务局一级主任科员及以下,岗位标签,title_or_tag,1,1,government:1,job_0901cd33f06126ee8dd4,宁津河务局一级主任科员及以下,宁津河务局一级主任科员及以下
宁远调查队一级科员,岗位标签,title_or_tag,1,1,government:1,job_b65e5badf294a6416ed5,宁远调查队一级科员,宁远调查队一级科员
安全工程、安全技术及工程、安全科学与工程、安全工程技术、矿井通风与安全,岗位标签,title_or_tag,1,1,government:1,job_53e7202f9c3e75fdc37f,监察执法处一级主任科员及以下,安全工程、安全技术及工程、安全科学与工程、安全工程技术、矿井通风与安全
安全工程、安全科学与工程,岗位标签,title_or_tag,1,1,government:1,job_ddc21cd85d64f44a42f6,监察执法处二级主任科员及以下,安全工程、安全科学与工程
安全工程、安全防范工程、应急技术与管理、弹药工程与爆炸技术,岗位标签,title_or_tag,1,1,government:1,job_ea1092d05b885c42323f,安全防范技术,安全工程、安全防范工程、应急技术与管理、弹药工程与爆炸技术
安全生产处一级主任科员及以下,岗位标签,title_or_tag,1,1,government:1,job_282ad517065aed3ce8b1,安全生产处一级主任科员及以下,安全生产处一级主任科员及以下
安全监督处一级主任科员及以下,岗位标签,title_or_tag,1,1,government:1,job_87d720329e29d46dfe9b,安全监督处一级主任科员及以下,安全监督处一级主任科员及以下
安全监督岗一级主任科员及以下,岗位标签,title_or_tag,1,1,government:1,job_399c6504d9cd2c1e55ee,安全监督岗一级主任科员及以下,安全监督岗一级主任科员及以下
安全监管岗一级主任科员及以下,岗位标签,title_or_tag,1,1,government:1,job_54094a757a7f8d73ebfd,安全监管岗一级主任科员及以下,安全监管岗一级主任科员及以下
安全管理岗一级主任科员及以下,岗位标签,title_or_tag,1,1,government:1,job_4fe526ee4f01d0ab897c,安全管理岗一级主任科员及以下,安全管理岗一级主任科员及以下
安全防范技术,岗位标签,title_or_tag,1,1,government:1,job_ea1092d05b885c42323f,安全防范技术,安全防范技术
安全防范管理,岗位标签,title_or_tag,1,1,government:1,job_df6458ea91d4b9e2a178,安全防范管理,安全防范管理
安岳调查队一级科员,岗位标签,title_or_tag,1,1,government:1,job_27642263be565a88fe3f,安岳调查队一级科员,安岳调查队一级科员
安庆调查队业务科室四级主任科员,岗位标签,title_or_tag,1,1,government:1,job_d1add63da75f65d9ff3a,安庆调查队业务科室四级主任科员,安庆调查队业务科室四级主任科员
安徽调查总队业务处室二级主任科员及以下(1),岗位标签,title_or_tag,1,1,government:1,job_ad99b432db06f5b9f269,安徽调查总队业务处室二级主任科员及以下(1),安徽调查总队业务处室二级主任科员及以下(1)
安徽调查总队业务处室二级主任科员及以下(2),岗位标签,title_or_tag,1,1,government:1,job_3840d381f5f43ded620a,安徽调查总队业务处室二级主任科员及以下(2),安徽调查总队业务处室二级主任科员及以下(2)
安溪调查队一级科员,岗位标签,title_or_tag,1,1,government:1,job_f846c6627b21d1dbce55,安溪调查队一级科员,安溪调查队一级科员
安福调查队一级科员,岗位标签,title_or_tag,1,1,government:1,job_63ce530e1d7adc40007e,安福调查队一级科员,安福调查队一级科员
安阳调查队业务科室一级科员（1）,岗位标签,title_or_tag,1,1,government:1,job_2f4e9fafa9b46b615342,安阳调查队业务科室一级科员（1）,安阳调查队业务科室一级科员（1）
安阳调查队业务科室一级科员（2）,岗位标签,title_or_tag,1,1,government:1,job_436760386df03ce9a02d,安阳调查队业务科室一级科员（2）,安阳调查队业务科室一级科员（2）
安顺调查队业务科室一级主任科员及以下,岗位标签,title_or_tag,1,1,government:1,job_cef63229372c4176eff6,安顺调查队业务科室一级主任科员及以下,安顺调查队业务科室一级主任科员及以下
宜君调查队一级科员,岗位标签,title_or_tag,1,1,government:1,job_be3b88aea84bf9f94548,宜君调查队一级科员,宜君调查队一级科员
宜宾调查队业务科室四级主任科员及以下,岗位标签,title_or_tag,1,1,government:1,job_744567880e8292f13650,宜宾调查队业务科室四级主任科员及以下,宜宾调查队业务科室四级主任科员及以下
宜州调查队一级科员,岗位标签,title_or_tag,1,1,government:1,job_add0d3e37ed5b0a7e2e6,宜州调查队一级科员,宜州调查队一级科员
宜昌调查队业务科室四级主任科员及以下,岗位标签,title_or_tag,1,1,government:1,job_8b65173c24c7d829331c,宜昌调查队业务科室四级主任科员及以下,宜昌调查队业务科室四级主任科员及以下
宝坻调查队业务科室一级科员,岗位标签,title_or_tag,1,1,government:1,job_983c17d69f411995bed4,宝坻调查队业务科室一级科员,宝坻调查队业务科室一级科员
审查部门（一）一级主任科员及以下,岗位标签,title_or_tag,1,1,government:1,job_03d6307055d2cc172588,审查部门（一）一级主任科员及以下,审查部门（一）一级主任科员及以下
审查部门（三）一级主任科员及以下,岗位标签,title_or_tag,1,1,government:1,job_de3508e916b3821b45c3,审查部门（三）一级主任科员及以下,审查部门（三）一级主任科员及以下
审查部门（二）一级主任科员及以下,岗位标签,title_or_tag,1,1,government:1,job_5d94ab26fcafcefbc9bf,审查部门（二）一级主任科员及以下,审查部门（二）一级主任科员及以下
审查部门（五）一级主任科员及以下,岗位标签,title_or_tag,1,1,government:1,job_e9b6fc764c9a066375ac,审查部门（五）一级主任科员及以下,审查部门（五）一级主任科员及以下
审查部门（四）一级主任科员及以下,岗位标签,title_or_tag,1,1,government:1,job_f4dd9de7be0c20e9c6f3,审查部门（四）一级主任科员及以下,审查部门（四）一级主任科员及以下
审计、会计、税务、金融、资产评估,岗位标签,title_or_tag,1,1,government:1,job_950e665812080e4347b1,一级主任科员及以下,审计、会计、税务、金融、资产评估
审计、法学0301、法律（法学）035102,岗位标签,title_or_tag,1,1,government:1,job_591ab6bda7d9994b857c,肖厝出入境边防检查站一级警长及以下,审计、法学0301、法律（法学）035102
审计业务处一级主任科员及以下 （二）,岗位标签,title_or_tag,1,1,government:1,job_99b92cb76793ce3ac387,审计业务处一级主任科员及以下 （二）,审计业务处一级主任科员及以下 （二）
审计业务处一级主任科员及以下（一）,岗位标签,title_or_tag,1,1,government:1,job_315b22088c78e996a7f6,审计业务处一级主任科员及以下（一）,审计业务处一级主任科员及以下（一）
审计和财务监管处一级主任科员及以下,岗位标签,title_or_tag,1,1,government:1,job_db64e53a654aa03b47a4,审计和财务监管处一级主任科员及以下,审计和财务监管处一级主任科员及以下
审计处一级主任科员及以下,岗位标签,title_or_tag,1,1,government:1,job_9d1561e7ca3336741cd2,审计处一级主任科员及以下,审计处一级主任科员及以下
审计学、工程审计、财务管理、会计学,岗位标签,title_or_tag,1,1,government:1,job_cc7cec5b0fce7f6c801a,财务管理一级行政执法员,审计学、工程审计、财务管理、会计学
审计学（120207）,岗位标签,title_or_tag,1,1,government:1,job_2f3c18a934c758402de4,执勤队一级警长及以下（十）,审计学（120207）
审计学（120207）、数据科学与大数据技术（080910T）,岗位标签,title_or_tag,1,1,government:1,job_e5814185137a529037ef,执勤队一级警长及以下（二十一）,审计学（120207）、数据科学与大数据技术（080910T）
审计（学）,岗位标签,title_or_tag,1,1,government:1,job_8641a9766b67ce750586,辖区会计类监管岗位一级主任科员及以下,审计（学）
宣传教育岗位一级主任科员及以下,岗位标签,title_or_tag,1,1,government:1,job_8ba32d595b01e4981ea6,宣传教育岗位一级主任科员及以下,宣传教育岗位一级主任科员及以下
宪法与行政法学、诉讼法学、环境与资源保护法学、国际法学,岗位标签,title_or_tag,1,1,government:1,job_aec05c4dd8017d454752,一级行政执法员（三）,宪法与行政法学、诉讼法学、环境与资源保护法学、国际法学
宪法学与行政法学、刑法学、诉讼法学、国际法学,岗位标签,title_or_tag,1,1,government:1,job_1b4be549d20494d5ce2b,辖区法律类监管岗位一级主任科员及以下,宪法学与行政法学、刑法学、诉讼法学、国际法学
宪法学与行政法学、民商法学、诉讼法学,岗位标签,title_or_tag,1,1,government:1,job_16bf515cce040b3c57ba,政策法规处一级主任科员及以下,宪法学与行政法学、民商法学、诉讼法学
宪法学与行政法学、民商法学、诉讼法学、经济法学,岗位标签,title_or_tag,1,1,government:1,job_ad8023f8c172cef33815,辖区法律类监管岗位一级主任科员及以下,宪法学与行政法学、民商法学、诉讼法学、经济法学
宪法学与行政法学、经济法学、法律（法学）、民商法学（知识产权法专业除外）,岗位标签,title_or_tag,1,1,government:1,job_7f63076ac839db0bf3fe,法规部门一级主任科员及以下,宪法学与行政法学、经济法学、法律（法学）、民商法学（知识产权法专业除外）
宪法学与行政法学、经济法学、环境与资源保护法学、国际法学,岗位标签,title_or_tag,1,1,government:1,job_06f3ae7789a51df55e59,一级行政执法员（九）,宪法学与行政法学、经济法学、环境与资源保护法学、国际法学
宿州调查队业务科室四级主任科员及以下,岗位标签,title_or_tag,1,1,government:1,job_a90ad31ec155f9824323,宿州调查队业务科室四级主任科员及以下,宿州调查队业务科室四级主任科员及以下
密码科学与技术、保密技术、保密管理,岗位标签,title_or_tag,1,1,government:1,job_6446b18877815c543706,边检站一级警长及以下（十一）,密码科学与技术、保密技术、保密管理
富顺调查队一级科员,岗位标签,title_or_tag,1,1,government:1,job_0189d64c51889a166674,富顺调查队一级科员,富顺调查队一级科员
对外交流处一级主任科员及以下,岗位标签,title_or_tag,1,1,government:1,job_d381ee33f9a03fc303b9,对外交流处一级主任科员及以下,对外交流处一级主任科员及以下
导航与信息工程、水力学及河流动力学、港口、海岸及近海工程、公共政策、环境工程,岗位标签,title_or_tag,1,1,government:1,job_50667551a68b103d9a13,一级行政执法员（四）,导航与信息工程、水力学及河流动力学、港口、海岸及近海工程、公共政策、环境工程
射洪调查队一级科员,岗位标签,title_or_tag,1,1,government:1,job_ea766649fae7d7a48e02,射洪调查队一级科员,射洪调查队一级科员
射阳海事处一级行政执法员,岗位标签,title_or_tag,1,1,government:1,job_d541c4f0b77ee3fc162b,射阳海事处一级行政执法员,射阳海事处一级行政执法员
尉氏调查队一级科员（1）,岗位标签,title_or_tag,1,1,government:1,job_20e536b98fe396221217,尉氏调查队一级科员（1）,尉氏调查队一级科员（1）
尉氏调查队一级科员（2）,岗位标签,title_or_tag,1,1,government:1,job_112d7d59f6ec88c09da8,尉氏调查队一级科员（2）,尉氏调查队一级科员（2）
小店调查队一级科员（1）,岗位标签,title_or_tag,1,1,government:1,job_c9d1bcecd208e48a8fca,小店调查队一级科员（1）,小店调查队一级科员（1）
小店调查队一级科员（2）,岗位标签,title_or_tag,1,1,government:1,job_18bbe719ac58e5e7a954,小店调查队一级科员（2）,小店调查队一级科员（2）
就业处一级主任科员及以下,岗位标签,title_or_tag,1,1,government:1,job_d57f28122462405f73bc,就业处一级主任科员及以下,就业处一级主任科员及以下
就业服务处一级主任科员及以下,岗位标签,title_or_tag,1,1,government:1,job_5cfb461a1524518e7014,就业服务处一级主任科员及以下,就业服务处一级主任科员及以下
尼泊尔语,岗位标签,title_or_tag,1,1,government:1,job_41778a570f61bf8b8069,尼泊尔语翻译,尼泊尔语
尼泊尔语翻译,岗位标签,title_or_tag,1,1,government:1,job_41778a570f61bf8b8069,尼泊尔语翻译,尼泊尔语翻译
屈原管理区税务分局一级行政执法员（一）,岗位标签,title_or_tag,1,1,government:1,job_28af8490d9b3d5d5d622,屈原管理区税务分局一级行政执法员（一）,屈原管理区税务分局一级行政执法员（一）
屈原管理区税务分局一级行政执法员（三）,岗位标签,title_or_tag,1,1,government:1,job_d44dfd9de908964e33f8,屈原管理区税务分局一级行政执法员（三）,屈原管理区税务分局一级行政执法员（三）
屈原管理区税务分局一级行政执法员（二）,岗位标签,title_or_tag,1,1,government:1,job_3c68804790aa56f749e3,屈原管理区税务分局一级行政执法员（二）,屈原管理区税务分局一级行政执法员（二）
山南边境管理支队一级警长及以下（一）,岗位标签,title_or_tag,1,1,government:1,job_d41bb3ef00480e22cfae,山南边境管理支队一级警长及以下（一）,山南边境管理支队一级警长及以下（一）
山南边境管理支队一级警长及以下（七）,岗位标签,title_or_tag,1,1,government:1,job_1b7b1b4264d0d8c68b54,山南边境管理支队一级警长及以下（七）,山南边境管理支队一级警长及以下（七）
山南边境管理支队一级警长及以下（三）,岗位标签,title_or_tag,1,1,government:1,job_ae139869171613b21910,山南边境管理支队一级警长及以下（三）,山南边境管理支队一级警长及以下（三）
山南边境管理支队一级警长及以下（九）,岗位标签,title_or_tag,1,1,government:1,job_e70c2e4a48a8ffb51112,山南边境管理支队一级警长及以下（九）,山南边境管理支队一级警长及以下（九）
山南边境管理支队一级警长及以下（二）,岗位标签,title_or_tag,1,1,government:1,job_ce296b67744fbb18d3d4,山南边境管理支队一级警长及以下（二）,山南边境管理支队一级警长及以下（二）
山南边境管理支队一级警长及以下（五）,岗位标签,title_or_tag,1,1,government:1,job_8d981b60c50412feb7fc,山南边境管理支队一级警长及以下（五）,山南边境管理支队一级警长及以下（五）
山南边境管理支队一级警长及以下（八）,岗位标签,title_or_tag,1,1,government:1,job_ffc1f82ba067161ff3fb,山南边境管理支队一级警长及以下（八）,山南边境管理支队一级警长及以下（八）
山南边境管理支队一级警长及以下（六）,岗位标签,title_or_tag,1,1,government:1,job_3cd84d7549e7f041ece7,山南边境管理支队一级警长及以下（六）,山南边境管理支队一级警长及以下（六）
山南边境管理支队一级警长及以下（十一）,岗位标签,title_or_tag,1,1,government:1,job_b8f1d642047be1628237,山南边境管理支队一级警长及以下（十一）,山南边境管理支队一级警长及以下（十一）
山南边境管理支队一级警长及以下（十三）,岗位标签,title_or_tag,1,1,government:1,job_5c4879b8c098be4cf3ac,山南边境管理支队一级警长及以下（十三）,山南边境管理支队一级警长及以下（十三）
山南边境管理支队一级警长及以下（十二）,岗位标签,title_or_tag,1,1,government:1,job_721d341ef6da7a2abf4d,山南边境管理支队一级警长及以下（十二）,山南边境管理支队一级警长及以下（十二）
山南边境管理支队一级警长及以下（十四）,岗位标签,title_or_tag,1,1,government:1,job_f5bd7a29f7c4583d2535,山南边境管理支队一级警长及以下（十四）,山南边境管理支队一级警长及以下（十四）
山南边境管理支队一级警长及以下（十）,岗位标签,title_or_tag,1,1,government:1,job_dd831a1320ae18c0df5a,山南边境管理支队一级警长及以下（十）,山南边境管理支队一级警长及以下（十）
山南边境管理支队一级警长及以下（四）,岗位标签,title_or_tag,1,1,government:1,job_6a407b2d93b01deab7bb,山南边境管理支队一级警长及以下（四）,山南边境管理支队一级警长及以下（四）
岩土工程、市政工程、桥梁与隧道工程、交通运输工程、道路与铁道工程,岗位标签,title_or_tag,1,1,government:1,job_553fc5a406b6aad2c808,机场处一级主任科员及以下,岩土工程、市政工程、桥梁与隧道工程、交通运输工程、道路与铁道工程
岳城水库管理局一级主任科员及以下（一）,岗位标签,title_or_tag,1,1,government:1,job_3a0e47d40c803c229127,岳城水库管理局一级主任科员及以下（一）,岳城水库管理局一级主任科员及以下（一）
岳城水库管理局一级主任科员及以下（二）,岗位标签,title_or_tag,1,1,government:1,job_a494d9bb6878de80c835,岳城水库管理局一级主任科员及以下（二）,岳城水库管理局一级主任科员及以下（二）
岳阳调查队业务科室一级科员,岗位标签,title_or_tag,1,1,government:1,job_06283b3781ca9afa5171,岳阳调查队业务科室一级科员,岳阳调查队业务科室一级科员
峨眉山调查队一级科员,岗位标签,title_or_tag,1,1,government:1,job_ddfcd6be1e2bf52d2c08,峨眉山调查队一级科员,峨眉山调查队一级科员
工务处（监督处）一级主任科员及以下,岗位标签,title_or_tag,1,1,government:1,job_193aa6e124487df32d17,工务处（监督处）一级主任科员及以下,工务处（监督处）一级主任科员及以下
工商管理、会计学、会计、审计学、审计、财务管理,岗位标签,title_or_tag,1,1,government:1,job_d9cedeccc5a50434cf96,一级主任科员及以下,工商管理、会计学、会计、审计学、审计、财务管理
工商管理、跨境电子商务、 电子商务、物流管理,岗位标签,title_or_tag,1,1,government:1,job_f95da71e73a6395f4caa,货物查验一级行政执法员,工商管理、跨境电子商务、 电子商务、物流管理
工商管理学类、公共管理、行政管理,岗位标签,title_or_tag,1,1,government:1,job_46bc826048dc30de9d39,一级主任科员及以下,工商管理学类、公共管理、行政管理
工商管理学（限会计学）、会计、审计,岗位标签,title_or_tag,1,1,government:1,job_a57e64885b72c665d267,财务处一级主任科员及以下,工商管理学（限会计学）、会计、审计
工商管理学（限会计学）、会计、应用经济学（限财政学）,岗位标签,title_or_tag,1,1,government:1,job_345bb881c87eddf68228,财务处一级主任科员及以下,工商管理学（限会计学）、会计、应用经济学（限财政学）
工商管理类、公共管理类、图书情报与档案管理类、管理科学与工程类、物流管理与工程类,岗位标签,title_or_tag,1,1,government:1,job_5f6ce1b138d1fc7771b9,一级行政执法员（四）,工商管理类、公共管理类、图书情报与档案管理类、管理科学与工程类、物流管理与工程类
工商管理类、管理科学与工程类、物流管理与工程类,岗位标签,title_or_tag,1,1,government:1,job_b3abd45e2e3c9fbf0874,一级行政执法员（五）,工商管理类、管理科学与工程类、物流管理与工程类
工商管理类（1202）,岗位标签,title_or_tag,1,1,government:1,job_2fc18bc788ea609f98d6,番禺调查队一级科员,工商管理类（1202）
工商管理类（1202）、电子商务类（1208）,岗位标签,title_or_tag,1,1,government:1,job_9eef63d711fce7a3ea60,执勤队一级警长及以下（十五）,工商管理类（1202）、电子商务类（1208）
工商管理类（专业代码为1202开头）,岗位标签,title_or_tag,1,1,government:1,job_39f58852bca5ddc1a3fa,综合部门一级主任科员及以下,工商管理类（专业代码为1202开头）
工商管理（限会计学）、会计、审计、金融,岗位标签,title_or_tag,1,1,government:1,job_01a95021074df2a375b1,财务科一级主任科员及以下,工商管理（限会计学）、会计、审计、金融
工商管理，会计，公共管理（限行政管理），图书情报与档案管理,岗位标签,title_or_tag,1,1,government:1,job_0ca815913767a857cc89,一级主任科员及以下（英语四）,工商管理，会计，公共管理（限行政管理），图书情报与档案管理
工学,岗位标签,title_or_tag,1,1,government:1,job_a0d3353104f767b5f0cf,旅客检疫四级主办及以下,工学
工学、理学、管理学、经济学、中国语言文学类,岗位标签,title_or_tag,1,1,government:1,job_5aca8f9e2cc79b7ab963,边检站一级警长及以下（十三）,工学、理学、管理学、经济学、中国语言文学类
工学门类、法学、海事管理、交通管理,岗位标签,title_or_tag,1,1,government:1,job_7bafc7c327d51854c881,一级行政执法员（三十一）,工学门类、法学、海事管理、交通管理
工学门类、法学门类、理学门类,岗位标签,title_or_tag,1,1,government:1,job_c1066bb40a384b7b7640,一级行政执法员（八）,工学门类、法学门类、理学门类
工学门类、法学门类、管理学门类,岗位标签,title_or_tag,1,1,government:1,job_af5e2bc7818e93a6b176,一级行政执法员（九）,工学门类、法学门类、管理学门类
工学门类、法学门类、管理学门类、文学门类,岗位标签,title_or_tag,1,1,government:1,job_e28249827a29bc68bd92,一级行政执法员（九）,工学门类、法学门类、管理学门类、文学门类
工学门类、法学门类、管理学门类、理学门类、文学门类,岗位标签,title_or_tag,1,1,government:1,job_14761c28c12721155906,一级行政执法员（七）,工学门类、法学门类、管理学门类、理学门类、文学门类
工程处一级主任科员及以下,岗位标签,title_or_tag,1,1,government:1,job_a067ee43eeb3fd683ba8,工程处一级主任科员及以下,工程处一级主任科员及以下
工程建筑岗一级主任科员及以下,岗位标签,title_or_tag,1,1,government:1,job_14cc9e500f086564d3a1,工程建筑岗一级主任科员及以下,工程建筑岗一级主任科员及以下
工程监理岗位一级主任科员及以下,岗位标签,title_or_tag,1,1,government:1,job_a6c1506ba2bf16faac1d,工程监理岗位一级主任科员及以下,工程监理岗位一级主任科员及以下
工程管理,岗位标签,title_or_tag,1,1,government:1,job_91e0330bd5fb08860bba,工程管理,工程管理
工程管理、工程审计、工商管理,岗位标签,title_or_tag,1,1,government:1,job_457fa8722439127ada8d,一级行政执法员（二）,工程管理、工程审计、工商管理
工程管理与防治处一级主任科员及以下,岗位标签,title_or_tag,1,1,government:1,job_57f1aca31f1ecfdd8aaf,工程管理与防治处一级主任科员及以下,工程管理与防治处一级主任科员及以下
工程管理四处一级主任科员及以下,岗位标签,title_or_tag,1,1,government:1,job_b948f4a61086d53300d4,工程管理四处一级主任科员及以下,工程管理四处一级主任科员及以下
工程管理岗一级主任科员及以下,岗位标签,title_or_tag,1,1,government:1,job_742afba65cc4aeca7d89,工程管理岗一级主任科员及以下,工程管理岗一级主任科员及以下
工程管理岗位一级主任科员及以下,岗位标签,title_or_tag,1,1,government:1,job_5341bcaf6974ad89bcb4,工程管理岗位一级主任科员及以下,工程管理岗位一级主任科员及以下
工程管理相关专业,岗位标签,title_or_tag,1,1,government:1,job_77bf5f9197d01ab830aa,计划统计处一级主任科员及以下,工程管理相关专业
工程造价、工程管理、工程审计,岗位标签,title_or_tag,1,1,government:1,job_3d507484a81bb35e3d40,综合管理一级行政执法员,工程造价、工程管理、工程审计
巫山调查队业务科室四级主任科员及以下,岗位标签,title_or_tag,1,1,government:1,job_61e7fbb009e87d037a51,巫山调查队业务科室四级主任科员及以下,巫山调查队业务科室四级主任科员及以下
巴中调查队业务科室一级科员（1）,岗位标签,title_or_tag,1,1,government:1,job_a719be123608d1f52582,巴中调查队业务科室一级科员（1）,巴中调查队业务科室一级科员（1）
巴中调查队业务科室一级科员（2）,岗位标签,title_or_tag,1,1,government:1,job_e3ce34914437b2420a15,巴中调查队业务科室一级科员（2）,巴中调查队业务科室一级科员（2）
巴南调查队业务科室四级主任科员及以下,岗位标签,title_or_tag,1,1,government:1,job_b63e7a9118ededf6e8a1,巴南调查队业务科室四级主任科员及以下,巴南调查队业务科室四级主任科员及以下
巴彦调查队一级科员,岗位标签,title_or_tag,1,1,government:1,job_511b36c81cc4c804d51c,巴彦调查队一级科员,巴彦调查队一级科员
巴里坤调查队一级科员,岗位标签,title_or_tag,1,1,government:1,job_d785b907f63e1582055a,巴里坤调查队一级科员,巴里坤调查队一级科员
市场监管岗一级主任科员及以下,岗位标签,title_or_tag,1,1,government:1,job_9d6bae774ff422badd09,市场监管岗一级主任科员及以下,市场监管岗一级主任科员及以下
干部处室一级主任科员及以下,岗位标签,title_or_tag,1,1,government:1,job_77daf2e750f173e92926,干部处室一级主任科员及以下,干部处室一级主任科员及以下
干部组织处一级主任科员及以下,岗位标签,title_or_tag,1,1,government:1,job_3a8f350fb7036b37e048,干部组织处一级主任科员及以下,干部组织处一级主任科员及以下
平孟出入境边防检查站一级警长及以下,岗位标签,title_or_tag,1,1,government:1,job_50babaebc15313bacc9f,平孟出入境边防检查站一级警长及以下,平孟出入境边防检查站一级警长及以下
平江调查队一级科员,岗位标签,title_or_tag,1,1,government:1,job_c11e1a7c854eb2c9902d,平江调查队一级科员,平江调查队一级科员
平潭出入境边防检查站一级警长及以下,岗位标签,title_or_tag,1,1,government:1,job_a19d9cc6edaf109111fc,平潭出入境边防检查站一级警长及以下,平潭出入境边防检查站一级警长及以下
平潭调查队一级科员,岗位标签,title_or_tag,1,1,government:1,job_08f26789dd7b2b715805,平潭调查队一级科员,平潭调查队一级科员
平陆调查队一级科员（1）,岗位标签,title_or_tag,1,1,government:1,job_9c29bbe860851568f4a3,平陆调查队一级科员（1）,平陆调查队一级科员（1）
平陆调查队一级科员（2）,岗位标签,title_or_tag,1,1,government:1,job_ce061b71ef3508bb8841,平陆调查队一级科员（2）,平陆调查队一级科员（2）
平顶山调查队业务科室一级科员（1）,岗位标签,title_or_tag,1,1,government:1,job_d76d2d5fd380fcbd1c17,平顶山调查队业务科室一级科员（1）,平顶山调查队业务科室一级科员（1）
平顶山调查队业务科室一级科员（2）,岗位标签,title_or_tag,1,1,government:1,job_caa0731b4e1ad0b2296f,平顶山调查队业务科室一级科员（2）,平顶山调查队业务科室一级科员（2）
年鉴处一级主任科员及以下,岗位标签,title_or_tag,1,1,government:1,job_16c3302fdd2fe429be8c,年鉴处一级主任科员及以下,年鉴处一级主任科员及以下
广元调查队业务科室四级主任科员及以下,岗位标签,title_or_tag,1,1,government:1,job_00ea907e0265fc917e13,广元调查队业务科室四级主任科员及以下,广元调查队业务科室四级主任科员及以下
广州白云机场海关缉私分局一级警长及以下,岗位标签,title_or_tag,1,1,government:1,job_443a2a1c35d1e40576fb,广州白云机场海关缉私分局一级警长及以下,广州白云机场海关缉私分局一级警长及以下
庆云河务局一级主任科员及以下,岗位标签,title_or_tag,1,1,government:1,job_d13e72239ee5a3fb9fea,庆云河务局一级主任科员及以下,庆云河务局一级主任科员及以下
库伦调查队一级科员,岗位标签,title_or_tag,1,1,government:1,job_75375ba7bf4aa4e53285,库伦调查队一级科员,库伦调查队一级科员
库尔勒铁路公安处基层所队民警,岗位标签,title_or_tag,1,1,government:1,job_c41f9a29f5991a8f212f,库尔勒铁路公安处基层所队民警,库尔勒铁路公安处基层所队民警
库车调查队一级科员,岗位标签,title_or_tag,1,1,government:1,job_f45e9b74540e24c8e9f6,库车调查队一级科员,库车调查队一级科员
应县调查队一级科员（1）,岗位标签,title_or_tag,1,1,government:1,job_d1e60d764c7567d3a31d,应县调查队一级科员（1）,应县调查队一级科员（1）
应县调查队一级科员（2）,岗位标签,title_or_tag,1,1,government:1,job_be7eeb8001e9263bf434,应县调查队一级科员（2）,应县调查队一级科员（2）
应急与减灾处二级主任科员及以下,岗位标签,title_or_tag,1,1,government:1,job_e5e4d818760049899af6,应急与减灾处二级主任科员及以下,应急与减灾处二级主任科员及以下
应急管理、船舶与海洋工程,岗位标签,title_or_tag,1,1,government:1,job_d05533508449bd3f0282,一级行政执法员（九）,应急管理、船舶与海洋工程
应用化学、化学工程与工艺、矿物加工工程、冶金工程,岗位标签,title_or_tag,1,1,government:1,job_02eaa9c824e441b111b9,矿产品检验监管四级主办及以下,应用化学、化学工程与工艺、矿物加工工程、冶金工程
应用数学、计算数学、概率论与数理统计,岗位标签,title_or_tag,1,1,government:1,job_8c91160fa734431d4b1a,科技管理（统计分析应用类）四级主办,应用数学、计算数学、概率论与数理统计
应用经济学0202、法学0301、公共管理学1204,岗位标签,title_or_tag,1,1,government:1,job_26c95e35214db11e1e35,综合处一级主任科员及以下,应用经济学0202、法学0301、公共管理学1204
应用经济学、应用统计、数字经济、社会学、数学、统计学、计算机科学与技术,岗位标签,title_or_tag,1,1,government:1,job_b0fcb3c2e94931b81e5a,宁夏调查总队业务处室二级主任科员及以下,应用经济学、应用统计、数字经济、社会学、数学、统计学、计算机科学与技术
应用经济学、应用统计、统计学、数学,岗位标签,title_or_tag,1,1,government:1,job_3840d381f5f43ded620a,安徽调查总队业务处室二级主任科员及以下(2),应用经济学、应用统计、统计学、数学
应用经济学、应用统计、统计学、数学、遥感科学与技术、地图学与地理信息系统,岗位标签,title_or_tag,1,1,government:1,job_d1add63da75f65d9ff3a,安庆调查队业务科室四级主任科员,应用经济学、应用统计、统计学、数学、遥感科学与技术、地图学与地理信息系统
应用经济学、应用统计、统计学、遥感科学与技术、地图学与地理信息系统,岗位标签,title_or_tag,1,1,government:1,job_f6860dee8bb7f03d410d,合肥调查队业务科室四级主任科员,应用经济学、应用统计、统计学、遥感科学与技术、地图学与地理信息系统
应用经济学、财政学、金融、税务、会计、审计、财务管理,岗位标签,title_or_tag,1,1,government:1,job_bc340facbefdce253bbe,一级主任科员及以下,应用经济学、财政学、金融、税务、会计、审计、财务管理
应用经济学、金融、应用统计、法律（法学）、会计、审计,岗位标签,title_or_tag,1,1,government:1,job_1f18f0e2cae5ec8df4ed,一级主任科员及以下,应用经济学、金融、应用统计、法律（法学）、会计、审计
应用经济学、金融、应用统计、资产评估、数字经济、会计、审计,岗位标签,title_or_tag,1,1,government:1,job_72edfb03ec940e9d2341,一级主任科员及以下,应用经济学、金融、应用统计、资产评估、数字经济、会计、审计
应用经济学类专业（含产业经济学、区域经济学、金融学等）,岗位标签,title_or_tag,1,1,government:1,job_9fea4951928abe73843e,监管部门一级主任科员及以下,应用经济学类专业（含产业经济学、区域经济学、金融学等）
应用经济学类（不含金融学、国际贸易学、国防经济专业）,岗位标签,title_or_tag,1,1,government:1,job_1ec346b0f9a34049ff81,沈阳调查队业务处室二级主任科员及以下,应用经济学类（不含金融学、国际贸易学、国防经济专业）
应用经济学（0202）、应用统计（0252）、统计学（0714）,岗位标签,title_or_tag,1,1,government:1,job_3f7c158261490f9ecc38,中山调查队业务科室四级主任科员,应用经济学（0202）、应用统计（0252）、统计学（0714）
应用统计、统计学类,岗位标签,title_or_tag,1,1,government:1,job_c10fe858b4af37c30381,组织宣传处一级主任科员及以下,应用统计、统计学类
康县调查队一级科员,岗位标签,title_or_tag,1,1,government:1,job_caaf6bca6f7142179600,康县调查队一级科员,康县调查队一级科员
延吉出入境边防检查站一级警长及以下,岗位标签,title_or_tag,1,1,government:1,job_80a00e8cfd780b83ed74,延吉出入境边防检查站一级警长及以下,延吉出入境边防检查站一级警长及以下
延吉海关缉私分局一级警长及以下,岗位标签,title_or_tag,1,1,government:1,job_5ccaa80877e5873e98e1,延吉海关缉私分局一级警长及以下,延吉海关缉私分局一级警长及以下
延安调查队业务科室一级科员,岗位标签,title_or_tag,1,1,government:1,job_437a5591c700ecdc69e2,延安调查队业务科室一级科员,延安调查队业务科室一级科员
延边边境管理支队一级警长及以下（一）,岗位标签,title_or_tag,1,1,government:1,job_63c29f16c1017ccb7380,延边边境管理支队一级警长及以下（一）,延边边境管理支队一级警长及以下（一）
延边边境管理支队一级警长及以下（七）,岗位标签,title_or_tag,1,1,government:1,job_310db11fd93f0621206b,延边边境管理支队一级警长及以下（七）,延边边境管理支队一级警长及以下（七）
延边边境管理支队一级警长及以下（三）,岗位标签,title_or_tag,1,1,government:1,job_1361845a582b7611bf03,延边边境管理支队一级警长及以下（三）,延边边境管理支队一级警长及以下（三）
延边边境管理支队一级警长及以下（九）,岗位标签,title_or_tag,1,1,government:1,job_b6d307a7351769c76699,延边边境管理支队一级警长及以下（九）,延边边境管理支队一级警长及以下（九）
延边边境管理支队一级警长及以下（二十一）,岗位标签,title_or_tag,1,1,government:1,job_6164d03b8cd6f3cb6111,延边边境管理支队一级警长及以下（二十一）,延边边境管理支队一级警长及以下（二十一）
延边边境管理支队一级警长及以下（二十三）,岗位标签,title_or_tag,1,1,government:1,job_148a14de57b1180dbb7f,延边边境管理支队一级警长及以下（二十三）,延边边境管理支队一级警长及以下（二十三）
延边边境管理支队一级警长及以下（二十二）,岗位标签,title_or_tag,1,1,government:1,job_ed8a1e6b3dcce63de0e6,延边边境管理支队一级警长及以下（二十二）,延边边境管理支队一级警长及以下（二十二）
延边边境管理支队一级警长及以下（二十）,岗位标签,title_or_tag,1,1,government:1,job_f6730e383944f099403f,延边边境管理支队一级警长及以下（二十）,延边边境管理支队一级警长及以下（二十）
延边边境管理支队一级警长及以下（二）,岗位标签,title_or_tag,1,1,government:1,job_40500a88989a59c6c59b,延边边境管理支队一级警长及以下（二）,延边边境管理支队一级警长及以下（二）
延边边境管理支队一级警长及以下（五）,岗位标签,title_or_tag,1,1,government:1,job_2228752906f1ab77de31,延边边境管理支队一级警长及以下（五）,延边边境管理支队一级警长及以下（五）
延边边境管理支队一级警长及以下（八）,岗位标签,title_or_tag,1,1,government:1,job_b1d50dfc450e4fd94037,延边边境管理支队一级警长及以下（八）,延边边境管理支队一级警长及以下（八）
延边边境管理支队一级警长及以下（六）,岗位标签,title_or_tag,1,1,government:1,job_54b423073deb25053f90,延边边境管理支队一级警长及以下（六）,延边边境管理支队一级警长及以下（六）
延边边境管理支队一级警长及以下（十一）,岗位标签,title_or_tag,1,1,government:1,job_bb1d84d4dd4611c395ac,延边边境管理支队一级警长及以下（十一）,延边边境管理支队一级警长及以下（十一）
延边边境管理支队一级警长及以下（十七）,岗位标签,title_or_tag,1,1,government:1,job_b180831fe70833390d9d,延边边境管理支队一级警长及以下（十七）,延边边境管理支队一级警长及以下（十七）
延边边境管理支队一级警长及以下（十三）,岗位标签,title_or_tag,1,1,government:1,job_540724ddf09ae2b44ea3,延边边境管理支队一级警长及以下（十三）,延边边境管理支队一级警长及以下（十三）
延边边境管理支队一级警长及以下（十九）,岗位标签,title_or_tag,1,1,government:1,job_01c45bdde7dbf6130e2e,延边边境管理支队一级警长及以下（十九）,延边边境管理支队一级警长及以下（十九）
延边边境管理支队一级警长及以下（十二）,岗位标签,title_or_tag,1,1,government:1,job_2b68bc30818611c74d11,延边边境管理支队一级警长及以下（十二）,延边边境管理支队一级警长及以下（十二）
延边边境管理支队一级警长及以下（十五）,岗位标签,title_or_tag,1,1,government:1,job_9dc1c2fc07b4ac377a26,延边边境管理支队一级警长及以下（十五）,延边边境管理支队一级警长及以下（十五）
延边边境管理支队一级警长及以下（十八）,岗位标签,title_or_tag,1,1,government:1,job_15ced02b4fc6fc4fb8a6,延边边境管理支队一级警长及以下（十八）,延边边境管理支队一级警长及以下（十八）
延边边境管理支队一级警长及以下（十六）,岗位标签,title_or_tag,1,1,government:1,job_f079918bdf496487dd9c,延边边境管理支队一级警长及以下（十六）,延边边境管理支队一级警长及以下（十六）
延边边境管理支队一级警长及以下（十四）,岗位标签,title_or_tag,1,1,government:1,job_0d5ccc12029493d2adea,延边边境管理支队一级警长及以下（十四）,延边边境管理支队一级警长及以下（十四）
延边边境管理支队一级警长及以下（十）,岗位标签,title_or_tag,1,1,government:1,job_ac1f9bffe64d90913df0,延边边境管理支队一级警长及以下（十）,延边边境管理支队一级警长及以下（十）
延边边境管理支队一级警长及以下（四）,岗位标签,title_or_tag,1,1,government:1,job_f8ab6df95981b25a635d,延边边境管理支队一级警长及以下（四）,延边边境管理支队一级警长及以下（四）
建平调查队一级科员（1）,岗位标签,title_or_tag,1,1,government:1,job_4b01b13e7efbb2c1113e,建平调查队一级科员（1）,建平调查队一级科员（1）
建平调查队一级科员（2）,岗位标签,title_or_tag,1,1,government:1,job_7a0d644aa7591d4083a9,建平调查队一级科员（2）,建平调查队一级科员（2）
建湖调查队一级科员,岗位标签,title_or_tag,1,1,government:1,job_71fb24389228b4c89eba,建湖调查队一级科员,建湖调查队一级科员
建筑学,岗位标签,title_or_tag,1,1,government:1,job_c66f460c99bf81157bcc,建筑学,建筑学
建筑学、土木工程,岗位标签,title_or_tag,1,1,government:1,job_9372bb7eed4632cdbfbc,一级行政执法员（五）,建筑学、土木工程
建筑学、建筑设计及其理论、建筑、工程管理、工程审计,岗位标签,title_or_tag,1,1,government:1,job_b0c875d29ce3dd38c0dc,综合保障四级主办及以下,建筑学、建筑设计及其理论、建筑、工程管理、工程审计
建设与运行处一级主任科员及以下,岗位标签,title_or_tag,1,1,government:1,job_f42f052bde42ffa6efa2,建设与运行处一级主任科员及以下,建设与运行处一级主任科员及以下
建设与运行管理局基本建设处一级主任科员及以下,岗位标签,title_or_tag,1,1,government:1,job_f57fb5e790282bb9d84e,建设与运行管理局基本建设处一级主任科员及以下,建设与运行管理局基本建设处一级主任科员及以下
建设与运行管理局综合与水库管理处一级主任科员及以下,岗位标签,title_or_tag,1,1,government:1,job_aaff37dd5c03167ba596,建设与运行管理局综合与水库管理处一级主任科员及以下,建设与运行管理局综合与水库管理处一级主任科员及以下
建设处一级主任科员及以下,岗位标签,title_or_tag,1,1,government:1,job_41386d06928dc5d365a2,建设处一级主任科员及以下,建设处一级主任科员及以下
开封调查队业务科室四级主任科员及以下（1）,岗位标签,title_or_tag,1,1,government:1,job_4eb2714fb1ebef555dc4,开封调查队业务科室四级主任科员及以下（1）,开封调查队业务科室四级主任科员及以下（1）
开封调查队业务科室四级主任科员及以下（2）,岗位标签,title_or_tag,1,1,government:1,job_9d37167eecfd2b89bb04,开封调查队业务科室四级主任科员及以下（2）,开封调查队业务科室四级主任科员及以下（2）
开州调查队综合科室一级科员（1）,岗位标签,title_or_tag,1,1,government:1,job_99c8e965a6f7bbd20ad5,开州调查队综合科室一级科员（1）,开州调查队综合科室一级科员（1）
开州调查队综合科室一级科员（2）,岗位标签,title_or_tag,1,1,government:1,job_29758c088ac050c5676a,开州调查队综合科室一级科员（2）,开州调查队综合科室一级科员（2）
开鲁调查队一级科员（1）,岗位标签,title_or_tag,1,1,government:1,job_e02b68cd499b97a063f5,开鲁调查队一级科员（1）,开鲁调查队一级科员（1）
开鲁调查队一级科员（2）,岗位标签,title_or_tag,1,1,government:1,job_697d5ed609619669cee8,开鲁调查队一级科员（2）,开鲁调查队一级科员（2）
异议部门一级主任科员及以下,岗位标签,title_or_tag,1,1,government:1,job_8a85e1a84168996fb61b,异议部门一级主任科员及以下,异议部门一级主任科员及以下
张北调查队一级科员,岗位标签,title_or_tag,1,1,government:1,job_f2ed4a0d37a2ced742a7,张北调查队一级科员,张北调查队一级科员
张家口调查队综合科室一级科员（1）,岗位标签,title_or_tag,1,1,government:1,job_c2d76f578b8bd2c0a76f,张家口调查队综合科室一级科员（1）,张家口调查队综合科室一级科员（1）
张家口调查队综合科室一级科员（2）,岗位标签,title_or_tag,1,1,government:1,job_95429959b9e5c33d1daf,张家口调查队综合科室一级科员（2）,张家口调查队综合科室一级科员（2）
张家港海关缉私分局一级警长及以下,岗位标签,title_or_tag,1,1,government:1,job_ba520f460cd90500fe4e,张家港海关缉私分局一级警长及以下,张家港海关缉私分局一级警长及以下
影视摄影与制作、戏剧影视美术设计、动画、影视技术、摄影,岗位标签,title_or_tag,1,1,government:1,job_a5abd7712ecbb42205c9,边检站一级警长及以下（十七）,影视摄影与制作、戏剧影视美术设计、动画、影视技术、摄影
征管和科技发展处一级主任科员及以下,岗位标签,title_or_tag,1,1,government:1,job_4c75a1a416835fe4b232,征管和科技发展处一级主任科员及以下,征管和科技发展处一级主任科员及以下
律师执业监督处一级主任科员及以下,岗位标签,title_or_tag,1,1,government:1,job_d0030903396055c3490a,律师执业监督处一级主任科员及以下,律师执业监督处一级主任科员及以下
德宏边境管理支队一级警长及以下（一）,岗位标签,title_or_tag,1,1,government:1,job_81e00081740e9be6384b,德宏边境管理支队一级警长及以下（一）,德宏边境管理支队一级警长及以下（一）
德宏边境管理支队一级警长及以下（三）,岗位标签,title_or_tag,1,1,government:1,job_93497ccdc7322bcad987,德宏边境管理支队一级警长及以下（三）,德宏边境管理支队一级警长及以下（三）
德宏边境管理支队一级警长及以下（二）,岗位标签,title_or_tag,1,1,government:1,job_ae583cc4c8bb92b18685,德宏边境管理支队一级警长及以下（二）,德宏边境管理支队一级警长及以下（二）
德州河务局一级主任科员及以下（一）,岗位标签,title_or_tag,1,1,government:1,job_ebe22686d5a7bda74d0a,德州河务局一级主任科员及以下（一）,德州河务局一级主任科员及以下（一）
德州河务局一级主任科员及以下（二）,岗位标签,title_or_tag,1,1,government:1,job_7c70b63e7c659bd84367,德州河务局一级主任科员及以下（二）,德州河务局一级主任科员及以下（二）
德语翻译岗一级主任科员及以下,岗位标签,title_or_tag,1,1,government:1,job_cbf50678f5430d9f1515,德语翻译岗一级主任科员及以下,德语翻译岗一级主任科员及以下
德语语言文学翻译相关专业,岗位标签,title_or_tag,1,1,government:1,job_82c1335be835f72b7698,业务处室一级主任科员及以下职位,德语语言文学翻译相关专业
德语语言文学（050204）、德语笔译（055109）、德语口译（055110）,岗位标签,title_or_tag,1,1,government:1,job_fb3b035e0b91236432f2,长春出入境边防检查站一级警长及以下（四）,德语语言文学（050204）、德语笔译（055109）、德语口译（055110）
德阳调查队业务科室一级科员,岗位标签,title_or_tag,1,1,government:1,job_4bb58440241f16c8d66d,德阳调查队业务科室一级科员,德阳调查队业务科室一级科员
心理学相关专业,岗位标签,title_or_tag,1,1,government:1,job_a5e3c5db4ad924956c3c,凤凰边检站一级警长及以下（四）,心理学相关专业
心理学类,岗位标签,title_or_tag,1,1,government:1,job_66e0557b1fb355b073f0,西双版纳边境管理支队一级警长及以下（二）,心理学类
心理学类、公安学类,岗位标签,title_or_tag,1,1,government:1,job_2d82f23a8cbcf579d110,辖区财金类监管岗位一级主任科员及以下,心理学类、公安学类
心理学类、测绘类、建筑类,岗位标签,title_or_tag,1,1,government:1,job_d3055ac5866be8f1b9e1,一级行政执法员（三）,心理学类、测绘类、建筑类
心理学类、电子信息类、自动化类,岗位标签,title_or_tag,1,1,government:1,job_39fdc5f36c53dd5ac60b,一级行政执法员（四）,心理学类、电子信息类、自动化类
心理学类、统计学类、电子信息类、计算机类,岗位标签,title_or_tag,1,1,government:1,job_cd5af82bf23843ee55b7,一级行政执法员（三）,心理学类、统计学类、电子信息类、计算机类
心理学类、统计学类、自动化类、土木类、建筑类,岗位标签,title_or_tag,1,1,government:1,job_0ad3ee69f15160638d8f,一级行政执法员（二）,心理学类、统计学类、自动化类、土木类、建筑类
心理学类、统计学类、计算机类,岗位标签,title_or_tag,1,1,government:1,job_53558b2b2cc88c42b38d,一级行政执法员（四）,心理学类、统计学类、计算机类
忻城调查队一级科员,岗位标签,title_or_tag,1,1,government:1,job_721025738c5d72fbb115,忻城调查队一级科员,忻城调查队一级科员
怀化调查队业务科室一级科员（1）,岗位标签,title_or_tag,1,1,government:1,job_708c1d804c31526f7040,怀化调查队业务科室一级科员（1）,怀化调查队业务科室一级科员（1）
怀化调查队业务科室一级科员（2）,岗位标签,title_or_tag,1,1,government:1,job_0607734475326042f172,怀化调查队业务科室一级科员（2）,怀化调查队业务科室一级科员（2）
怀远调查队一级科员,岗位标签,title_or_tag,1,1,government:1,job_ec44a61c5958b3d68c0b,怀远调查队一级科员,怀远调查队一级科员
怒江调查队业务科室一级科员,岗位标签,title_or_tag,1,1,government:1,job_08ea313e813523df1a8a,怒江调查队业务科室一级科员,怒江调查队业务科室一级科员
怒江边境管理支队一级警长及以下（一）,岗位标签,title_or_tag,1,1,government:1,job_64bdb72ec21d60f25f40,怒江边境管理支队一级警长及以下（一）,怒江边境管理支队一级警长及以下（一）
怒江边境管理支队一级警长及以下（七）,岗位标签,title_or_tag,1,1,government:1,job_51d3be44426305e96c67,怒江边境管理支队一级警长及以下（七）,怒江边境管理支队一级警长及以下（七）
怒江边境管理支队一级警长及以下（三）,岗位标签,title_or_tag,1,1,government:1,job_6e22330af7ae40c846ac,怒江边境管理支队一级警长及以下（三）,怒江边境管理支队一级警长及以下（三）
怒江边境管理支队一级警长及以下（二）,岗位标签,title_or_tag,1,1,government:1,job_88416dfd0e606420a191,怒江边境管理支队一级警长及以下（二）,怒江边境管理支队一级警长及以下（二）
怒江边境管理支队一级警长及以下（五）,岗位标签,title_or_tag,1,1,government:1,job_4b6a72c2447d9207cf75,怒江边境管理支队一级警长及以下（五）,怒江边境管理支队一级警长及以下（五）
怒江边境管理支队一级警长及以下（六）,岗位标签,title_or_tag,1,1,government:1,job_c3c1cbfd86d11a0e418b,怒江边境管理支队一级警长及以下（六）,怒江边境管理支队一级警长及以下（六）
怒江边境管理支队一级警长及以下（四）,岗位标签,title_or_tag,1,1,government:1,job_358ff9ea04926d35c6c8,怒江边境管理支队一级警长及以下（四）,怒江边境管理支队一级警长及以下（四）
思南调查队一级科员（1）,岗位标签,title_or_tag,1,1,government:1,job_e72cd2311a271c70a202,思南调查队一级科员（1）,思南调查队一级科员（1）
思南调查队一级科员（2）,岗位标签,title_or_tag,1,1,government:1,job_891aceb031d63b2beeaa,思南调查队一级科员（2）,思南调查队一级科员（2）
思想政治教育、汉语言文学、法学、法律、审计学、审计、内部审计,岗位标签,title_or_tag,1,1,government:1,job_4a05c697c59f83a3603b,一级主任科员及以下,思想政治教育、汉语言文学、法学、法律、审计学、审计、内部审计
恩施边检站一级警长及以下（一）,岗位标签,title_or_tag,1,1,government:1,job_80c467d978837febb9f9,恩施边检站一级警长及以下（一）,恩施边检站一级警长及以下（一）
恩施边检站一级警长及以下（三）,岗位标签,title_or_tag,1,1,government:1,job_f3fd89757b64e0d12ad1,恩施边检站一级警长及以下（三）,恩施边检站一级警长及以下（三）
恩施边检站一级警长及以下（二）,岗位标签,title_or_tag,1,1,government:1,job_350fe73065e1ae9af81c,恩施边检站一级警长及以下（二）,恩施边检站一级警长及以下（二）
恩施边检站一级警长及以下（五）,岗位标签,title_or_tag,1,1,government:1,job_9152425f1c5ac1a6ba7b,恩施边检站一级警长及以下（五）,恩施边检站一级警长及以下（五）
恩施边检站一级警长及以下（四）,岗位标签,title_or_tag,1,1,government:1,job_1bc7537e8b816a62355a,恩施边检站一级警长及以下（四）,恩施边检站一级警长及以下（四）
惠东调查队一级科员,岗位标签,title_or_tag,1,1,government:1,job_59ee4cd5cc10451d99c8,惠东调查队一级科员,惠东调查队一级科员
惠州调查队业务科室一级科员,岗位标签,title_or_tag,1,1,government:1,job_9b0e46bb34103b700617,惠州调查队业务科室一级科员,惠州调查队业务科室一级科员
惠来调查队一级科员,岗位标签,title_or_tag,1,1,government:1,job_4715a017d83c3a6fde50,惠来调查队一级科员,惠来调查队一级科员
惠阳调查队一级科员,岗位标签,title_or_tag,1,1,government:1,job_d10bdbf8cb97c096eec8,惠阳调查队一级科员,惠阳调查队一级科员
成县调查队一级科员,岗位标签,title_or_tag,1,1,government:1,job_95297b08c8354d9063da,成县调查队一级科员,成县调查队一级科员
成都调查队业务处室二级主任科员及以下（1）,岗位标签,title_or_tag,1,1,government:1,job_e18cb6362355720aa968,成都调查队业务处室二级主任科员及以下（1）,成都调查队业务处室二级主任科员及以下（1）
成都调查队业务处室二级主任科员及以下（2）,岗位标签,title_or_tag,1,1,government:1,job_502120a229778285c04e,成都调查队业务处室二级主任科员及以下（2）,成都调查队业务处室二级主任科员及以下（2）
成都边检站一级警长及以下（一）,岗位标签,title_or_tag,1,1,government:1,job_c9d28e0f31c049b422ff,成都边检站一级警长及以下（一）,成都边检站一级警长及以下（一）
成都边检站警务技术一级主管及以下（一）,岗位标签,title_or_tag,1,1,government:1,job_385e9795547b24e03016,成都边检站警务技术一级主管及以下（一）,成都边检站警务技术一级主管及以下（一）
成都边检站警务技术一级主管及以下（二）,岗位标签,title_or_tag,1,1,government:1,job_728e813f4a13ddfee128,成都边检站警务技术一级主管及以下（二）,成都边检站警务技术一级主管及以下（二）
战略应急物资监管处一级主任科员及以下,岗位标签,title_or_tag,1,1,government:1,job_438948585d065de30ce7,战略应急物资监管处一级主任科员及以下,战略应急物资监管处一级主任科员及以下
战略应急物资监管处（天津办事处）一级主任科员及以下,岗位标签,title_or_tag,1,1,government:1,job_ceb22288d3e2980993c3,战略应急物资监管处（天津办事处）一级主任科员及以下,战略应急物资监管处（天津办事处）一级主任科员及以下
房县调查队四级主任科员及以下,岗位标签,title_or_tag,1,1,government:1,job_3da547a6bbbc5ddfe7c2,房县调查队四级主任科员及以下,房县调查队四级主任科员及以下
扎兰屯调查队一级科员（1）,岗位标签,title_or_tag,1,1,government:1,job_f488ac58674e9802c111,扎兰屯调查队一级科员（1）,扎兰屯调查队一级科员（1）
扎兰屯调查队一级科员（2）,岗位标签,title_or_tag,1,1,government:1,job_338c83ea4432a773ca4c,扎兰屯调查队一级科员（2）,扎兰屯调查队一级科员（2）
打洛出入境边防检查站一级警长及以下（一）,岗位标签,title_or_tag,1,1,government:1,job_f8c8cc89dc50f0e28458,打洛出入境边防检查站一级警长及以下（一）,打洛出入境边防检查站一级警长及以下（一）
打洛出入境边防检查站一级警长及以下（二）,岗位标签,title_or_tag,1,1,government:1,job_800776d97077a71ad832,打洛出入境边防检查站一级警长及以下（二）,打洛出入境边防检查站一级警长及以下（二）
执勤队一级警长及以下（一）,岗位标签,title_or_tag,1,1,government:1,job_c9f2f8eab9e499ae29c6,执勤队一级警长及以下（一）,执勤队一级警长及以下（一）
执勤队一级警长及以下（七）,岗位标签,title_or_tag,1,1,government:1,job_dd4ac3c40a55ca0e335e,执勤队一级警长及以下（七）,执勤队一级警长及以下（七）
执勤队一级警长及以下（三）,岗位标签,title_or_tag,1,1,government:1,job_e2dd29f06a338d48e19d,执勤队一级警长及以下（三）,执勤队一级警长及以下（三）
执勤队一级警长及以下（九）,岗位标签,title_or_tag,1,1,government:1,job_aec164e876cfc1f01860,执勤队一级警长及以下（九）,执勤队一级警长及以下（九）
执勤队一级警长及以下（二十一）,岗位标签,title_or_tag,1,1,government:1,job_e5814185137a529037ef,执勤队一级警长及以下（二十一）,执勤队一级警长及以下（二十一）
执勤队一级警长及以下（二十）,岗位标签,title_or_tag,1,1,government:1,job_a187bcfdd21969fc9566,执勤队一级警长及以下（二十）,执勤队一级警长及以下（二十）
执勤队一级警长及以下（二）,岗位标签,title_or_tag,1,1,government:1,job_b38db4f82be989eba1f8,执勤队一级警长及以下（二）,执勤队一级警长及以下（二）
执勤队一级警长及以下（五）,岗位标签,title_or_tag,1,1,government:1,job_ba940a8ad74f542b107f,执勤队一级警长及以下（五）,执勤队一级警长及以下（五）
执勤队一级警长及以下（八）,岗位标签,title_or_tag,1,1,government:1,job_dca66068ad141aecf0bf,执勤队一级警长及以下（八）,执勤队一级警长及以下（八）
执勤队一级警长及以下（六）,岗位标签,title_or_tag,1,1,government:1,job_a225b0436ceb29dd39c2,执勤队一级警长及以下（六）,执勤队一级警长及以下（六）
执勤队一级警长及以下（十一）,岗位标签,title_or_tag,1,1,government:1,job_061c70777610cefd1d8b,执勤队一级警长及以下（十一）,执勤队一级警长及以下（十一）
执勤队一级警长及以下（十七）,岗位标签,title_or_tag,1,1,government:1,job_168977fe2ee1f7fee1e5,执勤队一级警长及以下（十七）,执勤队一级警长及以下（十七）
执勤队一级警长及以下（十三）,岗位标签,title_or_tag,1,1,government:1,job_b9373cdfa00e82f3c078,执勤队一级警长及以下（十三）,执勤队一级警长及以下（十三）
执勤队一级警长及以下（十九）,岗位标签,title_or_tag,1,1,government:1,job_f687ef75a2636876a03e,执勤队一级警长及以下（十九）,执勤队一级警长及以下（十九）
执勤队一级警长及以下（十二）,岗位标签,title_or_tag,1,1,government:1,job_198b63ac821f0e58f470,执勤队一级警长及以下（十二）,执勤队一级警长及以下（十二）
执勤队一级警长及以下（十五）,岗位标签,title_or_tag,1,1,government:1,job_9eef63d711fce7a3ea60,执勤队一级警长及以下（十五）,执勤队一级警长及以下（十五）
执勤队一级警长及以下（十八）,岗位标签,title_or_tag,1,1,government:1,job_4d930c95e300577e29b9,执勤队一级警长及以下（十八）,执勤队一级警长及以下（十八）
执勤队一级警长及以下（十六）,岗位标签,title_or_tag,1,1,government:1,job_10953ef084b65771ff3c,执勤队一级警长及以下（十六）,执勤队一级警长及以下（十六）
执勤队一级警长及以下（十四）,岗位标签,title_or_tag,1,1,government:1,job_d08fb3d745888e84ec82,执勤队一级警长及以下（十四）,执勤队一级警长及以下（十四）
执勤队一级警长及以下（十）,岗位标签,title_or_tag,1,1,government:1,job_2f3c18a934c758402de4,执勤队一级警长及以下（十）,执勤队一级警长及以下（十）
执勤队一级警长及以下（四）,岗位标签,title_or_tag,1,1,government:1,job_06d128857c66a16d3e5b,执勤队一级警长及以下（四）,执勤队一级警长及以下（四）
执法应急处一级主任科员及以下,岗位标签,title_or_tag,1,1,government:1,job_03b6bed80df096fc56bf,执法应急处一级主任科员及以下,执法应急处一级主任科员及以下
执法监督处一级主任科员及以下,岗位标签,title_or_tag,1,1,government:1,job_a18b64f52c66b3561e95,执法监督处一级主任科员及以下,执法监督处一级主任科员及以下
执法督察处一级主任科员及以下,岗位标签,title_or_tag,1,1,government:1,job_7fd67ae566754ed4e113,执法督察处一级主任科员及以下,执法督察处一级主任科员及以下
执法调查支队一级警长及以下（一）,岗位标签,title_or_tag,1,1,government:1,job_a0800df6955b5dc3e985,执法调查支队一级警长及以下（一）,执法调查支队一级警长及以下（一）
执纪审查室一级主任科员及以下,岗位标签,title_or_tag,1,1,government:1,job_20960794c60672a485ab,执纪审查室一级主任科员及以下,执纪审查室一级主任科员及以下
执行队一级警长及以下（一）,岗位标签,title_or_tag,1,1,government:1,job_69fb79b14f0efbdb366e,执行队一级警长及以下（一）,执行队一级警长及以下（一）
执行队一级警长及以下（七）,岗位标签,title_or_tag,1,1,government:1,job_90f12d5b1e55837eff84,执行队一级警长及以下（七）,执行队一级警长及以下（七）
执行队一级警长及以下（三）,岗位标签,title_or_tag,1,1,government:1,job_d7ff72e62f0dd7090ddf,执行队一级警长及以下（三）,执行队一级警长及以下（三）
执行队一级警长及以下（二）,岗位标签,title_or_tag,1,1,government:1,job_57e708b8bd927efb4f2e,执行队一级警长及以下（二）,执行队一级警长及以下（二）
执行队一级警长及以下（五）,岗位标签,title_or_tag,1,1,government:1,job_475772950a68e460c469,执行队一级警长及以下（五）,执行队一级警长及以下（五）
执行队一级警长及以下（六）,岗位标签,title_or_tag,1,1,government:1,job_094e7a4fa945ea9cf462,执行队一级警长及以下（六）,执行队一级警长及以下（六）
执行队一级警长及以下（四）,岗位标签,title_or_tag,1,1,government:1,job_eb84385ed799bfbe1902,执行队一级警长及以下（四）,执行队一级警长及以下（四）
扬州调查队业务处室四级主任科员,岗位标签,title_or_tag,1,1,government:1,job_f01ea2d25ecda55bd8d9,扬州调查队业务处室四级主任科员,扬州调查队业务处室四级主任科员
扶沟调查队一级科员,岗位标签,title_or_tag,1,1,government:1,job_c2c8cf63a3e239b7176a,扶沟调查队一级科员,扶沟调查队一级科员
承德调查队综合科室一级科员（1）,岗位标签,title_or_tag,1,1,government:1,job_b275d1ab9b1820cd9990,承德调查队综合科室一级科员（1）,承德调查队综合科室一级科员（1）
承德调查队综合科室一级科员（2）,岗位标签,title_or_tag,1,1,government:1,job_86894bd6e72e4363c4c0,承德调查队综合科室一级科员（2）,承德调查队综合科室一级科员（2）
技术保障队一级警长及以下,岗位标签,title_or_tag,1,1,government:1,job_86c5882e0634a014680d,技术保障队一级警长及以下,技术保障队一级警长及以下
技术保障队警务技术一级主管及以下,岗位标签,title_or_tag,1,1,government:1,job_7af8cd5c0cd53e8a927a,技术保障队警务技术一级主管及以下,技术保障队警务技术一级主管及以下
技术处一级警长及以下,岗位标签,title_or_tag,1,1,government:1,job_c1bcc63d7cf857c1c8f5,技术处一级警长及以下,技术处一级警长及以下
技能人才评价指导处一级主任科员及以下,岗位标签,title_or_tag,1,1,government:1,job_f2431fc0573bfa8ef27a,技能人才评价指导处一级主任科员及以下,技能人才评价指导处一级主任科员及以下
技能培训与技术创新处一级主任科员及以下,岗位标签,title_or_tag,1,1,government:1,job_77b114a3964bb88abc12,技能培训与技术创新处一级主任科员及以下,技能培训与技术创新处一级主任科员及以下
投资与技术指导处一级主任科员及以下,岗位标签,title_or_tag,1,1,government:1,job_4110b30dd95455e01b41,投资与技术指导处一级主任科员及以下,投资与技术指导处一级主任科员及以下
抚远出入境边防检查站一级警长及以下,岗位标签,title_or_tag,1,1,government:1,job_7ce505643c180b79d040,抚远出入境边防检查站一级警长及以下,抚远出入境边防检查站一级警长及以下
抚顺调查队业务科室一级科员,岗位标签,title_or_tag,1,1,government:1,job_3ada703871b5bd8ff0dc,抚顺调查队业务科室一级科员,抚顺调查队业务科室一级科员
损害赔偿指导处一级主任科员及以下,岗位标签,title_or_tag,1,1,government:1,job_46770b2df09caf15f4bb,损害赔偿指导处一级主任科员及以下,损害赔偿指导处一级主任科员及以下
控制科学与工程0811、计算机科学与技术0812、网络空间安全0839,岗位标签,title_or_tag,1,1,government:1,job_728e813f4a13ddfee128,成都边检站警务技术一级主管及以下（二）,控制科学与工程0811、计算机科学与技术0812、网络空间安全0839
揭阳调查队综合科室一级科员,岗位标签,title_or_tag,1,1,government:1,job_eb71d84dba9e4ebcb5de,揭阳调查队综合科室一级科员,揭阳调查队综合科室一级科员
播音与主持艺术、影视摄影与制作、摄影、广播电视编导、新媒体技术,岗位标签,title_or_tag,1,1,government:1,job_6dfcbacd815e578cb888,保山边境管理支队一级警长及以下（三）,播音与主持艺术、影视摄影与制作、摄影、广播电视编导、新媒体技术
攀枝花调查队业务科室四级主任科员及以下,岗位标签,title_or_tag,1,1,government:1,job_1d967b2a205c2dad4d16,攀枝花调查队业务科室四级主任科员及以下,攀枝花调查队业务科室四级主任科员及以下
收入规划核算处一级主任科员及以下,岗位标签,title_or_tag,1,1,government:1,job_d74e72a8821cd94d4238,收入规划核算处一级主任科员及以下,收入规划核算处一级主任科员及以下
政和调查队一级科员（1）,岗位标签,title_or_tag,1,1,government:1,job_8d2eda75839fedfecd5e,政和调查队一级科员（1）,政和调查队一级科员（1）
政和调查队一级科员（2）,岗位标签,title_or_tag,1,1,government:1,job_090d7d7ebacdf8d971ad,政和调查队一级科员（2）,政和调查队一级科员（2）
政工宣传一级行政执法员,岗位标签,title_or_tag,1,1,government:1,job_8972bbcab74666d95d61,政工宣传一级行政执法员,政工宣传一级行政执法员
政工宣传四级主办及以下,岗位标签,title_or_tag,1,1,government:1,job_4c06f74233d23af64a87,政工宣传四级主办及以下,政工宣传四级主办及以下
政工纪检岗一级警长及以下,岗位标签,title_or_tag,1,1,government:1,job_54c232d44928002a5fda,政工纪检岗一级警长及以下,政工纪检岗一级警长及以下
政治处一级警长及以下,岗位标签,title_or_tag,1,1,government:1,job_5485d995a2f8530ce64c,政治处一级警长及以下,政治处一级警长及以下
政治学 （0302区域国别研究） 区域国别学（1407）,岗位标签,title_or_tag,1,1,government:1,job_e324c9ae587f4dc52a11,瑞丽遣返中心执行队一级警长及以下（五）,政治学 （0302区域国别研究） 区域国别学（1407）
政治学类,岗位标签,title_or_tag,1,1,government:1,job_17aae1ab40246a2525a1,一级行政执法员（六）,政治学类
政治学类、中国语言文学类,岗位标签,title_or_tag,1,1,government:1,job_cb27b89dfd581801d765,一级行政执法员（四）,政治学类、中国语言文学类
政治学类、社会学类、马克思主义理论类、建筑类、中国语言文学类、公共管理类,岗位标签,title_or_tag,1,1,government:1,job_51d3be44426305e96c67,怒江边境管理支队一级警长及以下（七）,政治学类、社会学类、马克思主义理论类、建筑类、中国语言文学类、公共管理类
政治学类、社会学类、马克思主义理论类、建筑类、中国语言文学类、外国语言文学类,岗位标签,title_or_tag,1,1,government:1,job_03033150548642bc3608,普洱边境管理支队一级警长及以下（七）,政治学类、社会学类、马克思主义理论类、建筑类、中国语言文学类、外国语言文学类
政治学类、社会学类、马克思主义理论类、建筑类、新闻传播学类、化学类,岗位标签,title_or_tag,1,1,government:1,job_624ffa4714f8dfd69562,临沧边境管理支队一级警长及以下（六）,政治学类、社会学类、马克思主义理论类、建筑类、新闻传播学类、化学类
政治学类、马克思主义理论类、中共党史党建学,岗位标签,title_or_tag,1,1,government:1,job_7b26e260a2fa0a748e13,一级行政执法员（三）,政治学类、马克思主义理论类、中共党史党建学
政治学类、马克思主义理论类、中国语言文学类,岗位标签,title_or_tag,1,1,government:1,job_87d254eb89b753bb158d,一级行政执法员（三）,政治学类、马克思主义理论类、中国语言文学类
政治学类（0302）,岗位标签,title_or_tag,1,1,government:1,job_b427c30193cee6809d6c,东兴遣返中心执行队一级警长及以下（八）,政治学类（0302）
政治学（0302）、马克思主义理论（0305）、社会工作（0352）,岗位标签,title_or_tag,1,1,government:1,job_2799fb0288fae198624b,大连周水子出入境边防检查站一级警长及以下（二）,政治学（0302）、马克思主义理论（0305）、社会工作（0352）
政治经济学、大数据技术与工程,岗位标签,title_or_tag,1,1,government:1,job_b0701c828a939f88a4ae,一级行政执法员（一）,政治经济学、大数据技术与工程
政研处一级主任科员及以下,岗位标签,title_or_tag,1,1,government:1,job_8e4df4002af6281db7c3,政研处一级主任科员及以下,政研处一级主任科员及以下
政策处一级主任科员及以下,岗位标签,title_or_tag,1,1,government:1,job_223a2716d8b25082b9ef,政策处一级主任科员及以下,政策处一级主任科员及以下
政策法规处（水政监察总队）一级主任科员及以下,岗位标签,title_or_tag,1,1,government:1,job_941f596f740f2dd535f6,政策法规处（水政监察总队）一级主任科员及以下,政策法规处（水政监察总队）一级主任科员及以下
政策法规岗位一级主任科员及以下,岗位标签,title_or_tag,1,1,government:1,job_95850b27db37ab4036e1,政策法规岗位一级主任科员及以下,政策法规岗位一级主任科员及以下
政策研究一处一级主任科员及以下,岗位标签,title_or_tag,1,1,government:1,job_7b789c6424b110e251e4,政策研究一处一级主任科员及以下,政策研究一处一级主任科员及以下
政策研究处一级主任科员及以下,岗位标签,title_or_tag,1,1,government:1,job_87ef50fc32799b05b7c5,政策研究处一级主任科员及以下,政策研究处一级主任科员及以下
故城河务局一级主任科员及以下,岗位标签,title_or_tag,1,1,government:1,job_f457f0da4d8c3cbb270e,故城河务局一级主任科员及以下,故城河务局一级主任科员及以下
故城调查队一级科员,岗位标签,title_or_tag,1,1,government:1,job_b9ab7ecdaaef227317c5,故城调查队一级科员,故城调查队一级科员
教育处一级主任科员及以下,岗位标签,title_or_tag,1,1,government:1,job_ce7181b5b180e8156675,教育处一级主任科员及以下,教育处一级主任科员及以下
教育学类（0401）,岗位标签,title_or_tag,1,1,government:1,job_7cea80b1e9e0c4fdeaad,瑞丽遣返中心执行队一级警长及以下（十三）,教育学类（0401）
教育学（0401）,岗位标签,title_or_tag,1,1,government:1,job_a225b0436ceb29dd39c2,执勤队一级警长及以下（六）,教育学（0401）
数字媒体艺术130508、新媒体艺术130511T、艺术与科技130509T,岗位标签,title_or_tag,1,1,government:1,job_c9d28e0f31c049b422ff,成都边检站一级警长及以下（一）,数字媒体艺术130508、新媒体艺术130511T、艺术与科技130509T
数学、统计学、应用统计、土木工程、建筑学,岗位标签,title_or_tag,1,1,government:1,job_f8b9f9dac0cd083d632b,边检站一级警长及以下（五）,数学、统计学、应用统计、土木工程、建筑学
数学与应用数学、信息与计算科学、数据计算及应用,岗位标签,title_or_tag,1,1,government:1,job_d35abc48f3ea8b308767,监管（统计分析应用类）四级主办及以下,数学与应用数学、信息与计算科学、数据计算及应用
数学与应用数学、信息与计算科学、数据计算及应用、计算数学,岗位标签,title_or_tag,1,1,government:1,job_5916e70fa0f37b360358,风险防控（统计分析应用类）四级主管及以下,数学与应用数学、信息与计算科学、数据计算及应用、计算数学
数学与应用数学、信息与计算科学、数理基础科学、数据计算及应用,岗位标签,title_or_tag,1,1,government:1,job_947107188f48188160c8,科技管理（统计分析应用类）一级行政执法员,数学与应用数学、信息与计算科学、数理基础科学、数据计算及应用
数学类0701、统计学类0714,岗位标签,title_or_tag,1,1,government:1,job_1e53c152207a23cb4657,浙江调查总队业务处室一级主任科员及以下,数学类0701、统计学类0714
数学类、化学类、电子信息类、计算机类,岗位标签,title_or_tag,1,1,government:1,job_2deac80e21db7798b7ae,一级行政执法员（四）,数学类、化学类、电子信息类、计算机类
数学类、化学类、计算机类、化工与制药类,岗位标签,title_or_tag,1,1,government:1,job_bf98cc78395ae179f1ef,一级行政执法员（三）,数学类、化学类、计算机类、化工与制药类
数学类、地理科学类、地球物理学类、心理学类、电子信息类、自动化类、计算机类,岗位标签,title_or_tag,1,1,government:1,job_6ee330e1d1687c0a8ff1,一级行政执法员（三）,数学类、地理科学类、地球物理学类、心理学类、电子信息类、自动化类、计算机类
数学类、地理科学类、统计学类、测绘类,岗位标签,title_or_tag,1,1,government:1,job_5ce284263e3f9c393199,一级行政执法员（二）,数学类、地理科学类、统计学类、测绘类
数学类、心理学类、电子信息类、计算机类,岗位标签,title_or_tag,1,1,government:1,job_d4d22fa0ee446f609467,一级行政执法员（六）,数学类、心理学类、电子信息类、计算机类
数学类、机械类、电子信息类、计算机类、矿业类,岗位标签,title_or_tag,1,1,government:1,job_6f423c3e8733f12296dc,一级行政执法员（二）,数学类、机械类、电子信息类、计算机类、矿业类
数学类、机械类、能源动力类、化工与制药类、矿业类,岗位标签,title_or_tag,1,1,government:1,job_322d8eda766a89725002,一级行政执法员（五）,数学类、机械类、能源动力类、化工与制药类、矿业类
数学类、材料类,岗位标签,title_or_tag,1,1,government:1,job_f62284d6c6bd3cc1e272,一级行政执法员（三）,数学类、材料类
数学类、物理学类、化学类、地理科学类、地球物理学类、地质学类、心理学类、统计学类,岗位标签,title_or_tag,1,1,government:1,job_f517651abaa88bf19e9b,基层单位一级行政执法员（六）,数学类、物理学类、化学类、地理科学类、地球物理学类、地质学类、心理学类、统计学类
数学类、物理学类、地理科学类、海洋科学类、建筑类、心理学类、统计学类,岗位标签,title_or_tag,1,1,government:1,job_a714a3697ed0e7b4a680,一级行政执法员（四）,数学类、物理学类、地理科学类、海洋科学类、建筑类、心理学类、统计学类
数学类、物理学类、统计学类、电子信息类,岗位标签,title_or_tag,1,1,government:1,job_3d5faf33990a1a7b9ba4,一级行政执法员（五）,数学类、物理学类、统计学类、电子信息类
数学类、物理学类、统计学类、电子信息类、自动化类、计算机类、化工与制药类,岗位标签,title_or_tag,1,1,government:1,job_56cfae49739173d3537d,一级行政执法员（三）,数学类、物理学类、统计学类、电子信息类、自动化类、计算机类、化工与制药类
数学类、物理学类、统计学类、计算机类,岗位标签,title_or_tag,1,1,government:1,job_e25b62d294d0a56026af,一级行政执法员（七）,数学类、物理学类、统计学类、计算机类
数学类、物理学类、能源动力类,岗位标签,title_or_tag,1,1,government:1,job_7893146a00d0d3028be5,一级行政执法员（二）,数学类、物理学类、能源动力类
数学类、生物科学类、心理学类、电子信息类、计算机类,岗位标签,title_or_tag,1,1,government:1,job_7f3e017fd839f85ca53c,一级行政执法员（五）,数学类、生物科学类、心理学类、电子信息类、计算机类
数学类、生物科学类、心理学类、计算机类,岗位标签,title_or_tag,1,1,government:1,job_b159e8077bc59063aa3c,一级行政执法员（六）,数学类、生物科学类、心理学类、计算机类
数学类、生物科学类、电子信息类、计算机类,岗位标签,title_or_tag,1,1,government:1,job_d5d39faa8d757c959f8e,一级行政执法员（五）,数学类、生物科学类、电子信息类、计算机类
数学类、生物科学类、统计学类,岗位标签,title_or_tag,1,1,government:1,job_a3e4a53fcc15158e9441,一级行政执法员（三）,数学类、生物科学类、统计学类
数学类、生物科学类、统计学类、计算机类,岗位标签,title_or_tag,1,1,government:1,job_bc2b7759981c11cdfda5,一级行政执法员,数学类、生物科学类、统计学类、计算机类
数学类、电子信息类、计算机类、建筑类,岗位标签,title_or_tag,1,1,government:1,job_6e64b9014941c95795c7,一级行政执法员（五）,数学类、电子信息类、计算机类、建筑类
数学类、电气类、计算机类,岗位标签,title_or_tag,1,1,government:1,job_a161af63b6937fd45a6d,一级行政执法员（六）,数学类、电气类、计算机类
数学类、统计学类、土木类、环境科学与工程类,岗位标签,title_or_tag,1,1,government:1,job_5b7f781c06aba07668f5,一级行政执法员（二）,数学类、统计学类、土木类、环境科学与工程类
数学类、统计学类、建筑类,岗位标签,title_or_tag,1,1,government:1,job_b333546ef6d4b3b5df87,一级行政执法员（三）,数学类、统计学类、建筑类
数学类、统计学类、心理学类,岗位标签,title_or_tag,1,1,government:1,job_9944e13c5a1bf035fdfd,一级行政执法员（四）,数学类、统计学类、心理学类
数学类、统计学类、材料类、环境科学与工程类,岗位标签,title_or_tag,1,1,government:1,job_f3fe5174e2c86099912d,一级行政执法员（三）,数学类、统计学类、材料类、环境科学与工程类
数学类、统计学类、电子信息类、计算机类、化工与制药类,岗位标签,title_or_tag,1,1,government:1,job_7b3c0292566e2ca751f3,一级行政执法员（五）,数学类、统计学类、电子信息类、计算机类、化工与制药类
数学类、统计学类、电子信息类、计算机类、建筑类,岗位标签,title_or_tag,1,1,government:1,job_825d693406df618ac747,一级行政执法员（四）,数学类、统计学类、电子信息类、计算机类、建筑类
数学类、统计学类、电气类,岗位标签,title_or_tag,1,1,government:1,job_1e1e131da43dcb4209bf,一级行政执法员（七）,数学类、统计学类、电气类
数学类、统计学类、电气类、电子信息类、矿业类,岗位标签,title_or_tag,1,1,government:1,job_a69c648f3a231c9b57c9,一级行政执法员（三）,数学类、统计学类、电气类、电子信息类、矿业类
数学类、统计学类、能源动力类、自动化类,岗位标签,title_or_tag,1,1,government:1,job_d573a000481ace7e1618,一级行政执法员,数学类、统计学类、能源动力类、自动化类
数学类、统计学类、自动化类、计算机类,岗位标签,title_or_tag,1,1,government:1,job_9eeb4d020dce6f509439,一级行政执法员（四）,数学类、统计学类、自动化类、计算机类
数学类、统计学类、计算机类、电子信息类、地理科学类,岗位标签,title_or_tag,1,1,government:1,job_8a90629a5571b4fea31c,第二稽查局一级行政执法员,数学类、统计学类、计算机类、电子信息类、地理科学类
数学类、统计学类、计算机类、电子信息类、材料类、建筑类,岗位标签,title_or_tag,1,1,government:1,job_d9444d17bed78d638d57,一级行政执法员（五）,数学类、统计学类、计算机类、电子信息类、材料类、建筑类
数学类、自动化类,岗位标签,title_or_tag,1,1,government:1,job_e572b8b3e49cccab88cd,一级行政执法员（六）,数学类、自动化类
数学类、自动化类、计算机类、化工与制药类,岗位标签,title_or_tag,1,1,government:1,job_61058711f9be9085e752,一级行政执法员（三）,数学类、自动化类、计算机类、化工与制药类
数学类、计算机类、建筑类,岗位标签,title_or_tag,1,1,government:1,job_a8ad023574f5fcf59d14,一级行政执法员（四）,数学类、计算机类、建筑类
数学类、计算机类、环境科学与工程类,岗位标签,title_or_tag,1,1,government:1,job_c3c7652959e35415ee59,一级行政执法员（八）,数学类、计算机类、环境科学与工程类
数学类、计算机类（以上均为专业类别）,岗位标签,title_or_tag,1,1,government:1,job_b296e9f67e10f365bf20,一级科员,数学类、计算机类（以上均为专业类别）
数学（0701）、统计学（0714）、管理科学与工程（1201）,岗位标签,title_or_tag,1,1,government:1,job_d9361279e464b8cbe444,风险管理（统计分析应用类）二级主管及以下,数学（0701）、统计学（0714）、管理科学与工程（1201）
数据科学与大数据技术、人工智能、通信工程、电子科学与技术,岗位标签,title_or_tag,1,1,government:1,job_86a001371e23cdb79913,监管（电子信息化类）一级行政执法员,数据科学与大数据技术、人工智能、通信工程、电子科学与技术
数量经济学、统计学、会计、金融、审计,岗位标签,title_or_tag,1,1,government:1,job_2ea2fce9449744c8f09f,一级主任科员及以下,数量经济学、统计学、会计、金融、审计
文字综合一级行政执法员,岗位标签,title_or_tag,1,1,government:1,job_e295d1e3ad975e9f5ea9,文字综合一级行政执法员,文字综合一级行政执法员
文学门类、理学门类、工学门类、医学门类,岗位标签,title_or_tag,1,1,government:1,job_9625e00eb2b99914533d,监管一级行政执法员（二）,文学门类、理学门类、工学门类、医学门类
文山边境管理支队一级警长及以下（一）,岗位标签,title_or_tag,1,1,government:1,job_d5995ff451c1296ff404,文山边境管理支队一级警长及以下（一）,文山边境管理支队一级警长及以下（一）
文山边境管理支队一级警长及以下（三）,岗位标签,title_or_tag,1,1,government:1,job_0a8cc0c125390f997937,文山边境管理支队一级警长及以下（三）,文山边境管理支队一级警长及以下（三）
文山边境管理支队一级警长及以下（二）,岗位标签,title_or_tag,1,1,government:1,job_9ffc168b0a0eede67014,文山边境管理支队一级警长及以下（二）,文山边境管理支队一级警长及以下（二）
文献管理岗位一级主任科员及以下,岗位标签,title_or_tag,1,1,government:1,job_8e518d0df3104e3a6ea9,文献管理岗位一级主任科员及以下,文献管理岗位一级主任科员及以下
文电处一级主任科员及以下,岗位标签,title_or_tag,1,1,government:1,job_63c4482e42e28c4b24eb,文电处一级主任科员及以下,文电处一级主任科员及以下
文电档案处一级主任科员及以下,岗位标签,title_or_tag,1,1,government:1,job_dc449c4d05a37f04fc39,文电档案处一级主任科员及以下,文电档案处一级主任科员及以下
文秘岗位一级主任科员及以下,岗位标签,title_or_tag,1,1,government:1,job_0f5d58f012916cd0e65f,文秘岗位一级主任科员及以下,文秘岗位一级主任科员及以下
文艺研究与评论处一级主任科员及以下,岗位标签,title_or_tag,1,1,government:1,job_6a9556ed58ed29262437,文艺研究与评论处一级主任科员及以下,文艺研究与评论处一级主任科员及以下
文锦渡海关缉私分局一级警长及以下,岗位标签,title_or_tag,1,1,government:1,job_69ec6a161c857e64fc03,文锦渡海关缉私分局一级警长及以下,文锦渡海关缉私分局一级警长及以下
斗门海关缉私分局一级警长及以下,岗位标签,title_or_tag,1,1,government:1,job_f88030c8bffec9d130d0,斗门海关缉私分局一级警长及以下,斗门海关缉私分局一级警长及以下
新乡黄河工会一级主任科员及以下,岗位标签,title_or_tag,1,1,government:1,job_d6c0eb22b309e58a4f78,新乡黄河工会一级主任科员及以下,新乡黄河工会一级主任科员及以下
新化调查队一级科员,岗位标签,title_or_tag,1,1,government:1,job_bd9438169b408c2b9164,新化调查队一级科员,新化调查队一级科员
新沂河道管理局一级主任科员及以下,岗位标签,title_or_tag,1,1,government:1,job_2d3f6a8932fdfa80bfc3,新沂河道管理局一级主任科员及以下,新沂河道管理局一级主任科员及以下
新河调查队一级科员,岗位标签,title_or_tag,1,1,government:1,job_b751b793a826d3afd1bf,新河调查队一级科员,新河调查队一级科员
新疆生产建设兵团第一师调查队调查科一级科员,岗位标签,title_or_tag,1,1,government:1,job_24636766a8a923173680,新疆生产建设兵团第一师调查队调查科一级科员,新疆生产建设兵团第一师调查队调查科一级科员
新疆生产建设兵团第七师调查队综合科一级科员,岗位标签,title_or_tag,1,1,government:1,job_bce93190d7cde04579fa,新疆生产建设兵团第七师调查队综合科一级科员,新疆生产建设兵团第七师调查队综合科一级科员
新疆生产建设兵团第八师调查队业务科室一级科员,岗位标签,title_or_tag,1,1,government:1,job_d52fd2429132a1be3073,新疆生产建设兵团第八师调查队业务科室一级科员,新疆生产建设兵团第八师调查队业务科室一级科员
新疆生产建设兵团第十二师调查队调查科一级科员,岗位标签,title_or_tag,1,1,government:1,job_68f918f527d9f12eb724,新疆生产建设兵团第十二师调查队调查科一级科员,新疆生产建设兵团第十二师调查队调查科一级科员
新疆调查总队业务处室一级主任科员及以下（1）,岗位标签,title_or_tag,1,1,government:1,job_d26f7c2c76e8a438939c,新疆调查总队业务处室一级主任科员及以下（1）,新疆调查总队业务处室一级主任科员及以下（1）
新疆调查总队业务处室一级主任科员及以下（2）,岗位标签,title_or_tag,1,1,government:1,job_400edf10be6c62a2daa0,新疆调查总队业务处室一级主任科员及以下（2）,新疆调查总队业务处室一级主任科员及以下（2）
新疆调查总队业务处室一级主任科员及以下（3）,岗位标签,title_or_tag,1,1,government:1,job_1fd21829219027a3559c,新疆调查总队业务处室一级主任科员及以下（3）,新疆调查总队业务处室一级主任科员及以下（3）
新疆调查总队业务处室一级主任科员及以下（4）,岗位标签,title_or_tag,1,1,government:1,job_3b1116e79f813bed5c02,新疆调查总队业务处室一级主任科员及以下（4）,新疆调查总队业务处室一级主任科员及以下（4）
新疆调查总队业务处室一级主任科员及以下（5）,岗位标签,title_or_tag,1,1,government:1,job_d0d2867ed8f0237e266f,新疆调查总队业务处室一级主任科员及以下（5）,新疆调查总队业务处室一级主任科员及以下（5）
新疆调查总队业务处室一级主任科员及以下（6）,岗位标签,title_or_tag,1,1,government:1,job_c46819ae304fccfc8ab9,新疆调查总队业务处室一级主任科员及以下（6）,新疆调查总队业务处室一级主任科员及以下（6）
新疆调查总队业务处室一级主任科员及以下（7）,岗位标签,title_or_tag,1,1,government:1,job_2fc203a2512329452289,新疆调查总队业务处室一级主任科员及以下（7）,新疆调查总队业务处室一级主任科员及以下（7）
新疆调查总队业务处室一级主任科员及以下（8）,岗位标签,title_or_tag,1,1,government:1,job_b0006346f966edfcfb16,新疆调查总队业务处室一级主任科员及以下（8）,新疆调查总队业务处室一级主任科员及以下（8）
新荣调查队一级科员,岗位标签,title_or_tag,1,1,government:1,job_cc6a3ace5734a4cf7a0c,新荣调查队一级科员,新荣调查队一级科员
新邵调查队一级科员,岗位标签,title_or_tag,1,1,government:1,job_0c2540b205a1c96d7786,新邵调查队一级科员,新邵调查队一级科员
新闻传播,岗位标签,title_or_tag,1,1,government:1,job_a2db1b14d06673de7a6a,新闻传播,新闻传播
新闻传播学、中国语言文学,岗位标签,title_or_tag,1,1,government:1,job_c9231ecf81bba6c97280,一级行政执法员（六）,新闻传播学、中国语言文学
新闻传播学类、新闻与传播类专业,岗位标签,title_or_tag,1,1,government:1,job_a2db1b14d06673de7a6a,新闻传播,新闻传播学类、新闻与传播类专业
新闻传播学类、音乐与舞蹈学类、戏剧与影视学类,岗位标签,title_or_tag,1,1,government:1,job_995d1d0e164d2c5adebc,清水河出入境边防检查站一级警长及以下（六）,新闻传播学类、音乐与舞蹈学类、戏剧与影视学类
新闻传播学（0503）、中国语言文学（0501）,岗位标签,title_or_tag,1,1,government:1,job_3e63124af9e8daa7696f,汕头调查队综合科室四级主任科员,新闻传播学（0503）、中国语言文学（0501）
新闻传播学（0503）、新闻与传播（0552）,岗位标签,title_or_tag,1,1,government:1,job_e8320c287c2e0832c14d,丽江出入境边防检查站一级警长及以下（二）,新闻传播学（0503）、新闻与传播（0552）
新闻学050301、国际新闻与传播050309T、播音与主持艺术130309,岗位标签,title_or_tag,1,1,government:1,job_2718a064568471699f32,边检站一级警长及以下（六）,新闻学050301、国际新闻与传播050309T、播音与主持艺术130309
新闻学、传播学、网络与新媒体,岗位标签,title_or_tag,1,1,government:1,job_98216a44026c22a5374b,新闻宣传四级主办及以下,新闻学、传播学、网络与新媒体
新闻学、广播电视学、广播电视编导、新闻传播学,岗位标签,title_or_tag,1,1,government:1,job_51b1339ed320ec6170de,鄂州边检站一级警长及以下（二）,新闻学、广播电视学、广播电视编导、新闻传播学
新闻学、新闻与宣传,岗位标签,title_or_tag,1,1,government:1,job_38461dc0b1e28cc7174e,一级行政执法员（十）,新闻学、新闻与宣传
新闻学、法学、邮政管理（以上均为专业名称）,岗位标签,title_or_tag,1,1,government:1,job_e287637bd8fca0c28112,一级科员,新闻学、法学、邮政管理（以上均为专业名称）
新闻学（专业代码050301）,岗位标签,title_or_tag,1,1,government:1,job_ed12bcd62c4dfe415ccd,综合部门一级主任科员及以下,新闻学（专业代码050301）
新闻宣传一级行政执法员（一）,岗位标签,title_or_tag,1,1,government:1,job_284e3bbf68c860722b9f,新闻宣传一级行政执法员（一）,新闻宣传一级行政执法员（一）
新闻宣传一级行政执法员（二）,岗位标签,title_or_tag,1,1,government:1,job_1adc4d5b8fbaa7d32d67,新闻宣传一级行政执法员（二）,新闻宣传一级行政执法员（二）
新闻宣传四级主办,岗位标签,title_or_tag,1,1,government:1,job_e5a8818dfabfe0042933,新闻宣传四级主办,新闻宣传四级主办
新闻宣传四级主办及以下（一）,岗位标签,title_or_tag,1,1,government:1,job_da236cc565d35de51bc2,新闻宣传四级主办及以下（一）,新闻宣传四级主办及以下（一）
新闻宣传四级主办及以下（二）,岗位标签,title_or_tag,1,1,government:1,job_fee4f86724db180479e7,新闻宣传四级主办及以下（二）,新闻宣传四级主办及以下（二）
新闻宣传处一级警长及以下,岗位标签,title_or_tag,1,1,government:1,job_908a785ed360347dfbbf,新闻宣传处一级警长及以下,新闻宣传处一级警长及以下
方城调查队一级科员,岗位标签,title_or_tag,1,1,government:1,job_b468f6041faf53ccba2e,方城调查队一级科员,方城调查队一级科员
旅客查验一级行政执法员,岗位标签,title_or_tag,1,1,government:1,job_fb90015a5b51a8dc73ed,旅客查验一级行政执法员,旅客查验一级行政执法员
旅客检疫四级主办及以下（一）,岗位标签,title_or_tag,1,1,government:1,job_9c8b0e7df53a2ef1d53c,旅客检疫四级主办及以下（一）,旅客检疫四级主办及以下（一）
旅客检疫四级主办及以下（二）,岗位标签,title_or_tag,1,1,government:1,job_4a50c7aac0e3c38d658c,旅客检疫四级主办及以下（二）,旅客检疫四级主办及以下（二）
旅检业务一级行政执法员,岗位标签,title_or_tag,1,1,government:1,job_fb0f0d48f447864a1330,旅检业务一级行政执法员,旅检业务一级行政执法员
旅检二级主办及以下,岗位标签,title_or_tag,1,1,government:1,job_43afb05cef42369f2848,旅检二级主办及以下,旅检二级主办及以下
无人驾驶航空器系统工程、电子信息工程,岗位标签,title_or_tag,1,1,government:1,job_8e5ed782035e10771113,南海海巡执法总队一级科员,无人驾驶航空器系统工程、电子信息工程
无机与高分子材料领域一级主任科员及以下,岗位标签,title_or_tag,1,1,government:1,job_9935cba197dff1034b82,无机与高分子材料领域一级主任科员及以下,无机与高分子材料领域一级主任科员及以下
无棣河务局一级主任科员及以下,岗位标签,title_or_tag,1,1,government:1,job_4106e1a387b90db92ed9,无棣河务局一级主任科员及以下,无棣河务局一级主任科员及以下
日喀则边境管理支队一级警长及以下（一）,岗位标签,title_or_tag,1,1,government:1,job_9c06bc016928cebc4e2b,日喀则边境管理支队一级警长及以下（一）,日喀则边境管理支队一级警长及以下（一）
日喀则边境管理支队一级警长及以下（七）,岗位标签,title_or_tag,1,1,government:1,job_1652d4e8edb3f878aaaf,日喀则边境管理支队一级警长及以下（七）,日喀则边境管理支队一级警长及以下（七）
日喀则边境管理支队一级警长及以下（三）,岗位标签,title_or_tag,1,1,government:1,job_9fe37d3d90b946d2bc24,日喀则边境管理支队一级警长及以下（三）,日喀则边境管理支队一级警长及以下（三）
日喀则边境管理支队一级警长及以下（九）,岗位标签,title_or_tag,1,1,government:1,job_814e8c19be741198bb2f,日喀则边境管理支队一级警长及以下（九）,日喀则边境管理支队一级警长及以下（九）
日喀则边境管理支队一级警长及以下（二十）,岗位标签,title_or_tag,1,1,government:1,job_446574f515d3a4e520e8,日喀则边境管理支队一级警长及以下（二十）,日喀则边境管理支队一级警长及以下（二十）
日喀则边境管理支队一级警长及以下（二）,岗位标签,title_or_tag,1,1,government:1,job_6148c8487ab808e2e15a,日喀则边境管理支队一级警长及以下（二）,日喀则边境管理支队一级警长及以下（二）
日喀则边境管理支队一级警长及以下（五）,岗位标签,title_or_tag,1,1,government:1,job_322f9e7bd693a2fc103f,日喀则边境管理支队一级警长及以下（五）,日喀则边境管理支队一级警长及以下（五）
日喀则边境管理支队一级警长及以下（八）,岗位标签,title_or_tag,1,1,government:1,job_9487e102df7ae1c3c9b1,日喀则边境管理支队一级警长及以下（八）,日喀则边境管理支队一级警长及以下（八）
日喀则边境管理支队一级警长及以下（六）,岗位标签,title_or_tag,1,1,government:1,job_8d10f1518b07f558ac23,日喀则边境管理支队一级警长及以下（六）,日喀则边境管理支队一级警长及以下（六）
日喀则边境管理支队一级警长及以下（十一）,岗位标签,title_or_tag,1,1,government:1,job_e77731d2efc358a24174,日喀则边境管理支队一级警长及以下（十一）,日喀则边境管理支队一级警长及以下（十一）
日喀则边境管理支队一级警长及以下（十七）,岗位标签,title_or_tag,1,1,government:1,job_b0303356877502d74550,日喀则边境管理支队一级警长及以下（十七）,日喀则边境管理支队一级警长及以下（十七）
日喀则边境管理支队一级警长及以下（十三）,岗位标签,title_or_tag,1,1,government:1,job_f6668211063278373e09,日喀则边境管理支队一级警长及以下（十三）,日喀则边境管理支队一级警长及以下（十三）
日喀则边境管理支队一级警长及以下（十九）,岗位标签,title_or_tag,1,1,government:1,job_3bc427901fee653359cd,日喀则边境管理支队一级警长及以下（十九）,日喀则边境管理支队一级警长及以下（十九）
日喀则边境管理支队一级警长及以下（十二）,岗位标签,title_or_tag,1,1,government:1,job_17f65fa36937c4a523e2,日喀则边境管理支队一级警长及以下（十二）,日喀则边境管理支队一级警长及以下（十二）
日喀则边境管理支队一级警长及以下（十五）,岗位标签,title_or_tag,1,1,government:1,job_57b08ded65e545b13b2b,日喀则边境管理支队一级警长及以下（十五）,日喀则边境管理支队一级警长及以下（十五）
日喀则边境管理支队一级警长及以下（十八）,岗位标签,title_or_tag,1,1,government:1,job_a7db8b6770a5215674b4,日喀则边境管理支队一级警长及以下（十八）,日喀则边境管理支队一级警长及以下（十八）
日喀则边境管理支队一级警长及以下（十六）,岗位标签,title_or_tag,1,1,government:1,job_c6de7d229b6b2f6bb5a9,日喀则边境管理支队一级警长及以下（十六）,日喀则边境管理支队一级警长及以下（十六）
日喀则边境管理支队一级警长及以下（十四）,岗位标签,title_or_tag,1,1,government:1,job_124bf74819ca93b9de5a,日喀则边境管理支队一级警长及以下（十四）,日喀则边境管理支队一级警长及以下（十四）
日喀则边境管理支队一级警长及以下（十）,岗位标签,title_or_tag,1,1,government:1,job_342ff1a72a1ae1d97c86,日喀则边境管理支队一级警长及以下（十）,日喀则边境管理支队一级警长及以下（十）
日喀则边境管理支队一级警长及以下（四）,岗位标签,title_or_tag,1,1,government:1,job_0facdfcc7de6cd79a967,日喀则边境管理支队一级警长及以下（四）,日喀则边境管理支队一级警长及以下（四）
日语,岗位标签,title_or_tag,1,1,government:1,job_32a70d76e5e1640b9504,一级主任科员及以下（日语）,日语
日语、日语语言文学、日语笔译、日语口译,岗位标签,title_or_tag,1,1,government:1,job_9c8b0e7df53a2ef1d53c,旅客检疫四级主办及以下（一）,日语、日语语言文学、日语笔译、日语口译
日语、法语、俄语、西班牙语,岗位标签,title_or_tag,1,1,government:1,job_648c6db7d78de7ba94cc,查验监管一级行政执法员,日语、法语、俄语、西班牙语
日语语言文学、日语笔译、日语口译专业,岗位标签,title_or_tag,1,1,government:1,job_350fe73065e1ae9af81c,恩施边检站一级警长及以下（二）,日语语言文学、日语笔译、日语口译专业
日语语言文学（050205）、日语笔译（055105）、日语口译（055106）,岗位标签,title_or_tag,1,1,government:1,job_9f2f8b3fd2235893423e,沈阳出入境边防检查站一级警长及以下（一）,日语语言文学（050205）、日语笔译（055105）、日语口译（055106）
旬邑调查队一级科员,岗位标签,title_or_tag,1,1,government:1,job_0c1552b774054ccdcfd4,旬邑调查队一级科员,旬邑调查队一级科员
旬阳调查队一级科员,岗位标签,title_or_tag,1,1,government:1,job_8daaab27b5239eb3a9d6,旬阳调查队一级科员,旬阳调查队一级科员
昆明出入境边防检查站一级警长及以下（一）,岗位标签,title_or_tag,1,1,government:1,job_fc326a99640f2ef9f809,昆明出入境边防检查站一级警长及以下（一）,昆明出入境边防检查站一级警长及以下（一）
昆明出入境边防检查站一级警长及以下（二）,岗位标签,title_or_tag,1,1,government:1,job_6f804e2dd2c66ae54222,昆明出入境边防检查站一级警长及以下（二）,昆明出入境边防检查站一级警长及以下（二）
昆明机场海关缉私分局一级警长及以下,岗位标签,title_or_tag,1,1,government:1,job_01d738ce580fedbea8bc,昆明机场海关缉私分局一级警长及以下,昆明机场海关缉私分局一级警长及以下
易县调查队一级科员,岗位标签,title_or_tag,1,1,government:1,job_43efedc8e55171d48a6d,易县调查队一级科员,易县调查队一级科员
普兰出入境边防检查站一级警长及以下（一）,岗位标签,title_or_tag,1,1,government:1,job_2322e1ac63c667e95a3e,普兰出入境边防检查站一级警长及以下（一）,普兰出入境边防检查站一级警长及以下（一）
普兰出入境边防检查站一级警长及以下（三）,岗位标签,title_or_tag,1,1,government:1,job_f0eacaeb5a753a769b84,普兰出入境边防检查站一级警长及以下（三）,普兰出入境边防检查站一级警长及以下（三）
普兰出入境边防检查站一级警长及以下（二）,岗位标签,title_or_tag,1,1,government:1,job_e5937544bb2f31e2af43,普兰出入境边防检查站一级警长及以下（二）,普兰出入境边防检查站一级警长及以下（二）
普兰出入境边防检查站一级警长及以下（四）,岗位标签,title_or_tag,1,1,government:1,job_f8519f37362be72fb0f0,普兰出入境边防检查站一级警长及以下（四）,普兰出入境边防检查站一级警长及以下（四）
普宁调查队一级科员,岗位标签,title_or_tag,1,1,government:1,job_f7ebd937022cce0610cb,普宁调查队一级科员,普宁调查队一级科员
普洱调查队业务科室一级科员,岗位标签,title_or_tag,1,1,government:1,job_6e31cc8d6d9b8611c37f,普洱调查队业务科室一级科员,普洱调查队业务科室一级科员
普洱边境管理支队一级警长及以下（一）,岗位标签,title_or_tag,1,1,government:1,job_213b7a1fb08c65924b6c,普洱边境管理支队一级警长及以下（一）,普洱边境管理支队一级警长及以下（一）
普洱边境管理支队一级警长及以下（七）,岗位标签,title_or_tag,1,1,government:1,job_03033150548642bc3608,普洱边境管理支队一级警长及以下（七）,普洱边境管理支队一级警长及以下（七）
普洱边境管理支队一级警长及以下（三）,岗位标签,title_or_tag,1,1,government:1,job_c65672305f675af4cb71,普洱边境管理支队一级警长及以下（三）,普洱边境管理支队一级警长及以下（三）
普洱边境管理支队一级警长及以下（二）,岗位标签,title_or_tag,1,1,government:1,job_a2200df51804d222ee74,普洱边境管理支队一级警长及以下（二）,普洱边境管理支队一级警长及以下（二）
普洱边境管理支队一级警长及以下（五）,岗位标签,title_or_tag,1,1,government:1,job_7aef5d36f738030466f9,普洱边境管理支队一级警长及以下（五）,普洱边境管理支队一级警长及以下（五）
普洱边境管理支队一级警长及以下（六）,岗位标签,title_or_tag,1,1,government:1,job_333b6ee29bfbb9a85823,普洱边境管理支队一级警长及以下（六）,普洱边境管理支队一级警长及以下（六）
普洱边境管理支队一级警长及以下（四）,岗位标签,title_or_tag,1,1,government:1,job_0e7375f39967fd7fc6b6,普洱边境管理支队一级警长及以下（四）,普洱边境管理支队一级警长及以下（四）
智能审图四级主办及以下,岗位标签,title_or_tag,1,1,government:1,job_af076429f28f0afadbe5,智能审图四级主办及以下,智能审图四级主办及以下
智能技术（电子信息化类）四级主管及以下,岗位标签,title_or_tag,1,1,government:1,job_6709116d1a7c31677f80,智能技术（电子信息化类）四级主管及以下,智能技术（电子信息化类）四级主管及以下
曲江调查队一级科员（1）,岗位标签,title_or_tag,1,1,government:1,job_d6f3df639919d4f712ba,曲江调查队一级科员（1）,曲江调查队一级科员（1）
曲江调查队一级科员（2）,岗位标签,title_or_tag,1,1,government:1,job_79988a9e973595f66210,曲江调查队一级科员（2）,曲江调查队一级科员（2）
最高学历专业为会计、财务管理、审计相关专业,岗位标签,title_or_tag,1,1,government:1,job_8ee73c58852ec3e90452,一级主任科员及以下,最高学历专业为会计、财务管理、审计相关专业
最高学历专业为保险、精算相关专业,岗位标签,title_or_tag,1,1,government:1,job_603a5b6c3df5a1cab20c,一级主任科员及以下,最高学历专业为保险、精算相关专业
最高学历专业为经济学门类专业,岗位标签,title_or_tag,1,1,government:1,job_2135a6bbddd8c082794b,一级主任科员及以下,最高学历专业为经济学门类专业
最高学历专业为计算机科学与技术、软件工程、数据科学与大数据技术,岗位标签,title_or_tag,1,1,government:1,job_938ab61ff69ff4eb54ea,一级主任科员及以下,最高学历专业为计算机科学与技术、软件工程、数据科学与大数据技术
有机化学、药物化学(药物合成、分子生物学或生物化学方向，不含中药学专业),岗位标签,title_or_tag,1,1,government:1,job_c76ca77f77e1a998d6ab,有机药物化学领域一级主任科员及以下,有机化学、药物化学(药物合成、分子生物学或生物化学方向，不含中药学专业)
有机药物化学领域一级主任科员及以下,岗位标签,title_or_tag,1,1,government:1,job_c76ca77f77e1a998d6ab,有机药物化学领域一级主任科员及以下,有机药物化学领域一级主任科员及以下
服务与社会管理处四级主任科员及以下,岗位标签,title_or_tag,1,1,government:1,job_d52e8041c1ac61f7e454,服务与社会管理处四级主任科员及以下,服务与社会管理处四级主任科员及以下
服务业发展处一级主任科员及以下,岗位标签,title_or_tag,1,1,government:1,job_bf4c9a4bae7e3761cc17,服务业发展处一级主任科员及以下,服务业发展处一级主任科员及以下
服务管理岗位一级主任科员及以下,岗位标签,title_or_tag,1,1,government:1,job_32eea5922c9a977f108b,服务管理岗位一级主任科员及以下,服务管理岗位一级主任科员及以下
朝鲜语050209、翻译（朝鲜语）055111、055112,岗位标签,title_or_tag,1,1,government:1,job_6446eedd87ba4243f178,石家庄边检站一级警长及以下（二）,朝鲜语050209、翻译（朝鲜语）055111、055112
朝鲜语、朝鲜语笔译、朝鲜语口译,岗位标签,title_or_tag,1,1,government:1,job_4a50c7aac0e3c38d658c,旅客检疫四级主办及以下（二）,朝鲜语、朝鲜语笔译、朝鲜语口译
朝鲜语、马来语、泰语、老挝语,岗位标签,title_or_tag,1,1,government:1,job_61d41b0daad94a50039d,口岸旅检一级行政执法员,朝鲜语、马来语、泰语、老挝语
朝鲜语笔译（055111）、朝鲜语口译（055112）,岗位标签,title_or_tag,1,1,government:1,job_d08ce8571b3abf5e9f35,大连周水子出入境边防检查站一级警长及以下（一）,朝鲜语笔译（055111）、朝鲜语口译（055112）
朝鲜语翻译,岗位标签,title_or_tag,1,1,government:1,job_0319da9c6f180c938fe1,朝鲜语翻译,朝鲜语翻译
朝鲜语（韩语）,岗位标签,title_or_tag,1,1,government:1,job_0319da9c6f180c938fe1,朝鲜语翻译,朝鲜语（韩语）
本科专业：交通运输（081801）（空中交通管制（含管制+1）、飞行签派）,岗位标签,title_or_tag,1,1,government:1,job_19d043454669039d76a0,航务处一级主任科员及以下,本科专业：交通运输（081801）（空中交通管制（含管制+1）、飞行签派）
本科生招收会计学；研究生招收会计学、会计,岗位标签,title_or_tag,1,1,government:1,job_e53e1bf1c60484366f75,监管部门一级主任科员及以下,本科生招收会计学；研究生招收会计学、会计
本科生招收法学类（0301）；研究生招收法学（0301）、法律（0351）,岗位标签,title_or_tag,1,1,government:1,job_fdcdf9887f6dbecff23e,综合部门一级主任科员及以下,本科生招收法学类（0301）；研究生招收法学（0301）、法律（0351）
本科生招收法学（030101K）；研究生招收诉讼法学、经济法学、法律,岗位标签,title_or_tag,1,1,government:1,job_1b81fbd99f4b7be8c579,监管部门一级主任科员及以下,本科生招收法学（030101K）；研究生招收诉讼法学、经济法学、法律
本科生招收经济学类（0201）、金融学类（0203）；研究生招收经济学（02）,岗位标签,title_or_tag,1,1,government:1,job_79f064b7c20c6ae16811,监管部门一级主任科员及以下,本科生招收经济学类（0201）、金融学类（0203）；研究生招收经济学（02）
本科生招收统计学、应用统计学；研究生招收统计学、应用统计,岗位标签,title_or_tag,1,1,government:1,job_0e490cde8eee0f505136,统计信息部门一级主任科员及以下,本科生招收统计学、应用统计学；研究生招收统计学、应用统计
本科生招收计算机科学与技术、软件工程；研究生招收计算机科学与技术、软件工程,岗位标签,title_or_tag,1,1,government:1,job_c34f179b63b04eabe4cd,监管部门一级主任科员及以下,本科生招收计算机科学与技术、软件工程；研究生招收计算机科学与技术、软件工程
本科生招收：法学类（0301）；研究生招收：法学（0301）、法律（0351）,岗位标签,title_or_tag,1,1,government:1,job_e92d834c5b73bd985a12,监管部门一级主任科员及以下,本科生招收：法学类（0301）；研究生招收：法学（0301）、法律（0351）
本科： 030101K法学。 研究生： 0301法学； 0351法律,岗位标签,title_or_tag,1,1,government:1,job_3fda9d9d0c2c1999bd1f,政策法规处一级主任科员及以下,本科： 030101K法学。 研究生： 0301法学； 0351法律
本科：0301法学类；研究生：0301法学、0351法律,岗位标签,title_or_tag,1,1,government:1,job_ed31b351e23e26a6196f,监管部门一级主任科员及以下,本科：0301法学类；研究生：0301法学、0351法律
本科：050201英语；硕士：0502外国语言文学（英语）、0551翻译（英语）,岗位标签,title_or_tag,1,1,government:1,job_3d613000095a665931ef,一级主任科员及以下,本科：050201英语；硕士：0502外国语言文学（英语）、0551翻译（英语）
本科：083102K消防工程；研究生：0837安全科学与工程（须为消防安全方向）,岗位标签,title_or_tag,1,1,government:1,job_65b822846aafb588f2bc,消防安全岗位一级主任科员及以下,本科：083102K消防工程；研究生：0837安全科学与工程（须为消防安全方向）
本科：120203K会计学； 研究生：1253会计,岗位标签,title_or_tag,1,1,government:1,job_339d390f60df5e0e7ad3,财会部门一级主任科员及以下,本科：120203K会计学； 研究生：1253会计
本科：120206人力资源管理；研究生：1204公共管理,岗位标签,title_or_tag,1,1,government:1,job_c88c66bd5715ab67eb6a,泰州边检站一级警长及以下,本科：120206人力资源管理；研究生：1204公共管理
本科：会计学、财务管理、审计学、税收学；研究生：经济学类、工商管理类（专业类）,岗位标签,title_or_tag,1,1,government:1,job_450864137e9e4f3b06aa,办公综合四级主办及以下,本科：会计学、财务管理、审计学、税收学；研究生：经济学类、工商管理类（专业类）
本科：会计学、财务管理、审计学； 研究生：工商管理学（限会计学）、会计、审计,岗位标签,title_or_tag,1,1,government:1,job_d8ab5ac48429b66fe8fc,办公室一级主任科员及以下,本科：会计学、财务管理、审计学； 研究生：工商管理学（限会计学）、会计、审计
本科：会计学、财务管理、审计学；研究生：会计、审计,岗位标签,title_or_tag,1,1,government:1,job_777ba3c2049f41ffa83d,综合部门一级主任科员及以下,本科：会计学、财务管理、审计学；研究生：会计、审计
本科：会计学、财务管理、金融学； 研究生：工商管理（限会计学）、会计、审计,岗位标签,title_or_tag,1,1,government:1,job_e8c46504bba9df6f00ab,财务科一级主任科员及以下,本科：会计学、财务管理、金融学； 研究生：工商管理（限会计学）、会计、审计
本科：会计学（120203K）； 研究生：会计学（1202）、会计（1253）,岗位标签,title_or_tag,1,1,government:1,job_9609669e941e866e708c,预算处一级主任科员及以下,本科：会计学（120203K）； 研究生：会计学（1202）、会计（1253）
本科：会计学，财务管理，审计学，内部审计； 研究生：会计学，会计，审计,岗位标签,title_or_tag,1,1,government:1,job_f54d1c66c7266ef35219,办公室一级主任科员及以下,本科：会计学，财务管理，审计学，内部审计； 研究生：会计学，会计，审计
本科：会计学；研究生：会计,岗位标签,title_or_tag,1,1,government:1,job_008b76ca6f7e9b1f5da5,财会部门一级主任科员及以下,本科：会计学；研究生：会计
本科：保险学；研究生：保险,岗位标签,title_or_tag,1,1,government:1,job_4900ce2864e642464a04,监管部门一级主任科员及以下,本科：保险学；研究生：保险
本科：动物医学、动物科学、动物药学； 研究生：兽医学、兽医,岗位标签,title_or_tag,1,1,government:1,job_cea78362d8fa6aa35b30,动物检疫四级主办及以下,本科：动物医学、动物科学、动物药学； 研究生：兽医学、兽医
本科：国际经济与贸易、国际经济发展合作、国际经贸规则； 研究生：国际商务,岗位标签,title_or_tag,1,1,government:1,job_704e2d95be45988df145,综合业务四级主办及以下,本科：国际经济与贸易、国际经济发展合作、国际经贸规则； 研究生：国际商务
本科：土地资源管理（120404）； 研究生：土地资源管理（120405）,岗位标签,title_or_tag,1,1,government:1,job_9a3962f0cd1db0f761f0,督察室一级主任科员及以下,本科：土地资源管理（120404）； 研究生：土地资源管理（120405）
本科：土木工程、智能建造、建筑学； 研究生：土木工程、土木水利、建筑学,岗位标签,title_or_tag,1,1,government:1,job_376ff5e65918712b7b5e,综合保障四级主办及以下,本科：土木工程、智能建造、建筑学； 研究生：土木工程、土木水利、建筑学
本科：地理信息科学（070504） 研究生：地图学与地理信息系统(070503),岗位标签,title_or_tag,1,1,government:1,job_8ff0d416021b1fe5d1a6,核查监督处一级主任科员及以下,本科：地理信息科学（070504） 研究生：地图学与地理信息系统(070503)
本科：旅游管理（120901）；研究生：旅游管理（125400）,岗位标签,title_or_tag,1,1,government:1,job_cfd760c91c3aaaa3161d,长白山边境管理支队一级警长及以下（八）,本科：旅游管理（120901）；研究生：旅游管理（125400）
本科：机械工程、机械设计制造及其自动化、机械电子工程；研究生：机械工程类、机械类,岗位标签,title_or_tag,1,1,government:1,job_663342fe3b50e2030f16,科技管理（机械自动化类）四级主办及以下,本科：机械工程、机械设计制造及其自动化、机械电子工程；研究生：机械工程类、机械类
本科：机械类、电气工程及其自动化、自动化； 研究生：机械工程、机械,岗位标签,title_or_tag,1,1,government:1,job_29a9af8aa5ce528fb37a,货物监管四级主办及以下,本科：机械类、电气工程及其自动化、自动化； 研究生：机械工程、机械
本科：材料类、矿业类； 研究生：材料科学与工程、矿业工程、材料与化工,岗位标签,title_or_tag,1,1,government:1,job_5578d226eb41cc8630cb,货物监管四级主办及以下,本科：材料类、矿业类； 研究生：材料科学与工程、矿业工程、材料与化工
本科：档案学、信息资源管理；研究生：信息资源管理类,岗位标签,title_or_tag,1,1,government:1,job_14096bba91cdd6f5b924,档案管理四级主办及以下,本科：档案学、信息资源管理；研究生：信息资源管理类
本科：水利水电工程、农业水利工程、土木工程； 研究生：水利工程,岗位标签,title_or_tag,1,1,government:1,job_e60e3768958680b467c4,水政水资源与河湖监督处（水政监察总队）一级主任科员及以下,本科：水利水电工程、农业水利工程、土木工程； 研究生：水利工程
本科：水利水电工程、水文与水资源工程、法学； 研究生：水利工程、法学、法律,岗位标签,title_or_tag,1,1,government:1,job_aa04c6cdf5294f847407,水政水资源科一级主任科员及以下,本科：水利水电工程、水文与水资源工程、法学； 研究生：水利工程、法学、法律
本科：汉语言文学（050101） 研究生：中国语言文学（050100）,岗位标签,title_or_tag,1,1,government:1,job_929ab55a39a3a324b268,鲅鱼圈出入境边防检查站一级警长及以下（二）,本科：汉语言文学（050101） 研究生：中国语言文学（050100）
本科：法学(030101K)；研究生：法学(0301)、法律(0351),岗位标签,title_or_tag,1,1,government:1,job_7a95f6980889653aba82,综合部门一级主任科员及以下,本科：法学(030101K)；研究生：法学(0301)、法律(0351)
本科：法学、知识产权、国际经贸规则；研究生：宪法学与行政法学、经济法学,岗位标签,title_or_tag,1,1,government:1,job_91a222ab10cdb52a5290,法制四级主办及以下,本科：法学、知识产权、国际经贸规则；研究生：宪法学与行政法学、经济法学
本科：法学、知识产权、国际经贸规则；研究生：法学类、法律类、知识产权类,岗位标签,title_or_tag,1,1,government:1,job_62af5cba74c42b6172e5,法制管理四级主办及以下,本科：法学、知识产权、国际经贸规则；研究生：法学类、法律类、知识产权类
本科：法学、知识产权；硕士研究生：法学、法律、知识产权,岗位标签,title_or_tag,1,1,government:1,job_597d70ffed7ec688eb6c,法规部门一级主任科员及以下,本科：法学、知识产权；硕士研究生：法学、法律、知识产权
本科：法学类；研究生：0301法学、0351法律,岗位标签,title_or_tag,1,1,government:1,job_2ee561c3cff11702f167,法规部门一级主任科员及以下,本科：法学类；研究生：0301法学、0351法律
本科：法学类；研究生：法学类、法律（法学）（035102）,岗位标签,title_or_tag,1,1,government:1,job_88770ab92c80d242e05a,法律四级主办及以下,本科：法学类；研究生：法学类、法律（法学）（035102）
本科：法学类；硕士研究生：法学类,岗位标签,title_or_tag,1,1,government:1,job_54bff4a4fd8a1dcdf739,法规部门一级主任科员及以下,本科：法学类；硕士研究生：法学类
本科：法学（030101）；硕士研究生：法学（0301）、法律（0351）,岗位标签,title_or_tag,1,1,government:1,job_ddfb59889aac22bdc38a,法规部门一级主任科员及以下,本科：法学（030101）；硕士研究生：法学（0301）、法律（0351）
本科：电子信息类、计算机类； 研究生：电子科学与技术、计算机科学与技术,岗位标签,title_or_tag,1,1,government:1,job_2ea8fe451546059309d5,统计信息部门一级主任科员及以下,本科：电子信息类、计算机类； 研究生：电子科学与技术、计算机科学与技术
本科：社会工作、心理学；研究生：社会工作类、心理学类,岗位标签,title_or_tag,1,1,government:1,job_fd407545d5abf5363dc7,综合管理四级主办及以下,本科：社会工作、心理学；研究生：社会工作类、心理学类
本科：经济学、国际经济与贸易、贸易经济、国际经济发展合作； 研究生：应用经济学,岗位标签,title_or_tag,1,1,government:1,job_db3ffcff45442d35f938,综合业务四级主办及以下,本科：经济学、国际经济与贸易、贸易经济、国际经济发展合作； 研究生：应用经济学
本科：经济学、金融审计；研究生：金融,岗位标签,title_or_tag,1,1,government:1,job_d0717c7a6db9c52edd16,监管部门一级主任科员及以下,本科：经济学、金融审计；研究生：金融
本科：经济学类、财政学类、金融学类；研究生：经济学类,岗位标签,title_or_tag,1,1,government:1,job_15bb29ff45a0df779d1a,监管部门一级主任科员及以下,本科：经济学类、财政学类、金融学类；研究生：经济学类
本科：经济学类（0201）、金融学类（0203）；研究生：经济学（02）,岗位标签,title_or_tag,1,1,government:1,job_c8e6f5977f8ff35fceb1,监管部门一级主任科员及以下,本科：经济学类（0201）、金融学类（0203）；研究生：经济学（02）
本科：经济学；硕士研究生：经济学,岗位标签,title_or_tag,1,1,government:1,job_43570a42514b9e5e737c,监管部门一级主任科员及以下,本科：经济学；硕士研究生：经济学
本科：统计学、应用统计学、数据科学； 研究生：统计学（0714）,岗位标签,title_or_tag,1,1,government:1,job_31616a57c3b6664d5d35,科技管理（统计分析应用类）四级主办及以下,本科：统计学、应用统计学、数据科学； 研究生：统计学（0714）
本科：统计学类、数学类； 研究生：统计学、数学,岗位标签,title_or_tag,1,1,government:1,job_9fb6cdd8ad568504564f,科技管理（统计分析应用类）二级主办及以下,本科：统计学类、数学类； 研究生：统计学、数学
本科：老挝语；研究生：外国语言文学（老挝语方向）,岗位标签,title_or_tag,1,1,government:1,job_5c0a8c6de10ef85a785e,旅客检疫四级主办及以下,本科：老挝语；研究生：外国语言文学（老挝语方向）
本科：英语、商务英语；研究生：英语语言文学、英语笔译、英语口译,岗位标签,title_or_tag,1,1,government:1,job_43afb05cef42369f2848,旅检二级主办及以下,本科：英语、商务英语；研究生：英语语言文学、英语笔译、英语口译
本科：行政管理、人力资源管理、工商管理；研究生：行政管理、工商管理,岗位标签,title_or_tag,1,1,government:1,job_4f052b3034f87fcba057,办公综合四级主办及以下,本科：行政管理、人力资源管理、工商管理；研究生：行政管理、工商管理
本科：计算机科学与技术、软件工程； 研究生：计算机科学与技术,岗位标签,title_or_tag,1,1,government:1,job_89ba64b41082f7751cca,统计信息部门一级主任科员及以下,本科：计算机科学与技术、软件工程； 研究生：计算机科学与技术
本科：计算机科学与技术、软件工程；研究生：计算机科学与技术,岗位标签,title_or_tag,1,1,government:1,job_4dfdaa8ff10d283b8700,监管部门一级主任科员及以下,本科：计算机科学与技术、软件工程；研究生：计算机科学与技术
本科：计算机科学与技术；研究生：计算机科学与技术,岗位标签,title_or_tag,1,1,government:1,job_66c352737f5cbe8463a5,监管部门一级主任科员及以下,本科：计算机科学与技术；研究生：计算机科学与技术
本科：计算机类；研究生：计算机科学与技术,岗位标签,title_or_tag,1,1,government:1,job_5974de7403da10062bc8,统计信息部门一级主任科员及以下,本科：计算机类；研究生：计算机科学与技术
本科：计算机类；研究生：计算机科学与技术、软件工程、网络空间安全,岗位标签,title_or_tag,1,1,government:1,job_66ef811d609fca01c9ea,科技部门一级主任科员及以下,本科：计算机类；研究生：计算机科学与技术、软件工程、网络空间安全
本科：财务管理、会计学；研究生：会计学、会计（1253）,岗位标签,title_or_tag,1,1,government:1,job_60f9a21c77806f38e82e,财务管理四级主办及以下,本科：财务管理、会计学；研究生：会计学、会计（1253）
本科：财政学、税收学、国际税收； 研究生：税务,岗位标签,title_or_tag,1,1,government:1,job_3c57c507395ce0d0156d,综合业务四级主办及以下,本科：财政学、税收学、国际税收； 研究生：税务
本科：轮机工程、船舶电子电气工程、船舶与海洋工程； 研究生：船舶与海洋工程,岗位标签,title_or_tag,1,1,government:1,job_9c38fd591a268679008b,货物监管四级主办及以下,本科：轮机工程、船舶电子电气工程、船舶与海洋工程； 研究生：船舶与海洋工程
本科：采矿工程、矿物加工工程、化学、应用化学； 研究生：矿业工程、化学,岗位标签,title_or_tag,1,1,government:1,job_af47b676ba3b4537ca12,货物查验四级主办及以下,本科：采矿工程、矿物加工工程、化学、应用化学； 研究生：矿业工程、化学
本科：金融学、会计学、财务管理、审计学； 研究生：金融 、会计、审计,岗位标签,title_or_tag,1,1,government:1,job_c64962d4b84b99c4e92d,监管部门一级主任科员及以下,本科：金融学、会计学、财务管理、审计学； 研究生：金融 、会计、审计
本科：金融学类； 研究生：应用经济学、金融、保险、数字经济,岗位标签,title_or_tag,1,1,government:1,job_09aeb787239294d71431,监管部门一级主任科员及以下,本科：金融学类； 研究生：应用经济学、金融、保险、数字经济
本科：金融学；研究生：金融,岗位标签,title_or_tag,1,1,government:1,job_2948f3a7373af39a381e,监管部门一级主任科员及以下,本科：金融学；研究生：金融
机关业务部门一级主任科员及以下,岗位标签,title_or_tag,1,1,government:1,job_f8a08a41136b5804d8b6,机关业务部门一级主任科员及以下,机关业务部门一级主任科员及以下
机关党委一级警长及以下,岗位标签,title_or_tag,1,1,government:1,job_d4d18afef4e11d48d048,机关党委一级警长及以下,机关党委一级警长及以下
机关纪委一级主任科员及以下,岗位标签,title_or_tag,1,1,government:1,job_09cadf73f4c3fc686c0f,机关纪委一级主任科员及以下,机关纪委一级主任科员及以下
机关综合部门一级主任科员及以下,岗位标签,title_or_tag,1,1,government:1,job_c9ad635f6d0cafe30fd1,机关综合部门一级主任科员及以下,机关综合部门一级主任科员及以下
机关财审部门一级主任科员及以下,岗位标签,title_or_tag,1,1,government:1,job_cd4d75d3ace44befbfa2,机关财审部门一级主任科员及以下,机关财审部门一级主任科员及以下
机械制造及其自动化、控制科学与工程、机械工程、电气工程、控制工程,岗位标签,title_or_tag,1,1,government:1,job_47c534a249b0855b18df,科技管理（机械自动化类）四级主办,机械制造及其自动化、控制科学与工程、机械工程、电气工程、控制工程
机械工程、机械设计制造及其自动化、机械电子工程、工业设计、过程装备与控制工程,岗位标签,title_or_tag,1,1,government:1,job_40d668e09e6a4e052207,进出口商品检验监管（机械自动化类）一级行政执法员,机械工程、机械设计制造及其自动化、机械电子工程、工业设计、过程装备与控制工程
机械工程、机械设计制造及其自动化、机械电子工程、车辆工程、新能源汽车工程、机械,岗位标签,title_or_tag,1,1,government:1,job_7309d5f30500002dba8d,科技管理（机械自动化类）四级主办及以下,机械工程、机械设计制造及其自动化、机械电子工程、车辆工程、新能源汽车工程、机械
机械工程、机械设计制造及其自动化、机械电子工程、过程装备与控制工程,岗位标签,title_or_tag,1,1,government:1,job_69b69b771d3ecb32235b,科技管理（机械自动化类）一级行政执法员,机械工程、机械设计制造及其自动化、机械电子工程、过程装备与控制工程
机械工程、机械设计制造及其自动化、材料成型及控制工程、机械电子工程、车辆工程,岗位标签,title_or_tag,1,1,government:1,job_697595025c61cd76a5b2,科技管理（机械自动化类）四级主办及以下,机械工程、机械设计制造及其自动化、材料成型及控制工程、机械电子工程、车辆工程
机械工程、机械设计制造及其自动化、电气工程及其自动化,岗位标签,title_or_tag,1,1,government:1,job_89710eac68003d7da44f,科技管理（机械自动化类）一级行政执法员,机械工程、机械设计制造及其自动化、电气工程及其自动化
机械工程、机械设计制造及其自动化、电气工程及其自动化、自动化,岗位标签,title_or_tag,1,1,government:1,job_573f3cfd8be303a43c1d,监察执法处一级主任科员及以下,机械工程、机械设计制造及其自动化、电气工程及其自动化、自动化
机械工程（0802）、机械（0855）,岗位标签,title_or_tag,1,1,government:1,job_64bdb72ec21d60f25f40,怒江边境管理支队一级警长及以下（一）,机械工程（0802）、机械（0855）
机械类、仪器类、化工与制药类、建筑类,岗位标签,title_or_tag,1,1,government:1,job_43ca3f1cc7db2dc12e5d,一级行政执法员（三）,机械类、仪器类、化工与制药类、建筑类
机械类、仪器类、测绘类、化工与制药类,岗位标签,title_or_tag,1,1,government:1,job_925a6b77146b6c8651ea,一级行政执法员（一）,机械类、仪器类、测绘类、化工与制药类
机械类、仪器类、自动化、控制科学与工程,岗位标签,title_or_tag,1,1,government:1,job_7c33ce2102dc38bcc63c,监管四级主办及以下,机械类、仪器类、自动化、控制科学与工程
机械类、化工与制药类,岗位标签,title_or_tag,1,1,government:1,job_b0e6997ef17d5008df80,一级行政执法员（五）,机械类、化工与制药类
机械类、电子信息类,岗位标签,title_or_tag,1,1,government:1,job_ba64ee1a1ebab60db741,一级行政执法员（三）,机械类、电子信息类
机械类、电子信息类、环境科学与工程类、建筑类,岗位标签,title_or_tag,1,1,government:1,job_c5aa8759ca220d7ae64f,一级行政执法员（一）,机械类、电子信息类、环境科学与工程类、建筑类
机械类、电子信息类、计算机类、环境科学与工程类,岗位标签,title_or_tag,1,1,government:1,job_eae766d29e104555f0b4,一级行政执法员（三）,机械类、电子信息类、计算机类、环境科学与工程类
机械类、电气工程及其自动化专业、自动化专业,岗位标签,title_or_tag,1,1,government:1,job_769354295a1cd9e8af2b,监管一处一级主任科员及以下,机械类、电气工程及其自动化专业、自动化专业
机械类、电气类、土木类、建筑类,岗位标签,title_or_tag,1,1,government:1,job_675708b34ff78f4cee97,一级行政执法员,机械类、电气类、土木类、建筑类
机械类、电气类、电子信息类、计算机类,岗位标签,title_or_tag,1,1,government:1,job_c48829304a7bf867ad4a,一级行政执法员（三）,机械类、电气类、电子信息类、计算机类
机械类、能源动力类,岗位标签,title_or_tag,1,1,government:1,job_64b31339284557c69b92,一级行政执法员（五）,机械类、能源动力类
机械类、能源动力类、建筑类,岗位标签,title_or_tag,1,1,government:1,job_9e7f3c7f9e42547ad46f,一级行政执法员（三）,机械类、能源动力类、建筑类
机械类、能源动力类、电气类、计算机类,岗位标签,title_or_tag,1,1,government:1,job_bd36ed07e938db74e9dc,一级行政执法员（三）,机械类、能源动力类、电气类、计算机类
机械类、能源动力类、矿业类,岗位标签,title_or_tag,1,1,government:1,job_3ce71f062f4cf3ed3962,一级行政执法员（七）,机械类、能源动力类、矿业类
机械类、自动化类、计算机类、环境科学与工程类,岗位标签,title_or_tag,1,1,government:1,job_6672c1ed0d6657ed78db,一级行政执法员（一）,机械类、自动化类、计算机类、环境科学与工程类
机械类、计算机类,岗位标签,title_or_tag,1,1,government:1,job_e2bdb3fe54d1ff1e19ae,一级行政执法员（二）,机械类、计算机类
机械类、计算机类、土木类,岗位标签,title_or_tag,1,1,government:1,job_9471e840c3924e134544,一级行政执法员（一）,机械类、计算机类、土木类
机械类、计算机类、矿业类,岗位标签,title_or_tag,1,1,government:1,job_3de582de10986945552f,一级行政执法员（五）,机械类、计算机类、矿业类
机械自动化领域一级主任科员及以下,岗位标签,title_or_tag,1,1,government:1,job_8177bbdfaf3734f832d0,机械自动化领域一级主任科员及以下,机械自动化领域一级主任科员及以下
机械设计制造及其自动化、机械电子工程、电气工程及其自动化、自动化,岗位标签,title_or_tag,1,1,government:1,job_77f2198b1492f014bafb,监察执法处三级主任科员及以下,机械设计制造及其自动化、机械电子工程、电气工程及其自动化、自动化
权益处一级主任科员及以下,岗位标签,title_or_tag,1,1,government:1,job_11581415e5ba5e060502,权益处一级主任科员及以下,权益处一级主任科员及以下
材料与化工,岗位标签,title_or_tag,1,1,government:1,job_79a8157fe696bfcc57fe,一级行政执法员（一）,材料与化工
材料科学与工程(无机、高分子方向),岗位标签,title_or_tag,1,1,government:1,job_9935cba197dff1034b82,无机与高分子材料领域一级主任科员及以下,材料科学与工程(无机、高分子方向)
材料科学与工程、冶金工程、金属材料工程、材料物理、材料化学、材料成型及控制工程,岗位标签,title_or_tag,1,1,government:1,job_38ef7d39cb785a3112d5,商品检验监管一级行政执法员,材料科学与工程、冶金工程、金属材料工程、材料物理、材料化学、材料成型及控制工程
材料类、能源动力类、交通运输类,岗位标签,title_or_tag,1,1,government:1,job_d1d69b9bc0c58297ce09,一级行政执法员（二）,材料类、能源动力类、交通运输类
材料类、能源动力类、测绘类、安全科学与工程类,岗位标签,title_or_tag,1,1,government:1,job_7ae2e5bbcadb6c795773,一级行政执法员（四）,材料类、能源动力类、测绘类、安全科学与工程类
材料类、能源动力类、环境科学与工程类,岗位标签,title_or_tag,1,1,government:1,job_f483ec2717324d70e8ec,一级行政执法员（二）,材料类、能源动力类、环境科学与工程类
材料类、自动化类、计算机类、测绘类,岗位标签,title_or_tag,1,1,government:1,job_15c7d9e3eefaa7b603ee,一级行政执法员（一）,材料类、自动化类、计算机类、测绘类
杭州调查队业务处室二级主任科员及以下,岗位标签,title_or_tag,1,1,government:1,job_a61ac7247a2b90df57e4,杭州调查队业务处室二级主任科员及以下,杭州调查队业务处室二级主任科员及以下
杭州边检站一级警长及以下（一）,岗位标签,title_or_tag,1,1,government:1,job_2685cf22fea43ca00e32,杭州边检站一级警长及以下（一）,杭州边检站一级警长及以下（一）
杭州边检站一级警长及以下（二）,岗位标签,title_or_tag,1,1,government:1,job_390461a0cb17f3306cc7,杭州边检站一级警长及以下（二）,杭州边检站一级警长及以下（二）
杭锦调查队一级科员（1）,岗位标签,title_or_tag,1,1,government:1,job_49ea0948c3fcdc3d02f6,杭锦调查队一级科员（1）,杭锦调查队一级科员（1）
杭锦调查队一级科员（2）,岗位标签,title_or_tag,1,1,government:1,job_288756c910ef35797deb,杭锦调查队一级科员（2）,杭锦调查队一级科员（2）
林学类（0907）、农林经济管理类（1203）、农业资源与环境类（0903）,岗位标签,title_or_tag,1,1,government:1,job_3fda5530ff6daa1221c4,认证管理处一级主任科员及以下,林学类（0907）、农林经济管理类（1203）、农业资源与环境类（0903）
林学类（0907）、草学类（0909）、林业工程类（0829）,岗位标签,title_or_tag,1,1,government:1,job_38c3f5716dfbeb2d189d,标准质量处一级主任科员及以下,林学类（0907）、草学类（0909）、林业工程类（0829）
林学（090700）,岗位标签,title_or_tag,1,1,government:1,job_7cbbe3e11a676f3b872b,修复经营处一级主任科员及以下,林学（090700）
林政案件稽查处一级主任科员及以下,岗位标签,title_or_tag,1,1,government:1,job_61b89b2b831c7ceb3b4c,林政案件稽查处一级主任科员及以下,林政案件稽查处一级主任科员及以下
林权争议处理处一级主任科员及以下,岗位标签,title_or_tag,1,1,government:1,job_3c99806586baaeb7c31c,林权争议处理处一级主任科员及以下,林权争议处理处一级主任科员及以下
林芝边境管理支队一级警长及以下（一）,岗位标签,title_or_tag,1,1,government:1,job_81f8c36421192bff7cdc,林芝边境管理支队一级警长及以下（一）,林芝边境管理支队一级警长及以下（一）
林芝边境管理支队一级警长及以下（七）,岗位标签,title_or_tag,1,1,government:1,job_d15f5bbfa28140248003,林芝边境管理支队一级警长及以下（七）,林芝边境管理支队一级警长及以下（七）
林芝边境管理支队一级警长及以下（三）,岗位标签,title_or_tag,1,1,government:1,job_006508716d038e5a8b87,林芝边境管理支队一级警长及以下（三）,林芝边境管理支队一级警长及以下（三）
林芝边境管理支队一级警长及以下（九）,岗位标签,title_or_tag,1,1,government:1,job_342cc04978a0a0e63d55,林芝边境管理支队一级警长及以下（九）,林芝边境管理支队一级警长及以下（九）
林芝边境管理支队一级警长及以下（二）,岗位标签,title_or_tag,1,1,government:1,job_53b12284bb1a45287941,林芝边境管理支队一级警长及以下（二）,林芝边境管理支队一级警长及以下（二）
林芝边境管理支队一级警长及以下（五）,岗位标签,title_or_tag,1,1,government:1,job_a6528f743abf8606c92e,林芝边境管理支队一级警长及以下（五）,林芝边境管理支队一级警长及以下（五）
林芝边境管理支队一级警长及以下（八）,岗位标签,title_or_tag,1,1,government:1,job_3651c6ddef618c52e7be,林芝边境管理支队一级警长及以下（八）,林芝边境管理支队一级警长及以下（八）
林芝边境管理支队一级警长及以下（六）,岗位标签,title_or_tag,1,1,government:1,job_98eb0f4c630e9a43364c,林芝边境管理支队一级警长及以下（六）,林芝边境管理支队一级警长及以下（六）
林芝边境管理支队一级警长及以下（十一）,岗位标签,title_or_tag,1,1,government:1,job_9dd25a2724ece32963b8,林芝边境管理支队一级警长及以下（十一）,林芝边境管理支队一级警长及以下（十一）
林芝边境管理支队一级警长及以下（十三）,岗位标签,title_or_tag,1,1,government:1,job_9fcc036473cc9986a4bc,林芝边境管理支队一级警长及以下（十三）,林芝边境管理支队一级警长及以下（十三）
林芝边境管理支队一级警长及以下（十二）,岗位标签,title_or_tag,1,1,government:1,job_cbfd26e94a039cba3d0c,林芝边境管理支队一级警长及以下（十二）,林芝边境管理支队一级警长及以下（十二）
林芝边境管理支队一级警长及以下（十五）,岗位标签,title_or_tag,1,1,government:1,job_3aa274bc75f6c1a176b2,林芝边境管理支队一级警长及以下（十五）,林芝边境管理支队一级警长及以下（十五）
林芝边境管理支队一级警长及以下（十四）,岗位标签,title_or_tag,1,1,government:1,job_3c08b1a7ac471f3ef085,林芝边境管理支队一级警长及以下（十四）,林芝边境管理支队一级警长及以下（十四）
林芝边境管理支队一级警长及以下（十）,岗位标签,title_or_tag,1,1,government:1,job_d4e24179d3cbe07fe4f6,林芝边境管理支队一级警长及以下（十）,林芝边境管理支队一级警长及以下（十）
林芝边境管理支队一级警长及以下（四）,岗位标签,title_or_tag,1,1,government:1,job_63d9be80d98ee9b9ccef,林芝边境管理支队一级警长及以下（四）,林芝边境管理支队一级警长及以下（四）
查验二级主办及以下（一）,岗位标签,title_or_tag,1,1,government:1,job_17ba51101c42c9ea98bc,查验二级主办及以下（一）,查验二级主办及以下（一）
查验二级主办及以下（二）,岗位标签,title_or_tag,1,1,government:1,job_9d523b836eb19107c9af,查验二级主办及以下（二）,查验二级主办及以下（二）
查验监管一级行政执法员,岗位标签,title_or_tag,1,1,government:1,job_648c6db7d78de7ba94cc,查验监管一级行政执法员,查验监管一级行政执法员
标准质量处一级主任科员及以下,岗位标签,title_or_tag,1,1,government:1,job_38c3f5716dfbeb2d189d,标准质量处一级主任科员及以下,标准质量处一级主任科员及以下
株洲调查队业务科室一级科员,岗位标签,title_or_tag,1,1,government:1,job_6422e6ac6db9b5070c69,株洲调查队业务科室一级科员,株洲调查队业务科室一级科员
核与辐射安全监督处一级主任科员及以下,岗位标签,title_or_tag,1,1,government:1,job_c59e944fcd568db355db,核与辐射安全监督处一级主任科员及以下,核与辐射安全监督处一级主任科员及以下
核工程与核技术、工程物理、核科学与技术、核能科学与工程,岗位标签,title_or_tag,1,1,government:1,job_e65f01cee726b654e82b,核设施监督岗位一级主任科员及以下,核工程与核技术、工程物理、核科学与技术、核能科学与工程
核工程与核技术专业,岗位标签,title_or_tag,1,1,government:1,job_552b9a5df2c4dae3b43b,核与辐射安全监督岗位一级主任科员及以下,核工程与核技术专业
核工程与核技术相关专业,岗位标签,title_or_tag,1,1,government:1,job_f42f052bde42ffa6efa2,建设与运行处一级主任科员及以下,核工程与核技术相关专业
核工程类、核物理、放射化学、核电技术与控制工程及其他相关专业,岗位标签,title_or_tag,1,1,government:1,job_aa3fc871869cb82c6965,核与辐射安全监督岗位一级主任科员及以下,核工程类、核物理、放射化学、核电技术与控制工程及其他相关专业
核查监督处一级主任科员及以下,岗位标签,title_or_tag,1,1,government:1,job_8ff0d416021b1fe5d1a6,核查监督处一级主任科员及以下,核查监督处一级主任科员及以下
核物理专业,岗位标签,title_or_tag,1,1,government:1,job_f7045303a55416c074b2,核与辐射安全监督岗位一级主任科员及以下,核物理专业
核物理（070203）、辐射防护及环境保护（082704）,岗位标签,title_or_tag,1,1,government:1,job_f280e1e94cbba77f5970,业务处室一级主任科员及以下,核物理（070203）、辐射防护及环境保护（082704）
核科学与技术（082700）、核能科学与工程（082701）等相关专业,岗位标签,title_or_tag,1,1,government:1,job_1fee1ce0f71edc231ced,业务处一级主任科员及以下,核科学与技术（082700）、核能科学与工程（082701）等相关专业
核设施监督岗位一级主任科员及以下,岗位标签,title_or_tag,1,1,government:1,job_e65f01cee726b654e82b,核设施监督岗位一级主任科员及以下,核设施监督岗位一级主任科员及以下
核项目监督岗一级主任科员及以下,岗位标签,title_or_tag,1,1,government:1,job_7bc9ed40599ccbec71eb,核项目监督岗一级主任科员及以下,核项目监督岗一级主任科员及以下
核项目管理岗一级主任科员及以下,岗位标签,title_or_tag,1,1,government:1,job_36b8e225ba30acd834ef,核项目管理岗一级主任科员及以下,核项目管理岗一级主任科员及以下
栾城调查队一级科员,岗位标签,title_or_tag,1,1,government:1,job_2c142f612cf190264370,栾城调查队一级科员,栾城调查队一级科员
桂林出入境边防检查站一级警长及以下（一）,岗位标签,title_or_tag,1,1,government:1,job_71d0873121c05ced0242,桂林出入境边防检查站一级警长及以下（一）,桂林出入境边防检查站一级警长及以下（一）
桂林出入境边防检查站一级警长及以下（三）,岗位标签,title_or_tag,1,1,government:1,job_c75950275aa5958c9cb8,桂林出入境边防检查站一级警长及以下（三）,桂林出入境边防检查站一级警长及以下（三）
桂林出入境边防检查站一级警长及以下（二）,岗位标签,title_or_tag,1,1,government:1,job_4ab427c77382545d59ba,桂林出入境边防检查站一级警长及以下（二）,桂林出入境边防检查站一级警长及以下（二）
桂林出入境边防检查站一级警长及以下（四）,岗位标签,title_or_tag,1,1,government:1,job_4fb0019e07b2a4f4e0a6,桂林出入境边防检查站一级警长及以下（四）,桂林出入境边防检查站一级警长及以下（四）
桂阳调查队一级科员,岗位标签,title_or_tag,1,1,government:1,job_bcbed17c90b1bad6a604,桂阳调查队一级科员,桂阳调查队一级科员
桃江调查队一级科员,岗位标签,title_or_tag,1,1,government:1,job_27535d1448120b86a7ff,桃江调查队一级科员,桃江调查队一级科员
案件质量监管处一级主任科员及以下,岗位标签,title_or_tag,1,1,government:1,job_7846c58ac697330b5a17,案件质量监管处一级主任科员及以下,案件质量监管处一级主任科员及以下
桐梓调查队一级科员,岗位标签,title_or_tag,1,1,government:1,job_1858d159c8a29c55f95a,桐梓调查队一级科员,桐梓调查队一级科员
档案利用岗位一级主任科员及以下,岗位标签,title_or_tag,1,1,government:1,job_24413ca4316ed639beea,档案利用岗位一级主任科员及以下,档案利用岗位一级主任科员及以下
档案处一级主任科员及以下,岗位标签,title_or_tag,1,1,government:1,job_6b70559e2657bb3e5516,档案处一级主任科员及以下,档案处一级主任科员及以下
档案学,岗位标签,title_or_tag,1,1,government:1,job_d3b804d14731e2300185,一级行政执法员（三）,档案学
档案管理四级主办及以下,岗位标签,title_or_tag,1,1,government:1,job_14096bba91cdd6f5b924,档案管理四级主办及以下,档案管理四级主办及以下
档案管理岗一级主任科员及以下,岗位标签,title_or_tag,1,1,government:1,job_2e57db53a55ee8e7f966,档案管理岗一级主任科员及以下,档案管理岗一级主任科员及以下
档案管理类,岗位标签,title_or_tag,1,1,government:1,job_2e57db53a55ee8e7f966,档案管理岗一级主任科员及以下,档案管理类
梅州调查队业务科室四级主任科员及以下,岗位标签,title_or_tag,1,1,government:1,job_4465b2b91642979070ef,梅州调查队业务科室四级主任科员及以下,梅州调查队业务科室四级主任科员及以下
梅州调查队综合科室一级科员,岗位标签,title_or_tag,1,1,government:1,job_b4c4477d375fd1775bb2,梅州调查队综合科室一级科员,梅州调查队综合科室一级科员
梓潼调查队一级科员（1）,岗位标签,title_or_tag,1,1,government:1,job_9b1eccd621c3dad74a9f,梓潼调查队一级科员（1）,梓潼调查队一级科员（1）
梓潼调查队一级科员（2）,岗位标签,title_or_tag,1,1,government:1,job_dbf70b7d71dc9ab5b06e,梓潼调查队一级科员（2）,梓潼调查队一级科员（2）
检疫监管四级主办及以下,岗位标签,title_or_tag,1,1,government:1,job_716c0b26f9fcc118444b,检疫监管四级主办及以下,检疫监管四级主办及以下
检验检疫四级主办及以下（一）,岗位标签,title_or_tag,1,1,government:1,job_5e67b6a491113edc31b6,检验检疫四级主办及以下（一）,检验检疫四级主办及以下（一）
检验检疫四级主办及以下（三）,岗位标签,title_or_tag,1,1,government:1,job_8e11e189d76ab6daece9,检验检疫四级主办及以下（三）,检验检疫四级主办及以下（三）
检验检疫四级主办及以下（二）,岗位标签,title_or_tag,1,1,government:1,job_a2e7ed340657ad5508e3,检验检疫四级主办及以下（二）,检验检疫四级主办及以下（二）
检验监管四级主办及以下,岗位标签,title_or_tag,1,1,government:1,job_858636695fb5f70ec085,检验监管四级主办及以下,检验监管四级主办及以下
森林经理学（090704）,岗位角色,title_or_tag,1,1,government:1,job_1f44bb978cdadfb59c51,案件督办处一级主任科员及以下,森林经理学（090704）
森林资源监管处一级主任科员及以下,岗位标签,title_or_tag,1,1,government:1,job_3788ba6e6d31afd9a48c,森林资源监管处一级主任科员及以下,森林资源监管处一级主任科员及以下
植物保护、植物病理学、农业昆虫与害虫防治、植物学,岗位标签,title_or_tag,1,1,government:1,job_b9cb28f6ad9d8686a636,动植物检疫四级主办,植物保护、植物病理学、农业昆虫与害虫防治、植物学
植物保护、植物科学与技术、农学、森林保护、园艺,岗位标签,title_or_tag,1,1,government:1,job_930ba5be1a09703ac054,植物检疫一级行政执法员,植物保护、植物科学与技术、农学、森林保护、园艺
植物保护、植物科学与技术、种子科学与工程,岗位标签,title_or_tag,1,1,government:1,job_f9e51d7f83ecbf8100b9,植物检疫四级主办及以下,植物保护、植物科学与技术、种子科学与工程
植物保护、植物科学与技术、种子科学与工程、植物病理学、农业昆虫与害虫防治,岗位标签,title_or_tag,1,1,government:1,job_412ae74b02032f78950e,植物检疫四级主办及以下,植物保护、植物科学与技术、种子科学与工程、植物病理学、农业昆虫与害虫防治
植物检疫一级行政执法员（四）,岗位标签,title_or_tag,1,1,government:1,job_cc4c4dd3070bffc16d8a,植物检疫一级行政执法员（四）,植物检疫一级行政执法员（四）
植物检疫四级主办及以下（七）,岗位标签,title_or_tag,1,1,government:1,job_5e9e78bae3a3e368c892,植物检疫四级主办及以下（七）,植物检疫四级主办及以下（七）
植物检疫四级主办及以下（三）,岗位标签,title_or_tag,1,1,government:1,job_e1f8d4ae7094be0de959,植物检疫四级主办及以下（三）,植物检疫四级主办及以下（三）
植物检疫四级主办及以下（九）,岗位标签,title_or_tag,1,1,government:1,job_8298fc085f2b32b28cf5,植物检疫四级主办及以下（九）,植物检疫四级主办及以下（九）
植物检疫四级主办及以下（五）,岗位标签,title_or_tag,1,1,government:1,job_5cfd145bdc828f13ad57,植物检疫四级主办及以下（五）,植物检疫四级主办及以下（五）
植物检疫四级主办及以下（八）,岗位标签,title_or_tag,1,1,government:1,job_f8774e7c0ea81da824b1,植物检疫四级主办及以下（八）,植物检疫四级主办及以下（八）
植物检疫四级主办及以下（六）,岗位标签,title_or_tag,1,1,government:1,job_f20ab9a8cef3e2e7abd6,植物检疫四级主办及以下（六）,植物检疫四级主办及以下（六）
植物检疫四级主办及以下（十）,岗位标签,title_or_tag,1,1,government:1,job_d67485b9095139a28089,植物检疫四级主办及以下（十）,植物检疫四级主办及以下（十）
植物检疫四级主办及以下（四）,岗位标签,title_or_tag,1,1,government:1,job_c53b2744ca9ddd1cbcb9,植物检疫四级主办及以下（四）,植物检疫四级主办及以下（四）
植物检疫监管四级主办及以下,岗位标签,title_or_tag,1,1,government:1,job_6f04dd26e02a29aac980,植物检疫监管四级主办及以下,植物检疫监管四级主办及以下
榆林调查队业务科室一级科员,岗位标签,title_or_tag,1,1,government:1,job_1bd55ba74e7b88e55ba7,榆林调查队业务科室一级科员,榆林调查队业务科室一级科员
横州调查队一级科员,岗位标签,title_or_tag,1,1,government:1,job_f5145226f11f60ebe809,横州调查队一级科员,横州调查队一级科员
横琴海关缉私分局一级警长及以下,岗位标签,title_or_tag,1,1,government:1,job_6d0b346da2661aedfa89,横琴海关缉私分局一级警长及以下,横琴海关缉私分局一级警长及以下
欧亚处一级主任科员及以下,岗位标签,title_or_tag,1,1,government:1,job_c56528fcf408512eaf04,欧亚处一级主任科员及以下,欧亚处一级主任科员及以下
欧美处一级主任科员及以下,岗位标签,title_or_tag,1,1,government:1,job_fc84538e95c171e6ae92,欧美处一级主任科员及以下,欧美处一级主任科员及以下
正安调查队一级科员,岗位标签,title_or_tag,1,1,government:1,job_d68a16997b84aade18ca,正安调查队一级科员,正安调查队一级科员
武夷山调查队一级科员,岗位标签,title_or_tag,1,1,government:1,job_a9dc2421e369e07a6741,武夷山调查队一级科员,武夷山调查队一级科员
武安调查队一级科员,岗位标签,title_or_tag,1,1,government:1,job_669229ffbcbbf3583489,武安调查队一级科员,武安调查队一级科员
武汉调查队业务处室二级主任科员及以下（1）,岗位标签,title_or_tag,1,1,government:1,job_264b8e75b93016441d44,武汉调查队业务处室二级主任科员及以下（1）,武汉调查队业务处室二级主任科员及以下（1）
武汉调查队业务处室二级主任科员及以下（2）,岗位标签,title_or_tag,1,1,government:1,job_0eeb1bb00c3afed2a76d,武汉调查队业务处室二级主任科员及以下（2）,武汉调查队业务处室二级主任科员及以下（2）
武清调查队综合科室一级科员,岗位标签,title_or_tag,1,1,government:1,job_c0443a4df7b64fea621d,武清调查队综合科室一级科员,武清调查队综合科室一级科员
武隆调查队综合科室一级科员,岗位标签,title_or_tag,1,1,government:1,job_ec41e8e120b70f44a430,武隆调查队综合科室一级科员,武隆调查队综合科室一级科员
毕节高新技术产业开发区税务分局一级行政执法员,岗位标签,title_or_tag,1,1,government:1,job_e3c714174a51fa5b8d4e,毕节高新技术产业开发区税务分局一级行政执法员,毕节高新技术产业开发区税务分局一级行政执法员
民商法学、经济法学、宪法学与行政法学,岗位标签,title_or_tag,1,1,government:1,job_8efb47a0bab38cd034fa,业务处室一级主任科员及以下,民商法学、经济法学、宪法学与行政法学
民商法学、经济法学、法律与金融、法与经济学,岗位标签,title_or_tag,1,1,government:1,job_c95de247b119e21b6e69,辖区法律类监管岗位一级主任科员及以下,民商法学、经济法学、法律与金融、法与经济学
民商法学、经济法学、行政法学、环境与资源保护法学,岗位标签,title_or_tag,1,1,government:1,job_dde6e8a1cca304eef0ca,业务处室一级主任科员及以下,民商法学、经济法学、行政法学、环境与资源保护法学
民商法学、经济法学、诉讼法学,岗位标签,title_or_tag,1,1,government:1,job_46858db40f330d0026a4,业务处室一级主任科员及以下,民商法学、经济法学、诉讼法学
民商法学、诉讼法学、国际法学法律（法学)、法律（法学）,岗位标签,title_or_tag,1,1,government:1,job_f7d5ff5114636eb22a63,一级行政执法员（二）,民商法学、诉讼法学、国际法学法律（法学)、法律（法学）
气候处（综合处）一级主任科员及以下,岗位标签,title_or_tag,1,1,government:1,job_fc524092247cbf3fe365,气候处（综合处）一级主任科员及以下,气候处（综合处）一级主任科员及以下
气象学,岗位标签,title_or_tag,1,1,government:1,job_57e7ba66b2c56966cb88,办公室二级主任科员及以下,气象学
气象学、大气科学、大气遥感与大气探测,岗位标签,title_or_tag,1,1,government:1,job_b06c5553ed589bcdb409,观测与网络处一级主任科员及以下,气象学、大气科学、大气遥感与大气探测
气象类 、电子信息工程、电子与计算机工程,岗位标签,title_or_tag,1,1,government:1,job_4a1d25df45dce622d0f8,防灾减灾科一级主任科员及以下,气象类 、电子信息工程、电子与计算机工程
气象类、地理科学类、电子信息类、计算机类,岗位标签,title_or_tag,1,1,government:1,job_db6ba70654214110ea58,应急减灾科一级科员及以下,气象类、地理科学类、电子信息类、计算机类
气象类、气象相关类和信息技术类,岗位标签,title_or_tag,1,1,government:1,job_8d28798841ae3d927bfd,防灾减灾科一级主任科员及以下,气象类、气象相关类和信息技术类
气象类、法学类、中国语言文学类,岗位标签,title_or_tag,1,1,government:1,job_4bc3dadcd9a2974af338,综合管理科一级主任科员及以下,气象类、法学类、中国语言文学类
气象类、海洋科学类,岗位标签,title_or_tag,1,1,government:1,job_126cf7d63ba073193d69,办公室 一级主任科员及以下,气象类、海洋科学类
气象类、环境科学与工程类、电子信息类,岗位标签,title_or_tag,1,1,government:1,job_b6a175c70ad01ff32aa4,应急减灾科一级主任科员及以下,气象类、环境科学与工程类、电子信息类
气象类、计算机科学与技术、网络工程,岗位标签,title_or_tag,1,1,government:1,job_b6865b273621d5cbc759,防灾减灾科业务管理一级科员及以下,气象类、计算机科学与技术、网络工程
气象类、通信工程、电子信息工程,岗位标签,title_or_tag,1,1,government:1,job_08c4967f308956a599b7,综合管理办公室一级主任科员及以下,气象类、通信工程、电子信息工程
气象类和气象相关类,岗位标签,title_or_tag,1,1,government:1,job_c6aa3c537d837756982f,防灾减灾科一级主任科员及以下,气象类和气象相关类
气象类，人力资源管理、计算机科学与技术、网络工程、电子信息工程专业,岗位标签,title_or_tag,1,1,government:1,job_eb73ace66e36e493df11,办公室（人事教育科）一级主任科员及以下,气象类，人力资源管理、计算机科学与技术、网络工程、电子信息工程专业
气象类，数学类，物理学类，计算机算科学与技术、网络工程、软件工程专业,岗位标签,title_or_tag,1,1,government:1,job_aa4972f36bc55ad41bf2,防灾减灾科一级主任科员及以下,气象类，数学类，物理学类，计算机算科学与技术、网络工程、软件工程专业
气象类，汉语言文学、行政管理、秘书学、应急管理专业,岗位标签,title_or_tag,1,1,government:1,job_91ea7a7c7a5ca8207dcf,办公室一级主任科员及以下,气象类，汉语言文学、行政管理、秘书学、应急管理专业
气象类，秘书学、汉语言文学、汉语言、中国语言与文化、语言学及应用语言学专业,岗位标签,title_or_tag,1,1,government:1,job_eaf53a9529d9c36d60ba,办公室一级主任科员及以下,气象类，秘书学、汉语言文学、汉语言、中国语言与文化、语言学及应用语言学专业
气象类，纪检监察学专业、审计学专业、会计学专业,岗位标签,title_or_tag,1,1,government:1,job_569d157012c77e87105c,纪检组一级主任科员及以下,气象类，纪检监察学专业、审计学专业、会计学专业
气象类，行政管理、社会保障,岗位标签,title_or_tag,1,1,government:1,job_430f492da2b8d6d17ae1,人事科一级主任科员及以下,气象类，行政管理、社会保障
气象类，计算机科学与技术、软件工程、网络工程、计算机技术、智能信息技术专业,岗位标签,title_or_tag,1,1,government:1,job_ab90a55ca906983fa9e9,人事处一级主任科员及以下,气象类，计算机科学与技术、软件工程、网络工程、计算机技术、智能信息技术专业
气象类，资源利用与植物保护、自然地理学、地图学与地理信息系统专业,岗位标签,title_or_tag,1,1,government:1,job_e5e37252eb4ec46703a3,业务管理科一级主任科员及以下,气象类，资源利用与植物保护、自然地理学、地图学与地理信息系统专业
气象类；地理科学类；电子信息类；计算机类,岗位标签,title_or_tag,1,1,government:1,job_dc1db74540a4721b420a,防灾减灾科一级科员及以下,气象类；地理科学类；电子信息类；计算机类
气象类；电子信息类,岗位标签,title_or_tag,1,1,government:1,job_5ff3cadd77131ecb1e87,防灾减灾科一级科员及以下,气象类；电子信息类
气象类；电子信息类；农学、植物保护,岗位标签,title_or_tag,1,1,government:1,job_f1c9a8669730d443d508,防灾减灾科一级科员及以下,气象类；电子信息类；农学、植物保护
气象类；电子信息类；计算机类；新闻学、网络与新媒体,岗位标签,title_or_tag,1,1,government:1,job_a63942a00ed8625fd483,防灾减灾科一级科员及以下,气象类；电子信息类；计算机类；新闻学、网络与新媒体
气象类；计算机科学与技术类；软件工程类；电子信息类,岗位标签,title_or_tag,1,1,government:1,job_dd3d91c4d8b6a17869f2,业务科技科四级主任科员及以下,气象类；计算机科学与技术类；软件工程类；电子信息类
水利工程、中国语言文学（限中国现当代文学、语言学及应用语言学）、审计,岗位标签,title_or_tag,1,1,government:1,job_dc688b3c2f8f969ad3e7,纪检组纪检一室一级主任科员及以下,水利工程、中国语言文学（限中国现当代文学、语言学及应用语言学）、审计
水利工程、交通运输工程、测绘科学与技术、船舶与海洋工程、环境科学与工程,岗位标签,title_or_tag,1,1,government:1,job_1bb8a403148b02f55dfb,航道与通航管理处一级主任科员及以下,水利工程、交通运输工程、测绘科学与技术、船舶与海洋工程、环境科学与工程
水利工程、农业水土工程,岗位标签,title_or_tag,1,1,government:1,job_01f657c7def657d6df2a,内设处室一级主任科员及以下,水利工程、农业水土工程
水利工程、土木工程（限结构工程、岩土工程）、建筑学,岗位标签,title_or_tag,1,1,government:1,job_f5c305629fa997c71d07,工务科（监督与科技科）一级主任科员及以下,水利工程、土木工程（限结构工程、岩土工程）、建筑学
水利工程、土木工程（限结构工程、岩土工程）、法学、法律,岗位标签,title_or_tag,1,1,government:1,job_d923b47d138004fe161c,水政与河湖处（水政监察支队）一级主任科员及以下,水利工程、土木工程（限结构工程、岩土工程）、法学、法律
水利工程、土木工程（限结构工程、岩土工程）、测绘科学与技术,岗位标签,title_or_tag,1,1,government:1,job_28742af5b412b4031ad8,水旱灾害防御科一级主任科员及以下,水利工程、土木工程（限结构工程、岩土工程）、测绘科学与技术
水利工程、土木工程（限结构工程、岩土工程）、电子信息（限计算机技术、控制工程）,岗位标签,title_or_tag,1,1,government:1,job_03c1d2141db515925d52,工务科（监督与科技科）一级主任科员及以下,水利工程、土木工程（限结构工程、岩土工程）、电子信息（限计算机技术、控制工程）
水利工程、地质资源与地质工程、计算机科学与技术,岗位标签,title_or_tag,1,1,government:1,job_e7babad3da3201164517,办公室督查室一级主任科员及以下,水利工程、地质资源与地质工程、计算机科学与技术
水利工程、计算机科学与技术（限计算机应用技术）,岗位标签,title_or_tag,1,1,government:1,job_677cfb699a4e5176aa5b,人事处一级主任科员及以下,水利工程、计算机科学与技术（限计算机应用技术）
水利工程、马克思主义理论、政治学,岗位标签,title_or_tag,1,1,government:1,job_d6c0eb22b309e58a4f78,新乡黄河工会一级主任科员及以下,水利工程、马克思主义理论、政治学
水利工程（0815）、 水利工程（085902）,岗位标签,title_or_tag,1,1,government:1,job_a00f413258ec706e9424,业务管理部门一级主任科员及以下,水利工程（0815）、 水利工程（085902）
水利工程（0815）、农业水土工程（082802）,岗位标签,title_or_tag,1,1,government:1,job_db4a5d2b9f0a4dcdbade,规划计划处一级主任科员及以下,水利工程（0815）、农业水土工程（082802）
水利工程（0815，085902）、土木水利（0859，仅限水利方向）,岗位标签,title_or_tag,1,1,government:1,job_5eea87ed4ca0409ae8f7,规划计划处一级主任科员及以下,水利工程（0815，085902）、土木水利（0859，仅限水利方向）
水利工程（限水利水电工程、水工结构工程、水力学及河流动力学、港口海岸及近海工程）,岗位标签,title_or_tag,1,1,government:1,job_6cdf0f0dd60b19513a2d,办公室一级主任科员及以下,水利工程（限水利水电工程、水工结构工程、水力学及河流动力学、港口海岸及近海工程）
水利工程（限水利水电工程、水工结构工程）,岗位标签,title_or_tag,1,1,government:1,job_f57fb5e790282bb9d84e,建设与运行管理局基本建设处一级主任科员及以下,水利工程（限水利水电工程、水工结构工程）
水利工程（限水利水电工程、水工结构工程）、资源与环境(限地质工程),岗位标签,title_or_tag,1,1,government:1,job_aaff37dd5c03167ba596,建设与运行管理局综合与水库管理处一级主任科员及以下,水利工程（限水利水电工程、水工结构工程）、资源与环境(限地质工程)
水利工程（限水利水电工程）、林学（限水土保持与荒漠化防治、森林培育）,岗位标签,title_or_tag,1,1,government:1,job_11a52b3961eab9d48528,水土保持局（农村水利水电局）预防监督处一级主任科员及以下,水利工程（限水利水电工程）、林学（限水土保持与荒漠化防治、森林培育）
水利工程（限水利水电工程）、管理科学与工程,岗位标签,title_or_tag,1,1,government:1,job_193aa6e124487df32d17,工务处（监督处）一级主任科员及以下,水利工程（限水利水电工程）、管理科学与工程
水利工程（限水利水电工程）、计算机科学与技术（限计算机应用技术）,岗位标签,title_or_tag,1,1,government:1,job_387ec1b58f18b9e2b227,防汛滞洪办公室一级主任科员及以下,水利工程（限水利水电工程）、计算机科学与技术（限计算机应用技术）
水利工程（限水力学及河流动力学、水工结构工程、水利水电工程、港口海岸及近海工程）,岗位标签,title_or_tag,1,1,government:1,job_829e8b2c28bdab0dd926,规划计划处一级主任科员及以下,水利工程（限水力学及河流动力学、水工结构工程、水利水电工程、港口海岸及近海工程）
水利工程（限水力学及河流动力学、水工结构工程、水利水电工程）,岗位标签,title_or_tag,1,1,government:1,job_0d1f022bfa502f5d37f1,机关党委一级主任科员及以下,水利工程（限水力学及河流动力学、水工结构工程、水利水电工程）
水利工程（限水文学及水资源、水力学及河流动力学、水利水电工程）,岗位标签,title_or_tag,1,1,government:1,job_6b86c6b557dbe8a12f05,水旱灾害防御局保障处一级主任科员及以下,水利工程（限水文学及水资源、水力学及河流动力学、水利水电工程）
水利水电、电气工程等电力相关专业,岗位标签,title_or_tag,1,1,government:1,job_b58456cfe81c97087647,水能处一级主任科员及以下,水利水电、电气工程等电力相关专业
水利水电工程,岗位标签,title_or_tag,1,1,government:1,job_703657a3852b20895890,监察执法处一级主任科员及以下,水利水电工程
水利管理科一级主任科员及以下,岗位标签,title_or_tag,1,1,government:1,job_92c3d674680b82be9f4f,水利管理科一级主任科员及以下,水利管理科一级主任科员及以下
水口关出入境边防检查站一级警长及以下（一）,岗位标签,title_or_tag,1,1,government:1,job_bd5f85b8ed3fcedb5dba,水口关出入境边防检查站一级警长及以下（一）,水口关出入境边防检查站一级警长及以下（一）
水口关出入境边防检查站一级警长及以下（二）,岗位标签,title_or_tag,1,1,government:1,job_3f3fc5face225d2a792a,水口关出入境边防检查站一级警长及以下（二）,水口关出入境边防检查站一级警长及以下（二）
水口海关缉私分局一级警长及以下,岗位标签,title_or_tag,1,1,government:1,job_95962cafbb461b9e3f98,水口海关缉私分局一级警长及以下,水口海关缉私分局一级警长及以下
水土保持与荒漠化防治（090707）、农业水土工程（082802）,岗位标签,title_or_tag,1,1,government:1,job_c791fc57ddf6fc7188bd,水土保持处（农水水电处）一级主任科员及以下,水土保持与荒漠化防治（090707）、农业水土工程（082802）
水土保持处（农村水利水电处）一级主任科员及以下,岗位标签,title_or_tag,1,1,government:1,job_4bedafa9c169baaa2803,水土保持处（农村水利水电处）一级主任科员及以下,水土保持处（农村水利水电处）一级主任科员及以下
水土保持处（农水水电处）一级主任科员及以下,岗位标签,title_or_tag,1,1,government:1,job_c791fc57ddf6fc7188bd,水土保持处（农水水电处）一级主任科员及以下,水土保持处（农水水电处）一级主任科员及以下
水土保持局（农村水利水电局）预防监督处一级主任科员及以下,岗位标签,title_or_tag,1,1,government:1,job_11a52b3961eab9d48528,水土保持局（农村水利水电局）预防监督处一级主任科员及以下,水土保持局（农村水利水电局）预防监督处一级主任科员及以下
水政水资源与河湖监督处（水政监察总队）一级主任科员及以下,岗位标签,title_or_tag,1,1,government:1,job_e60e3768958680b467c4,水政水资源与河湖监督处（水政监察总队）一级主任科员及以下,水政水资源与河湖监督处（水政监察总队）一级主任科员及以下
水政水资源处（水政监察总队、水旱灾害防御处）一级主任科员及以下,岗位标签,title_or_tag,1,1,government:1,job_26b1b61a221cbf119a6d,水政水资源处（水政监察总队、水旱灾害防御处）一级主任科员及以下,水政水资源处（水政监察总队、水旱灾害防御处）一级主任科员及以下
水政监察总队察尔森监察支队一级主任科员及以下,岗位标签,title_or_tag,1,1,government:1,job_3b75e01230c926ed2149,水政监察总队察尔森监察支队一级主任科员及以下,水政监察总队察尔森监察支队一级主任科员及以下
水政监察总队尼尔基监察支队一级主任科员及以下,岗位标签,title_or_tag,1,1,government:1,job_f1ec1bbe211bb55b0a37,水政监察总队尼尔基监察支队一级主任科员及以下,水政监察总队尼尔基监察支队一级主任科员及以下
水旱灾害防御局保障处一级主任科员及以下,岗位标签,title_or_tag,1,1,government:1,job_6b86c6b557dbe8a12f05,水旱灾害防御局保障处一级主任科员及以下,水旱灾害防御局保障处一级主任科员及以下
水生生物学、生态学、捕捞学、渔业资源、海洋生物学、环境与资源保护法学,岗位标签,title_or_tag,1,1,government:1,job_a18b64f52c66b3561e95,执法监督处一级主任科员及以下,水生生物学、生态学、捕捞学、渔业资源、海洋生物学、环境与资源保护法学
水能处一级主任科员及以下,岗位标签,title_or_tag,1,1,government:1,job_b58456cfe81c97087647,水能处一级主任科员及以下,水能处一级主任科员及以下
水资源管理处一级主任科员及以下,岗位标签,title_or_tag,1,1,government:1,job_8625874aa1257cf60f3e,水资源管理处一级主任科员及以下,水资源管理处一级主任科员及以下
水资源节约与保护处一级主任科员及以下,岗位标签,title_or_tag,1,1,government:1,job_23eaad3ac1ee3febc08a,水资源节约与保护处一级主任科员及以下,水资源节约与保护处一级主任科员及以下
水资源配置处一级主任科员及以下,岗位标签,title_or_tag,1,1,government:1,job_8ea89763fa9adb5c71d9,水资源配置处一级主任科员及以下,水资源配置处一级主任科员及以下
永善调查队一级科员,岗位标签,title_or_tag,1,1,government:1,job_8f8e36941bbf33ba9f05,永善调查队一级科员,永善调查队一级科员
永城调查队一级科员,岗位标签,title_or_tag,1,1,government:1,job_bd6f8b8419c120e9242d,永城调查队一级科员,永城调查队一级科员
永德调查队一级科员,岗位标签,title_or_tag,1,1,government:1,job_b2af027544db03c7a617,永德调查队一级科员,永德调查队一级科员
永登调查队一级科员,岗位标签,title_or_tag,1,1,government:1,job_f637b353d4ac15e3f5cb,永登调查队一级科员,永登调查队一级科员
汇价市场处一级主任科员及以下,岗位标签,title_or_tag,1,1,government:1,job_ce43707124aeafa7a19f,汇价市场处一级主任科员及以下,汇价市场处一级主任科员及以下
汉语言、汉语言文学、秘书学、新闻学（专业代码050301）,岗位标签,title_or_tag,1,1,government:1,job_fe59c2e261fa052a0fb1,综合部门一级主任科员及以下,汉语言、汉语言文学、秘书学、新闻学（专业代码050301）
汉语言文学、人力资源管理、劳动关系,岗位标签,title_or_tag,1,1,government:1,job_bdeae0efe5da0e97d3cd,一级行政执法员（七）,汉语言文学、人力资源管理、劳动关系
汉语言文学、会计学、邮政管理、审计学、法学（以上均为专业名称）,岗位标签,title_or_tag,1,1,government:1,job_20b5a3d4043e1181a7f8,一级主任科员及以下,汉语言文学、会计学、邮政管理、审计学、法学（以上均为专业名称）
汉语言文学、历史学、哲学、马克思主义理论类,岗位标签,title_or_tag,1,1,government:1,job_0cfaea043a02f8ec4a6f,辖区财金类监管岗位一级主任科员及以下,汉语言文学、历史学、哲学、马克思主义理论类
汉语言文学、哲学、思想政治教育,岗位标签,title_or_tag,1,1,government:1,job_511fde698db7c69bf213,办公宣传四级主办及以下,汉语言文学、哲学、思想政治教育
汉语言文学、新闻学、传播学,岗位标签,title_or_tag,1,1,government:1,job_90d3461341fc223c9d38,一级行政执法员（五）,汉语言文学、新闻学、传播学
汉语言文学、新闻学、网络与新媒体,岗位标签,title_or_tag,1,1,government:1,job_6c69a8164f070ae65000,一级行政执法员（二）,汉语言文学、新闻学、网络与新媒体
汉语言文学、汉语言、中国语言与文化,岗位标签,title_or_tag,1,1,government:1,job_9610ccf3b5a014135db1,辖区财金类监管岗位一级主任科员及以下,汉语言文学、汉语言、中国语言与文化
汉语言文学、汉语言、中国语言文学,岗位标签,title_or_tag,1,1,government:1,job_9e61f4ba638ab03ef591,机关处室二级主任科员及以下,汉语言文学、汉语言、中国语言文学
汉语言文学、汉语言、应用语言学,岗位标签,title_or_tag,1,1,government:1,job_e24f81c4c8d40922726c,一级行政执法员（二十八）,汉语言文学、汉语言、应用语言学
汉语言文学、汉语言、应用语言学、秘书学、新闻学、传播学、国际新闻与传播,岗位标签,title_or_tag,1,1,government:1,job_468d25e5e7aff59bde9d,综合业务一级行政执法员,汉语言文学、汉语言、应用语言学、秘书学、新闻学、传播学、国际新闻与传播
汉语言文学、汉语言、新闻学,岗位标签,title_or_tag,1,1,government:1,job_3b03930254df4812c19f,综合管理一级行政执法员,汉语言文学、汉语言、新闻学
汉语言文学、汉语言、新闻学、中国语言文学、新闻传播学,岗位标签,title_or_tag,1,1,government:1,job_2285aff77cbace98a77c,办公综合四级主办及以下,汉语言文学、汉语言、新闻学、中国语言文学、新闻传播学
汉语言文学、汉语言、新闻学、传播学、网络与新媒体、国际新闻与传播、公共管理类,岗位标签,title_or_tag,1,1,government:1,job_6c47cf73855193c550fe,驻福清办事处综合管理一级行政执法员,汉语言文学、汉语言、新闻学、传播学、网络与新媒体、国际新闻与传播、公共管理类
汉语言文学、汉语言、新闻学、传播学、网络与新媒体、国际新闻与传播、历史学、中国史,岗位标签,title_or_tag,1,1,government:1,job_df99e6574d626bb0aa27,综合管理四级主办及以下,汉语言文学、汉语言、新闻学、传播学、网络与新媒体、国际新闻与传播、历史学、中国史
汉语言文学、汉语言、法学（以上均为专业名称）,岗位标签,title_or_tag,1,1,government:1,job_b0bc3342de8b8b97e72d,一级主任科员及以下,汉语言文学、汉语言、法学（以上均为专业名称）
汉语言文学、汉语言、秘书学、新闻学、传播学、网络与新媒体、哲学,岗位标签,title_or_tag,1,1,government:1,job_d0a1fe2beb2409762df7,办公综合一级行政执法员,汉语言文学、汉语言、秘书学、新闻学、传播学、网络与新媒体、哲学
汉语言文学、法学 、新闻学、新闻传播学、思想政治教育（以上均为专业名称）,岗位标签,title_or_tag,1,1,government:1,job_9bb007fccdc3bca9d714,一级科员,汉语言文学、法学 、新闻学、新闻传播学、思想政治教育（以上均为专业名称）
汉语言文学、法学、新闻学、新闻传播学、思想政治教育（以上均为专业名称）,岗位标签,title_or_tag,1,1,government:1,job_7fdee2ddabd3886c297a,一级科员,汉语言文学、法学、新闻学、新闻传播学、思想政治教育（以上均为专业名称）
汉语言文学、法学、新闻学（以上均为专业名称）,岗位标签,title_or_tag,1,1,government:1,job_2cd160f9f56c62ee3d55,一级科员二,汉语言文学、法学、新闻学（以上均为专业名称）
汉语言文学、秘书学、邮政管理、邮政工程、物流管理（以上均为专业名称）,岗位标签,title_or_tag,1,1,government:1,job_7339f0b17149cc4843a2,一级主任科员及以下,汉语言文学、秘书学、邮政管理、邮政工程、物流管理（以上均为专业名称）
汉语言文学、计算机科学与技术、会计学、会计,岗位标签,title_or_tag,1,1,government:1,job_388a3b8c4c3a9ed0cd33,边检站一级警长及以下（十七）,汉语言文学、计算机科学与技术、会计学、会计
汉语言文学（专业代码050101）、汉语言（专业代码050102）,岗位标签,title_or_tag,1,1,government:1,job_ad937db66dab910226ad,综合部门一级主任科员及以下,汉语言文学（专业代码050101）、汉语言（专业代码050102）
汕头调查队综合科室四级主任科员,岗位标签,title_or_tag,1,1,government:1,job_3e63124af9e8daa7696f,汕头调查队综合科室四级主任科员,汕头调查队综合科室四级主任科员
汕尾海关缉私分局一级警长及以下,岗位标签,title_or_tag,1,1,government:1,job_13dab6c76213cc7c0435,汕尾海关缉私分局一级警长及以下,汕尾海关缉私分局一级警长及以下
汝南调查队一级科员,岗位标签,title_or_tag,1,1,government:1,job_4ee4012bf5dbf87057cb,汝南调查队一级科员,汝南调查队一级科员
江安调查队一级科员,岗位标签,title_or_tag,1,1,government:1,job_1fb2c138c9126b8970c3,江安调查队一级科员,江安调查队一级科员
江苏调查总队农业调查处四级主任科员,岗位标签,title_or_tag,1,1,government:1,job_e5ba0db5c0de1593941e,江苏调查总队农业调查处四级主任科员,江苏调查总队农业调查处四级主任科员
江西业务办公室一级主任科员及以下,岗位标签,title_or_tag,1,1,government:1,job_45d6416f315293099120,江西业务办公室一级主任科员及以下,江西业务办公室一级主任科员及以下
江西调查总队业务或行政处室二级主任科员及以下（1）,岗位标签,title_or_tag,1,1,government:1,job_284617d2e88b3681529d,江西调查总队业务或行政处室二级主任科员及以下（1）,江西调查总队业务或行政处室二级主任科员及以下（1）
江西调查总队业务或行政处室二级主任科员及以下（2）,岗位标签,title_or_tag,1,1,government:1,job_193025b1399843cbd4fd,江西调查总队业务或行政处室二级主任科员及以下（2）,江西调查总队业务或行政处室二级主任科员及以下（2）
江门调查队业务科室一级科员,岗位标签,title_or_tag,1,1,government:1,job_35746b27117543a388bf,江门调查队业务科室一级科员,江门调查队业务科室一级科员
江门调查队综合科室一级科员,岗位标签,title_or_tag,1,1,government:1,job_122ce4c0ad023e01ef42,江门调查队综合科室一级科员,江门调查队综合科室一级科员
江阴边检站一级警长及以下,岗位标签,title_or_tag,1,1,government:1,job_f229b0c7de9763e2d557,江阴边检站一级警长及以下,江阴边检站一级警长及以下
池州调查队业务科室四级主任科员及以下,岗位标签,title_or_tag,1,1,government:1,job_e0deb48b4ea93d046528,池州调查队业务科室四级主任科员及以下,池州调查队业务科室四级主任科员及以下
池州边检站一级警长及以下,岗位标签,title_or_tag,1,1,government:1,job_b62d20c39c3f98d52e1a,池州边检站一级警长及以下,池州边检站一级警长及以下
汨罗调查队一级科员,岗位标签,title_or_tag,1,1,government:1,job_f82e7308c29660d587b3,汨罗调查队一级科员,汨罗调查队一级科员
沈阳出入境边防检查站一级警长及以下（一）,岗位标签,title_or_tag,1,1,government:1,job_9f2f8b3fd2235893423e,沈阳出入境边防检查站一级警长及以下（一）,沈阳出入境边防检查站一级警长及以下（一）
沈阳出入境边防检查站一级警长及以下（二）,岗位标签,title_or_tag,1,1,government:1,job_0ff0b2b0d402b291510a,沈阳出入境边防检查站一级警长及以下（二）,沈阳出入境边防检查站一级警长及以下（二）
沈阳调查队业务处室二级主任科员及以下,岗位标签,title_or_tag,1,1,government:1,job_1ec346b0f9a34049ff81,沈阳调查队业务处室二级主任科员及以下,沈阳调查队业务处室二级主任科员及以下
沭河水利管理局一级主任科员及以下,岗位标签,title_or_tag,1,1,government:1,job_0685ba67547f9e628454,沭河水利管理局一级主任科员及以下,沭河水利管理局一级主任科员及以下
河东河道管理局一级主任科员及以下,岗位标签,title_or_tag,1,1,government:1,job_048f1857862cf075d7ac,河东河道管理局一级主任科员及以下,河东河道管理局一级主任科员及以下
河北调查总队业务处室四级主任科员,岗位标签,title_or_tag,1,1,government:1,job_d4413baa1b3027de942a,河北调查总队业务处室四级主任科员,河北调查总队业务处室四级主任科员
河北调查总队综合处室四级主任科员（1）,岗位标签,title_or_tag,1,1,government:1,job_e9d93d510c9589b23e0a,河北调查总队综合处室四级主任科员（1）,河北调查总队综合处室四级主任科员（1）
河北调查总队综合处室四级主任科员（2）,岗位标签,title_or_tag,1,1,government:1,job_a3390ac3a18eaff6b6ef,河北调查总队综合处室四级主任科员（2）,河北调查总队综合处室四级主任科员（2）
河北调查总队综合处室四级主任科员（3）,岗位标签,title_or_tag,1,1,government:1,job_4b72f3de160b881268a1,河北调查总队综合处室四级主任科员（3）,河北调查总队综合处室四级主任科员（3）
河南调查总队综合处室二级主任科员及以下,岗位标签,title_or_tag,1,1,government:1,job_51e994cce44f6e132abe,河南调查总队综合处室二级主任科员及以下,河南调查总队综合处室二级主任科员及以下
河口调查队一级科员,岗位标签,title_or_tag,1,1,government:1,job_c05835ec374c48302593,河口调查队一级科员,河口调查队一级科员
河湖管理处一级主任科员及以下,岗位标签,title_or_tag,1,1,government:1,job_a4e907a359cc2fca2e37,河湖管理处一级主任科员及以下,河湖管理处一级主任科员及以下
河源调查队综合科室一级科员,岗位标签,title_or_tag,1,1,government:1,job_3effb8ba1e059e1f2f8c,河源调查队综合科室一级科员,河源调查队综合科室一级科员
河道管理二处一级主任科员及以下,岗位标签,title_or_tag,1,1,government:1,job_4afb59c31bacd1061ac6,河道管理二处一级主任科员及以下,河道管理二处一级主任科员及以下
油气储运工程、轮机工程、船舶与海洋结构物设计制造、船舶工程硕士,岗位标签,title_or_tag,1,1,government:1,job_9405e70bd24600546b05,一级行政执法员（四）,油气储运工程、轮机工程、船舶与海洋结构物设计制造、船舶工程硕士
沽源调查队一级科员,岗位标签,title_or_tag,1,1,government:1,job_67fb99634b830bf671e6,沽源调查队一级科员,沽源调查队一级科员
泉州调查队业务科室一级科员,岗位标签,title_or_tag,1,1,government:1,job_9a1fa2ce992066271d43,泉州调查队业务科室一级科员,泉州调查队业务科室一级科员
法制工作四级主办及以下（一）,岗位标签,title_or_tag,1,1,government:1,job_1ac2784aa448276fb60c,法制工作四级主办及以下（一）,法制工作四级主办及以下（一）
法制工作四级主办及以下（二）,岗位标签,title_or_tag,1,1,government:1,job_f668641f4b554c2867c4,法制工作四级主办及以下（二）,法制工作四级主办及以下（二）
法制工作四级主办（一）,岗位标签,title_or_tag,1,1,government:1,job_7565503710bf23067eb5,法制工作四级主办（一）,法制工作四级主办（一）
法制工作四级主办（二）,岗位标签,title_or_tag,1,1,government:1,job_db78a046e1ea12237906,法制工作四级主办（二）,法制工作四级主办（二）
法制总队一级警长及以下,岗位标签,title_or_tag,1,1,government:1,job_86e447adc803459bdbdf,法制总队一级警长及以下,法制总队一级警长及以下
法制管理四级主办及以下（七）,岗位标签,title_or_tag,1,1,government:1,job_39f8303cbaa704ab5b70,法制管理四级主办及以下（七）,法制管理四级主办及以下（七）
法制管理四级主办及以下（三）,岗位标签,title_or_tag,1,1,government:1,job_41a65b99e616c6247dd8,法制管理四级主办及以下（三）,法制管理四级主办及以下（三）
法制管理四级主办及以下（五）,岗位标签,title_or_tag,1,1,government:1,job_7bfba5bab4c890be4874,法制管理四级主办及以下（五）,法制管理四级主办及以下（五）
法制管理四级主办及以下（八）,岗位标签,title_or_tag,1,1,government:1,job_45ae20ca253de76d71c7,法制管理四级主办及以下（八）,法制管理四级主办及以下（八）
法制管理四级主办及以下（六）,岗位标签,title_or_tag,1,1,government:1,job_f50a6f16885ec8eb9caf,法制管理四级主办及以下（六）,法制管理四级主办及以下（六）
法制管理四级主办及以下（四）,岗位标签,title_or_tag,1,1,government:1,job_aa5a96aef1a196491798,法制管理四级主办及以下（四）,法制管理四级主办及以下（四）
法制管理四级主办（一）,岗位标签,title_or_tag,1,1,government:1,job_4af18ad63052645707b7,法制管理四级主办（一）,法制管理四级主办（一）
法制管理四级主办（二）,岗位标签,title_or_tag,1,1,government:1,job_9fafb6adc1c36ff1f32c,法制管理四级主办（二）,法制管理四级主办（二）
法制计量处一级主任科员及以下,岗位标签,title_or_tag,1,1,government:1,job_ce2b742b6b82b7531f75,法制计量处一级主任科员及以下,法制计量处一级主任科员及以下
法务一级行政执法员（一）,岗位标签,title_or_tag,1,1,government:1,job_a8294e44cc2df39506b3,法务一级行政执法员（一）,法务一级行政执法员（一）
法务一级行政执法员（二）,岗位标签,title_or_tag,1,1,government:1,job_78d1d9b62869d499a68e,法务一级行政执法员（二）,法务一级行政执法员（二）
法务二级主办及以下,岗位标签,title_or_tag,1,1,government:1,job_47e2ed6ff57ff360949c,法务二级主办及以下,法务二级主办及以下
法务二级主办及以下（一）,岗位标签,title_or_tag,1,1,government:1,job_76f99e065e0467842e1c,法务二级主办及以下（一）,法务二级主办及以下（一）
法务二级主办及以下（二）,岗位标签,title_or_tag,1,1,government:1,job_156e90c029d822692685,法务二级主办及以下（二）,法务二级主办及以下（二）
法务四级主办及以下,岗位标签,title_or_tag,1,1,government:1,job_c8b8b1910a60cde446bc,法务四级主办及以下,法务四级主办及以下
法务管理岗位一级主任科员及以下,岗位标签,title_or_tag,1,1,government:1,job_535b908c4eb6907ae470,法务管理岗位一级主任科员及以下,法务管理岗位一级主任科员及以下
法学 （0301）,岗位标签,title_or_tag,1,1,government:1,job_e6f78393a027f3096a63,瑞丽遣返中心执行队一级警长及以下（一）,法学 （0301）
法学、会计学、审计学,岗位标签,title_or_tag,1,1,government:1,job_ddf28d41f3122c0ed67e,综合管理一级行政执法员,法学、会计学、审计学
法学、会计学、汉语言文学、秘书学、计算机科学与技术、邮政管理（以上均为专业名称）,岗位标签,title_or_tag,1,1,government:1,job_80b66964f7e6c6d633b4,一级主任科员及以下,法学、会计学、汉语言文学、秘书学、计算机科学与技术、邮政管理（以上均为专业名称）
法学、信用风险管理与法律防控,岗位标签,title_or_tag,1,1,government:1,job_5db60860f7b8adcb37f9,法规部门一级主任科员及以下,法学、信用风险管理与法律防控
法学、信用风险管理与法律防控、侦查学、经济犯罪侦查,岗位标签,title_or_tag,1,1,government:1,job_2a5d76087596ce067397,法制一级行政执法员,法学、信用风险管理与法律防控、侦查学、经济犯罪侦查
法学、信用风险管理与法律防控、国际经贸规则、知识产权,岗位标签,title_or_tag,1,1,government:1,job_ef78c3847b2ffd9b130f,法制一级行政执法员,法学、信用风险管理与法律防控、国际经贸规则、知识产权
法学、政治学、思想政治教育,岗位标签,title_or_tag,1,1,government:1,job_33acdfcf569b59b2f06c,综合处室一级主任科员及以下,法学、政治学、思想政治教育
法学、政治学、社会学,岗位标签,title_or_tag,1,1,government:1,job_2ca2be1a6861daa044bc,政策法规处一级主任科员及以下,法学、政治学、社会学
法学、政治学、社会学、马克思主义理论、中共党史党建学,岗位标签,title_or_tag,1,1,government:1,job_701bcda5891731a27716,党委办公室一级主任科员及以下,法学、政治学、社会学、马克思主义理论、中共党史党建学
法学、新闻学、汉语言文学、汉语言、秘书学（以上均为专业名称）,岗位标签,title_or_tag,1,1,government:1,job_a8aa28698554730f2ff3,一级科员,法学、新闻学、汉语言文学、汉语言、秘书学（以上均为专业名称）
法学、民商法学、汉语言文学、会计学、财务管理（以上均为专业名称）,岗位标签,title_or_tag,1,1,government:1,job_053932e0c4dc8bdfab1e,一级科员,法学、民商法学、汉语言文学、会计学、财务管理（以上均为专业名称）
法学、民商法学、汉语言文学、电子商务（以上均为专业名称）,岗位标签,title_or_tag,1,1,government:1,job_19db0ce124cdfb5a14be,一级科员,法学、民商法学、汉语言文学、电子商务（以上均为专业名称）
法学、汉语言文学、会计学、财务管理、行政管理（以上均为专业名称）,岗位标签,title_or_tag,1,1,government:1,job_da49c0be436d07e8ced5,一级科员,法学、汉语言文学、会计学、财务管理、行政管理（以上均为专业名称）
法学、汉语言文学、新闻学、广播电视学（以上均为专业名称）,岗位标签,title_or_tag,1,1,government:1,job_d26326bae24b799c83be,一级科员,法学、汉语言文学、新闻学、广播电视学（以上均为专业名称）
法学、汉语言文学、秘书学、计算机科学与技术、邮政管理(以上均为专业名称）,岗位标签,title_or_tag,1,1,government:1,job_c764186dfa9035f2a93d,一级主任科员及以下,法学、汉语言文学、秘书学、计算机科学与技术、邮政管理(以上均为专业名称）
法学、汉语言文学、行政管理(以上均为专业名称）,岗位标签,title_or_tag,1,1,government:1,job_ce348fc506100be9af0f,一级主任科员及以下,法学、汉语言文学、行政管理(以上均为专业名称）
法学、汉语言文学、计算机科学与技术(以上均为专业名称）,岗位标签,title_or_tag,1,1,government:1,job_4ff908a935fe99df9d6b,一级科员,法学、汉语言文学、计算机科学与技术(以上均为专业名称）
法学、汉语言文学、计算机科学与技术、邮政管理（以上均为专业名称）,岗位标签,title_or_tag,1,1,government:1,job_e1458bf583a99d92d64e,一级科员,法学、汉语言文学、计算机科学与技术、邮政管理（以上均为专业名称）
法学、汉语言文学、邮政管理、物流管理 、交通运输（以上均为专业名称）,岗位标签,title_or_tag,1,1,government:1,job_3af1bf44463cc2d89ac1,一级科员,法学、汉语言文学、邮政管理、物流管理 、交通运输（以上均为专业名称）
法学、法律、会计学、审计学、财务会计教育、会计、审计（以上均为专业名称）,岗位标签,title_or_tag,1,1,government:1,job_3c9524f059e7c5729f49,一级主任科员及以下,法学、法律、会计学、审计学、财务会计教育、会计、审计（以上均为专业名称）
法学、法律、国际法、司法警察学、国家安全学（以上均为专业名称）,岗位标签,title_or_tag,1,1,government:1,job_8bbf1e5cc881a72c6d22,一级科员,法学、法律、国际法、司法警察学、国家安全学（以上均为专业名称）
法学、法律、知识产权、信用风险管理与法律防控、国际经贸规则、国际法,岗位标签,title_or_tag,1,1,government:1,job_6ce8bb6ec3b4de5a017c,法制管理四级主办及以下,法学、法律、知识产权、信用风险管理与法律防控、国际经贸规则、国际法
法学、法律、财务管理、会计学（以上均为专业名称）,岗位标签,title_or_tag,1,1,government:1,job_cb930253be14d0f5be3e,一级主任科员及以下二,法学、法律、财务管理、会计学（以上均为专业名称）
法学、法律（专硕）,岗位标签,title_or_tag,1,1,government:1,job_9109ba89f9a181b996c3,辖区法律类监管岗位一级主任科员及以下,法学、法律（专硕）
法学、法律（法学）,岗位标签,title_or_tag,1,1,government:1,job_402d616de6cdd3ea64c6,辖区法律类监管岗位一级主任科员及以下,法学、法律（法学）
法学、海商法、国际法,岗位标签,title_or_tag,1,1,government:1,job_4db64176a61a4ac13464,一级行政执法员（四）,法学、海商法、国际法
法学、物流管理、邮政管理、物流工程、汉语言文学（以上均为专业名称）,岗位标签,title_or_tag,1,1,government:1,job_2b1402f2592ab7e67b68,一级主任科员及以下,法学、物流管理、邮政管理、物流工程、汉语言文学（以上均为专业名称）
法学、知识产权、信用风险管理与法律防控,岗位标签,title_or_tag,1,1,government:1,job_d99de6a26c6dc785b5ee,法制一级行政执法员,法学、知识产权、信用风险管理与法律防控
法学、知识产权、信用风险管理与法律防控、国际经贸规则、国际法,岗位标签,title_or_tag,1,1,government:1,job_0d628e3ec9d6b3e43f2d,法务一级行政执法员,法学、知识产权、信用风险管理与法律防控、国际经贸规则、国际法
法学、知识产权、国际经济与贸易、贸易经济、统计学、应用统计学、数据科学,岗位标签,title_or_tag,1,1,government:1,job_e91866c1e3ebba1b6580,海关综合业务一级行政执法员,法学、知识产权、国际经济与贸易、贸易经济、统计学、应用统计学、数据科学
法学、知识产权、国际经贸规则、汉语言文学、汉语言,岗位标签,title_or_tag,1,1,government:1,job_53d04776312f2349f708,综合业务一级行政执法员,法学、知识产权、国际经贸规则、汉语言文学、汉语言
法学、经济学、金融学,岗位标签,title_or_tag,1,1,government:1,job_02ece468db5c7e0868a2,一级行政执法员（四）,法学、经济学、金融学
法学、统计学、经济学,岗位标签,title_or_tag,1,1,government:1,job_06f9d8920e006bfca30f,统计督察处一级主任科员及以下,法学、统计学、经济学
法学、财务管理、汉语言文学、计算机科学与技术（以上均为专业名称）,岗位标签,title_or_tag,1,1,government:1,job_2896cbe83e9628ea0d47,一级科员,法学、财务管理、汉语言文学、计算机科学与技术（以上均为专业名称）
法学、邮政管理、公共事业管理、行政管理（以上均为专业名称）,岗位标签,title_or_tag,1,1,government:1,job_88a012add2ad3041244d,一级主任科员及以下,法学、邮政管理、公共事业管理、行政管理（以上均为专业名称）
法学、邮政管理、物流管理、物流工程（以上均为专业名称）,岗位标签,title_or_tag,1,1,government:1,job_d6ec5eb91a5f66502ccc,一级主任科员及以下二,法学、邮政管理、物流管理、物流工程（以上均为专业名称）
法学、邮政管理、物流管理、邮政工程（以上均为专业名称）,岗位标签,title_or_tag,1,1,government:1,job_d106d474a00addba5fd6,一级科员二,法学、邮政管理、物流管理、邮政工程（以上均为专业名称）
法学、邮政管理、计算机科学与技术、汉语言文学(以上均为专业名称）,岗位标签,title_or_tag,1,1,government:1,job_7e38897adbae575d9c42,一级科员,法学、邮政管理、计算机科学与技术、汉语言文学(以上均为专业名称）
法学、邮政管理、邮政工程、物流管理（以上均为专业名称）,岗位标签,title_or_tag,1,1,government:1,job_94ca81d16ef24cc42115,一级主任科员及以下,法学、邮政管理、邮政工程、物流管理（以上均为专业名称）
法学专业、马克思主义理论专业、中共党史党建学、公共管理学专业、行政管理,岗位标签,title_or_tag,1,1,government:1,job_2d728494a05923e8498a,机关党委办公室一级主任科员及以下,法学专业、马克思主义理论专业、中共党史党建学、公共管理学专业、行政管理
法学理论、行政法学、诉讼法学、经济法学、知识产权法学、民商法学、国际法学,岗位标签,title_or_tag,1,1,government:1,job_ca747823df4307e39a39,业务处室一级主任科员及以下3,法学理论、行政法学、诉讼法学、经济法学、知识产权法学、民商法学、国际法学
法学类、中国语言文学类、新闻传播学类、工商管理类、公共管理类、财政学类、经济学类,岗位标签,title_or_tag,1,1,government:1,job_884d126494c32bcc9cf3,一级行政执法员（二）,法学类、中国语言文学类、新闻传播学类、工商管理类、公共管理类、财政学类、经济学类
法学类、中国语言文学类、新闻传播学类、经济学类、财政学类、工商管理类,岗位标签,title_or_tag,1,1,government:1,job_21330ae4266b785fbf80,一级行政执法员（四）,法学类、中国语言文学类、新闻传播学类、经济学类、财政学类、工商管理类
法学类、中国语言文学类、新闻传播学类、经济学类、金融学类、工商管理类,岗位标签,title_or_tag,1,1,government:1,job_e118e473224ca1b800ee,一级行政执法员（七）,法学类、中国语言文学类、新闻传播学类、经济学类、金融学类、工商管理类
法学类、中国语言文学类、新闻传播学类、计算机类、公共管理类,岗位标签,title_or_tag,1,1,government:1,job_5dbadc0773a983ac35be,一级行政执法员,法学类、中国语言文学类、新闻传播学类、计算机类、公共管理类
法学类、中国语言文学类、经济学类、工商管理类、电子信息类、计算机类,岗位标签,title_or_tag,1,1,government:1,job_d1cad6aaf8856c68f07f,一级行政执法员（三）,法学类、中国语言文学类、经济学类、工商管理类、电子信息类、计算机类
法学类、中国语言文学类、马克思主义理论类、政治学类,岗位标签,title_or_tag,1,1,government:1,job_83391b973e157e530518,一级行政执法员（九）,法学类、中国语言文学类、马克思主义理论类、政治学类
法学类、交通运输类、海洋工程类、环境科学与工程类、计算机类、电子信息类、电气类,岗位标签,title_or_tag,1,1,government:1,job_3f6e6eb0da93d366cdb6,一级行政执法员（二十三）,法学类、交通运输类、海洋工程类、环境科学与工程类、计算机类、电子信息类、电气类
法学类、公安学类、中国语言文学类、新闻传播学类、英语相关专业,岗位标签,title_or_tag,1,1,government:1,job_ceba2ec0a529ba6adaf7,一级行政执法员（三）,法学类、公安学类、中国语言文学类、新闻传播学类、英语相关专业
法学类、政治学类、中国语言文学类、新闻传播学类、公共管理类（以上均为专业类别）,岗位标签,title_or_tag,1,1,government:1,job_521dbe7cea02fbf14c51,一级科员,法学类、政治学类、中国语言文学类、新闻传播学类、公共管理类（以上均为专业类别）
法学类、政治学类、中国语言文学类、新闻传播学类、马克思主义理论类,岗位标签,title_or_tag,1,1,government:1,job_fc2a13529106237b7557,稽查局一级主办及以下,法学类、政治学类、中国语言文学类、新闻传播学类、马克思主义理论类
法学类、政治学类、中国语言文学类、英语相关专业,岗位标签,title_or_tag,1,1,government:1,job_42ae30d3cf56f5d71425,一级行政执法员（七）,法学类、政治学类、中国语言文学类、英语相关专业
法学类、政治学类、新闻传播学类、中国语言文学类,岗位标签,title_or_tag,1,1,government:1,job_c98cccd3afb491d0c7d3,一级行政执法员（四）,法学类、政治学类、新闻传播学类、中国语言文学类
法学类、政治学类、社会学类、中国语言文学类、新闻传播学类、英语相关专业,岗位标签,title_or_tag,1,1,government:1,job_2a3620ed23f946197256,一级行政执法员（三）,法学类、政治学类、社会学类、中国语言文学类、新闻传播学类、英语相关专业
法学类、政治学类、社会学类、中国语言文学类、英语相关专业,岗位标签,title_or_tag,1,1,government:1,job_07debff3214cbd912a69,一级行政执法员（六）,法学类、政治学类、社会学类、中国语言文学类、英语相关专业
法学类、政治学类、社会学类、马克思主义理论类、公安学类,岗位标签,title_or_tag,1,1,government:1,job_89737c9e3b4763f72da5,一级行政执法员（八）,法学类、政治学类、社会学类、马克思主义理论类、公安学类
法学类、教育学类,岗位标签,title_or_tag,1,1,government:1,job_164d3211d7c9aa13874d,一级行政执法员（三）,法学类、教育学类
法学类、教育学类、中国语言文学类、新闻传播学类,岗位标签,title_or_tag,1,1,government:1,job_865d75281b44b52b22ab,一级行政执法员（三）,法学类、教育学类、中国语言文学类、新闻传播学类
法学类、教育学类、中国语言文学类、新闻传播学类、英语相关专业,岗位标签,title_or_tag,1,1,government:1,job_ce2eda4abd9feee02840,一级行政执法员（三）,法学类、教育学类、中国语言文学类、新闻传播学类、英语相关专业
法学类、教育学类、英语相关专业,岗位标签,title_or_tag,1,1,government:1,job_4f3ae85403306f9dfbe8,一级行政执法员（二）,法学类、教育学类、英语相关专业
法学类、法律,岗位标签,title_or_tag,1,1,government:1,job_f4c75b196a2033b63411,辖区法律类监管岗位一级主任科员及以下,法学类、法律
法学类、海事管理、航海技术、轮机工程,岗位标签,title_or_tag,1,1,government:1,job_0059ba81738732747d41,一级行政执法员（十三）,法学类、海事管理、航海技术、轮机工程
法学类、社会学类、马克思主义理论类、新闻传播学类,岗位标签,title_or_tag,1,1,government:1,job_f3f84ab6512e2cf5527f,一级行政执法员（二）,法学类、社会学类、马克思主义理论类、新闻传播学类
法学类、管理学类、新闻传播学类,岗位标签,title_or_tag,1,1,government:1,job_83a76cd74a393618d255,一级行政执法员（二）,法学类、管理学类、新闻传播学类
法学类、统计学类,岗位标签,title_or_tag,1,1,government:1,job_66740782aa8459817618,综合部门一级主任科员及以下,法学类、统计学类
法学类、统计学类、会计学、财务管理、审计学,岗位标签,title_or_tag,1,1,government:1,job_ea0d0cad1c28c6430b4a,监管部门一级主任科员及以下,法学类、统计学类、会计学、财务管理、审计学
法学类、计算机类、公共管理类（以上均为专业类别）,岗位标签,title_or_tag,1,1,government:1,job_ab2b7b0259feee15039a,一级主任科员及以下二,法学类、计算机类、公共管理类（以上均为专业类别）
法学类、财政学类、工商管理类、统计学类、电子信息类、计算机类,岗位标签,title_or_tag,1,1,government:1,job_2e7084eba37aa36da3c1,一级行政执法员（七）,法学类、财政学类、工商管理类、统计学类、电子信息类、计算机类
法学类、财政学类、财会审计类、社会保障类、数学类、统计学类、计算机类,岗位标签,title_or_tag,1,1,government:1,job_a67f1d155321a90ae660,一级行政执法员（六）,法学类、财政学类、财会审计类、社会保障类、数学类、统计学类、计算机类
法学类、财政学类、财会审计类、社会保障类、机械类、电子信息类、自动化类、计算机类,岗位标签,title_or_tag,1,1,government:1,job_f22b9e0c80db47a637f8,一级行政执法员（十一）,法学类、财政学类、财会审计类、社会保障类、机械类、电子信息类、自动化类、计算机类
法学类、金融学类、经济与贸易类、工商管理类、计算机类,岗位标签,title_or_tag,1,1,government:1,job_bc73b40010a82411073d,一级行政执法员（六）,法学类、金融学类、经济与贸易类、工商管理类、计算机类
法学类（0301）、林学类（0907）、林业类（0954）、草学（090900）,岗位标签,title_or_tag,1,1,government:1,job_bb53868d1fd9b6d7643d,案件督办处一级主任科员及以下,法学类（0301）、林学类（0907）、林业类（0954）、草学（090900）
法学类（不含监狱学）,岗位标签,title_or_tag,1,1,government:1,job_64ad8bc8bedfef631dfd,一级行政执法员（三）,法学类（不含监狱学）
法学类（专业代码为0301开头）,岗位标签,title_or_tag,1,1,government:1,job_b7a4ef8fd097a355ca1d,监管部门一级主任科员及以下,法学类（专业代码为0301开头）
法学类（以上均为专业类别）,岗位标签,title_or_tag,1,1,government:1,job_11fda6bdd5e57cd2dff0,一级科员,法学类（以上均为专业类别）
法学门类、理学门类、工学门类、农学门类,岗位标签,title_or_tag,1,1,government:1,job_a4fb686a05cd4a81f38b,监管一级行政执法员（三）,法学门类、理学门类、工学门类、农学门类
法学门类、管理学门类、理学门类、交通运输工程、船舶与海洋工程、交通运输,岗位标签,title_or_tag,1,1,government:1,job_e946b7ad90e8421e2069,一级行政执法员（二）,法学门类、管理学门类、理学门类、交通运输工程、船舶与海洋工程、交通运输
法学（030100）、宪法学与行政法学（030103）,岗位标签,title_or_tag,1,1,government:1,job_edf7b0e7a4e5132821c0,海洋自然资源管理处一级主任科员及以下,法学（030100）、宪法学与行政法学（030103）
法学（030101K）、会计学、财务管理、审计学,岗位标签,title_or_tag,1,1,government:1,job_800776d97077a71ad832,打洛出入境边防检查站一级警长及以下（二）,法学（030101K）、会计学、财务管理、审计学
法学（030101K）、汉语言文学、汉语言、应用语言学、秘书学,岗位标签,title_or_tag,1,1,government:1,job_a1e007a9139b8b5f8199,保山边境管理支队一级警长及以下（一）,法学（030101K）、汉语言文学、汉语言、应用语言学、秘书学
法学（030101K）、汉语言文学、汉语言、汉语国际教育、应用语言学、秘书学,岗位标签,title_or_tag,1,1,government:1,job_83ddf2c5498146b64b37,清水河出入境边防检查站一级警长及以下（三）,法学（030101K）、汉语言文学、汉语言、汉语国际教育、应用语言学、秘书学
法学（0301）、法律（0351）、审计（1257）,岗位标签,title_or_tag,1,1,government:1,job_54709dc9335e79aab95e,业务处一级主任科员及以下,法学（0301）、法律（0351）、审计（1257）
法学（0301）、法律（法学）、法律（非法学）,岗位标签,title_or_tag,1,1,government:1,job_36e264d4f36a0bd45381,清水河出入境边防检查站一级警长及以下（一）,法学（0301）、法律（法学）、法律（非法学）
法学（以上均为学科门类）,岗位标签,title_or_tag,1,1,government:1,job_f63069792bbd499ee45d,法规处一级主任科员及以下,法学（以上均为学科门类）
法学（海商法方向）,岗位标签,title_or_tag,1,1,government:1,job_81de8bca9b45a0cffd88,一级行政执法员（六）,法学（海商法方向）
法学（海商法方向）、交通运输、船舶与海洋工程,岗位标签,title_or_tag,1,1,government:1,job_b7ad9485c098b1c658b0,一级行政执法员（二）,法学（海商法方向）、交通运输、船舶与海洋工程
法学（限宪法学与行政法学、刑法学、诉讼法学、环境与资源保护法学）,岗位标签,title_or_tag,1,1,government:1,job_22cda89f83b1ae1244bb,水政与河湖处（水政监察总队）一级主任科员及以下,法学（限宪法学与行政法学、刑法学、诉讼法学、环境与资源保护法学）
法学，经济学类，金融学类,岗位标签,title_or_tag,1,1,government:1,job_ea0dc67d9bf5362992ff,辖区法律类监管岗位一级主任科员及以下,法学，经济学类，金融学类
法学；气象类,岗位标签,title_or_tag,1,1,government:1,job_0b25a77bdf4a35946400,法规与减灾科一级主任科员 及以下,法学；气象类
法律事务一级行政执法员,岗位标签,title_or_tag,1,1,government:1,job_ee3edb87313ad764420d,法律事务一级行政执法员,法律事务一级行政执法员
法律手续审查及流程管理岗位一级主任科员及以下,岗位标签,title_or_tag,1,1,government:1,job_b25068bd42e6f597905e,法律手续审查及流程管理岗位一级主任科员及以下,法律手续审查及流程管理岗位一级主任科员及以下
法律法规四级主办及以下（一）,岗位标签,title_or_tag,1,1,government:1,job_44e77cdc7fd693eb567a,法律法规四级主办及以下（一）,法律法规四级主办及以下（一）
法律法规四级主办及以下（二）,岗位标签,title_or_tag,1,1,government:1,job_ef22125c6441033da6f7,法律法规四级主办及以下（二）,法律法规四级主办及以下（二）
法律相关专业,岗位标签,title_or_tag,1,1,government:1,job_b73e5a270fe0105b727c,法律,法律相关专业
法规与减灾科一级主任科员 及以下,岗位标签,title_or_tag,1,1,government:1,job_0b25a77bdf4a35946400,法规与减灾科一级主任科员 及以下,法规与减灾科一级主任科员 及以下
法规体改处一级主任科员及以下,岗位标签,title_or_tag,1,1,government:1,job_2cfac387edb8046da765,法规体改处一级主任科员及以下,法规体改处一级主任科员及以下
法规科一级主任科员及以下,岗位标签,title_or_tag,1,1,government:1,job_1ce38836f93e53b68c86,法规科一级主任科员及以下,法规科一级主任科员及以下
法语相关专业、西班牙语相关专业、德语相关专业,岗位标签,title_or_tag,1,1,government:1,job_4af2a2374259f7ada1cf,一级行政执法员（十一）,法语相关专业、西班牙语相关专业、德语相关专业
法语翻译,岗位标签,title_or_tag,1,1,government:1,job_c6cb6b3137e89bf993b6,法语翻译,法语翻译
法语（050204）、葡萄牙语（050232）、西班牙语（050205）,岗位标签,title_or_tag,1,1,government:1,job_fb0f0d48f447864a1330,旅检业务一级行政执法员,法语（050204）、葡萄牙语（050232）、西班牙语（050205）
波兰语（050228）,岗位标签,title_or_tag,1,1,government:1,job_57e708b8bd927efb4f2e,执行队一级警长及以下（二）,波兰语（050228）
泰和调查队一级科员（1）,岗位标签,title_or_tag,1,1,government:1,job_a32e154f6171c93aeb01,泰和调查队一级科员（1）,泰和调查队一级科员（1）
泰和调查队一级科员（2）,岗位标签,title_or_tag,1,1,government:1,job_57b717d5f32c0828893e,泰和调查队一级科员（2）,泰和调查队一级科员（2）
泰州边检站一级警长及以下,岗位标签,title_or_tag,1,1,government:1,job_c88c66bd5715ab67eb6a,泰州边检站一级警长及以下,泰州边检站一级警长及以下
泰语、印尼语、阿拉伯语、德语,岗位标签,title_or_tag,1,1,government:1,job_ff3d4cbbe1d8dd3f67fa,高崎出入境边防检查站一级警长及以下（一）,泰语、印尼语、阿拉伯语、德语
泾川调查队一级科员（1）,岗位标签,title_or_tag,1,1,government:1,job_ed0fb7f79291f0444ad8,泾川调查队一级科员（1）,泾川调查队一级科员（1）
泾川调查队一级科员（2）,岗位标签,title_or_tag,1,1,government:1,job_328727fd58be11a43bc5,泾川调查队一级科员（2）,泾川调查队一级科员（2）
洋浦海关缉私分局一级警长及以下,岗位标签,title_or_tag,1,1,government:1,job_0923c01b518a948a2cb3,洋浦海关缉私分局一级警长及以下,洋浦海关缉私分局一级警长及以下
洋浦边检站一级警长及以下（一）,岗位标签,title_or_tag,1,1,government:1,job_25e54645c1b3777f9cec,洋浦边检站一级警长及以下（一）,洋浦边检站一级警长及以下（一）
洋浦边检站一级警长及以下（三）,岗位标签,title_or_tag,1,1,government:1,job_baf2c559a3441833a05a,洋浦边检站一级警长及以下（三）,洋浦边检站一级警长及以下（三）
洋浦边检站一级警长及以下（二）,岗位标签,title_or_tag,1,1,government:1,job_710c84e5543c5d5cf112,洋浦边检站一级警长及以下（二）,洋浦边检站一级警长及以下（二）
洋浦边检站一级警长及以下（四）,岗位标签,title_or_tag,1,1,government:1,job_845e93fb7e06e0b14d52,洋浦边检站一级警长及以下（四）,洋浦边检站一级警长及以下（四）
洛阳边检站一级警长及以下,岗位标签,title_or_tag,1,1,government:1,job_710fbea7bb8b657edc19,洛阳边检站一级警长及以下,洛阳边检站一级警长及以下
洪洞调查队一级科员（1）,岗位标签,title_or_tag,1,1,government:1,job_c0cc4371eb37346cdc7c,洪洞调查队一级科员（1）,洪洞调查队一级科员（1）
洪洞调查队一级科员（2）,岗位标签,title_or_tag,1,1,government:1,job_c7dc4496db3add080756,洪洞调查队一级科员（2）,洪洞调查队一级科员（2）
洲头嘴边检站一级警长及以下,岗位标签,title_or_tag,1,1,government:1,job_6805719661b81b119990,洲头嘴边检站一级警长及以下,洲头嘴边检站一级警长及以下
派出所一级警长及以下（二）,岗位标签,title_or_tag,1,1,government:1,job_51bcd970dd2bdaf0d7fa,派出所一级警长及以下（二）,派出所一级警长及以下（二）
派出机构一级主办及以下,岗位标签,title_or_tag,1,1,government:1,job_438ac6426983a08684de,派出机构一级主办及以下,派出机构一级主办及以下
派出机构一级行政执法员（五）,岗位标签,title_or_tag,1,1,government:1,job_e0f7c37c68d32b9f28f8,派出机构一级行政执法员（五）,派出机构一级行政执法员（五）
派出机构一级行政执法员（六）,岗位标签,title_or_tag,1,1,government:1,job_5b7024211a76f4013c05,派出机构一级行政执法员（六）,派出机构一级行政执法员（六）
流亭机场海关缉私分局一级警长及以下,岗位标签,title_or_tag,1,1,government:1,job_5093f6188e0143f6d478,流亭机场海关缉私分局一级警长及以下,流亭机场海关缉私分局一级警长及以下
流域监管岗位一级主任科员及以下,岗位标签,title_or_tag,1,1,government:1,job_95c71866a2039ce7c15a,流域监管岗位一级主任科员及以下,流域监管岗位一级主任科员及以下
测绘,岗位标签,title_or_tag,1,1,government:1,job_4e33eab92b5257d9d8cc,测绘,测绘
测绘科学与技术类,岗位标签,title_or_tag,1,1,government:1,job_65533621a0a38fffaa00,黑龙江调查总队综合处室四级主任科员（2）,测绘科学与技术类
测绘科学与技术（0816）,岗位标签,title_or_tag,1,1,government:1,job_feb010bade6f86001178,调查监测处一级主任科员及以下,测绘科学与技术（0816）
测绘科学与技术（0816）、遥感科学与技术（1404）、地图学与地理信息系统,岗位标签,title_or_tag,1,1,government:1,job_0e2931f1c8b557481b9f,福建调查总队业务处室二级主任科员及以下（1）,测绘科学与技术（0816）、遥感科学与技术（1404）、地图学与地理信息系统
测绘类,岗位标签,title_or_tag,1,1,government:1,job_f31dfb0a260111f8786b,凤城调查队一级科员,测绘类
测量分析领域一级主任科员及以下,岗位标签,title_or_tag,1,1,government:1,job_c0258819451eea6103c6,测量分析领域一级主任科员及以下,测量分析领域一级主任科员及以下
浏阳调查队一级科员（1）,岗位标签,title_or_tag,1,1,government:1,job_0fdfe2afdc7e1c323243,浏阳调查队一级科员（1）,浏阳调查队一级科员（1）
浏阳调查队一级科员（2）,岗位标签,title_or_tag,1,1,government:1,job_14aaf37d98e099dbfd6b,浏阳调查队一级科员（2）,浏阳调查队一级科员（2）
浙江调查总队业务处室一级主任科员及以下,岗位标签,title_or_tag,1,1,government:1,job_1e53c152207a23cb4657,浙江调查总队业务处室一级主任科员及以下,浙江调查总队业务处室一级主任科员及以下
浦东调查队业务处室四级主任科员,岗位标签,title_or_tag,1,1,government:1,job_08f723586962c3f84c3e,浦东调查队业务处室四级主任科员,浦东调查队业务处室四级主任科员
浦北调查队一级科员,岗位标签,title_or_tag,1,1,government:1,job_4ce912f28b673fb336e8,浦北调查队一级科员,浦北调查队一级科员
浦城调查队一级科员,岗位标签,title_or_tag,1,1,government:1,job_4e5444f76f58bb85eae1,浦城调查队一级科员,浦城调查队一级科员
海事管理、轮机工程,岗位标签,title_or_tag,1,1,government:1,job_03fc1ac2599502b133eb,一级行政执法员（三）,海事管理、轮机工程
海关业务二级主办及以下（七）,岗位标签,title_or_tag,1,1,government:1,job_45a6e8abb20b7d619447,海关业务二级主办及以下（七）,海关业务二级主办及以下（七）
海关业务二级主办及以下（九）,岗位标签,title_or_tag,1,1,government:1,job_dd5a7f4054a6d250e1d7,海关业务二级主办及以下（九）,海关业务二级主办及以下（九）
海关业务二级主办及以下（五）,岗位标签,title_or_tag,1,1,government:1,job_4656356baa834655055e,海关业务二级主办及以下（五）,海关业务二级主办及以下（五）
海关业务二级主办及以下（八）,岗位标签,title_or_tag,1,1,government:1,job_27138c072702c3aab358,海关业务二级主办及以下（八）,海关业务二级主办及以下（八）
海关业务二级主办及以下（六）,岗位标签,title_or_tag,1,1,government:1,job_9c24b8bd776c7a4721b2,海关业务二级主办及以下（六）,海关业务二级主办及以下（六）
海关业务二级主办及以下（十一）,岗位标签,title_or_tag,1,1,government:1,job_c5ef71408fa1d8af1f08,海关业务二级主办及以下（十一）,海关业务二级主办及以下（十一）
海关业务二级主办及以下（十）,岗位标签,title_or_tag,1,1,government:1,job_f3e66364bdfbad6b7a3a,海关业务二级主办及以下（十）,海关业务二级主办及以下（十）
海关业务二级主办及以下（四）,岗位标签,title_or_tag,1,1,government:1,job_c1593f414cd50dc78fd8,海关业务二级主办及以下（四）,海关业务二级主办及以下（四）
海关查验一级行政执法员,岗位标签,title_or_tag,1,1,government:1,job_a4bd1f67e0cb3b80b9fa,海关查验一级行政执法员,海关查验一级行政执法员
海关监管一级行政执法员,岗位标签,title_or_tag,1,1,government:1,job_341aa11b46b122d8e010,海关监管一级行政执法员,海关监管一级行政执法员
海关监管四级主办,岗位标签,title_or_tag,1,1,government:1,job_a082630a5ff29bce3c3c,海关监管四级主办,海关监管四级主办
海关综合业务一级行政执法员,岗位标签,title_or_tag,1,1,government:1,job_e91866c1e3ebba1b6580,海关综合业务一级行政执法员,海关综合业务一级行政执法员
海关财务管理一级行政执法员,岗位标签,title_or_tag,1,1,government:1,job_d60f5378ec99f6d2ae27,海关财务管理一级行政执法员,海关财务管理一级行政执法员
海关财务管理四级主办及以下,岗位标签,title_or_tag,1,1,government:1,job_58107a02c23ef21f9a63,海关财务管理四级主办及以下,海关财务管理四级主办及以下
海口国家高新技术产业开发区税务分局一级行政执法员（一）,岗位标签,title_or_tag,1,1,government:1,job_8a4d12592563b34c22aa,海口国家高新技术产业开发区税务分局一级行政执法员（一）,海口国家高新技术产业开发区税务分局一级行政执法员（一）
海口国家高新技术产业开发区税务分局一级行政执法员（二）,岗位标签,title_or_tag,1,1,government:1,job_f165648fe886393cf826,海口国家高新技术产业开发区税务分局一级行政执法员（二）,海口国家高新技术产业开发区税务分局一级行政执法员（二）
海口桂林洋经济开发区税务分局一级行政执法员（一）,岗位标签,title_or_tag,1,1,government:1,job_43f4c2e564cabe12feed,海口桂林洋经济开发区税务分局一级行政执法员（一）,海口桂林洋经济开发区税务分局一级行政执法员（一）
海口桂林洋经济开发区税务分局一级行政执法员（二）,岗位标签,title_or_tag,1,1,government:1,job_2a30b1f7922130982441,海口桂林洋经济开发区税务分局一级行政执法员（二）,海口桂林洋经济开发区税务分局一级行政执法员（二）
海口海关驻清澜办事处缉私分局一级警长及以下,岗位标签,title_or_tag,1,1,government:1,job_ce2a3148efd7ab792eaf,海口海关驻清澜办事处缉私分局一级警长及以下,海口海关驻清澜办事处缉私分局一级警长及以下
海口综合保税区税务分局一级行政执法员（一）,岗位标签,title_or_tag,1,1,government:1,job_996cd704e8b0b17d5f0d,海口综合保税区税务分局一级行政执法员（一）,海口综合保税区税务分局一级行政执法员（一）
海口综合保税区税务分局一级行政执法员（二）,岗位标签,title_or_tag,1,1,government:1,job_c4946ec8b3ada3f49a22,海口综合保税区税务分局一级行政执法员（二）,海口综合保税区税务分局一级行政执法员（二）
海口美兰机场海关缉私分局一级警长及以下,岗位标签,title_or_tag,1,1,government:1,job_3d6195ca2831dd75bba9,海口美兰机场海关缉私分局一级警长及以下,海口美兰机场海关缉私分局一级警长及以下
海域监管岗位一级主任科员及以下,岗位标签,title_or_tag,1,1,government:1,job_8dbc436edc03cb6d71d9,海域监管岗位一级主任科员及以下,海域监管岗位一级主任科员及以下
海域管理处一级主任科员及以下,岗位标签,title_or_tag,1,1,government:1,job_42b69d1f274cb650655b,海域管理处一级主任科员及以下,海域管理处一级主任科员及以下
海林调查队一级科员,岗位标签,title_or_tag,1,1,government:1,job_264d28371ec13dc853d4,海林调查队一级科员,海林调查队一级科员
海沧海关缉私分局一级警长及以下,岗位标签,title_or_tag,1,1,government:1,job_c25221540b4523e0b908,海沧海关缉私分局一级警长及以下,海沧海关缉私分局一级警长及以下
海河防潮闸管理处一级主任科员及以下,岗位标签,title_or_tag,1,1,government:1,job_b30a040625a397c87fec,海河防潮闸管理处一级主任科员及以下,海河防潮闸管理处一级主任科员及以下
海洋科学类、海洋工程与技术,岗位标签,title_or_tag,1,1,government:1,job_ff72205c1d4d01ba386d,一级行政执法员（十）,海洋科学类、海洋工程与技术
海洋自然资源管理处一级主任科员及以下,岗位标签,title_or_tag,1,1,government:1,job_edf7b0e7a4e5132821c0,海洋自然资源管理处一级主任科员及以下,海洋自然资源管理处一级主任科员及以下
海洋预警监测处（军民融合办公室）一级主任科员及以下,岗位标签,title_or_tag,1,1,government:1,job_bc58bb9820a4f25cd823,海洋预警监测处（军民融合办公室）一级主任科员及以下,海洋预警监测处（军民融合办公室）一级主任科员及以下
海门调查队一级科员,岗位标签,title_or_tag,1,1,government:1,job_c152eef29b5ec1f11edf,海门调查队一级科员,海门调查队一级科员
涟源调查队一级科员,岗位标签,title_or_tag,1,1,government:1,job_318a641a8aa356219bef,涟源调查队一级科员,涟源调查队一级科员
涡阳调查队一级科员,岗位标签,title_or_tag,1,1,government:1,job_54c8c78a541a708950a7,涡阳调查队一级科员,涡阳调查队一级科员
涪陵调查队业务科室四级主任科员及以下（1）,岗位标签,title_or_tag,1,1,government:1,job_0c89ac35575b29f80569,涪陵调查队业务科室四级主任科员及以下（1）,涪陵调查队业务科室四级主任科员及以下（1）
涪陵调查队业务科室四级主任科员及以下（2）,岗位标签,title_or_tag,1,1,government:1,job_8de380dcc1b772f190f2,涪陵调查队业务科室四级主任科员及以下（2）,涪陵调查队业务科室四级主任科员及以下（2）
深圳机场海关缉私分局一级警长及以下,岗位标签,title_or_tag,1,1,government:1,job_84934c7cfc0c1c42d97e,深圳机场海关缉私分局一级警长及以下,深圳机场海关缉私分局一级警长及以下
深圳湾海关缉私分局一级警长及以下,岗位标签,title_or_tag,1,1,government:1,job_1d633168fb6dfebfb61a,深圳湾海关缉私分局一级警长及以下,深圳湾海关缉私分局一级警长及以下
清水河出入境边防检查站一级警长及以下（一）,岗位标签,title_or_tag,1,1,government:1,job_36e264d4f36a0bd45381,清水河出入境边防检查站一级警长及以下（一）,清水河出入境边防检查站一级警长及以下（一）
清水河出入境边防检查站一级警长及以下（三）,岗位标签,title_or_tag,1,1,government:1,job_83ddf2c5498146b64b37,清水河出入境边防检查站一级警长及以下（三）,清水河出入境边防检查站一级警长及以下（三）
清水河出入境边防检查站一级警长及以下（二）,岗位标签,title_or_tag,1,1,government:1,job_c3ac44966ef457e41fda,清水河出入境边防检查站一级警长及以下（二）,清水河出入境边防检查站一级警长及以下（二）
清水河出入境边防检查站一级警长及以下（五）,岗位标签,title_or_tag,1,1,government:1,job_71da5c685709ff307362,清水河出入境边防检查站一级警长及以下（五）,清水河出入境边防检查站一级警长及以下（五）
清水河出入境边防检查站一级警长及以下（六）,岗位标签,title_or_tag,1,1,government:1,job_995d1d0e164d2c5adebc,清水河出入境边防检查站一级警长及以下（六）,清水河出入境边防检查站一级警长及以下（六）
清水河出入境边防检查站一级警长及以下（四）,岗位标签,title_or_tag,1,1,government:1,job_569b737f8d361bd8b412,清水河出入境边防检查站一级警长及以下（四）,清水河出入境边防检查站一级警长及以下（四）
清涧调查队一级科员,岗位标签,title_or_tag,1,1,government:1,job_16890b0c0ac4e73b6b07,清涧调查队一级科员,清涧调查队一级科员
清远调查队业务科室一级科员,岗位标签,title_or_tag,1,1,government:1,job_743b36adc0ffa7e3567c,清远调查队业务科室一级科员,清远调查队业务科室一级科员
清远调查队业务科室四级主任科员及以下,岗位标签,title_or_tag,1,1,government:1,job_168306a38dcc53e75ff8,清远调查队业务科室四级主任科员及以下,清远调查队业务科室四级主任科员及以下
渝北调查队业务科室一级科员,岗位标签,title_or_tag,1,1,government:1,job_867e5018282851ae6913,渝北调查队业务科室一级科员,渝北调查队业务科室一级科员
温江调查队四级主任科员及以下,岗位标签,title_or_tag,1,1,government:1,job_1f0883ae025dc481d07d,温江调查队四级主任科员及以下,温江调查队四级主任科员及以下
温泉调查队一级科员（1）,岗位标签,title_or_tag,1,1,government:1,job_0aab03f43a84b418130d,温泉调查队一级科员（1）,温泉调查队一级科员（1）
温泉调查队一级科员（2）,岗位标签,title_or_tag,1,1,government:1,job_3af685c808ae7407ee5f,温泉调查队一级科员（2）,温泉调查队一级科员（2）
渭源调查队一级科员,岗位标签,title_or_tag,1,1,government:1,job_915b8b5e5a32514b511e,渭源调查队一级科员,渭源调查队一级科员
渭源调查队四级主任科员及以下,岗位标签,title_or_tag,1,1,government:1,job_7b4da3fae649afca4b05,渭源调查队四级主任科员及以下,渭源调查队四级主任科员及以下
港口、海岸及近海工程、交通运输安全与环境工程、综合交通运输科学与工程,岗位标签,title_or_tag,1,1,government:1,job_43f3362a27603c275188,一级行政执法员（二）,港口、海岸及近海工程、交通运输安全与环境工程、综合交通运输科学与工程
港口航道与海岸工程,岗位标签,title_or_tag,1,1,government:1,job_f1c3c5816ae9fc13d4fc,一级行政执法员（六）,港口航道与海岸工程
港澳台处一级主任科员及以下,岗位标签,title_or_tag,1,1,government:1,job_806f37859bedcd8c5e50,港澳台处一级主任科员及以下,港澳台处一级主任科员及以下
湖北调查总队业务处室二级主任科员及以下（1）,岗位标签,title_or_tag,1,1,government:1,job_afd44a62e2abbafc36cc,湖北调查总队业务处室二级主任科员及以下（1）,湖北调查总队业务处室二级主任科员及以下（1）
湖北调查总队业务处室二级主任科员及以下（2）,岗位标签,title_or_tag,1,1,government:1,job_ce7107f176b5ce91f00d,湖北调查总队业务处室二级主任科员及以下（2）,湖北调查总队业务处室二级主任科员及以下（2）
湖南调查总队业务处室四级主任科员（1）,岗位标签,title_or_tag,1,1,government:1,job_a0e644c3c6f49bc6d610,湖南调查总队业务处室四级主任科员（1）,湖南调查总队业务处室四级主任科员（1）
湖南调查总队业务处室四级主任科员（2）,岗位标签,title_or_tag,1,1,government:1,job_b3f9ab1d1bfafa6f5af4,湖南调查总队业务处室四级主任科员（2）,湖南调查总队业务处室四级主任科员（2）
湖南调查总队业务处室四级主任科员（3）,岗位标签,title_or_tag,1,1,government:1,job_0d91ac4f3829b25bc409,湖南调查总队业务处室四级主任科员（3）,湖南调查总队业务处室四级主任科员（3）
湖南调查总队业务处室四级主任科员（4）,岗位标签,title_or_tag,1,1,government:1,job_ce1656573344a8685a5f,湖南调查总队业务处室四级主任科员（4）,湖南调查总队业务处室四级主任科员（4）
湖州调查队业务处室一级科员,岗位标签,title_or_tag,1,1,government:1,job_bc41f2ba2c3195b0ff2c,湖州调查队业务处室一级科员,湖州调查队业务处室一级科员
湖州调查队业务处室四级主任科员及以下（1）,岗位标签,title_or_tag,1,1,government:1,job_f3b1df87c623a3bb701a,湖州调查队业务处室四级主任科员及以下（1）,湖州调查队业务处室四级主任科员及以下（1）
湖州调查队业务处室四级主任科员及以下（2）,岗位标签,title_or_tag,1,1,government:1,job_49d2cfd22a32789139fd,湖州调查队业务处室四级主任科员及以下（2）,湖州调查队业务处室四级主任科员及以下（2）
湘西调查队业务科室一级科员,岗位标签,title_or_tag,1,1,government:1,job_7d67967e4d4b9b017371,湘西调查队业务科室一级科员,湘西调查队业务科室一级科员
湛江调查队业务科室一级科员,岗位标签,title_or_tag,1,1,government:1,job_487c24c2ff473b7fd64d,湛江调查队业务科室一级科员,湛江调查队业务科室一级科员
湛江调查队业务科室四级主任科员及以下,岗位标签,title_or_tag,1,1,government:1,job_398811c60a1cc1f19ce2,湛江调查队业务科室四级主任科员及以下,湛江调查队业务科室四级主任科员及以下
湾仔海关缉私分局一级警长及以下,岗位标签,title_or_tag,1,1,government:1,job_c277b6eb35af0f8a551a,湾仔海关缉私分局一级警长及以下,湾仔海关缉私分局一级警长及以下
溧阳调查队一级科员,岗位标签,title_or_tag,1,1,government:1,job_e5fc7e32dbb9c8c11615,溧阳调查队一级科员,溧阳调查队一级科员
满洲里出入境边防检查站一级警长及以下（一）,岗位标签,title_or_tag,1,1,government:1,job_686c4ee1a6513dcc07a5,满洲里出入境边防检查站一级警长及以下（一）,满洲里出入境边防检查站一级警长及以下（一）
满洲里出入境边防检查站一级警长及以下（七）,岗位标签,title_or_tag,1,1,government:1,job_8d82b4af73bb11412f4e,满洲里出入境边防检查站一级警长及以下（七）,满洲里出入境边防检查站一级警长及以下（七）
满洲里出入境边防检查站一级警长及以下（三）,岗位标签,title_or_tag,1,1,government:1,job_0686359a726fa16d9c96,满洲里出入境边防检查站一级警长及以下（三）,满洲里出入境边防检查站一级警长及以下（三）
满洲里出入境边防检查站一级警长及以下（二）,岗位标签,title_or_tag,1,1,government:1,job_8bda10142ec4d83bf368,满洲里出入境边防检查站一级警长及以下（二）,满洲里出入境边防检查站一级警长及以下（二）
满洲里出入境边防检查站一级警长及以下（五）,岗位标签,title_or_tag,1,1,government:1,job_603b8f5391614a471943,满洲里出入境边防检查站一级警长及以下（五）,满洲里出入境边防检查站一级警长及以下（五）
满洲里出入境边防检查站一级警长及以下（六）,岗位标签,title_or_tag,1,1,government:1,job_e4392b7091d557dc30e1,满洲里出入境边防检查站一级警长及以下（六）,满洲里出入境边防检查站一级警长及以下（六）
满洲里出入境边防检查站一级警长及以下（四）,岗位标签,title_or_tag,1,1,government:1,job_af746678bf52e199c744,满洲里出入境边防检查站一级警长及以下（四）,满洲里出入境边防检查站一级警长及以下（四）
满洲里出入境边防检查站警务技术一级主管及以下（一）,岗位标签,title_or_tag,1,1,government:1,job_14480d70f052ba97c130,满洲里出入境边防检查站警务技术一级主管及以下（一）,满洲里出入境边防检查站警务技术一级主管及以下（一）
满洲里出入境边防检查站警务技术一级主管及以下（二）,岗位标签,title_or_tag,1,1,government:1,job_5650357a82f23b9fce4f,满洲里出入境边防检查站警务技术一级主管及以下（二）,满洲里出入境边防检查站警务技术一级主管及以下（二）
滨海新区调查队综合科室四级主任科员（1）,岗位标签,title_or_tag,1,1,government:1,job_c314ce981bb9131c07d2,滨海新区调查队综合科室四级主任科员（1）,滨海新区调查队综合科室四级主任科员（1）
滨海新区调查队综合科室四级主任科员（2）,岗位标签,title_or_tag,1,1,government:1,job_a8627177290dd0734003,滨海新区调查队综合科室四级主任科员（2）,滨海新区调查队综合科室四级主任科员（2）
滨海海事处一级行政执法员,岗位标签,title_or_tag,1,1,government:1,job_b888245d5c5c504e3b4b,滨海海事处一级行政执法员,滨海海事处一级行政执法员
演出管理处一级主任科员及以下,岗位标签,title_or_tag,1,1,government:1,job_adcd438a87473c0f3229,演出管理处一级主任科员及以下,演出管理处一级主任科员及以下
漳县调查队一级科员,岗位标签,title_or_tag,1,1,government:1,job_3d75b16e593670073091,漳县调查队一级科员,漳县调查队一级科员
漳州出入境边防检查站一级警长及以下,岗位标签,title_or_tag,1,1,government:1,job_327afe20fc635d2a7fca,漳州出入境边防检查站一级警长及以下,漳州出入境边防检查站一级警长及以下
漳州调查队业务科室四级主任科员,岗位标签,title_or_tag,1,1,government:1,job_3e0f5d57fb68ca6ea9a6,漳州调查队业务科室四级主任科员,漳州调查队业务科室四级主任科员
潮州调查队业务科室一级科员,岗位标签,title_or_tag,1,1,government:1,job_9c6464bc7cf6dca00880,潮州调查队业务科室一级科员,潮州调查队业务科室一级科员
潮阳海关缉私分局一级警长及以下,岗位标签,title_or_tag,1,1,government:1,job_4ff3f9ef98f2d147ef93,潮阳海关缉私分局一级警长及以下,潮阳海关缉私分局一级警长及以下
潮阳调查队一级科员,岗位标签,title_or_tag,1,1,government:1,job_a506cec31f721c8b183e,潮阳调查队一级科员,潮阳调查队一级科员
潼南调查队业务科室四级主任科员及以下（1）,岗位标签,title_or_tag,1,1,government:1,job_886b49655009c74ea48c,潼南调查队业务科室四级主任科员及以下（1）,潼南调查队业务科室四级主任科员及以下（1）
潼南调查队业务科室四级主任科员及以下（2）,岗位标签,title_or_tag,1,1,government:1,job_ee37c82251190297c1bb,潼南调查队业务科室四级主任科员及以下（2）,潼南调查队业务科室四级主任科员及以下（2）
澄迈调查队一级科员,岗位标签,title_or_tag,1,1,government:1,job_3cb861dbfcf53934ce4e,澄迈调查队一级科员,澄迈调查队一级科员
濮阳工业园区税务分局一级行政执法员,岗位标签,title_or_tag,1,1,government:1,job_9ea318db28ebc9e5df23,濮阳工业园区税务分局一级行政执法员,濮阳工业园区税务分局一级行政执法员
濮阳调查队业务科室一级科员,岗位标签,title_or_tag,1,1,government:1,job_5af57012de1e157c6e97,濮阳调查队业务科室一级科员,濮阳调查队业务科室一级科员
灌南河道管理局一级主任科员及以下,岗位标签,title_or_tag,1,1,government:1,job_43aef890c644988ceb6a,灌南河道管理局一级主任科员及以下,灌南河道管理局一级主任科员及以下
灵璧调查队一级科员,岗位标签,title_or_tag,1,1,government:1,job_5ef26c9b418795d771d0,灵璧调查队一级科员,灵璧调查队一级科员
爱店出入境边防检查站一级警长及以下（一）,岗位标签,title_or_tag,1,1,government:1,job_5d2c20ff469275fb7740,爱店出入境边防检查站一级警长及以下（一）,爱店出入境边防检查站一级警长及以下（一）
爱店出入境边防检查站一级警长及以下（三）,岗位标签,title_or_tag,1,1,government:1,job_8caac014856ce64188f5,爱店出入境边防检查站一级警长及以下（三）,爱店出入境边防检查站一级警长及以下（三）
爱店出入境边防检查站一级警长及以下（二）,岗位标签,title_or_tag,1,1,government:1,job_417d87fc4a453efb951a,爱店出入境边防检查站一级警长及以下（二）,爱店出入境边防检查站一级警长及以下（二）
爱店出入境边防检查站一级警长及以下（四）,岗位标签,title_or_tag,1,1,government:1,job_8a902986dcd6dc728203,爱店出入境边防检查站一级警长及以下（四）,爱店出入境边防检查站一级警长及以下（四）
牟定调查队一级科员,岗位标签,title_or_tag,1,1,government:1,job_3ebfd90a618464c2019a,牟定调查队一级科员,牟定调查队一级科员
牡丹江出入境边防检查站一级警长及以下（一）,岗位标签,title_or_tag,1,1,government:1,job_dde979a46c1e930e5dab,牡丹江出入境边防检查站一级警长及以下（一）,牡丹江出入境边防检查站一级警长及以下（一）
牡丹江出入境边防检查站一级警长及以下（二）,岗位标签,title_or_tag,1,1,government:1,job_5301d22be7dba5147dce,牡丹江出入境边防检查站一级警长及以下（二）,牡丹江出入境边防检查站一级警长及以下（二）
牡丹江海关缉私分局一级警长及以下,岗位标签,title_or_tag,1,1,government:1,job_d3d3f4e87017efd65259,牡丹江海关缉私分局一级警长及以下,牡丹江海关缉私分局一级警长及以下
牡丹江调查队业务科一级科员,岗位标签,title_or_tag,1,1,government:1,job_dc8aa90e5d31f0ca7171,牡丹江调查队业务科一级科员,牡丹江调查队业务科一级科员
牡丹江边境管理支队一级警长及以下,岗位标签,title_or_tag,1,1,government:1,job_3ba376fe6a668c8c8e64,牡丹江边境管理支队一级警长及以下,牡丹江边境管理支队一级警长及以下
物控查检一级行政执法员,岗位标签,title_or_tag,1,1,government:1,job_568e5104e472d6b43383,物控查检一级行政执法员,物控查检一级行政执法员
物控查检（统计分析应用类）一级行政执法员,岗位标签,title_or_tag,1,1,government:1,job_cb0204eed8422514e7bc,物控查检（统计分析应用类）一级行政执法员,物控查检（统计分析应用类）一级行政执法员
物控查检（统计分析应用类）四级主办及以下,岗位标签,title_or_tag,1,1,government:1,job_efb43e0915abbab9ecb3,物控查检（统计分析应用类）四级主办及以下,物控查检（统计分析应用类）四级主办及以下
物流管理、供应链管理、电子商务、国际经济与贸易、跨境电子商务,岗位标签,title_or_tag,1,1,government:1,job_6ad011e5d7950bdf8e99,口岸监管一级行政执法员,物流管理、供应链管理、电子商务、国际经济与贸易、跨境电子商务
物流管理、物流工程、供应链管理,岗位标签,title_or_tag,1,1,government:1,job_a9c0eaa7026bc0abb800,监管一级行政执法员,物流管理、物流工程、供应链管理
物流管理、物流工程、供应链管理、电子商务、跨境电子商务,岗位标签,title_or_tag,1,1,government:1,job_341aa11b46b122d8e010,海关监管一级行政执法员,物流管理、物流工程、供应链管理、电子商务、跨境电子商务
物流管理、物流工程、邮政管理、邮政工程、交通运输、法学（以上均为专业名称）,岗位标签,title_or_tag,1,1,government:1,job_ae14009ddf0767319018,一级主任科员及以下,物流管理、物流工程、邮政管理、邮政工程、交通运输、法学（以上均为专业名称）
物理学类、化学类、电子信息类、计算机类,岗位标签,title_or_tag,1,1,government:1,job_51526f6a1823a0515ffa,一级行政执法员（五）,物理学类、化学类、电子信息类、计算机类
物理学类、统计学类、计算机类,岗位标签,title_or_tag,1,1,government:1,job_7f5bb2100300b4077c4e,一级行政执法员（二）,物理学类、统计学类、计算机类
物理海洋学（070701）、大气科学（0706）,岗位标签,title_or_tag,1,1,government:1,job_bc58bb9820a4f25cd823,海洋预警监测处（军民融合办公室）一级主任科员及以下,物理海洋学（070701）、大气科学（0706）
特警支队一级警长及以下（三）,岗位标签,title_or_tag,1,1,government:1,job_c8e45d7831e78dbda609,特警支队一级警长及以下（三）,特警支队一级警长及以下（三）
犍为调查队一级科员,岗位标签,title_or_tag,1,1,government:1,job_7cd9b076163939c6dc33,犍为调查队一级科员,犍为调查队一级科员
献县调查队一级科员,岗位标签,title_or_tag,1,1,government:1,job_e2d8b6181a18f03edafd,献县调查队一级科员,献县调查队一级科员
王营盘闸管理所一级主任科员及以下,岗位标签,title_or_tag,1,1,government:1,job_fa5d7019fe15832a0b50,王营盘闸管理所一级主任科员及以下,王营盘闸管理所一级主任科员及以下
环境工程,岗位标签,title_or_tag,1,1,government:1,job_a9dc3875af62439cff96,一级行政执法员（四）,环境工程
环境工程、化学工程,岗位标签,title_or_tag,1,1,government:1,job_5ce1310b6b64dab83164,监督管理一处一级主任科员及以下,环境工程、化学工程
环境法、行政法、民商法等相关专业,岗位标签,title_or_tag,1,1,government:1,job_46770b2df09caf15f4bb,损害赔偿指导处一级主任科员及以下,环境法、行政法、民商法等相关专业
环境科学,岗位标签,title_or_tag,1,1,government:1,job_4110b30dd95455e01b41,投资与技术指导处一级主任科员及以下,环境科学
环境科学、环境工程、化学工程、化学,岗位标签,title_or_tag,1,1,government:1,job_b713ec085aec651426fd,一级行政执法员（五）,环境科学、环境工程、化学工程、化学
环境科学、环境工程、应用化学、化学工程与工艺等生态环境相关专业,岗位标签,title_or_tag,1,1,government:1,job_615cc1b42f6c5a7a71c8,督察业务处一级主任科员及以下,环境科学、环境工程、应用化学、化学工程与工艺等生态环境相关专业
环境科学、环境工程、环境科学与工程、资源与环境、水文学及水资源、市政工程,岗位标签,title_or_tag,1,1,government:1,job_95c71866a2039ce7c15a,流域监管岗位一级主任科员及以下,环境科学、环境工程、环境科学与工程、资源与环境、水文学及水资源、市政工程
环境科学与工程、交通运输安全与环境工程,岗位标签,title_or_tag,1,1,government:1,job_b699af2e02b6b8ef3376,一级行政执法员（七）,环境科学与工程、交通运输安全与环境工程
环境科学与工程、化学,岗位标签,title_or_tag,1,1,government:1,job_d14b51a6e28225304e11,一级行政执法员（二十七）,环境科学与工程、化学
环境科学与工程、化学、化学工程与技术,岗位标签,title_or_tag,1,1,government:1,job_585dd85b2656804fa6a2,一级行政执法员（八）,环境科学与工程、化学、化学工程与技术
环境科学与工程、环境工程,岗位标签,title_or_tag,1,1,government:1,job_0806acd6329c5e84f7e9,一级行政执法员（十一）,环境科学与工程、环境工程
环境科学与工程、环境科学、环境工程、水文学及水资源、水力学及河流动力学,岗位标签,title_or_tag,1,1,government:1,job_f44b5d3c9c13bff92aa0,监督管理处一级主任科员及以下,环境科学与工程、环境科学、环境工程、水文学及水资源、水力学及河流动力学
环境科学与工程、环境科学、环境工程、海洋工程、环境与资源保护法学、海洋管理,岗位标签,title_or_tag,1,1,government:1,job_03b6bed80df096fc56bf,执法应急处一级主任科员及以下,环境科学与工程、环境科学、环境工程、海洋工程、环境与资源保护法学、海洋管理
环境科学与工程、资源与环境,岗位标签,title_or_tag,1,1,government:1,job_737902882e76a981a9ea,一级行政执法员（四）,环境科学与工程、资源与环境
环境科学与工程类、化学类、电子信息类,岗位标签,title_or_tag,1,1,government:1,job_d75379154a8fdef1acbd,一级行政执法员（十五）,环境科学与工程类、化学类、电子信息类
环境科学与工程类、资源与环境经济学等相关专业,岗位标签,title_or_tag,1,1,government:1,job_14fbf0ecde1e3dc96b32,业务处室一级主任科员及以下,环境科学与工程类、资源与环境经济学等相关专业
环境科学与工程（0830）,岗位标签,title_or_tag,1,1,government:1,job_5201201492802f5bc451,督察业务处一级主任科员及以下,环境科学与工程（0830）
环境科学（083001）、环境工程（083002）、水生生物学（071004）,岗位标签,title_or_tag,1,1,government:1,job_05f0dd9ba1fcbe1664b7,生态环境监管一级主任科员及以下,环境科学（083001）、环境工程（083002）、水生生物学（071004）
环境设计（130503）,岗位标签,title_or_tag,1,1,government:1,job_094e7a4fa945ea9cf462,执行队一级警长及以下（六）,环境设计（130503）
环境设计（130503）、教育学（040101）、行政管理（120402）,岗位标签,title_or_tag,1,1,government:1,job_15ced02b4fc6fc4fb8a6,延边边境管理支队一级警长及以下（十八）,环境设计（130503）、教育学（040101）、行政管理（120402）
珠海调查队业务科室四级主任科员,岗位标签,title_or_tag,1,1,government:1,job_322d0076b070be5bf47f,珠海调查队业务科室四级主任科员,珠海调查队业务科室四级主任科员
珠海调查队综合科室四级主任科员,岗位标签,title_or_tag,1,1,government:1,job_7403733afcd35274c7f5,珠海调查队综合科室四级主任科员,珠海调查队综合科室四级主任科员
珲春出入境边防检查站一级警长及以下,岗位标签,title_or_tag,1,1,government:1,job_63679635450b76acc249,珲春出入境边防检查站一级警长及以下,珲春出入境边防检查站一级警长及以下
理、工类专业（不含核、火炸药相关理工类专业）,岗位标签,title_or_tag,1,1,government:1,job_9d2be9ba351d480e8a0f,航天管理岗一级主任科员及以下,理、工类专业（不含核、火炸药相关理工类专业）
理学07、工学08、行政管理120401,岗位标签,title_or_tag,1,1,government:1,job_f73e02f5e9f83b9fdb8d,人事保卫处一级主任科员及以下,理学07、工学08、行政管理120401
理学门类、工学门类、农学门类、管理学门类,岗位标签,title_or_tag,1,1,government:1,job_3001242f4de5c0ce0ea4,监管一级行政执法员（一）,理学门类、工学门类、农学门类、管理学门类
理学（07）、工学（08）,岗位标签,title_or_tag,1,1,government:1,job_e82600fd3d87faf89bf3,监督核查工作一级主任科员及以下,理学（07）、工学（08）
理学（07）、工学（08）、医学（10）,岗位标签,title_or_tag,1,1,government:1,job_e595fb1c3e74dd7ed8c3,科技管理工作一级主任科员及以下,理学（07）、工学（08）、医学（10）
理工类、经济类专业,岗位标签,title_or_tag,1,1,government:1,job_0c1d63259499300e13f9,科技创新岗一级主任科员及以下,理工类、经济类专业
理论经济学、应用经济学、投资学、统计学、金融学、法学,岗位标签,title_or_tag,1,1,government:1,job_c3841978b907328a2ac6,一级主任科员及以下,理论经济学、应用经济学、投资学、统计学、金融学、法学
理论经济学、应用经济学、金融、税务、审计、会计,岗位标签,title_or_tag,1,1,government:1,job_410644a5d854daaf8cf9,一级主任科员及以下,理论经济学、应用经济学、金融、税务、审计、会计
理论经济学（0201）、应用经济学（0202）,岗位标签,title_or_tag,1,1,government:1,job_dd4474095bac42511267,第二研究室一级主任科员及以下,理论经济学（0201）、应用经济学（0202）
琼中调查队一级科员,岗位标签,title_or_tag,1,1,government:1,job_2e7ad7ed173cb051e159,琼中调查队一级科员,琼中调查队一级科员
瑞丽出入境边防检查站一级警长及以下（一）,岗位标签,title_or_tag,1,1,government:1,job_312903f9181caabb941e,瑞丽出入境边防检查站一级警长及以下（一）,瑞丽出入境边防检查站一级警长及以下（一）
瑞丽出入境边防检查站一级警长及以下（三）,岗位标签,title_or_tag,1,1,government:1,job_0e37d878e08abd2537a6,瑞丽出入境边防检查站一级警长及以下（三）,瑞丽出入境边防检查站一级警长及以下（三）
瑞丽出入境边防检查站一级警长及以下（二）,岗位标签,title_or_tag,1,1,government:1,job_e0f552d1bc3c5584b47c,瑞丽出入境边防检查站一级警长及以下（二）,瑞丽出入境边防检查站一级警长及以下（二）
瑞丽调查队一级科员,岗位标签,title_or_tag,1,1,government:1,job_3f1ab37828a3e42b2002,瑞丽调查队一级科员,瑞丽调查队一级科员
瑞丽遣返中心执行队一级警长及以下（一）,岗位标签,title_or_tag,1,1,government:1,job_e6f78393a027f3096a63,瑞丽遣返中心执行队一级警长及以下（一）,瑞丽遣返中心执行队一级警长及以下（一）
瑞丽遣返中心执行队一级警长及以下（七）,岗位标签,title_or_tag,1,1,government:1,job_0118520ad3c4cb0ba666,瑞丽遣返中心执行队一级警长及以下（七）,瑞丽遣返中心执行队一级警长及以下（七）
瑞丽遣返中心执行队一级警长及以下（三）,岗位标签,title_or_tag,1,1,government:1,job_1067cc1545b43758f02d,瑞丽遣返中心执行队一级警长及以下（三）,瑞丽遣返中心执行队一级警长及以下（三）
瑞丽遣返中心执行队一级警长及以下（九）,岗位标签,title_or_tag,1,1,government:1,job_9f9660e63695e66d24d8,瑞丽遣返中心执行队一级警长及以下（九）,瑞丽遣返中心执行队一级警长及以下（九）
瑞丽遣返中心执行队一级警长及以下（二）,岗位标签,title_or_tag,1,1,government:1,job_2473ea4cbcd306ac94af,瑞丽遣返中心执行队一级警长及以下（二）,瑞丽遣返中心执行队一级警长及以下（二）
瑞丽遣返中心执行队一级警长及以下（五）,岗位标签,title_or_tag,1,1,government:1,job_e324c9ae587f4dc52a11,瑞丽遣返中心执行队一级警长及以下（五）,瑞丽遣返中心执行队一级警长及以下（五）
瑞丽遣返中心执行队一级警长及以下（八）,岗位标签,title_or_tag,1,1,government:1,job_1531fbcad4c5034eb813,瑞丽遣返中心执行队一级警长及以下（八）,瑞丽遣返中心执行队一级警长及以下（八）
瑞丽遣返中心执行队一级警长及以下（六）,岗位标签,title_or_tag,1,1,government:1,job_d7cbea1df5221fe6b137,瑞丽遣返中心执行队一级警长及以下（六）,瑞丽遣返中心执行队一级警长及以下（六）
瑞丽遣返中心执行队一级警长及以下（十一）,岗位标签,title_or_tag,1,1,government:1,job_5ca1e464b3284f790066,瑞丽遣返中心执行队一级警长及以下（十一）,瑞丽遣返中心执行队一级警长及以下（十一）
瑞丽遣返中心执行队一级警长及以下（十三）,岗位标签,title_or_tag,1,1,government:1,job_7cea80b1e9e0c4fdeaad,瑞丽遣返中心执行队一级警长及以下（十三）,瑞丽遣返中心执行队一级警长及以下（十三）
瑞丽遣返中心执行队一级警长及以下（十二）,岗位标签,title_or_tag,1,1,government:1,job_47cb822df9545b6b91d6,瑞丽遣返中心执行队一级警长及以下（十二）,瑞丽遣返中心执行队一级警长及以下（十二）
瑞丽遣返中心执行队一级警长及以下（十）,岗位标签,title_or_tag,1,1,government:1,job_14ce00001fdf11426ec6,瑞丽遣返中心执行队一级警长及以下（十）,瑞丽遣返中心执行队一级警长及以下（十）
瑞丽遣返中心执行队一级警长及以下（四）,岗位标签,title_or_tag,1,1,government:1,job_6c5f4e6cd318a40c1e6a,瑞丽遣返中心执行队一级警长及以下（四）,瑞丽遣返中心执行队一级警长及以下（四）
瑞昌调查队一级科员,岗位标签,title_or_tag,1,1,government:1,job_c64cb011eb830c6c2d9e,瑞昌调查队一级科员,瑞昌调查队一级科员
瓦房店调查队一级科员,岗位标签,title_or_tag,1,1,government:1,job_1e643eec7d6bfe4a3f95,瓦房店调查队一级科员,瓦房店调查队一级科员
瓮安调查队一级科员,岗位标签,title_or_tag,1,1,government:1,job_63383017284a1d6e4fb0,瓮安调查队一级科员,瓮安调查队一级科员
甘南调查队业务科室二级主任科员及以下,岗位标签,title_or_tag,1,1,government:1,job_c3e055dec5cc42ba4968,甘南调查队业务科室二级主任科员及以下,甘南调查队业务科室二级主任科员及以下
甘孜调查队业务科室一级科员,岗位标签,title_or_tag,1,1,government:1,job_7771429cdaf21d47918b,甘孜调查队业务科室一级科员,甘孜调查队业务科室一级科员
甘肃调查总队业务处室一级主任科员及以下,岗位标签,title_or_tag,1,1,government:1,job_bf599677599eb7b06030,甘肃调查总队业务处室一级主任科员及以下,甘肃调查总队业务处室一级主任科员及以下
甘肃调查总队综合处室一级主任科员及以下,岗位标签,title_or_tag,1,1,government:1,job_17a8815b92411b62f594,甘肃调查总队综合处室一级主任科员及以下,甘肃调查总队综合处室一级主任科员及以下
生态学类（0713）,岗位标签,title_or_tag,1,1,government:1,job_4664e24ebca8bfa6f3a3,濒危物种进出口管理处一级主任科员及以下,生态学类（0713）
生态学类（0713）、生物学类（0710）,岗位标签,title_or_tag,1,1,government:1,job_a95db4c538f51a57ee08,野生动物保护管理处一级主任科员及以下,生态学类（0713）、生物学类（0710）
生态环境监管一级主任科员及以下,岗位标签,title_or_tag,1,1,government:1,job_05f0dd9ba1fcbe1664b7,生态环境监管一级主任科员及以下,生态环境监管一级主任科员及以下
生物信息学、生物工程、生物医学工程、生物医学数据科学、智能医学工程,岗位标签,title_or_tag,1,1,government:1,job_9f69078449d729c332f0,生物领域一级主任科员及以下,生物信息学、生物工程、生物医学工程、生物医学数据科学、智能医学工程
生物制品处一级主任科员及以下,岗位标签,title_or_tag,1,1,government:1,job_8c94e789e9cd969755c7,生物制品处一级主任科员及以下,生物制品处一级主任科员及以下
生物多样性处一级主任科员及以下,岗位标签,title_or_tag,1,1,government:1,job_e3f4c2cce1077fe5645d,生物多样性处一级主任科员及以下,生物多样性处一级主任科员及以下
生物科学类、电气类、建筑类,岗位标签,title_or_tag,1,1,government:1,job_18d835add10f1f0ad923,一级行政执法员（三）,生物科学类、电气类、建筑类
生物领域一级主任科员及以下,岗位标签,title_or_tag,1,1,government:1,job_9f69078449d729c332f0,生物领域一级主任科员及以下,生物领域一级主任科员及以下
田林调查队一级科员,岗位标签,title_or_tag,1,1,government:1,job_40042274d5b7ce8f9498,田林调查队一级科员,田林调查队一级科员
电力领域一级主任科员及以下,岗位标签,title_or_tag,1,1,government:1,job_496c068996417d115c5e,电力领域一级主任科员及以下,电力领域一级主任科员及以下
电子信息、自动控制、计算机、软件等相关理工类专业,岗位标签,title_or_tag,1,1,government:1,job_d69922c63aaf19835a05,航空管理岗一级主任科员及以下,电子信息、自动控制、计算机、软件等相关理工类专业
电子信息、通信工程,岗位标签,title_or_tag,1,1,government:1,job_4e6893f68aebaa29e85a,一级行政执法员（十）,电子信息、通信工程
电子信息工程、网络工程、软件工程、通信工程、机械电子工程（以上均为专业名称）,岗位标签,title_or_tag,1,1,government:1,job_dccf10d4905c38f78bd9,一级科员,电子信息工程、网络工程、软件工程、通信工程、机械电子工程（以上均为专业名称）
电子信息类、地质类、矿业类,岗位标签,title_or_tag,1,1,government:1,job_b1d3a4599da0394220ff,一级行政执法员（一）,电子信息类、地质类、矿业类
电子信息类、环境科学与工程类、建筑类,岗位标签,title_or_tag,1,1,government:1,job_e73503c54a055aee7741,一级行政执法员（一）,电子信息类、环境科学与工程类、建筑类
电子信息类、自动化类,岗位标签,title_or_tag,1,1,government:1,job_397ae57f5500eb4489f7,监管一处一级主任科员及以下,电子信息类、自动化类
电子信息类、自动化类、计算机类、环境科学与工程类、安全科学与工程类,岗位标签,title_or_tag,1,1,government:1,job_9f77f38f6fc589ca707e,一级行政执法员（三）,电子信息类、自动化类、计算机类、环境科学与工程类、安全科学与工程类
电子信息类、自动化类、计算机类、统计学类、数学类,岗位标签,title_or_tag,1,1,government:1,job_5ebab0738f794bf1c590,一级行政执法员（七）,电子信息类、自动化类、计算机类、统计学类、数学类
电子信息类、计算机类、农业工程类,岗位标签,title_or_tag,1,1,government:1,job_7a4c90142be34dd51126,一级行政执法员（五）,电子信息类、计算机类、农业工程类
电子信息类、计算机类、地球物理学类、测绘类,岗位标签,title_or_tag,1,1,government:1,job_9ff6eefe769ce42aeb9b,一级行政执法员（一）,电子信息类、计算机类、地球物理学类、测绘类
电子信息类、计算机类、电气类、自动化类,岗位标签,title_or_tag,1,1,government:1,job_eb4b5555cfa318f1c149,一级行政执法员（三）,电子信息类、计算机类、电气类、自动化类
电子信息（人工智能、大数据技术与工程）,岗位标签,title_or_tag,1,1,government:1,job_4b72f3de160b881268a1,河北调查总队综合处室四级主任科员（3）,电子信息（人工智能、大数据技术与工程）
电子科学与技术 、计算机科学与技术,岗位标签,title_or_tag,1,1,government:1,job_e43ef658fd5f90f8f9a3,电竞技术领域一级主任科员及以下,电子科学与技术 、计算机科学与技术
电子科学与技术0809、信息与通信工程0810、软件工程0835,岗位标签,title_or_tag,1,1,government:1,job_385e9795547b24e03016,成都边检站警务技术一级主管及以下（一）,电子科学与技术0809、信息与通信工程0810、软件工程0835
电子科学与技术、信息与通信工程、计算机科学与技术、软件工程、网络空间安全,岗位标签,title_or_tag,1,1,government:1,job_876b283a9a45cef64fc6,信息技术岗一级主任科员及以下,电子科学与技术、信息与通信工程、计算机科学与技术、软件工程、网络空间安全
电子科学与技术、电子信息科学与技术,岗位标签,title_or_tag,1,1,government:1,job_a2f15742867ef0f5b253,适航审定处一级主任科员及以下,电子科学与技术、电子信息科学与技术
电子科学与技术、计算机科学与技术、软件工程,岗位标签,title_or_tag,1,1,government:1,job_387ccd1afebcbc4e4c75,一级行政执法员（四）,电子科学与技术、计算机科学与技术、软件工程
电子科学与技术、软件工程、光电信息科学与工程,岗位标签,title_or_tag,1,1,government:1,job_6dba501035059aa71611,一级行政执法员（十八）,电子科学与技术、软件工程、光电信息科学与工程
电子管理岗一级主任科员及以下,岗位标签,title_or_tag,1,1,government:1,job_9b2ecfc0fd95bf48c356,电子管理岗一级主任科员及以下,电子管理岗一级主任科员及以下
电气、能源动力等相关专业,岗位标签,title_or_tag,1,1,government:1,job_719e56e6dd38bae88680,资质管理处一级主任科员及以下,电气、能源动力等相关专业
电气工程,岗位标签,title_or_tag,1,1,government:1,job_a49a7a55c248c9345c6c,电力安全监管处一级主任科员及以下,电气工程
电气工程、动力工程及工程热物理、矿业工程、石油与天然气工程等相关专业,岗位标签,title_or_tag,1,1,government:1,job_af179f6456d3082326bd,行业监管处一级主任科员及以下,电气工程、动力工程及工程热物理、矿业工程、石油与天然气工程等相关专业
电气工程、水利工程,岗位标签,title_or_tag,1,1,government:1,job_87ef50fc32799b05b7c5,政策研究处一级主任科员及以下,电气工程、水利工程
电气工程、水力水电工程、能源动力等相关专业,岗位标签,title_or_tag,1,1,government:1,job_c46b3fbe2a8289ecae6e,业务处室一级主任科员及以下,电气工程、水力水电工程、能源动力等相关专业
电气工程、电力系统及其自动化、电气工程及其自动化、水利水电工程、能源与动力工程,岗位标签,title_or_tag,1,1,government:1,job_ed0d793252cd5ab6107b,业务处室一级主任科员及以下,电气工程、电力系统及其自动化、电气工程及其自动化、水利水电工程、能源与动力工程
电气工程、能源动力、动力工程及工程热物理专业,岗位标签,title_or_tag,1,1,government:1,job_68bafc128ce8ecf9f4dc,市场监管处一级主任科员及以下,电气工程、能源动力、动力工程及工程热物理专业
电气工程及其自动化、智能电网信息工程、电气工程与智能控制、能源经济,岗位标签,title_or_tag,1,1,government:1,job_25b9f5e1c7671f742088,稽查处一级主任科员及以下,电气工程及其自动化、智能电网信息工程、电气工程与智能控制、能源经济
电气工程及其自动化、电力系统及其自动化,岗位标签,title_or_tag,1,1,government:1,job_940292218b679fbb53a2,综合处一级主任科员及以下,电气工程及其自动化、电力系统及其自动化
电气工程及其自动化、电力系统及其自动化、热能与动力工程、自动化,岗位标签,title_or_tag,1,1,government:1,job_8f9b4aa7b9aabd9f3a5f,业务处室一级主任科员及以下,电气工程及其自动化、电力系统及其自动化、热能与动力工程、自动化
电气工程及其自动化、电气工程、机械设计制造及其自动化、机械工程,岗位标签,title_or_tag,1,1,government:1,job_c0a21a191aaaaaafeef9,监察执法处二级主任科员及以下,电气工程及其自动化、电气工程、机械设计制造及其自动化、机械工程
电气工程及其自动化、电气工程与智能控制、道路桥梁与渡河工程、智能建造与智慧交通,岗位标签,title_or_tag,1,1,government:1,job_ca04a10699ce04a7466e,货物查验一级行政执法员,电气工程及其自动化、电气工程与智能控制、道路桥梁与渡河工程、智能建造与智慧交通
电气工程及其自动化、能源与动力工程、核工程与核技术、技术经济及管理等专业,岗位标签,title_or_tag,1,1,government:1,job_dcaab0036a6a196a6574,市场监管处一级主任科员及以下,电气工程及其自动化、能源与动力工程、核工程与核技术、技术经济及管理等专业
电气工程及其自动化、自动化、机器人工程、智能装备与系统、工业智能、控制科学与工程,岗位标签,title_or_tag,1,1,government:1,job_478b41d4493058cdab13,科技管理（机械自动化类）四级主办及以下,电气工程及其自动化、自动化、机器人工程、智能装备与系统、工业智能、控制科学与工程
电气工程及其自动化及相关专业,岗位标签,title_or_tag,1,1,government:1,job_d61e7f30cacc6f1b2799,电力安全监管处一级主任科员及以下,电气工程及其自动化及相关专业
电气工程及其自动化等相关专业,岗位标签,title_or_tag,1,1,government:1,job_79f8aefe6ec317775de8,市场监管处一级主任科员及以下,电气工程及其自动化等相关专业
电气工程及其自动化（080601）,岗位标签,title_or_tag,1,1,government:1,job_475772950a68e460c469,执行队一级警长及以下（五）,电气工程及其自动化（080601）
电气工程及其自动化，电气工程,岗位标签,title_or_tag,1,1,government:1,job_ec51cdaf4907dbc05efb,监察执法处一级主任科员及以下,电气工程及其自动化，电气工程
电气工程或电力系统及其自动化,岗位标签,title_or_tag,1,1,government:1,job_6d3dbf80db4372c874b8,市场监管处一级主任科员及以下,电气工程或电力系统及其自动化
电气工程相关专业,岗位标签,title_or_tag,1,1,government:1,job_844a69f9f72ac61a974f,业务处室一级主任科员及以下,电气工程相关专业
电气类,岗位标签,title_or_tag,1,1,government:1,job_dae04d47c7d1829c26bf,监管一处一级主任科员及以下,电气类
电气类、农业工程类,岗位标签,title_or_tag,1,1,government:1,job_1ae10ca274e0f1c4ee28,一级行政执法员（三）,电气类、农业工程类
电气类、电子信息类、计算机类,岗位标签,title_or_tag,1,1,government:1,job_9e76705898d4072d261b,一级行政执法员（三）,电气类、电子信息类、计算机类
电气类专业,岗位标签,title_or_tag,1,1,government:1,job_2322946733072d958f34,市场监管处一级主任科员及以下,电气类专业
电竞技术领域一级主任科员及以下,岗位标签,title_or_tag,1,1,government:1,job_e43ef658fd5f90f8f9a3,电竞技术领域一级主任科员及以下,电竞技术领域一级主任科员及以下
畜牧学、草学、农业资源与环境、生物学、生物工程、农林经济管理（1203）,岗位标签,title_or_tag,1,1,government:1,job_a133444052378e216a2b,畜禽废弃物利用处一级主任科员及以下,畜牧学、草学、农业资源与环境、生物学、生物工程、农林经济管理（1203）
畜禽废弃物利用处一级主任科员及以下,岗位标签,title_or_tag,1,1,government:1,job_a133444052378e216a2b,畜禽废弃物利用处一级主任科员及以下,畜禽废弃物利用处一级主任科员及以下
番禺海关缉私分局一级警长及以下,岗位标签,title_or_tag,1,1,government:1,job_971b860df8423286125e,番禺海关缉私分局一级警长及以下,番禺海关缉私分局一级警长及以下
番禺调查队一级科员,岗位标签,title_or_tag,1,1,government:1,job_2fc18bc788ea609f98d6,番禺调查队一级科员,番禺调查队一级科员
番禺边检站一级警长及以下,岗位标签,title_or_tag,1,1,government:1,job_e8b23891ff0d1b5ae8d7,番禺边检站一级警长及以下,番禺边检站一级警长及以下
登轮监管四级主办及以下（一）,岗位标签,title_or_tag,1,1,government:1,job_c58d176c64932dd42661,登轮监管四级主办及以下（一）,登轮监管四级主办及以下（一）
登轮监管四级主办及以下（二）,岗位标签,title_or_tag,1,1,government:1,job_fe4a9ab948fcf7e64873,登轮监管四级主办及以下（二）,登轮监管四级主办及以下（二）
白云边检站一级警长及以下（一）,岗位标签,title_or_tag,1,1,government:1,job_ef6a17b9375798530bf0,白云边检站一级警长及以下（一）,白云边检站一级警长及以下（一）
白云边检站一级警长及以下（二）,岗位标签,title_or_tag,1,1,government:1,job_1ded012e9fe7c0f861dd,白云边检站一级警长及以下（二）,白云边检站一级警长及以下（二）
白云边检站警务技术一级主管及以下（一）,岗位标签,title_or_tag,1,1,government:1,job_a000c9e80b30bad68c5a,白云边检站警务技术一级主管及以下（一）,白云边检站警务技术一级主管及以下（一）
白云边检站警务技术一级主管及以下（二）,岗位标签,title_or_tag,1,1,government:1,job_70691e82e2919dcebb49,白云边检站警务技术一级主管及以下（二）,白云边检站警务技术一级主管及以下（二）
白山边境管理支队一级警长及以下（一）,岗位标签,title_or_tag,1,1,government:1,job_60ed8e3c0515890e975a,白山边境管理支队一级警长及以下（一）,白山边境管理支队一级警长及以下（一）
白山边境管理支队一级警长及以下（七）,岗位标签,title_or_tag,1,1,government:1,job_d429c81909d893da9a63,白山边境管理支队一级警长及以下（七）,白山边境管理支队一级警长及以下（七）
白山边境管理支队一级警长及以下（三）,岗位标签,title_or_tag,1,1,government:1,job_532d8cfa24d15acc3b2d,白山边境管理支队一级警长及以下（三）,白山边境管理支队一级警长及以下（三）
白山边境管理支队一级警长及以下（九）,岗位标签,title_or_tag,1,1,government:1,job_a9f927326527c1491bc4,白山边境管理支队一级警长及以下（九）,白山边境管理支队一级警长及以下（九）
白山边境管理支队一级警长及以下（二十一）,岗位标签,title_or_tag,1,1,government:1,job_db7d4845ac75d94f1376,白山边境管理支队一级警长及以下（二十一）,白山边境管理支队一级警长及以下（二十一）
白山边境管理支队一级警长及以下（二十）,岗位标签,title_or_tag,1,1,government:1,job_c5667404ec3018ae8468,白山边境管理支队一级警长及以下（二十）,白山边境管理支队一级警长及以下（二十）
白山边境管理支队一级警长及以下（二）,岗位标签,title_or_tag,1,1,government:1,job_f964665449af5eccdeed,白山边境管理支队一级警长及以下（二）,白山边境管理支队一级警长及以下（二）
白山边境管理支队一级警长及以下（五）,岗位标签,title_or_tag,1,1,government:1,job_4fef4d5c7b010a27121d,白山边境管理支队一级警长及以下（五）,白山边境管理支队一级警长及以下（五）
白山边境管理支队一级警长及以下（八）,岗位标签,title_or_tag,1,1,government:1,job_bf25a58d3e61f9d37bdd,白山边境管理支队一级警长及以下（八）,白山边境管理支队一级警长及以下（八）
白山边境管理支队一级警长及以下（六）,岗位标签,title_or_tag,1,1,government:1,job_c3fb618e7d882d278826,白山边境管理支队一级警长及以下（六）,白山边境管理支队一级警长及以下（六）
白山边境管理支队一级警长及以下（十一）,岗位标签,title_or_tag,1,1,government:1,job_523331c9609024c2152c,白山边境管理支队一级警长及以下（十一）,白山边境管理支队一级警长及以下（十一）
白山边境管理支队一级警长及以下（十七）,岗位标签,title_or_tag,1,1,government:1,job_87ef1089461b039cb1b5,白山边境管理支队一级警长及以下（十七）,白山边境管理支队一级警长及以下（十七）
白山边境管理支队一级警长及以下（十三）,岗位标签,title_or_tag,1,1,government:1,job_0b172b586a514e84e4b6,白山边境管理支队一级警长及以下（十三）,白山边境管理支队一级警长及以下（十三）
白山边境管理支队一级警长及以下（十九）,岗位标签,title_or_tag,1,1,government:1,job_defa469d9093d453619d,白山边境管理支队一级警长及以下（十九）,白山边境管理支队一级警长及以下（十九）
白山边境管理支队一级警长及以下（十二）,岗位标签,title_or_tag,1,1,government:1,job_f2fdf5dca9720d6d0e82,白山边境管理支队一级警长及以下（十二）,白山边境管理支队一级警长及以下（十二）
白山边境管理支队一级警长及以下（十五）,岗位标签,title_or_tag,1,1,government:1,job_4740eb76071e29277932,白山边境管理支队一级警长及以下（十五）,白山边境管理支队一级警长及以下（十五）
白山边境管理支队一级警长及以下（十八）,岗位标签,title_or_tag,1,1,government:1,job_8c0072a1a34b05656b40,白山边境管理支队一级警长及以下（十八）,白山边境管理支队一级警长及以下（十八）
白山边境管理支队一级警长及以下（十六）,岗位标签,title_or_tag,1,1,government:1,job_616c79256c5c9fc91aa6,白山边境管理支队一级警长及以下（十六）,白山边境管理支队一级警长及以下（十六）
白山边境管理支队一级警长及以下（十四）,岗位标签,title_or_tag,1,1,government:1,job_43f8e7519d50ef990eca,白山边境管理支队一级警长及以下（十四）,白山边境管理支队一级警长及以下（十四）
白山边境管理支队一级警长及以下（十）,岗位标签,title_or_tag,1,1,government:1,job_504cf82ad5e160d33657,白山边境管理支队一级警长及以下（十）,白山边境管理支队一级警长及以下（十）
白山边境管理支队一级警长及以下（四）,岗位标签,title_or_tag,1,1,government:1,job_10572121173437a68f10,白山边境管理支队一级警长及以下（四）,白山边境管理支队一级警长及以下（四）
白银调查队业务科室二级主任科员及以下,岗位标签,title_or_tag,1,1,government:1,job_9d2c3de47ca3a0743d45,白银调查队业务科室二级主任科员及以下,白银调查队业务科室二级主任科员及以下
白音华经济开发区税务分局一级行政执法员,岗位标签,title_or_tag,1,1,government:1,job_c108d21a663d90d5efd2,白音华经济开发区税务分局一级行政执法员,白音华经济开发区税务分局一级行政执法员
皇岗海关缉私分局一级警长及以下,岗位标签,title_or_tag,1,1,government:1,job_bf361ddda6172eab0aac,皇岗海关缉私分局一级警长及以下,皇岗海关缉私分局一级警长及以下
监察执法业务处室一级主任科员及以下,岗位标签,title_or_tag,1,1,government:1,job_9d87de73e1616bb77d89,监察执法业务处室一级主任科员及以下,监察执法业务处室一级主任科员及以下
监测预报处一级主任科员及以下,岗位标签,title_or_tag,1,1,government:1,job_ac2a43c22d85104a9b88,监测预报处一级主任科员及以下,监测预报处一级主任科员及以下
监狱学（030103T）,岗位标签,title_or_tag,1,1,government:1,job_0118520ad3c4cb0ba666,瑞丽遣返中心执行队一级警长及以下（七）,监狱学（030103T）
监狱学（030103）,岗位标签,title_or_tag,1,1,government:1,job_ff7396ceb0bea94a5433,丹东遣返站执行队一级警长及以下（一）,监狱学（030103）
监督局监督二处一级主任科员及以下,岗位标签,title_or_tag,1,1,government:1,job_73e62fbc24bba0dd415c,监督局监督二处一级主任科员及以下,监督局监督二处一级主任科员及以下
监督核查工作一级主任科员及以下,岗位标签,title_or_tag,1,1,government:1,job_e82600fd3d87faf89bf3,监督核查工作一级主任科员及以下,监督核查工作一级主任科员及以下
监督管理一处一级主任科员及以下,岗位标签,title_or_tag,1,1,government:1,job_5ce1310b6b64dab83164,监督管理一处一级主任科员及以下,监督管理一处一级主任科员及以下
监督管理处一级主任科员及以下,岗位标签,title_or_tag,1,1,government:1,job_f44b5d3c9c13bff92aa0,监督管理处一级主任科员及以下,监督管理处一级主任科员及以下
监管一级行政执法员（四）,岗位标签,title_or_tag,1,1,government:1,job_1d4c285338bdc0b7422f,监管一级行政执法员（四）,监管一级行政执法员（四）
监管二级主办及以下（一）,岗位标签,title_or_tag,1,1,government:1,job_6e7dc23112446f1ea4c6,监管二级主办及以下（一）,监管二级主办及以下（一）
监管二级主办及以下（二）,岗位标签,title_or_tag,1,1,government:1,job_755b08cb3ac3bae8cd43,监管二级主办及以下（二）,监管二级主办及以下（二）
监管合作一处一级主任科员及以下,岗位标签,title_or_tag,1,1,government:1,job_0efb037a925ee43096de,监管合作一处一级主任科员及以下,监管合作一处一级主任科员及以下
监管合作二处一级主任科员及以下,岗位标签,title_or_tag,1,1,government:1,job_6414d436ad58042e898f,监管合作二处一级主任科员及以下,监管合作二处一级主任科员及以下
监管合作四处一级主任科员及以下,岗位标签,title_or_tag,1,1,government:1,job_70a9f6756259011fe4e0,监管合作四处一级主任科员及以下,监管合作四处一级主任科员及以下
监管四处一级主任科员及以下,岗位标签,title_or_tag,1,1,government:1,job_0aff0f8580d7414eef5f,监管四处一级主任科员及以下,监管四处一级主任科员及以下
监管处一级主任科员及以下,岗位标签,title_or_tag,1,1,government:1,job_6846ac168bc874a055dc,监管处一级主任科员及以下,监管处一级主任科员及以下
监管工作一级行政执法员（一）,岗位标签,title_or_tag,1,1,government:1,job_a7a13b7efb70b2d67f75,监管工作一级行政执法员（一）,监管工作一级行政执法员（一）
监管工作一级行政执法员（二）,岗位标签,title_or_tag,1,1,government:1,job_fdcd88d7448457abf23d,监管工作一级行政执法员（二）,监管工作一级行政执法员（二）
监管工作四级主办及以下,岗位标签,title_or_tag,1,1,government:1,job_b5aefb28f0d062134194,监管工作四级主办及以下,监管工作四级主办及以下
监管（电子信息化类）一级行政执法员（一）,岗位标签,title_or_tag,1,1,government:1,job_430c52dce5f97fe292c6,监管（电子信息化类）一级行政执法员（一）,监管（电子信息化类）一级行政执法员（一）
监管（电子信息化类）一级行政执法员（二）,岗位标签,title_or_tag,1,1,government:1,job_00d20467916beb1ee839,监管（电子信息化类）一级行政执法员（二）,监管（电子信息化类）一级行政执法员（二）
监管（统计分析应用类）一级行政执法员（一）,岗位标签,title_or_tag,1,1,government:1,job_5f4ba270eccd15c4fc4c,监管（统计分析应用类）一级行政执法员（一）,监管（统计分析应用类）一级行政执法员（一）
监管（统计分析应用类）一级行政执法员（二）,岗位标签,title_or_tag,1,1,government:1,job_2a69ab40be92c5515f75,监管（统计分析应用类）一级行政执法员（二）,监管（统计分析应用类）一级行政执法员（二）
盘锦出入境边防检查站一级警长及以下,岗位标签,title_or_tag,1,1,government:1,job_f45dbd76029148bd5b60,盘锦出入境边防检查站一级警长及以下,盘锦出入境边防检查站一级警长及以下
省直管市调查队四级主任科员及以下（1）,岗位标签,title_or_tag,1,1,government:1,job_543ca01be3eb37a16da1,省直管市调查队四级主任科员及以下（1）,省直管市调查队四级主任科员及以下（1）
省直管市调查队四级主任科员及以下（2）,岗位标签,title_or_tag,1,1,government:1,job_c49081d07679b70cba54,省直管市调查队四级主任科员及以下（2）,省直管市调查队四级主任科员及以下（2）
眉山调查队业务科室一级科员,岗位标签,title_or_tag,1,1,government:1,job_ca1ad60ec7b13d6ec863,眉山调查队业务科室一级科员,眉山调查队业务科室一级科员
眉山高新技术产业园区税务分局一级行政执法员,岗位标签,title_or_tag,1,1,government:1,job_1ae8bea0dd25573c36f4,眉山高新技术产业园区税务分局一级行政执法员,眉山高新技术产业园区税务分局一级行政执法员
督察内审处一级主任科员及以下,岗位标签,title_or_tag,1,1,government:1,job_489653e1379b7e35125c,督察内审处一级主任科员及以下,督察内审处一级主任科员及以下
石家庄边检站一级警长及以下（一）,岗位标签,title_or_tag,1,1,government:1,job_a7a6c6342f3524921308,石家庄边检站一级警长及以下（一）,石家庄边检站一级警长及以下（一）
石家庄边检站一级警长及以下（二）,岗位标签,title_or_tag,1,1,government:1,job_6446eedd87ba4243f178,石家庄边检站一级警长及以下（二）,石家庄边检站一级警长及以下（二）
石油天然气处一级主任科员及以下,岗位标签,title_or_tag,1,1,government:1,job_43f0818dfe1a346e96be,石油天然气处一级主任科员及以下,石油天然气处一级主任科员及以下
矿业工程、采矿工程、矿物加工工程、矿物资源工程、冶金工程,岗位标签,title_or_tag,1,1,government:1,job_796d0251948210b82b5c,商品检验监管四级主办及以下,矿业工程、采矿工程、矿物加工工程、矿物资源工程、冶金工程
矿产品检验监管四级主办及以下,岗位标签,title_or_tag,1,1,government:1,job_02eaa9c824e441b111b9,矿产品检验监管四级主办及以下,矿产品检验监管四级主办及以下
矿山主体专业（地质）,岗位标签,title_or_tag,1,1,government:1,job_5a2a399742f9dd82423b,内设处室二级主任科员及以下,矿山主体专业（地质）
矿山主体专业（机电）,岗位标签,title_or_tag,1,1,government:1,job_02bb16148c65fdf2b95d,内设处室二级主任科员及以下,矿山主体专业（机电）
矿山主体专业（通风安全）,岗位标签,title_or_tag,1,1,government:1,job_c04a2ffbea1cc9365006,内设处室二级主任科员及以下,矿山主体专业（通风安全）
矿山主体专业（采矿工程、通风安全、机电、地质等）,岗位标签,title_or_tag,1,1,government:1,job_11abc82e780a011749dd,监察执法处二级主任科员及以下,矿山主体专业（采矿工程、通风安全、机电、地质等）
矿山安全监察处二级主任科员及以下,岗位标签,title_or_tag,1,1,government:1,job_28fa5136bc1d882f8a81,矿山安全监察处二级主任科员及以下,矿山安全监察处二级主任科员及以下
研究处一级警长及以下,岗位标签,title_or_tag,1,1,government:1,job_2a1d51206508151c8706,研究处一级警长及以下,研究处一级警长及以下
研究室一级主任科员及以下,岗位标签,title_or_tag,1,1,government:1,job_4bdb3e106890be8f5cd9,研究室一级主任科员及以下,研究室一级主任科员及以下
研究生阶段限0301法学、0351法律，且本科阶段限030101K法学,岗位标签,title_or_tag,1,1,government:1,job_d2ad2c4dcecd4b3fab81,法规部门一级主任科员及以下,研究生阶段限0301法学、0351法律，且本科阶段限030101K法学
研究生：会计1253、审计1257,岗位标签,title_or_tag,1,1,government:1,job_1055e0b52e8353e71868,财务预算处一级主任科员及以下,研究生：会计1253、审计1257
研究生：会计学（120201）、会计（1253）、审计（1257）,岗位标签,title_or_tag,1,1,government:1,job_8d3dd6661233f66929a7,业务处一级主任科员及以下,研究生：会计学（120201）、会计（1253）、审计（1257）
研究生：安全技术及工程；本科：安全工程,岗位标签,title_or_tag,1,1,government:1,job_45642d39b97d4be21fba,监察执法处三级主任科员及以下,研究生：安全技术及工程；本科：安全工程
研究生：审计（125700）；本科：审计学（120207）,岗位标签,title_or_tag,1,1,government:1,job_7878734142a3dbb06d3d,西宁出入境边防检查站一级警长及以下（五）,研究生：审计（125700）；本科：审计学（120207）
研究生：矿产普查与勘探，地质工程；本科：地质工程、勘查技术与工程、资源勘查工程,岗位标签,title_or_tag,1,1,government:1,job_7872b3fd6dade8cd3933,监察执法处三级主任科员及以下,研究生：矿产普查与勘探，地质工程；本科：地质工程、勘查技术与工程、资源勘查工程
硕龙出入境边防检查站一级警长及以下（一）,岗位标签,title_or_tag,1,1,government:1,job_87cd246e27f87ef9042a,硕龙出入境边防检查站一级警长及以下（一）,硕龙出入境边防检查站一级警长及以下（一）
硕龙出入境边防检查站一级警长及以下（二）,岗位标签,title_or_tag,1,1,government:1,job_798496e50c38e2e83d05,硕龙出入境边防检查站一级警长及以下（二）,硕龙出入境边防检查站一级警长及以下（二）
磨憨出入境边防检查站一级警长及以下（一）,岗位标签,title_or_tag,1,1,government:1,job_892a1e8166e472893194,磨憨出入境边防检查站一级警长及以下（一）,磨憨出入境边防检查站一级警长及以下（一）
磨憨出入境边防检查站一级警长及以下（三）,岗位标签,title_or_tag,1,1,government:1,job_a364e32e457d1bd58d38,磨憨出入境边防检查站一级警长及以下（三）,磨憨出入境边防检查站一级警长及以下（三）
磨憨出入境边防检查站一级警长及以下（二）,岗位标签,title_or_tag,1,1,government:1,job_35f1193a5a9380b9ee2c,磨憨出入境边防检查站一级警长及以下（二）,磨憨出入境边防检查站一级警长及以下（二）
礼泉调查队一级科员,岗位标签,title_or_tag,1,1,government:1,job_fa1270b98466ec4ff824,礼泉调查队一级科员,礼泉调查队一级科员
社会学类、马克思主义理论类、教育学类,岗位标签,title_or_tag,1,1,government:1,job_890f6ece44ca24ee4ed7,一级行政执法员（二）,社会学类、马克思主义理论类、教育学类
社会工作（0352）、心理学（0402）、公共管理学（1204）,岗位标签,title_or_tag,1,1,government:1,job_5ba0ccbfbe132735605b,离退休办公室一级主任科员及以下,社会工作（0352）、心理学（0402）、公共管理学（1204）
社会政策、经济与贸易类,岗位标签,title_or_tag,1,1,government:1,job_7584c99c3a583dc57a06,综合业务四级主办及以下,社会政策、经济与贸易类
社会管理与公共服务标准处一级主任科员及以下,岗位标签,title_or_tag,1,1,government:1,job_a0ae623c1a27ed638b5d,社会管理与公共服务标准处一级主任科员及以下,社会管理与公共服务标准处一级主任科员及以下
祝官屯枢纽管理所一级主任科员及以下,岗位标签,title_or_tag,1,1,government:1,job_d58a3e89e92055a30be1,祝官屯枢纽管理所一级主任科员及以下,祝官屯枢纽管理所一级主任科员及以下
神华铁路公安处基层所队民警,岗位标签,title_or_tag,1,1,government:1,job_3297e7ff33d3eb1467a6,神华铁路公安处基层所队民警,神华铁路公安处基层所队民警
祥符调查队一级科员,岗位标签,title_or_tag,1,1,government:1,job_e97530aac0ecda4599d6,祥符调查队一级科员,祥符调查队一级科员
福安调查队一级科员（1）,岗位标签,title_or_tag,1,1,government:1,job_5fa39f16f3069a57a801,福安调查队一级科员（1）,福安调查队一级科员（1）
福安调查队一级科员（2）,岗位标签,title_or_tag,1,1,government:1,job_f80bdb3d7217e9f1ce8a,福安调查队一级科员（2）,福安调查队一级科员（2）
福州出入境边防检查站一级警长及以下,岗位标签,title_or_tag,1,1,government:1,job_d34cd26c832aa19bae0e,福州出入境边防检查站一级警长及以下,福州出入境边防检查站一级警长及以下
福州机场出入境边防检查站一级警长及以下,岗位标签,title_or_tag,1,1,government:1,job_b3eaac6537e755c44c17,福州机场出入境边防检查站一级警长及以下,福州机场出入境边防检查站一级警长及以下
福建调查总队业务处室二级主任科员及以下（1）,岗位标签,title_or_tag,1,1,government:1,job_0e2931f1c8b557481b9f,福建调查总队业务处室二级主任科员及以下（1）,福建调查总队业务处室二级主任科员及以下（1）
福建调查总队业务处室二级主任科员及以下（2）,岗位标签,title_or_tag,1,1,government:1,job_e13269107bf2d5560842,福建调查总队业务处室二级主任科员及以下（2）,福建调查总队业务处室二级主任科员及以下（2）
福建调查总队业务处室二级主任科员及以下（3）,岗位标签,title_or_tag,1,1,government:1,job_5a0ec2e8d72274f888fb,福建调查总队业务处室二级主任科员及以下（3）,福建调查总队业务处室二级主任科员及以下（3）
福清出入境边防检查站一级警长及以下,岗位标签,title_or_tag,1,1,government:1,job_69d58193c09313c2e6be,福清出入境边防检查站一级警长及以下,福清出入境边防检查站一级警长及以下
福鼎调查队一级科员（1）,岗位标签,title_or_tag,1,1,government:1,job_2bac07d71e4d1757fc67,福鼎调查队一级科员（1）,福鼎调查队一级科员（1）
福鼎调查队一级科员（2）,岗位标签,title_or_tag,1,1,government:1,job_bbedfb55f8195e07579e,福鼎调查队一级科员（2）,福鼎调查队一级科员（2）
离岛免税监管一级行政执法员,岗位标签,title_or_tag,1,1,government:1,job_6475c6bd0f1267cc0838,离岛免税监管一级行政执法员,离岛免税监管一级行政执法员
离退休办公室一级主任科员及以下,岗位标签,title_or_tag,1,1,government:1,job_5ba0ccbfbe132735605b,离退休办公室一级主任科员及以下,离退休办公室一级主任科员及以下
科创服务处一级主任科员及以下,岗位标签,title_or_tag,1,1,government:1,job_f10c5cbc5d9903270cee,科创服务处一级主任科员及以下,科创服务处一级主任科员及以下
科学社会主义、中国共产党历史、思想政治教育、马克思主义理论、工会学,岗位标签,title_or_tag,1,1,government:1,job_1438f4aa59c8d68d611d,人事政工一级行政执法员,科学社会主义、中国共产党历史、思想政治教育、马克思主义理论、工会学
科左中调查队一级科员,岗位标签,title_or_tag,1,1,government:1,job_73d1ff92577804fda413,科左中调查队一级科员,科左中调查队一级科员
科技与信息化管理处一级主任科员及以下,岗位标签,title_or_tag,1,1,government:1,job_861f44db2c22ef736083,科技与信息化管理处一级主任科员及以下,科技与信息化管理处一级主任科员及以下
科技信息处四级主任科员,岗位标签,title_or_tag,1,1,government:1,job_bb4cba8a668cd552bd76,科技信息处四级主任科员,科技信息处四级主任科员
科技创新岗一级主任科员及以下,岗位标签,title_or_tag,1,1,government:1,job_0c1d63259499300e13f9,科技创新岗一级主任科员及以下,科技创新岗一级主任科员及以下
科技处科技管理（电子信息化类）二级主管及以下,岗位标签,title_or_tag,1,1,government:1,job_3d92302c37695e2a1483,科技处科技管理（电子信息化类）二级主管及以下,科技处科技管理（电子信息化类）二级主管及以下
科技处科技管理（电子信息化类）四级主管及以下,岗位标签,title_or_tag,1,1,government:1,job_ae56b25d55a863a54c7f,科技处科技管理（电子信息化类）四级主管及以下,科技处科技管理（电子信息化类）四级主管及以下
科技处（电子信息化类）二级主管及以下,岗位标签,title_or_tag,1,1,government:1,job_9cfecd1393bc587f3591,科技处（电子信息化类）二级主管及以下,科技处（电子信息化类）二级主管及以下
科技处（电子信息化类）四级主管及以下,岗位标签,title_or_tag,1,1,government:1,job_61d5187f3e104dd9dcf7,科技处（电子信息化类）四级主管及以下,科技处（电子信息化类）四级主管及以下
科技管理工作一级主任科员及以下,岗位标签,title_or_tag,1,1,government:1,job_e595fb1c3e74dd7ed8c3,科技管理工作一级主任科员及以下,科技管理工作一级主任科员及以下
科技管理（机械自动化类）一级行政执法员（一）,岗位标签,title_or_tag,1,1,government:1,job_c4348d1e0d1e42f86ae5,科技管理（机械自动化类）一级行政执法员（一）,科技管理（机械自动化类）一级行政执法员（一）
科技管理（机械自动化类）一级行政执法员（二）,岗位标签,title_or_tag,1,1,government:1,job_9fab2ab25052f9994f07,科技管理（机械自动化类）一级行政执法员（二）,科技管理（机械自动化类）一级行政执法员（二）
科技管理（机械自动化类）二级主办及以下（一）,岗位标签,title_or_tag,1,1,government:1,job_9b996f716008678072eb,科技管理（机械自动化类）二级主办及以下（一）,科技管理（机械自动化类）二级主办及以下（一）
科技管理（机械自动化类）二级主办及以下（二）,岗位标签,title_or_tag,1,1,government:1,job_2fc7249416f1075fcda6,科技管理（机械自动化类）二级主办及以下（二）,科技管理（机械自动化类）二级主办及以下（二）
科技管理（机械自动化类）四级主办及以下（一）,岗位标签,title_or_tag,1,1,government:1,job_69e5392e20cbe7de5884,科技管理（机械自动化类）四级主办及以下（一）,科技管理（机械自动化类）四级主办及以下（一）
科技管理（机械自动化类）四级主办及以下（三）,岗位标签,title_or_tag,1,1,government:1,job_504692489aee633e84d5,科技管理（机械自动化类）四级主办及以下（三）,科技管理（机械自动化类）四级主办及以下（三）
科技管理（机械自动化类）四级主办及以下（二）,岗位标签,title_or_tag,1,1,government:1,job_fdf1ce80c0807c32325f,科技管理（机械自动化类）四级主办及以下（二）,科技管理（机械自动化类）四级主办及以下（二）
科技管理（机械自动化类）四级主办及以下（五）,岗位标签,title_or_tag,1,1,government:1,job_ed6842ecc3052b599680,科技管理（机械自动化类）四级主办及以下（五）,科技管理（机械自动化类）四级主办及以下（五）
科技管理（机械自动化类）四级主办及以下（四）,岗位标签,title_or_tag,1,1,government:1,job_4584ee0a70c786795016,科技管理（机械自动化类）四级主办及以下（四）,科技管理（机械自动化类）四级主办及以下（四）
科技管理（电子信息化类）二级主办及以下（一）,岗位标签,title_or_tag,1,1,government:1,job_71eb2308a0a9ed2c4778,科技管理（电子信息化类）二级主办及以下（一）,科技管理（电子信息化类）二级主办及以下（一）
科技管理（电子信息化类）二级主办及以下（三）,岗位标签,title_or_tag,1,1,government:1,job_6c214618c9fbb26d3161,科技管理（电子信息化类）二级主办及以下（三）,科技管理（电子信息化类）二级主办及以下（三）
科技管理（电子信息化类）二级主办及以下（二）,岗位标签,title_or_tag,1,1,government:1,job_135486c1f40049e2b8ef,科技管理（电子信息化类）二级主办及以下（二）,科技管理（电子信息化类）二级主办及以下（二）
科技管理（电子信息化类）二级主管及以下,岗位标签,title_or_tag,1,1,government:1,job_c3b1a98abc11cfe5faaa,科技管理（电子信息化类）二级主管及以下,科技管理（电子信息化类）二级主管及以下
科技管理（电子信息化类）四级主办及以下（三）,岗位标签,title_or_tag,1,1,government:1,job_bf5c76cdf9076d544853,科技管理（电子信息化类）四级主办及以下（三）,科技管理（电子信息化类）四级主办及以下（三）
科技管理（电子信息化类）四级主办及以下（四）,岗位标签,title_or_tag,1,1,government:1,job_b34d401662448ab7add4,科技管理（电子信息化类）四级主办及以下（四）,科技管理（电子信息化类）四级主办及以下（四）
科技管理（统计分析应用类）四级主办,岗位标签,title_or_tag,1,1,government:1,job_8c91160fa734431d4b1a,科技管理（统计分析应用类）四级主办,科技管理（统计分析应用类）四级主办
科技管理（统计分析应用类）四级主办及以下（一）,岗位标签,title_or_tag,1,1,government:1,job_36450eaacaf97166c207,科技管理（统计分析应用类）四级主办及以下（一）,科技管理（统计分析应用类）四级主办及以下（一）
科技管理（统计分析应用类）四级主办及以下（三）,岗位标签,title_or_tag,1,1,government:1,job_13c2dc103a4b935cba5c,科技管理（统计分析应用类）四级主办及以下（三）,科技管理（统计分析应用类）四级主办及以下（三）
科技管理（统计分析应用类）四级主办及以下（二）,岗位标签,title_or_tag,1,1,government:1,job_f01ce15a6dada7e8c022,科技管理（统计分析应用类）四级主办及以下（二）,科技管理（统计分析应用类）四级主办及以下（二）
科技管理（统计分析应用类）四级主办及以下（四）,岗位标签,title_or_tag,1,1,government:1,job_75b78e8b8d1732d5b816,科技管理（统计分析应用类）四级主办及以下（四）,科技管理（统计分析应用类）四级主办及以下（四）
秘书处一级主任科员及以下,岗位标签,title_or_tag,1,1,government:1,job_ff0bd7b6e4089acc6e53,秘书处一级主任科员及以下,秘书处一级主任科员及以下
秘书处（督查室、值班室、应急办公室）一级主任科员及以下,岗位标签,title_or_tag,1,1,government:1,job_9a65d5680788846a133a,秘书处（督查室、值班室、应急办公室）一级主任科员及以下,秘书处（督查室、值班室、应急办公室）一级主任科员及以下
秘书学、新闻学、网络与新媒体、信息安全（以上均为专业名称）,岗位标签,title_or_tag,1,1,government:1,job_f2afee09bf0b88408021,一级主任科员及以下一,秘书学、新闻学、网络与新媒体、信息安全（以上均为专业名称）
秦安调查队一级科员,岗位标签,title_or_tag,1,1,government:1,job_a0d9c0ce3c5e998cc8f9,秦安调查队一级科员,秦安调查队一级科员
秦皇岛调查队综合科室一级科员（1）,岗位标签,title_or_tag,1,1,government:1,job_ff0c8021dc477953a3b9,秦皇岛调查队综合科室一级科员（1）,秦皇岛调查队综合科室一级科员（1）
秦皇岛调查队综合科室一级科员（2）,岗位标签,title_or_tag,1,1,government:1,job_691fb8c5a58f2890ddae,秦皇岛调查队综合科室一级科员（2）,秦皇岛调查队综合科室一级科员（2）
秦皇岛边检站一级警长及以下（一）,岗位标签,title_or_tag,1,1,government:1,job_53491404d97bdbde1645,秦皇岛边检站一级警长及以下（一）,秦皇岛边检站一级警长及以下（一）
秦皇岛边检站一级警长及以下（二）,岗位标签,title_or_tag,1,1,government:1,job_e19b250817db0ce0c26a,秦皇岛边检站一级警长及以下（二）,秦皇岛边检站一级警长及以下（二）
移动通信领域一级主任科员及以下,岗位标签,title_or_tag,1,1,government:1,job_5fd90fa8ced32673e9f7,移动通信领域一级主任科员及以下,移动通信领域一级主任科员及以下
税收学、财政学、经济学、国际经贸规则、知识产权、化学、应用化学、化学工程与工艺,岗位标签,title_or_tag,1,1,government:1,job_6475c6bd0f1267cc0838,离岛免税监管一级行政执法员,税收学、财政学、经济学、国际经贸规则、知识产权、化学、应用化学、化学工程与工艺
税收征管一级行政执法员（一）,岗位标签,title_or_tag,1,1,government:1,job_68f76564e0d8112c085b,税收征管一级行政执法员（一）,税收征管一级行政执法员（一）
税收征管一级行政执法员（二）,岗位标签,title_or_tag,1,1,government:1,job_5b41e8ac31ab8d80fd31,税收征管一级行政执法员（二）,税收征管一级行政执法员（二）
税收征管二级主办及以下,岗位标签,title_or_tag,1,1,government:1,job_f02040ca0c4b34c6de05,税收征管二级主办及以下,税收征管二级主办及以下
税收征管二级主管及以下,岗位标签,title_or_tag,1,1,government:1,job_7985f5b0efe1c13109e8,税收征管二级主管及以下,税收征管二级主管及以下
税收征管四级主办及以下（一）,岗位标签,title_or_tag,1,1,government:1,job_486fb87382a624faa9a4,税收征管四级主办及以下（一）,税收征管四级主办及以下（一）
税收征管四级主办及以下（二）,岗位标签,title_or_tag,1,1,government:1,job_dc0d53f8ecbc1b14a2fa,税收征管四级主办及以下（二）,税收征管四级主办及以下（二）
稽查二级主办及以下,岗位标签,title_or_tag,1,1,government:1,job_db492a58830d703867f8,稽查二级主办及以下,稽查二级主办及以下
稽查二级主办及以下（一）,岗位标签,title_or_tag,1,1,government:1,job_445ccb8b1cf73898552a,稽查二级主办及以下（一）,稽查二级主办及以下（一）
稽查二级主办及以下（二）,岗位标签,title_or_tag,1,1,government:1,job_64a729fa32feba0aae2d,稽查二级主办及以下（二）,稽查二级主办及以下（二）
稽查审计一级行政执法员（一）,岗位标签,title_or_tag,1,1,government:1,job_271d4775440e261b8aff,稽查审计一级行政执法员（一）,稽查审计一级行政执法员（一）
稽查审计一级行政执法员（二）,岗位标签,title_or_tag,1,1,government:1,job_34ad3612488a2c7bc6d1,稽查审计一级行政执法员（二）,稽查审计一级行政执法员（二）
稽查审计四级主办及以下（一）,岗位标签,title_or_tag,1,1,government:1,job_f19e30ba4fb6efdabd44,稽查审计四级主办及以下（一）,稽查审计四级主办及以下（一）
稽查审计四级主办及以下（二）,岗位标签,title_or_tag,1,1,government:1,job_df9bcdb72941c1e08a45,稽查审计四级主办及以下（二）,稽查审计四级主办及以下（二）
稽查局一级科员（一）,岗位标签,title_or_tag,1,1,government:1,job_c3dc9c5926d69216172b,稽查局一级科员（一）,稽查局一级科员（一）
稽查局一级科员（三）,岗位标签,title_or_tag,1,1,government:1,job_cd7d5301822a48a98f39,稽查局一级科员（三）,稽查局一级科员（三）
稽查局一级科员（二）,岗位标签,title_or_tag,1,1,government:1,job_87805d13e0ea83af8708,稽查局一级科员（二）,稽查局一级科员（二）
稽查局一级科员（五）,岗位标签,title_or_tag,1,1,government:1,job_3859d185cfc2283fb2ca,稽查局一级科员（五）,稽查局一级科员（五）
稽查局一级科员（四）,岗位标签,title_or_tag,1,1,government:1,job_d2bbcdceab75433dc0fc,稽查局一级科员（四）,稽查局一级科员（四）
稽核查一级行政执法员,岗位标签,title_or_tag,1,1,government:1,job_27a7fe6684f4e520df2c,稽核查一级行政执法员,稽核查一级行政执法员
稽核查监管四级主办及以下（一）,岗位标签,title_or_tag,1,1,government:1,job_c2583d58bffa98c87d0e,稽核查监管四级主办及以下（一）,稽核查监管四级主办及以下（一）
稽核查监管四级主办及以下（七）,岗位标签,title_or_tag,1,1,government:1,job_7823ac12c2f15dbf1ebe,稽核查监管四级主办及以下（七）,稽核查监管四级主办及以下（七）
稽核查监管四级主办及以下（三）,岗位标签,title_or_tag,1,1,government:1,job_043261b9b15b4e4725c4,稽核查监管四级主办及以下（三）,稽核查监管四级主办及以下（三）
稽核查监管四级主办及以下（二）,岗位标签,title_or_tag,1,1,government:1,job_4d3eaae019ee87a0317c,稽核查监管四级主办及以下（二）,稽核查监管四级主办及以下（二）
稽核查监管四级主办及以下（五）,岗位标签,title_or_tag,1,1,government:1,job_db22297978c211ffd1d4,稽核查监管四级主办及以下（五）,稽核查监管四级主办及以下（五）
稽核查监管四级主办及以下（六）,岗位标签,title_or_tag,1,1,government:1,job_4dace552899a3b8c61f8,稽核查监管四级主办及以下（六）,稽核查监管四级主办及以下（六）
稽核查监管四级主办及以下（四）,岗位标签,title_or_tag,1,1,government:1,job_8c304a137d8ebd7ecaa9,稽核查监管四级主办及以下（四）,稽核查监管四级主办及以下（四）
空中交通管制处一级主任科员及以下,岗位标签,title_or_tag,1,1,government:1,job_8ab756ed0138a115844c,空中交通管制处一级主任科员及以下,空中交通管制处一级主任科员及以下
穿卫枢纽管理所一级主任科员及以下（一）,岗位标签,title_or_tag,1,1,government:1,job_c3b010698e85f67cd3d2,穿卫枢纽管理所一级主任科员及以下（一）,穿卫枢纽管理所一级主任科员及以下（一）
穿卫枢纽管理所一级主任科员及以下（二）,岗位标签,title_or_tag,1,1,government:1,job_693e2c7f4bdce65123f1,穿卫枢纽管理所一级主任科员及以下（二）,穿卫枢纽管理所一级主任科员及以下（二）
立法协调处一级主任科员及以下,岗位标签,title_or_tag,1,1,government:1,job_c327188ccdd272b61b4e,立法协调处一级主任科员及以下,立法协调处一级主任科员及以下
站网处一级主任科员及以下,岗位标签,title_or_tag,1,1,government:1,job_4dea4bcc33b8b40bfc4e,站网处一级主任科员及以下,站网处一级主任科员及以下
第一大队一级主任科员及以下,岗位标签,title_or_tag,1,1,government:1,job_45661d44514b9e4d6fea,第一大队一级主任科员及以下,第一大队一级主任科员及以下
第一研究室一级主任科员及以下,岗位标签,title_or_tag,1,1,government:1,job_7622a0b095276837f3be,第一研究室一级主任科员及以下,第一研究室一级主任科员及以下
第一税务分局一级主办及以下,岗位标签,title_or_tag,1,1,government:1,job_8377acbd5dd18094c1d6,第一税务分局一级主办及以下,第一税务分局一级主办及以下
第一税务分局一级行政执法员（一）,岗位标签,title_or_tag,1,1,government:1,job_5e6f485c160d3ff3dc33,第一税务分局一级行政执法员（一）,第一税务分局一级行政执法员（一）
第一税务分局一级行政执法员（二）,岗位标签,title_or_tag,1,1,government:1,job_387a77f76560a55df6c1,第一税务分局一级行政执法员（二）,第一税务分局一级行政执法员（二）
第一税务分局（大企业税收服务和管理局）一级主任科员及以下,岗位标签,title_or_tag,1,1,government:1,job_11f99091e7a455817970,第一税务分局（大企业税收服务和管理局）一级主任科员及以下,第一税务分局（大企业税收服务和管理局）一级主任科员及以下
第一税务分局（税收风险管理局）专业技术员（一）,岗位标签,title_or_tag,1,1,government:1,job_92c4c3e85141e1f1373b,第一税务分局（税收风险管理局）专业技术员（一）,第一税务分局（税收风险管理局）专业技术员（一）
第一税务分局（税收风险管理局）专业技术员（二）,岗位标签,title_or_tag,1,1,government:1,job_c8ba7f6523cd4e24c7a5,第一税务分局（税收风险管理局）专业技术员（二）,第一税务分局（税收风险管理局）专业技术员（二）
第一税务分局（重点税源企业税收服务和管理局）一级主办及以下,岗位标签,title_or_tag,1,1,government:1,job_bedf522987ccf3c6bf24,第一税务分局（重点税源企业税收服务和管理局）一级主办及以下,第一税务分局（重点税源企业税收服务和管理局）一级主办及以下
第一税务分局（重点税源企业税收服务和管理局）一级主办及以下（一）,岗位标签,title_or_tag,1,1,government:1,job_5a77cdfc38375f3848ba,第一税务分局（重点税源企业税收服务和管理局）一级主办及以下（一）,第一税务分局（重点税源企业税收服务和管理局）一级主办及以下（一）
第一税务分局（重点税源企业税收服务和管理局）一级主办及以下（二）,岗位标签,title_or_tag,1,1,government:1,job_e14ca2b48c8605396af2,第一税务分局（重点税源企业税收服务和管理局）一级主办及以下（二）,第一税务分局（重点税源企业税收服务和管理局）一级主办及以下（二）
第一稽查局一级主任科员及以下,岗位标签,title_or_tag,1,1,government:1,job_c4b3c3f205f6bd355023,第一稽查局一级主任科员及以下,第一稽查局一级主任科员及以下
第一稽查局一级主任科员及以下（五）,岗位标签,title_or_tag,1,1,government:1,job_08d5886a12fe6c24ca8a,第一稽查局一级主任科员及以下（五）,第一稽查局一级主任科员及以下（五）
第一稽查局一级主任科员及以下（四）,岗位标签,title_or_tag,1,1,government:1,job_22b63e9359289a921d54,第一稽查局一级主任科员及以下（四）,第一稽查局一级主任科员及以下（四）
第一稽查局一级主办及以下,岗位标签,title_or_tag,1,1,government:1,job_123b87b9fc3a52cbfbe4,第一稽查局一级主办及以下,第一稽查局一级主办及以下
第一稽查局一级科员（一）,岗位标签,title_or_tag,1,1,government:1,job_19b05e7b878f3841693f,第一稽查局一级科员（一）,第一稽查局一级科员（一）
第一稽查局一级科员（三）,岗位标签,title_or_tag,1,1,government:1,job_28aa8fddf7827a625340,第一稽查局一级科员（三）,第一稽查局一级科员（三）
第一稽查局一级科员（二）,岗位标签,title_or_tag,1,1,government:1,job_24a09b9473031f142def,第一稽查局一级科员（二）,第一稽查局一级科员（二）
第一稽查局一级科员（四）,岗位标签,title_or_tag,1,1,government:1,job_7c04860a70c6da40d7ac,第一稽查局一级科员（四）,第一稽查局一级科员（四）
第七稽查局一级主任科员及以下（一）,岗位标签,title_or_tag,1,1,government:1,job_fcfb5c1f0033d4a4bc77,第七稽查局一级主任科员及以下（一）,第七稽查局一级主任科员及以下（一）
第七稽查局一级主任科员及以下（三）,岗位标签,title_or_tag,1,1,government:1,job_01bc7b75623bd04637e4,第七稽查局一级主任科员及以下（三）,第七稽查局一级主任科员及以下（三）
第七稽查局一级主任科员及以下（二）,岗位标签,title_or_tag,1,1,government:1,job_21e4ad613d4a7808efbe,第七稽查局一级主任科员及以下（二）,第七稽查局一级主任科员及以下（二）
第三税务分局一级主任科员及以下（一）,岗位标签,title_or_tag,1,1,government:1,job_a17c53445dfce3d7044d,第三税务分局一级主任科员及以下（一）,第三税务分局一级主任科员及以下（一）
第三税务分局一级主任科员及以下（三）,岗位标签,title_or_tag,1,1,government:1,job_9907d564aebd41fde63d,第三税务分局一级主任科员及以下（三）,第三税务分局一级主任科员及以下（三）
第三税务分局一级主任科员及以下（二）,岗位标签,title_or_tag,1,1,government:1,job_d5d1cc54712f089e7938,第三税务分局一级主任科员及以下（二）,第三税务分局一级主任科员及以下（二）
第三税务分局一级主任科员及以下（五）,岗位标签,title_or_tag,1,1,government:1,job_4483244f01c219aa68e7,第三税务分局一级主任科员及以下（五）,第三税务分局一级主任科员及以下（五）
第三税务分局一级主任科员及以下（四）,岗位标签,title_or_tag,1,1,government:1,job_e519c5bfc6a03c6aff7a,第三税务分局一级主任科员及以下（四）,第三税务分局一级主任科员及以下（四）
第三税务分局专业技术员,岗位标签,title_or_tag,1,1,government:1,job_fbdee0344f354fd45f6c,第三税务分局专业技术员,第三税务分局专业技术员
第三税务分局（税收大数据和风险管理局）一级主管及以下（一）,岗位标签,title_or_tag,1,1,government:1,job_d1aed79510b53e4d8c16,第三税务分局（税收大数据和风险管理局）一级主管及以下（一）,第三税务分局（税收大数据和风险管理局）一级主管及以下（一）
第三税务分局（税收大数据和风险管理局）一级主管及以下（三）,岗位标签,title_or_tag,1,1,government:1,job_7e5bfc476b544cd54dfb,第三税务分局（税收大数据和风险管理局）一级主管及以下（三）,第三税务分局（税收大数据和风险管理局）一级主管及以下（三）
第三税务分局（税收大数据和风险管理局）一级主管及以下（二）,岗位标签,title_or_tag,1,1,government:1,job_898a30518caf85dfed2f,第三税务分局（税收大数据和风险管理局）一级主管及以下（二）,第三税务分局（税收大数据和风险管理局）一级主管及以下（二）
第三税务分局（税收风险管理局）专业技术员（一）,岗位标签,title_or_tag,1,1,government:1,job_bafc1f9043dc399ede88,第三税务分局（税收风险管理局）专业技术员（一）,第三税务分局（税收风险管理局）专业技术员（一）
第三税务分局（税收风险管理局）专业技术员（二）,岗位标签,title_or_tag,1,1,government:1,job_7e9d15c12b27b1dc6a11,第三税务分局（税收风险管理局）专业技术员（二）,第三税务分局（税收风险管理局）专业技术员（二）
第三稽查局一级主任科员及以下,岗位标签,title_or_tag,1,1,government:1,job_b02fb75d80fb841844e1,第三稽查局一级主任科员及以下,第三稽查局一级主任科员及以下
第三稽查局一级主任科员及以下（五）,岗位标签,title_or_tag,1,1,government:1,job_7fd534e4412b5287e7c8,第三稽查局一级主任科员及以下（五）,第三稽查局一级主任科员及以下（五）
第三稽查局一级主任科员及以下（四）,岗位标签,title_or_tag,1,1,government:1,job_94cfad861ef32e443fd8,第三稽查局一级主任科员及以下（四）,第三稽查局一级主任科员及以下（四）
第三稽查局一级主办及以下,岗位标签,title_or_tag,1,1,government:1,job_2a9d4008b8ecbbf96f0d,第三稽查局一级主办及以下,第三稽查局一级主办及以下
第三稽查局一级科员（一）,岗位标签,title_or_tag,1,1,government:1,job_23445ac2720f3912ef8c,第三稽查局一级科员（一）,第三稽查局一级科员（一）
第三稽查局一级科员（三）,岗位标签,title_or_tag,1,1,government:1,job_64278d5b4c1b2930322c,第三稽查局一级科员（三）,第三稽查局一级科员（三）
第三稽查局一级科员（二）,岗位标签,title_or_tag,1,1,government:1,job_d3a1351113d6d07a7acb,第三稽查局一级科员（二）,第三稽查局一级科员（二）
第三稽查局一级科员（四）,岗位标签,title_or_tag,1,1,government:1,job_3206241ac5f1dadd2430,第三稽查局一级科员（四）,第三稽查局一级科员（四）
第二大队一级主任科员及以下,岗位标签,title_or_tag,1,1,government:1,job_8b82f0a86f97fe7b9c1a,第二大队一级主任科员及以下,第二大队一级主任科员及以下
第二研究室一级主任科员及以下,岗位标签,title_or_tag,1,1,government:1,job_dd4474095bac42511267,第二研究室一级主任科员及以下,第二研究室一级主任科员及以下
第二税务分局一级主办及以下,岗位标签,title_or_tag,1,1,government:1,job_c803a6ccefc7fe5971fb,第二税务分局一级主办及以下,第二税务分局一级主办及以下
第二税务分局（税收大数据和风险管理局）一级主任科员及以下,岗位标签,title_or_tag,1,1,government:1,job_2b07493eb447c7c17f25,第二税务分局（税收大数据和风险管理局）一级主任科员及以下,第二税务分局（税收大数据和风险管理局）一级主任科员及以下
第二税务分局（税收大数据和风险管理局）一级主管及以下,岗位标签,title_or_tag,1,1,government:1,job_2f1aa5244fa5b071727c,第二税务分局（税收大数据和风险管理局）一级主管及以下,第二税务分局（税收大数据和风险管理局）一级主管及以下
第二税务分局（税收大数据和风险管理局）一级主管及以下（一）,岗位标签,title_or_tag,1,1,government:1,job_af7166719de6d065382d,第二税务分局（税收大数据和风险管理局）一级主管及以下（一）,第二税务分局（税收大数据和风险管理局）一级主管及以下（一）
第二税务分局（税收大数据和风险管理局）一级主管及以下（三）,岗位标签,title_or_tag,1,1,government:1,job_53fd03b3de81c2cad961,第二税务分局（税收大数据和风险管理局）一级主管及以下（三）,第二税务分局（税收大数据和风险管理局）一级主管及以下（三）
第二税务分局（税收大数据和风险管理局）一级主管及以下（二）,岗位标签,title_or_tag,1,1,government:1,job_6c0ef0a42891c7178a39,第二税务分局（税收大数据和风险管理局）一级主管及以下（二）,第二税务分局（税收大数据和风险管理局）一级主管及以下（二）
第二税务分局（税收风险管理局）一级主管及以下（一）,岗位标签,title_or_tag,1,1,government:1,job_8c485cf7a6346d77f982,第二税务分局（税收风险管理局）一级主管及以下（一）,第二税务分局（税收风险管理局）一级主管及以下（一）
第二税务分局（税收风险管理局）一级主管及以下（二）,岗位标签,title_or_tag,1,1,government:1,job_4ed11dfe09d74cb6e6ae,第二税务分局（税收风险管理局）一级主管及以下（二）,第二税务分局（税收风险管理局）一级主管及以下（二）
第二稽查局一级主任科员及以下（五）,岗位标签,title_or_tag,1,1,government:1,job_1717df551a6e88fc6549,第二稽查局一级主任科员及以下（五）,第二稽查局一级主任科员及以下（五）
第二稽查局一级主任科员及以下（四）,岗位标签,title_or_tag,1,1,government:1,job_d0061b01767400a34e65,第二稽查局一级主任科员及以下（四）,第二稽查局一级主任科员及以下（四）
第二稽查局一级主办及以下,岗位标签,title_or_tag,1,1,government:1,job_978367a383e21be70f7f,第二稽查局一级主办及以下,第二稽查局一级主办及以下
第二稽查局一级科员（一）,岗位标签,title_or_tag,1,1,government:1,job_510c0ea6bc6a7f32b824,第二稽查局一级科员（一）,第二稽查局一级科员（一）
第二稽查局一级科员（三）,岗位标签,title_or_tag,1,1,government:1,job_e27e741970d28740c000,第二稽查局一级科员（三）,第二稽查局一级科员（三）
第二稽查局一级科员（二）,岗位标签,title_or_tag,1,1,government:1,job_2099bf2f2e2f9bd01519,第二稽查局一级科员（二）,第二稽查局一级科员（二）
第二稽查局一级科员（四）,岗位标签,title_or_tag,1,1,government:1,job_c16ad9f2968e165db60e,第二稽查局一级科员（四）,第二稽查局一级科员（四）
第二稽查局一级行政执法员（四）,岗位标签,title_or_tag,1,1,government:1,job_c3413d06c5639501d817,第二稽查局一级行政执法员（四）,第二稽查局一级行政执法员（四）
第五税务分局一级主管及以下（一）,岗位标签,title_or_tag,1,1,government:1,job_4c634ceddc4457994bd2,第五税务分局一级主管及以下（一）,第五税务分局一级主管及以下（一）
第五税务分局一级主管及以下（二）,岗位标签,title_or_tag,1,1,government:1,job_380b806ccf9714ee16d3,第五税务分局一级主管及以下（二）,第五税务分局一级主管及以下（二）
第五稽查局一级主任科员及以下（五）,岗位标签,title_or_tag,1,1,government:1,job_09b7a640c930f1a4f865,第五稽查局一级主任科员及以下（五）,第五稽查局一级主任科员及以下（五）
第五稽查局一级主任科员及以下（四）,岗位标签,title_or_tag,1,1,government:1,job_ae7050b16d64e34d752c,第五稽查局一级主任科员及以下（四）,第五稽查局一级主任科员及以下（四）
第八稽查局一级主任科员及以下（一）,岗位标签,title_or_tag,1,1,government:1,job_e3a17c1d5a687e6593e2,第八稽查局一级主任科员及以下（一）,第八稽查局一级主任科员及以下（一）
第八稽查局一级主任科员及以下（三）,岗位标签,title_or_tag,1,1,government:1,job_3c0b36e578cbe7ce6eda,第八稽查局一级主任科员及以下（三）,第八稽查局一级主任科员及以下（三）
第八稽查局一级主任科员及以下（二）,岗位标签,title_or_tag,1,1,government:1,job_f09a25caedf96b88e154,第八稽查局一级主任科员及以下（二）,第八稽查局一级主任科员及以下（二）
第六税务分局一级主任科员及以下,岗位标签,title_or_tag,1,1,government:1,job_80122f6d9ddfb4a069a8,第六税务分局一级主任科员及以下,第六税务分局一级主任科员及以下
第六稽查局一级主任科员及以下（一）,岗位标签,title_or_tag,1,1,government:1,job_e24d85704fb88ff40f32,第六稽查局一级主任科员及以下（一）,第六稽查局一级主任科员及以下（一）
第六稽查局一级主任科员及以下（三）,岗位标签,title_or_tag,1,1,government:1,job_2b9d1058a4378ee3af94,第六稽查局一级主任科员及以下（三）,第六稽查局一级主任科员及以下（三）
第六稽查局一级主任科员及以下（二）,岗位标签,title_or_tag,1,1,government:1,job_a934d35e28bc07300c9d,第六稽查局一级主任科员及以下（二）,第六稽查局一级主任科员及以下（二）
第四税务分局一级主任科员及以下,岗位标签,title_or_tag,1,1,government:1,job_426a346b3422fb0e9586,第四税务分局一级主任科员及以下,第四税务分局一级主任科员及以下
第四稽查局一级主任科员及以下（五）,岗位标签,title_or_tag,1,1,government:1,job_769be5cba5a516b48a1e,第四稽查局一级主任科员及以下（五）,第四稽查局一级主任科员及以下（五）
第四稽查局一级主任科员及以下（四）,岗位标签,title_or_tag,1,1,government:1,job_709f105cc78f852e99ef,第四稽查局一级主任科员及以下（四）,第四稽查局一级主任科员及以下（四）
策克出入境边防检查站一级警长及以下（一）,岗位标签,title_or_tag,1,1,government:1,job_44c69d66d990b77e5978,策克出入境边防检查站一级警长及以下（一）,策克出入境边防检查站一级警长及以下（一）
策克出入境边防检查站一级警长及以下（七）,岗位标签,title_or_tag,1,1,government:1,job_f4c2ab1c308d88d55b59,策克出入境边防检查站一级警长及以下（七）,策克出入境边防检查站一级警长及以下（七）
策克出入境边防检查站一级警长及以下（三）,岗位标签,title_or_tag,1,1,government:1,job_38d8a337bd43de410658,策克出入境边防检查站一级警长及以下（三）,策克出入境边防检查站一级警长及以下（三）
策克出入境边防检查站一级警长及以下（二）,岗位标签,title_or_tag,1,1,government:1,job_61f79617803091ac8e7a,策克出入境边防检查站一级警长及以下（二）,策克出入境边防检查站一级警长及以下（二）
策克出入境边防检查站一级警长及以下（五）,岗位标签,title_or_tag,1,1,government:1,job_2b1cf487e447491a4061,策克出入境边防检查站一级警长及以下（五）,策克出入境边防检查站一级警长及以下（五）
策克出入境边防检查站一级警长及以下（六）,岗位标签,title_or_tag,1,1,government:1,job_919181da235fb327f056,策克出入境边防检查站一级警长及以下（六）,策克出入境边防检查站一级警长及以下（六）
策克出入境边防检查站一级警长及以下（四）,岗位标签,title_or_tag,1,1,government:1,job_508995c09c0334578add,策克出入境边防检查站一级警长及以下（四）,策克出入境边防检查站一级警长及以下（四）
策克出入境边防检查站警务技术一级主管及以下,岗位标签,title_or_tag,1,1,government:1,job_a178e7471ebae378a6cf,策克出入境边防检查站警务技术一级主管及以下,策克出入境边防检查站警务技术一级主管及以下
管理科学(120101)应急管理 （120111T）,岗位标签,title_or_tag,1,1,government:1,job_5ca1e464b3284f790066,瑞丽遣返中心执行队一级警长及以下（十一）,管理科学(120101)应急管理 （120111T）
管理科学与工程、工程管理硕士、项目管理硕士,岗位标签,title_or_tag,1,1,government:1,job_8d09d6c6a883cd4f41fc,一级行政执法员（三）,管理科学与工程、工程管理硕士、项目管理硕士
管理科学与工程类、工业工程类,岗位标签,title_or_tag,1,1,government:1,job_ac25b6acf1641f98460f,一级行政执法员（一）,管理科学与工程类、工业工程类
管理科学与工程类、工商管理学类、公共管理、行政管理,岗位标签,title_or_tag,1,1,government:1,job_a9b368e96899d84e702d,综合处（行政后勤处）一级主任科员及以下,管理科学与工程类、工商管理学类、公共管理、行政管理
粮棉糖和救灾物资监管处一级主任科员及以下,岗位标签,title_or_tag,1,1,government:1,job_46cc94513f1414c6b3fd,粮棉糖和救灾物资监管处一级主任科员及以下,粮棉糖和救灾物资监管处一级主任科员及以下
精算学,岗位标签,title_or_tag,1,1,government:1,job_3643bef3e2b69dd0e8fd,监管部门一级主任科员及以下,精算学
系统发展处一级主任科员及以下,岗位标签,title_or_tag,1,1,government:1,job_d1f9aa7c0f5a01fe7e85,系统发展处一级主任科员及以下,系统发展处一级主任科员及以下
系统指导处一级主任科员及以下,岗位标签,title_or_tag,1,1,government:1,job_d0e73a8458478b8f05ea,系统指导处一级主任科员及以下,系统指导处一级主任科员及以下
红其拉甫出入境边防检查站一级警长及以下（一）,岗位标签,title_or_tag,1,1,government:1,job_90de2106485e33bfdaf2,红其拉甫出入境边防检查站一级警长及以下（一）,红其拉甫出入境边防检查站一级警长及以下（一）
红其拉甫出入境边防检查站一级警长及以下（三）,岗位标签,title_or_tag,1,1,government:1,job_92af25ea8ce8c0c4a36c,红其拉甫出入境边防检查站一级警长及以下（三）,红其拉甫出入境边防检查站一级警长及以下（三）
红其拉甫出入境边防检查站一级警长及以下（二）,岗位标签,title_or_tag,1,1,government:1,job_6b11913418dfcaf19e7b,红其拉甫出入境边防检查站一级警长及以下（二）,红其拉甫出入境边防检查站一级警长及以下（二）
红其拉甫出入境边防检查站一级警长及以下（五）,岗位标签,title_or_tag,1,1,government:1,job_f1afcc40ab1ed42384b2,红其拉甫出入境边防检查站一级警长及以下（五）,红其拉甫出入境边防检查站一级警长及以下（五）
红其拉甫出入境边防检查站一级警长及以下（四）,岗位标签,title_or_tag,1,1,government:1,job_fbd1f86177e0e2140d71,红其拉甫出入境边防检查站一级警长及以下（四）,红其拉甫出入境边防检查站一级警长及以下（四）
红河边境管理支队一级警长及以下（一）,岗位标签,title_or_tag,1,1,government:1,job_cff9ea10c50639b6ce69,红河边境管理支队一级警长及以下（一）,红河边境管理支队一级警长及以下（一）
红河边境管理支队一级警长及以下（三）,岗位标签,title_or_tag,1,1,government:1,job_38006078713212a8f989,红河边境管理支队一级警长及以下（三）,红河边境管理支队一级警长及以下（三）
红河边境管理支队一级警长及以下（二）,岗位标签,title_or_tag,1,1,government:1,job_1194a6f0255830d7af2b,红河边境管理支队一级警长及以下（二）,红河边境管理支队一级警长及以下（二）
纪委办公室（案件审理室）一级主任科员及以下,岗位标签,title_or_tag,1,1,government:1,job_9d614e4b68bc08842b75,纪委办公室（案件审理室）一级主任科员及以下,纪委办公室（案件审理室）一级主任科员及以下
纪律检查处一级主任科员及以下,岗位标签,title_or_tag,1,1,government:1,job_1485c2605a41bc53c054,纪律检查处一级主任科员及以下,纪律检查处一级主任科员及以下
纪律检查部门一级警长及以下,岗位标签,title_or_tag,1,1,government:1,job_db0a07f71f5faed0cd60,纪律检查部门一级警长及以下,纪律检查部门一级警长及以下
纪检审计处一级主任科员及以下,岗位标签,title_or_tag,1,1,government:1,job_40e590eb989483c8d520,纪检审计处一级主任科员及以下,纪检审计处一级主任科员及以下
纪检监察、审计学、工程审计,岗位标签,title_or_tag,1,1,government:1,job_cff9ea10c50639b6ce69,红河边境管理支队一级警长及以下（一）,纪检监察、审计学、工程审计
纪检组一级主任科员及以下,岗位标签,title_or_tag,1,1,government:1,job_569d157012c77e87105c,纪检组一级主任科员及以下,纪检组一级主任科员及以下
组织人事处一级主任科员及以下,岗位标签,title_or_tag,1,1,government:1,job_a8977dde7dc2d202aabd,组织人事处一级主任科员及以下,组织人事处一级主任科员及以下
组织人事处（退休干部处）一级主任科员及以下,岗位标签,title_or_tag,1,1,government:1,job_6ab2c175f9bbfb156637,组织人事处（退休干部处）一级主任科员及以下,组织人事处（退休干部处）一级主任科员及以下
经济与贸易类、公共管理类、图书情报与档案管理类、电子商务类,岗位标签,title_or_tag,1,1,government:1,job_695441cd58156c01b647,一级行政执法员（八）,经济与贸易类、公共管理类、图书情报与档案管理类、电子商务类
经济与贸易类、工商管理类,岗位标签,title_or_tag,1,1,government:1,job_fbbbcace402d98d7a365,一级行政执法员（九）,经济与贸易类、工商管理类
经济与贸易类、社会保障类、电子商务类,岗位标签,title_or_tag,1,1,government:1,job_2be679554ce0fed4d813,一级行政执法员（三）,经济与贸易类、社会保障类、电子商务类
经济与贸易类、社会保障类、财会审计类,岗位标签,title_or_tag,1,1,government:1,job_7dc1c6f2e34466d4e930,一级行政执法员,经济与贸易类、社会保障类、财会审计类
经济与贸易类、管理科学与工程类,岗位标签,title_or_tag,1,1,government:1,job_d65e62dde73438b41bf4,一级行政执法员（六）,经济与贸易类、管理科学与工程类
经济与贸易类、管理科学与工程类、农业经济管理类、社会保障类,岗位标签,title_or_tag,1,1,government:1,job_0d7081512acd4f9ce617,一级行政执法员（一）,经济与贸易类、管理科学与工程类、农业经济管理类、社会保障类
经济与贸易类、管理科学与工程类、工商管理类,岗位标签,title_or_tag,1,1,government:1,job_50f0f9e17dc0204c2d34,一级行政执法员（五）,经济与贸易类、管理科学与工程类、工商管理类
经济与贸易类、财会审计类、公共管理类,岗位标签,title_or_tag,1,1,government:1,job_5555761c5e89a8c22c2a,一级行政执法员（二）,经济与贸易类、财会审计类、公共管理类
经济与贸易类、财会审计类、电子商务类,岗位标签,title_or_tag,1,1,government:1,job_a9b50e3aa7d40681807d,一级行政执法员（八）,经济与贸易类、财会审计类、电子商务类
经济与贸易类、财会审计类、社会保障类、电子商务类,岗位标签,title_or_tag,1,1,government:1,job_42b65b456a35a75da91e,一级行政执法员,经济与贸易类、财会审计类、社会保障类、电子商务类
经济与贸易类、金融学类,岗位标签,title_or_tag,1,1,government:1,job_21b902382f2b6eb9710d,国际税收管理处一级主任科员及以下,经济与贸易类、金融学类
经济学、会计、财务管理、审计、金融、计算机。（详见备注）,岗位标签,title_or_tag,1,1,government:1,job_580ade1e8e146444663a,业务处室一级主任科员及以下,经济学、会计、财务管理、审计、金融、计算机。（详见备注）
经济学、会计学、财务管理,岗位标签,title_or_tag,1,1,government:1,job_710dcba9bd0b4c88f2fd,行政财务处一级主任科员及以下,经济学、会计学、财务管理
经济学、工商管理、会计学、财务管理、审计学,岗位标签,title_or_tag,1,1,government:1,job_4b6a72c2447d9207cf75,怒江边境管理支队一级警长及以下（五）,经济学、工商管理、会计学、财务管理、审计学
经济学、工学、管理学（以上均为学科门类）,岗位标签,title_or_tag,1,1,government:1,job_0d242ef0a4be6885c6c0,规划处一级主任科员及以下,经济学、工学、管理学（以上均为学科门类）
经济学、数据科学与大数据技术、大数据管理与应用,岗位标签,title_or_tag,1,1,government:1,job_51167786010999113e73,一级行政执法员（三）,经济学、数据科学与大数据技术、大数据管理与应用
经济学、新闻学、计算机科学与技术、网络工程、电子信息工程（以上均为专业名称）,岗位标签,title_or_tag,1,1,government:1,job_a979b29cafbee70b8b2c,一级主任科员及以下,经济学、新闻学、计算机科学与技术、网络工程、电子信息工程（以上均为专业名称）
经济学、法学、会计、审计、计算机,岗位标签,title_or_tag,1,1,government:1,job_ca7c5e07fef3e8863c91,处室一级主任科员及以下,经济学、法学、会计、审计、计算机
经济学、法学、会计学、财务管理、计算机科学与技术、行政管理（以上均为专业名称）,岗位标签,title_or_tag,1,1,government:1,job_e725a795f2b6deff0b34,一级主任科员及以下,经济学、法学、会计学、财务管理、计算机科学与技术、行政管理（以上均为专业名称）
经济学、法学、理学、工学,岗位标签,title_or_tag,1,1,government:1,job_faf1fdd6b5add1558ac1,综合和行业改革处一级主任科员及以下,经济学、法学、理学、工学
经济学、法学、管理学,岗位标签,title_or_tag,1,1,government:1,job_8e4df4002af6281db7c3,政研处一级主任科员及以下,经济学、法学、管理学
经济学、经济统计学、国际经济与贸易、贸易经济、应用经济学,岗位标签,title_or_tag,1,1,government:1,job_fe1f64f3ff6ea2862c09,综合业务四级主办及以下（三）,经济学、经济统计学、国际经济与贸易、贸易经济、应用经济学
经济学、统计学、电气工程、管理科学与工程等相关专业,岗位标签,title_or_tag,1,1,government:1,job_ef6b8c54e16b15f3d3f7,能源安全处一级主任科员及以下,经济学、统计学、电气工程、管理科学与工程等相关专业
经济学、财政学、会计学、财务管理、审计学、工程审计,岗位标签,title_or_tag,1,1,government:1,job_26f4d9abb3219b1a5edd,临沧边境管理支队一级警长及以下（四）,经济学、财政学、会计学、财务管理、审计学、工程审计
经济学大类、法学大类、管理学大类,岗位标签,title_or_tag,1,1,government:1,job_f99eb2b58d0236964ad6,辖区会计类监管岗位一级主任科员及以下,经济学大类、法学大类、管理学大类
经济学学科门类专业,岗位标签,title_or_tag,1,1,government:1,job_6a4a01337b4d0f7e5e3b,经济金融,经济学学科门类专业
经济学类、中国语言文学类、新闻传播学类、历史学类、哲学类,岗位标签,title_or_tag,1,1,government:1,job_fe6206931bf22b21e254,辖区财金类监管岗位一级主任科员及以下,经济学类、中国语言文学类、新闻传播学类、历史学类、哲学类
经济学类、会计、审计、法律（0351）,岗位标签,title_or_tag,1,1,government:1,job_27fe0b9fd439354b8088,一级主任科员及以下,经济学类、会计、审计、法律（0351）
经济学类、会计、审计、财务管理,岗位标签,title_or_tag,1,1,government:1,job_9a6ef055404c6aed27cb,一级主任科员及以下,经济学类、会计、审计、财务管理
经济学类、会计、计算机科学与技术,岗位标签,title_or_tag,1,1,government:1,job_815284e1e4a4a3ba6f69,一级主任科员及以下,经济学类、会计、计算机科学与技术
经济学类、农业经济管理类、社会保障类,岗位标签,title_or_tag,1,1,government:1,job_d455844662cef250405a,一级行政执法员（七）,经济学类、农业经济管理类、社会保障类
经济学类、农业经济管理类、统计学类、数学类、会计学、财务管理、汉语言文学、新闻学,岗位标签,title_or_tag,1,1,government:1,job_fa1dd5a93d27335268e0,英吉沙调查队一级科员,经济学类、农业经济管理类、统计学类、数学类、会计学、财务管理、汉语言文学、新闻学
经济学类、数学类、统计学类、计算机类,岗位标签,title_or_tag,1,1,government:1,job_f2aa3181b7ca98aa0f9e,墨玉调查队一级科员,经济学类、数学类、统计学类、计算机类
经济学类、法学类、管理学类,岗位标签,title_or_tag,1,1,government:1,job_55263635f748ea2238ac,处室一级主任科员及以下,经济学类、法学类、管理学类
经济学类、物流管理与工程类,岗位标签,title_or_tag,1,1,government:1,job_3c009f22e915baffdb5e,一级行政执法员（三）,经济学类、物流管理与工程类
经济学类、电子商务类、社会保障类,岗位标签,title_or_tag,1,1,government:1,job_9826559acc43d534f094,一级行政执法员（五）,经济学类、电子商务类、社会保障类
经济学类、管理学类、工学类、理学类,岗位标签,title_or_tag,1,1,government:1,job_211a3d052b979f1c20b9,辖区会计类监管岗位一级主任科员及以下,经济学类、管理学类、工学类、理学类
经济学类、管理学类、法学类,岗位标签,title_or_tag,1,1,government:1,job_2bd40662dccf2d05258b,一级主任科员及以下,经济学类、管理学类、法学类
经济学类、管理学类、法学（0301）、法律（0351）,岗位标签,title_or_tag,1,1,government:1,job_08475ec1238bcda177d3,一级主任科员及以下,经济学类、管理学类、法学（0301）、法律（0351）
经济学类、管理科学与工程类,岗位标签,title_or_tag,1,1,government:1,job_b2b6bb4de42e5a42d71a,一级行政执法员（五）,经济学类、管理科学与工程类
经济学类、管理科学与工程类、社会保障类,岗位标签,title_or_tag,1,1,government:1,job_3ae10d6ccbea0381f98e,一级行政执法员（六）,经济学类、管理科学与工程类、社会保障类
经济学类、管理科学与工程类、财会审计类,岗位标签,title_or_tag,1,1,government:1,job_fd1693e23ef9669312cf,一级行政执法员,经济学类、管理科学与工程类、财会审计类
经济学类、经济与贸易类、工商管理类、电子商务类,岗位标签,title_or_tag,1,1,government:1,job_fba9e28c29cc48a83dc2,一级行政执法员,经济学类、经济与贸易类、工商管理类、电子商务类
经济学类、经济与贸易类、管理科学与工程类、工商管理类、公共管理类、电子商务类,岗位标签,title_or_tag,1,1,government:1,job_926d0e2e84bef3e05692,一级行政执法员（六）,经济学类、经济与贸易类、管理科学与工程类、工商管理类、公共管理类、电子商务类
经济学类、统计学、应用经济学、会计、财务管理、审计,岗位标签,title_or_tag,1,1,government:1,job_90b62c1394975f5a705a,一级主任科员及以下,经济学类、统计学、应用经济学、会计、财务管理、审计
经济学类、统计学类、计算机类,岗位标签,title_or_tag,1,1,government:1,job_b6185316491bfccf9045,阿克苏调查队业务科室一级科员,经济学类、统计学类、计算机类
经济学类、统计学类（不含生物统计学专业）,岗位标签,title_or_tag,1,1,government:1,job_6b0254574927c38def8a,辽阳调查队业务科室一级科员,经济学类、统计学类（不含生物统计学专业）
经济学类、计算机类,岗位标签,title_or_tag,1,1,government:1,job_ae9cc315920a544f9200,乌什调查队一级科员,经济学类、计算机类
经济学类、财会审计类、电子商务类,岗位标签,title_or_tag,1,1,government:1,job_2be8355ecbba1455bac1,一级行政执法员（一）,经济学类、财会审计类、电子商务类
经济学类、财会审计类、管理科学与工程类、公共管理类,岗位标签,title_or_tag,1,1,government:1,job_d5b29880982f640305e1,一级行政执法员（三）,经济学类、财会审计类、管理科学与工程类、公共管理类
经济学类、财务管理、金融、审计、会计,岗位标签,title_or_tag,1,1,government:1,job_b74c75db30bd4ee7eb15,一级主任科员及以下,经济学类、财务管理、金融、审计、会计
经济学类、财政学、金融、审计、统计学,岗位标签,title_or_tag,1,1,government:1,job_2b002b438b0661bcca0f,一级主任科员及以下,经济学类、财政学、金融、审计、统计学
经济学类、财政学类、管理科学与工程类,岗位标签,title_or_tag,1,1,government:1,job_57a573d38a443e763a01,一级行政执法员（六）,经济学类、财政学类、管理科学与工程类
经济学类、财政学类、管理科学与工程类、财会审计类、公共管理类、电子商务类,岗位标签,title_or_tag,1,1,government:1,job_79858119d54698ad800e,一级行政执法员（七）,经济学类、财政学类、管理科学与工程类、财会审计类、公共管理类、电子商务类
经济学类、财政学类、经济与贸易类,岗位标签,title_or_tag,1,1,government:1,job_dd23695bf538f0013c23,一级行政执法员（一）,经济学类、财政学类、经济与贸易类
经济学类、财政学类、经济与贸易类、工商管理类、公共管理类、图书情报与档案管理类,岗位标签,title_or_tag,1,1,government:1,job_6707486ef7da6a6c7e10,一级行政执法员（三）,经济学类、财政学类、经济与贸易类、工商管理类、公共管理类、图书情报与档案管理类
经济学类、财政学类、经济与贸易类、管理科学与工程类、财会审计类、社会保障类,岗位标签,title_or_tag,1,1,government:1,job_35ef63f6d304b9ccf51c,一级行政执法员（四）,经济学类、财政学类、经济与贸易类、管理科学与工程类、财会审计类、社会保障类
经济学类、财政学类、经济与贸易类、财会审计类、公共管理类,岗位标签,title_or_tag,1,1,government:1,job_5e00cd25f020be1c4005,一级行政执法员（七）,经济学类、财政学类、经济与贸易类、财会审计类、公共管理类
经济学类、财政学类、金融学类、公共管理类,岗位标签,title_or_tag,1,1,government:1,job_054aaf0c7fb77c0f35a2,一级行政执法员,经济学类、财政学类、金融学类、公共管理类
经济学类、财政学类、金融学类、新闻学,岗位标签,title_or_tag,1,1,government:1,job_5ffeddb6ce118d036305,辖区财金类监管岗位一级主任科员及以下,经济学类、财政学类、金融学类、新闻学
经济学类、财政学类、金融学类、经济与贸易类、工商管理类、电子商务类,岗位标签,title_or_tag,1,1,government:1,job_cf3eb45662b4bac99d9b,一级行政执法员（一）,经济学类、财政学类、金融学类、经济与贸易类、工商管理类、电子商务类
经济学类、财政学类、金融学类、财会审计类、统计学类,岗位标签,title_or_tag,1,1,government:1,job_a58bca1bed8300157e12,一级行政执法员（八）,经济学类、财政学类、金融学类、财会审计类、统计学类
经济学类、财政学类、金融学类、财会审计类、统计学类、计算机类,岗位标签,title_or_tag,1,1,government:1,job_67a617e520b420347983,一级行政执法员（二）,经济学类、财政学类、金融学类、财会审计类、统计学类、计算机类
经济学类、财政学类、金融学类（以上均为专业类别）,岗位标签,title_or_tag,1,1,government:1,job_2ceb85abdef333560fdc,一级主任科员及以下,经济学类、财政学类、金融学类（以上均为专业类别）
经济学类、金融学类、图书情报与档案管理类、电子商务类,岗位标签,title_or_tag,1,1,government:1,job_5b8324ea8f6878eed70c,一级行政执法员（七）,经济学类、金融学类、图书情报与档案管理类、电子商务类
经济学类、金融学类、工商管理类、工业工程类,岗位标签,title_or_tag,1,1,government:1,job_a69bed42d53206fbb761,一级行政执法员（一）,经济学类、金融学类、工商管理类、工业工程类
经济学类、金融学类、社会保障类、图书情报与档案管理类、电子商务类,岗位标签,title_or_tag,1,1,government:1,job_639e9fdf3cf73aa501fe,一级行政执法员（四）,经济学类、金融学类、社会保障类、图书情报与档案管理类、电子商务类
经济学类、金融学类、经济与贸易类、管理科学与工程类、财会审计类、社会保障类,岗位标签,title_or_tag,1,1,government:1,job_4b4e07fb9dacab032522,一级行政执法员（七）,经济学类、金融学类、经济与贸易类、管理科学与工程类、财会审计类、社会保障类
经济学类、金融学类、经济与贸易类、财会审计类、电子商务类,岗位标签,title_or_tag,1,1,government:1,job_8ce1cd7fc8ede1b4ea3e,一级行政执法员,经济学类、金融学类、经济与贸易类、财会审计类、电子商务类
经济学类、金融学类、经济与贸易类、财会审计类、社会保障类,岗位标签,title_or_tag,1,1,government:1,job_cd30e6c33a326b620a59,一级行政执法员（五）,经济学类、金融学类、经济与贸易类、财会审计类、社会保障类
经济学类、金融学类、财会审计类、电子商务类,岗位标签,title_or_tag,1,1,government:1,job_ee2033dc6301cd6f6db0,一级行政执法员（一）,经济学类、金融学类、财会审计类、电子商务类
经济学类（0201）、数学类（0701）、统计学类（0712）,岗位标签,title_or_tag,1,1,government:1,job_ecbceca4c5fd769736b5,大埔调查队一级科员,经济学类（0201）、数学类（0701）、统计学类（0712）
经济学类（0201）、社会学类（0303）、统计学类（0712）,岗位标签,title_or_tag,1,1,government:1,job_97125298fff4d17f58ce,博罗调查队一级科员,经济学类（0201）、社会学类（0303）、统计学类（0712）
经济学类（0201）、统计学类（0712）,岗位标签,title_or_tag,1,1,government:1,job_59ee4cd5cc10451d99c8,惠东调查队一级科员,经济学类（0201）、统计学类（0712）
经济学类（0201）、统计学类（0712）、中国语言文学类（0501）,岗位标签,title_or_tag,1,1,government:1,job_3209f93d5682e1480742,台山调查队一级科员,经济学类（0201）、统计学类（0712）、中国语言文学类（0501）
经济学类（0201）、金融学类（0203）,岗位标签,title_or_tag,1,1,government:1,job_1435bf253b2bd4031969,内审处一级主任科员及以下,经济学类（0201）、金融学类（0203）
经济学类（02）、国民经济学、数量经济学,岗位标签,title_or_tag,1,1,government:1,job_3352ffd67e287c7663b5,一级主任科员及以下,经济学类（02）、国民经济学、数量经济学
经济学类（02）、统计学（0714）、金融统计学,岗位标签,title_or_tag,1,1,government:1,job_f4d9a146926a4d60d82f,一级主任科员及以下,经济学类（02）、统计学（0714）、金融统计学
经济学类（不含统计、税务、资产评估）,岗位标签,title_or_tag,1,1,government:1,job_17195cd76d2b0bdd59e0,监管部门一级主任科员及以下,经济学类（不含统计、税务、资产评估）
经济学类（研究生专业不含统计、税务、资产评估）,岗位标签,title_or_tag,1,1,government:1,job_1fbc437e1d711a95d767,监管部门一级主任科员及以下,经济学类（研究生专业不含统计、税务、资产评估）
经济学（020101）、统计学类（0712）、会计学（120203K）,岗位标签,title_or_tag,1,1,government:1,job_061c70777610cefd1d8b,执勤队一级警长及以下（十一）,经济学（020101）、统计学类（0712）、会计学（120203K）
经济学（02）、会计（1253）、审计（1257）,岗位标签,title_or_tag,1,1,government:1,job_ce49ed18dd3e72a789b5,财务审计工作一级主任科员及以下,经济学（02）、会计（1253）、审计（1257）
经济学（02）、法学（03）、中国语言文学（0501）、管理学（12）,岗位标签,title_or_tag,1,1,government:1,job_96f94b637a23a0efe667,信息处一级主任科员及以下,经济学（02）、法学（03）、中国语言文学（0501）、管理学（12）
经济学（02）、法学（03）、管理学（12）,岗位标签,title_or_tag,1,1,government:1,job_53e516737d5ec43151b0,国有企业改革工作一级主任科员及以下,经济学（02）、法学（03）、管理学（12）
经济学（02）、管理学（12）、理学（07）、工学（08）,岗位标签,title_or_tag,1,1,government:1,job_77daf2e750f173e92926,干部处室一级主任科员及以下,经济学（02）、管理学（12）、理学（07）、工学（08）
经济工程、工程管理、工程造价,岗位标签,title_or_tag,1,1,government:1,job_84913b6278ab7148d61b,业务二处一级主任科员及以下,经济工程、工程管理、工程造价
经济法学、民商法学、宪法学与行政法学,岗位标签,title_or_tag,1,1,government:1,job_8850db97f7849679056a,辖区法律类监管岗位一级主任科员及以下,经济法学、民商法学、宪法学与行政法学
经济法学、民商法学、行政法学,岗位标签,title_or_tag,1,1,government:1,job_49c9c9b265e318113771,辖区法律类监管岗位一级主任科员及以下,经济法学、民商法学、行政法学
经济法或民商法或行政法,岗位标签,title_or_tag,1,1,government:1,job_64cd9f7814ba37c29904,辖区法律类监管岗位一级主任科员及以下,经济法或民商法或行政法
经济金融,岗位标签,title_or_tag,1,1,government:1,job_6a4a01337b4d0f7e5e3b,经济金融,经济金融
经济预测和政策预研处一级主任科员及以下,岗位标签,title_or_tag,1,1,government:1,job_bfbfc43efc6959518005,经济预测和政策预研处一级主任科员及以下,经济预测和政策预研处一级主任科员及以下
统筹协调处一级主任科员及以下,岗位标签,title_or_tag,1,1,government:1,job_7d530aa163c9ab5fa535,统筹协调处一级主任科员及以下,统筹协调处一级主任科员及以下
统计分析（统计分析应用类）一级行政执法员,岗位标签,title_or_tag,1,1,government:1,job_4838973441169f08b75c,统计分析（统计分析应用类）一级行政执法员,统计分析（统计分析应用类）一级行政执法员
统计处一级警长及以下,岗位标签,title_or_tag,1,1,government:1,job_93939a1d97e361895f7d,统计处一级警长及以下,统计处一级警长及以下
统计学、应用统计、应用经济学、中国语言文学、计算机科学与技术、工商管理、公共管理,岗位标签,title_or_tag,1,1,government:1,job_17a8815b92411b62f594,甘肃调查总队综合处室一级主任科员及以下,统计学、应用统计、应用经济学、中国语言文学、计算机科学与技术、工商管理、公共管理
统计学、应用统计、应用经济学、计算机科学与技术,岗位标签,title_or_tag,1,1,government:1,job_2be9a8cbf9758e2a4cb4,周口调查队业务科室四级主任科员,统计学、应用统计、应用经济学、计算机科学与技术
统计学、应用统计、数学、计算机科学与技术,岗位标签,title_or_tag,1,1,government:1,job_bf599677599eb7b06030,甘肃调查总队业务处室一级主任科员及以下,统计学、应用统计、数学、计算机科学与技术
统计学、应用统计学、数据科学、数学与应用数学、数据计算及应用,岗位标签,title_or_tag,1,1,government:1,job_1869f49a04137b2598b0,监管（统计分析应用类）一级行政执法员,统计学、应用统计学、数据科学、数学与应用数学、数据计算及应用
统计学、应用统计学、经济统计学,岗位标签,title_or_tag,1,1,government:1,job_2c5588e3cdb78c6c7c79,监管部门一级主任科员及以下,统计学、应用统计学、经济统计学
统计学、数学,岗位标签,title_or_tag,1,1,government:1,job_d57f28122462405f73bc,就业处一级主任科员及以下,统计学、数学
统计学、数学、经济学、社会学,岗位标签,title_or_tag,1,1,government:1,job_61b09b7790c236131dab,分析研究处一级主任科员及以下,统计学、数学、经济学、社会学
统计学、经济统计学、应用统计学、数据科学,岗位标签,title_or_tag,1,1,government:1,job_96ee8b53ee4eae889630,综合业务二处科技管理（统计分析应用类）二级主任科员及以下,统计学、经济统计学、应用统计学、数据科学
统计学类0712,岗位标签,title_or_tag,1,1,government:1,job_bc41f2ba2c3195b0ff2c,湖州调查队业务处室一级科员,统计学类0712
统计学类0712、经济学类0201,岗位标签,title_or_tag,1,1,government:1,job_1cb799ad9c9f826dbc8e,嘉善调查队一级科员,统计学类0712、经济学类0201
统计学类0712；金融学类0203；计算机类0809,岗位标签,title_or_tag,1,1,government:1,job_7c510bdee6913e95ca44,上虞调查队一级科员,统计学类0712；金融学类0203；计算机类0809
统计学类、仪器类、自动化类,岗位标签,title_or_tag,1,1,government:1,job_3bf600012308708b9acf,一级行政执法员（七）,统计学类、仪器类、自动化类
统计学类、工商管理类、中国语言文学类,岗位标签,title_or_tag,1,1,government:1,job_d00ce459fa1f9498ae2a,维西调查队一级科员,统计学类、工商管理类、中国语言文学类
统计学类、工商管理类、新闻传播学类,岗位标签,title_or_tag,1,1,government:1,job_c05835ec374c48302593,河口调查队一级科员,统计学类、工商管理类、新闻传播学类
统计学类、工商管理类、社会学类,岗位标签,title_or_tag,1,1,government:1,job_3ebfd90a618464c2019a,牟定调查队一级科员,统计学类、工商管理类、社会学类
统计学类、应用统计学、经济统计学；数据科学与大数据技术,岗位标签,title_or_tag,1,1,government:1,job_e2c2a4708f05e950ddcd,全椒调查队一级科员,统计学类、应用统计学、经济统计学；数据科学与大数据技术
统计学类、应用统计类,岗位标签,title_or_tag,1,1,government:1,job_4d746092b5be63faf3bc,嘉定调查队业务科室四级主任科员,统计学类、应用统计类
统计学类、数学类、农业经济管理类,岗位标签,title_or_tag,1,1,government:1,job_149e2d060e48e716f80c,青河调查队一级科员,统计学类、数学类、农业经济管理类
统计学类、数学类、电子信息类,岗位标签,title_or_tag,1,1,government:1,job_ca535b5b49281359273e,绥化调查队业务科一级科员,统计学类、数学类、电子信息类
统计学类、数学类、经济与贸易类、工商管理类、会计学、财务管理,岗位标签,title_or_tag,1,1,government:1,job_30270f51cc71fc071adb,阜康调查队一级科员,统计学类、数学类、经济与贸易类、工商管理类、会计学、财务管理
统计学类、数学类、经济学类、计算机类、工商管理类,岗位标签,title_or_tag,1,1,government:1,job_a73313e737750e5d29d2,哈密调查队业务科室一级科员,统计学类、数学类、经济学类、计算机类、工商管理类
统计学类、数学类、经济学类，计算机科学与技术、会计,岗位标签,title_or_tag,1,1,government:1,job_1d967b2a205c2dad4d16,攀枝花调查队业务科室四级主任科员及以下,统计学类、数学类、经济学类，计算机科学与技术、会计
统计学类、数学类、计算机科学与技术类,岗位标签,title_or_tag,1,1,government:1,job_b5c8a7210711d97f1bd3,哈尔滨调查队业务处室四级主任科员,统计学类、数学类、计算机科学与技术类
统计学类、数学类、计算机类、会计学,岗位标签,title_or_tag,1,1,government:1,job_f4707d32777da9766623,轮台调查队一级科员,统计学类、数学类、计算机类、会计学
统计学类、数学类、计算机类、管理科学与工程类,岗位标签,title_or_tag,1,1,government:1,job_d785b907f63e1582055a,巴里坤调查队一级科员,统计学类、数学类、计算机类、管理科学与工程类
统计学类、文学类,岗位标签,title_or_tag,1,1,government:1,job_ccfda29281bc3811a1b5,集贤调查队一级科员,统计学类、文学类
统计学类、机械类,岗位标签,title_or_tag,1,1,government:1,job_af607e3505daf2d8515e,一级行政执法员（一）,统计学类、机械类
统计学类、机械类、电气类、电子信息类、自动化类、计算机类,岗位标签,title_or_tag,1,1,government:1,job_7c33a9721fe493b2f1be,一级行政执法员（三）,统计学类、机械类、电气类、电子信息类、自动化类、计算机类
统计学类、机械类、电气类、电子信息类、计算机类,岗位标签,title_or_tag,1,1,government:1,job_c940e13066bd398f8d65,一级行政执法员（三）,统计学类、机械类、电气类、电子信息类、计算机类
统计学类、机械类、能源动力类、电气类,岗位标签,title_or_tag,1,1,government:1,job_d158cef6b89adefdedec,一级行政执法员（四）,统计学类、机械类、能源动力类、电气类
统计学类、机械类、能源动力类、电气类、电子信息类、自动化类、计算机类,岗位标签,title_or_tag,1,1,government:1,job_d3da3cb29356feeb169d,一级行政执法员（一）,统计学类、机械类、能源动力类、电气类、电子信息类、自动化类、计算机类
统计学类、机械类、计算机类、航空航天类,岗位标签,title_or_tag,1,1,government:1,job_0de856b12b708b71033c,一级行政执法员（五）,统计学类、机械类、计算机类、航空航天类
统计学类、材料类、建筑类,岗位标签,title_or_tag,1,1,government:1,job_307aeb50d17fdc47a970,一级行政执法员（三）,统计学类、材料类、建筑类
统计学类、材料类、电子信息类,岗位标签,title_or_tag,1,1,government:1,job_49a312c769b1289a994c,一级行政执法员（四）,统计学类、材料类、电子信息类
统计学类、法学类,岗位标签,title_or_tag,1,1,government:1,job_6e31cc8d6d9b8611c37f,普洱调查队业务科室一级科员,统计学类、法学类
统计学类、电子信息类、环境科学与工程类,岗位标签,title_or_tag,1,1,government:1,job_32f33b7c4ef91769bf16,一级行政执法员（五）,统计学类、电子信息类、环境科学与工程类
统计学类、电子信息类、计算机类、建筑类,岗位标签,title_or_tag,1,1,government:1,job_11cc5128fdb8428884ea,一级行政执法员（三）,统计学类、电子信息类、计算机类、建筑类
统计学类、电子信息类、计算机类、环境科学与工程类,岗位标签,title_or_tag,1,1,government:1,job_db51b4946084525427f6,一级行政执法员（三）,统计学类、电子信息类、计算机类、环境科学与工程类
统计学类、电气类、计算机类,岗位标签,title_or_tag,1,1,government:1,job_6dbcf61f0654891ec3ab,一级行政执法员（四）,统计学类、电气类、计算机类
统计学类、经济与贸易类、计算机类、新闻传播学类,岗位标签,title_or_tag,1,1,government:1,job_8f8e36941bbf33ba9f05,永善调查队一级科员,统计学类、经济与贸易类、计算机类、新闻传播学类
统计学类、经济学类、数学类、计算机类,岗位标签,title_or_tag,1,1,government:1,job_923a3e93433ee00924a2,鄯善调查队一级科员,统计学类、经济学类、数学类、计算机类
统计学类、经济学类、计算机类、数学类,岗位标签,title_or_tag,1,1,government:1,job_1bf11681f87f5c712681,博尔塔拉调查队业务科室四级主任科员及以下,统计学类、经济学类、计算机类、数学类
统计学类、能源动力类、机械类,岗位标签,title_or_tag,1,1,government:1,job_54acd4a7011ed8ec8ba1,一级行政执法员（三）,统计学类、能源动力类、机械类
统计学类、自动化类,岗位标签,title_or_tag,1,1,government:1,job_82aa9b04b9d1a7132fe0,一级行政执法员（二）,统计学类、自动化类
统计学类、计算机类（不含电影制作专业）,岗位标签,title_or_tag,1,1,government:1,job_c3e055dec5cc42ba4968,甘南调查队业务科室二级主任科员及以下,统计学类、计算机类（不含电影制作专业）
统计学类、金融学类、计算机类、工商管理类,岗位标签,title_or_tag,1,1,government:1,job_d00e52cc2870641deb7a,临沧调查队业务科室一级科员,统计学类、金融学类、计算机类、工商管理类
统计学类（0712）、数学类（0701）,岗位标签,title_or_tag,1,1,government:1,job_3f3249f66c139f6bf788,信丰调查队一级科员,统计学类（0712）、数学类（0701）
统计学类（0712）、新闻传播学类（0503）,岗位标签,title_or_tag,1,1,government:1,job_c64cb011eb830c6c2d9e,瑞昌调查队一级科员,统计学类（0712）、新闻传播学类（0503）
统计学类（0712）、计算机类（0809）,岗位标签,title_or_tag,1,1,government:1,job_63ce530e1d7adc40007e,安福调查队一级科员,统计学类（0712）、计算机类（0809）
统计学类（统计学、 应用统计学）、会计学、财务管理、金融学,岗位标签,title_or_tag,1,1,government:1,job_d80efb94edfb0d5b6931,饶阳调查队一级科员,统计学类（统计学、 应用统计学）、会计学、财务管理、金融学
统计学类，新闻传播学、新闻与传播,岗位标签,title_or_tag,1,1,government:1,job_ea2718c7a5fb3bba3e2b,遂宁调查队业务科室四级主任科员及以下,统计学类，新闻传播学、新闻与传播
统计学（071201）、经济统计学（020102）,岗位标签,title_or_tag,1,1,government:1,job_90f12d5b1e55837eff84,执行队一级警长及以下（七）,统计学（071201）、经济统计学（020102）
统计督察处一级主任科员及以下,岗位标签,title_or_tag,1,1,government:1,job_06f9d8920e006bfca30f,统计督察处一级主任科员及以下,统计督察处一级主任科员及以下
绥中调查队一级科员（1）,岗位标签,title_or_tag,1,1,government:1,job_98e9fe14db50717c44f1,绥中调查队一级科员（1）,绥中调查队一级科员（1）
绥中调查队一级科员（2）,岗位标签,title_or_tag,1,1,government:1,job_510b2d1a7ee077f49835,绥中调查队一级科员（2）,绥中调查队一级科员（2）
绥化调查队业务科一级科员,岗位标签,title_or_tag,1,1,government:1,job_ca535b5b49281359273e,绥化调查队业务科一级科员,绥化调查队业务科一级科员
绥芬河出入境边防检查站一级警长及以下（一）,岗位标签,title_or_tag,1,1,government:1,job_86c815743ff5dd243e0f,绥芬河出入境边防检查站一级警长及以下（一）,绥芬河出入境边防检查站一级警长及以下（一）
绥芬河出入境边防检查站一级警长及以下（三）,岗位标签,title_or_tag,1,1,government:1,job_239f7a01be4740a9ceed,绥芬河出入境边防检查站一级警长及以下（三）,绥芬河出入境边防检查站一级警长及以下（三）
绥芬河出入境边防检查站一级警长及以下（二）,岗位标签,title_or_tag,1,1,government:1,job_6fd6c525ea25790ac2c5,绥芬河出入境边防检查站一级警长及以下（二）,绥芬河出入境边防检查站一级警长及以下（二）
绥芬河出入境边防检查站一级警长及以下（四）,岗位标签,title_or_tag,1,1,government:1,job_f8cae06be1396e9235e9,绥芬河出入境边防检查站一级警长及以下（四）,绥芬河出入境边防检查站一级警长及以下（四）
维稳工作处一级主任科员及以下,岗位标签,title_or_tag,1,1,government:1,job_63761e8d1c370ae8416a,维稳工作处一级主任科员及以下,维稳工作处一级主任科员及以下
维西调查队一级科员,岗位标签,title_or_tag,1,1,government:1,job_d00ce459fa1f9498ae2a,维西调查队一级科员,维西调查队一级科员
绵阳调查队业务科室四级主任科员及以下,岗位标签,title_or_tag,1,1,government:1,job_0ce0659be80f72769cc4,绵阳调查队业务科室四级主任科员及以下,绵阳调查队业务科室四级主任科员及以下
综合与地下水管理处一级主任科员及以下,岗位标签,title_or_tag,1,1,government:1,job_9a2bf57588dcf383d6ac,综合与地下水管理处一级主任科员及以下,综合与地下水管理处一级主任科员及以下
综合业务二处科技管理（统计分析应用类）二级主任科员及以下,岗位标签,title_or_tag,1,1,government:1,job_96ee8b53ee4eae889630,综合业务二处科技管理（统计分析应用类）二级主任科员及以下,综合业务二处科技管理（统计分析应用类）二级主任科员及以下
综合业务四级主办及以下（三）,岗位标签,title_or_tag,1,1,government:1,job_fe1f64f3ff6ea2862c09,综合业务四级主办及以下（三）,综合业务四级主办及以下（三）
综合业务处三级主任科员及以下,岗位标签,title_or_tag,1,1,government:1,job_af93d07f20b1b858a81b,综合业务处三级主任科员及以下,综合业务处三级主任科员及以下
综合业务处室一级主任科员及以下,岗位标签,title_or_tag,1,1,government:1,job_bb459a9c01abaf5aaa35,综合业务处室一级主任科员及以下,综合业务处室一级主任科员及以下
综合办公室一级主任科员及以下,岗位标签,title_or_tag,1,1,government:1,job_2337cfc35c758230382e,综合办公室一级主任科员及以下,综合办公室一级主任科员及以下
综合办公室（财务科）一级主任科员及以下,岗位标签,title_or_tag,1,1,government:1,job_034883ee37885d743656,综合办公室（财务科）一级主任科员及以下,综合办公室（财务科）一级主任科员及以下
综合及行政岗位一级主任科员及以下,岗位标签,title_or_tag,1,1,government:1,job_c4ecc2afd0ae002f13b9,综合及行政岗位一级主任科员及以下,综合及行政岗位一级主任科员及以下
综合和行业改革处一级主任科员及以下,岗位标签,title_or_tag,1,1,government:1,job_faf1fdd6b5add1558ac1,综合和行业改革处一级主任科员及以下,综合和行业改革处一级主任科员及以下
综合处室 一级主任科员及以下 （一）,岗位标签,title_or_tag,1,1,government:1,job_3a079f1e8ebafda50e40,综合处室 一级主任科员及以下 （一）,综合处室 一级主任科员及以下 （一）
综合处室 一级主任科员及以下 （二）,岗位标签,title_or_tag,1,1,government:1,job_4a2700ab4e705ec5b820,综合处室 一级主任科员及以下 （二）,综合处室 一级主任科员及以下 （二）
综合处（体育卫生处）一级主任科员及以下,岗位标签,title_or_tag,1,1,government:1,job_8cb21c63623923f51cd9,综合处（体育卫生处）一级主任科员及以下,综合处（体育卫生处）一级主任科员及以下
综合处（行政后勤处）一级主任科员及以下,岗位标签,title_or_tag,1,1,government:1,job_a9b368e96899d84e702d,综合处（行政后勤处）一级主任科员及以下,综合处（行政后勤处）一级主任科员及以下
综合或业务处一级主任科员及以下,岗位标签,title_or_tag,1,1,government:1,job_635f0ddfd55992ca2dff,综合或业务处一级主任科员及以下,综合或业务处一级主任科员及以下
综合执法体系建设处一级主任科员及以下,岗位标签,title_or_tag,1,1,government:1,job_3216b984adcb3aa559b9,综合执法体系建设处一级主任科员及以下,综合执法体系建设处一级主任科员及以下
综合文字岗一级主任科员及以下,岗位标签,title_or_tag,1,1,government:1,job_e0eacbc38d7e2ca17c6f,综合文字岗一级主任科员及以下,综合文字岗一级主任科员及以下
综合研究处一级主任科员及以下职位,岗位标签,title_or_tag,1,1,government:1,job_58a61b6c7e6584504fa5,综合研究处一级主任科员及以下职位,综合研究处一级主任科员及以下职位
综合管理办公室（政策法规科、防雷减灾办公室）一级主任科员及以下,岗位标签,title_or_tag,1,1,government:1,job_4e78b0549d512bad8e9c,综合管理办公室（政策法规科、防雷减灾办公室）一级主任科员及以下,综合管理办公室（政策法规科、防雷减灾办公室）一级主任科员及以下
综合管理科一级科员,岗位标签,title_or_tag,1,1,government:1,job_5fcc934ad357274667b6,综合管理科一级科员,综合管理科一级科员
综合调研一,岗位标签,title_or_tag,1,1,government:1,job_4ccbd49edc20eee515f4,综合调研一,综合调研一
综合调研二,岗位标签,title_or_tag,1,1,government:1,job_56800a149d994d3ed0a2,综合调研二,综合调研二
缅甸语、老挝语、越南语,岗位标签,title_or_tag,1,1,government:1,job_c65672305f675af4cb71,普洱边境管理支队一级警长及以下（三）,缅甸语、老挝语、越南语
缅甸语（050216）,岗位标签,title_or_tag,1,1,government:1,job_1067cc1545b43758f02d,瑞丽遣返中心执行队一级警长及以下（三）,缅甸语（050216）
编研岗一级主任科员及以下,岗位标签,title_or_tag,1,1,government:1,job_852470620ab9bd198c40,编研岗一级主任科员及以下,编研岗一级主任科员及以下
网络与新媒体、国际新闻与传播,岗位标签,title_or_tag,1,1,government:1,job_ead74b50f1c3be06f176,边检站一级警长及以下（十六）,网络与新媒体、国际新闻与传播
网络与新媒体、国际新闻与传播、新闻学、传播学、汉语言文学,岗位标签,title_or_tag,1,1,government:1,job_a06088707ce10f6fc023,行政综合一级行政执法员,网络与新媒体、国际新闻与传播、新闻学、传播学、汉语言文学
网络与新媒体、新闻学、传播学,岗位标签,title_or_tag,1,1,government:1,job_d853db3350e49193b173,一级行政执法员（五）,网络与新媒体、新闻学、传播学
网络交易执法处一级主任科员及以下,岗位标签,title_or_tag,1,1,government:1,job_4b477820d279bf6eb095,网络交易执法处一级主任科员及以下,网络交易执法处一级主任科员及以下
网络工程、计算机科学与技术、邮政管理、法学（以上均为专业名称）,岗位标签,title_or_tag,1,1,government:1,job_df07c9caa6c0bedd8db1,一级科员,网络工程、计算机科学与技术、邮政管理、法学（以上均为专业名称）
罗平调查队一级科员,岗位标签,title_or_tag,1,1,government:1,job_9b63a744985032d6f591,罗平调查队一级科员,罗平调查队一级科员
罗湖海关缉私分局一级警长及以下,岗位标签,title_or_tag,1,1,government:1,job_e4e237dd61548c428c2f,罗湖海关缉私分局一级警长及以下,罗湖海关缉私分局一级警长及以下
罗田调查队一级科员,岗位标签,title_or_tag,1,1,government:1,job_eb1362c1ab1ab768e645,罗田调查队一级科员,罗田调查队一级科员
美兰边检站一级警长及以下（一）,岗位标签,title_or_tag,1,1,government:1,job_9135bc6bda9a37b20027,美兰边检站一级警长及以下（一）,美兰边检站一级警长及以下（一）
美兰边检站一级警长及以下（三）,岗位标签,title_or_tag,1,1,government:1,job_0d4debc612b5e2f68190,美兰边检站一级警长及以下（三）,美兰边检站一级警长及以下（三）
美兰边检站一级警长及以下（二）,岗位标签,title_or_tag,1,1,government:1,job_52eaa2c2640ce59611b8,美兰边检站一级警长及以下（二）,美兰边检站一级警长及以下（二）
美兰边检站一级警长及以下（五）,岗位标签,title_or_tag,1,1,government:1,job_3d185a91cf202a46231c,美兰边检站一级警长及以下（五）,美兰边检站一级警长及以下（五）
美兰边检站一级警长及以下（四）,岗位标签,title_or_tag,1,1,government:1,job_2c3a8bd7a6a27ce0439c,美兰边检站一级警长及以下（四）,美兰边检站一级警长及以下（四）
美兰边检站警务技术一级主管及以下,岗位标签,title_or_tag,1,1,government:1,job_eca910287e90b02a86be,美兰边检站警务技术一级主管及以下,美兰边检站警务技术一级主管及以下
翻译一级行政执法员,岗位标签,title_or_tag,1,1,government:1,job_41817e9ad90ee89421e4,翻译一级行政执法员,翻译一级行政执法员
翻译（英语口译、英语笔译）,岗位标签,title_or_tag,1,1,government:1,job_a5190c36fb6bb8c1d809,一级主任科员及以下（英语七）,翻译（英语口译、英语笔译）
耀州调查队一级科员,岗位标签,title_or_tag,1,1,government:1,job_87104e59b6e67e89b9dc,耀州调查队一级科员,耀州调查队一级科员
老挝语相关专业、缅甸语相关专业、越南语相关专业、泰语相关专业,岗位标签,title_or_tag,1,1,government:1,job_5e27451499dad7e350be,一级行政执法员,老挝语相关专业、缅甸语相关专业、越南语相关专业、泰语相关专业
老挝语（050215） 越南语（050223）,岗位标签,title_or_tag,1,1,government:1,job_6c5f4e6cd318a40c1e6a,瑞丽遣返中心执行队一级警长及以下（四）,老挝语（050215） 越南语（050223）
考核评议处一级主任科员及以下,岗位标签,title_or_tag,1,1,government:1,job_2dec042b7e81aa0a0a83,考核评议处一级主任科员及以下,考核评议处一级主任科员及以下
聂拉木出入境边防检查站一级警长及以下（一）,岗位标签,title_or_tag,1,1,government:1,job_4ade24af87ac11022412,聂拉木出入境边防检查站一级警长及以下（一）,聂拉木出入境边防检查站一级警长及以下（一）
聂拉木出入境边防检查站一级警长及以下（三）,岗位标签,title_or_tag,1,1,government:1,job_7640bca7d9bb682cd5bd,聂拉木出入境边防检查站一级警长及以下（三）,聂拉木出入境边防检查站一级警长及以下（三）
聂拉木出入境边防检查站一级警长及以下（二）,岗位标签,title_or_tag,1,1,government:1,job_82ab2890d0b361a191cd,聂拉木出入境边防检查站一级警长及以下（二）,聂拉木出入境边防检查站一级警长及以下（二）
聂拉木出入境边防检查站一级警长及以下（五）,岗位标签,title_or_tag,1,1,government:1,job_6a374120003eab83f96b,聂拉木出入境边防检查站一级警长及以下（五）,聂拉木出入境边防检查站一级警长及以下（五）
聂拉木出入境边防检查站一级警长及以下（六）,岗位标签,title_or_tag,1,1,government:1,job_f08220c1ac2a10a646d3,聂拉木出入境边防检查站一级警长及以下（六）,聂拉木出入境边防检查站一级警长及以下（六）
聂拉木出入境边防检查站一级警长及以下（四）,岗位标签,title_or_tag,1,1,government:1,job_d6f9616130be99d1aa64,聂拉木出入境边防检查站一级警长及以下（四）,聂拉木出入境边防检查站一级警长及以下（四）
聊城河务局一级主任科员及以下,岗位标签,title_or_tag,1,1,government:1,job_639f5f1bee50dbfe2f77,聊城河务局一级主任科员及以下,聊城河务局一级主任科员及以下
联合国处一级主任科员及以下,岗位标签,title_or_tag,1,1,government:1,job_14059e4cecf2bad274d7,联合国处一级主任科员及以下,联合国处一级主任科员及以下
肇庆调查队业务科室四级主任科员及以下,岗位标签,title_or_tag,1,1,government:1,job_b4b82d0419d494514396,肇庆调查队业务科室四级主任科员及以下,肇庆调查队业务科室四级主任科员及以下
肇源调查队一级科员,岗位标签,title_or_tag,1,1,government:1,job_a146ee5a8c368339048c,肇源调查队一级科员,肇源调查队一级科员
肖厝出入境边防检查站一级警长及以下,岗位标签,title_or_tag,1,1,government:1,job_591ab6bda7d9994b857c,肖厝出入境边防检查站一级警长及以下,肖厝出入境边防检查站一级警长及以下
能源与动力工程领域一级主任科员及以下,岗位标签,title_or_tag,1,1,government:1,job_1110ae1a5c67ffd49521,能源与动力工程领域一级主任科员及以下,能源与动力工程领域一级主任科员及以下
能源动力、电气、公共管理、法学等相关专业,岗位标签,title_or_tag,1,1,government:1,job_607bce8135f071379b32,宁夏业务办公室一级主任科员及以下,能源动力、电气、公共管理、法学等相关专业
能源动力类、土木类,岗位标签,title_or_tag,1,1,government:1,job_8529ae2f2b2a872563fe,一级行政执法员,能源动力类、土木类
能源动力类、环境科学与工程类,岗位标签,title_or_tag,1,1,government:1,job_7a788fa36cb56c224c4d,一级行政执法员（四）,能源动力类、环境科学与工程类
能源动力类、电子信息类、环境科学与工程类,岗位标签,title_or_tag,1,1,government:1,job_b0f398cb11f0c005ed7e,一级行政执法员（八）,能源动力类、电子信息类、环境科学与工程类
能源动力类、电气类、电子信息类、计算机类,岗位标签,title_or_tag,1,1,government:1,job_1eda633614932397c9a0,一级行政执法员（七）,能源动力类、电气类、电子信息类、计算机类
能源动力类、电气类、电子信息类、计算机类、环境科学与工程类,岗位标签,title_or_tag,1,1,government:1,job_5cc8eeee70ad50790f52,一级行政执法员（四）,能源动力类、电气类、电子信息类、计算机类、环境科学与工程类
能源动力类、电气类、矿业类,岗位标签,title_or_tag,1,1,government:1,job_5499ff12b2348cf29523,一级行政执法员（十）,能源动力类、电气类、矿业类
能源动力类、计算机类,岗位标签,title_or_tag,1,1,government:1,job_f9535db93f8e64bb0f13,一级行政执法员（四）,能源动力类、计算机类
能源安全处一级主任科员及以下,岗位标签,title_or_tag,1,1,government:1,job_ef6b8c54e16b15f3d3f7,能源安全处一级主任科员及以下,能源安全处一级主任科员及以下
腾冲出入境边防检查站一级警长及以下（一）,岗位标签,title_or_tag,1,1,government:1,job_f36a78ec3adf29dcd349,腾冲出入境边防检查站一级警长及以下（一）,腾冲出入境边防检查站一级警长及以下（一）
腾冲出入境边防检查站一级警长及以下（三）,岗位标签,title_or_tag,1,1,government:1,job_962ca57cb77e8933ebe9,腾冲出入境边防检查站一级警长及以下（三）,腾冲出入境边防检查站一级警长及以下（三）
腾冲出入境边防检查站一级警长及以下（二）,岗位标签,title_or_tag,1,1,government:1,job_340f7267e8eed6833529,腾冲出入境边防检查站一级警长及以下（二）,腾冲出入境边防检查站一级警长及以下（二）
腾冲出入境边防检查站一级警长及以下（五）,岗位标签,title_or_tag,1,1,government:1,job_569d520b44653d93f396,腾冲出入境边防检查站一级警长及以下（五）,腾冲出入境边防检查站一级警长及以下（五）
腾冲出入境边防检查站一级警长及以下（四）,岗位标签,title_or_tag,1,1,government:1,job_e65af1d3d8d9e8a792e2,腾冲出入境边防检查站一级警长及以下（四）,腾冲出入境边防检查站一级警长及以下（四）
自动化类、环境科学与工程类、建筑类,岗位标签,title_or_tag,1,1,government:1,job_f0848f939c27845c61b0,一级行政执法员（三）,自动化类、环境科学与工程类、建筑类
自动化类、计算机类,岗位标签,title_or_tag,1,1,government:1,job_736769f133333f4851c7,一级行政执法员（一）,自动化类、计算机类
自动化类、计算机类、交通运输类,岗位标签,title_or_tag,1,1,government:1,job_58ff4ce36b244b30e656,一级行政执法员（三）,自动化类、计算机类、交通运输类
自动化类、计算机类、化工与制药类,岗位标签,title_or_tag,1,1,government:1,job_42d6fd8a2d74e6d618dd,一级行政执法员,自动化类、计算机类、化工与制药类
自然保护地和湿地监管处一级主任科员及以下,岗位标签,title_or_tag,1,1,government:1,job_89bd7548c8efbf767c22,自然保护地和湿地监管处一级主任科员及以下,自然保护地和湿地监管处一级主任科员及以下
自由贸易港改革发展处一级主任科员及以下,岗位标签,title_or_tag,1,1,government:1,job_4e5211ee7ff46a822265,自由贸易港改革发展处一级主任科员及以下,自由贸易港改革发展处一级主任科员及以下
舞阳调查队一级科员,岗位标签,title_or_tag,1,1,government:1,job_af692d6a167eea25c09b,舞阳调查队一级科员,舞阳调查队一级科员
舟山调查队业务处室四级主任科员及以下（1）,岗位标签,title_or_tag,1,1,government:1,job_82fdcc3d72214451a602,舟山调查队业务处室四级主任科员及以下（1）,舟山调查队业务处室四级主任科员及以下（1）
舟山调查队业务处室四级主任科员及以下（2）,岗位标签,title_or_tag,1,1,government:1,job_5b5fb9965f39c9d0c5a8,舟山调查队业务处室四级主任科员及以下（2）,舟山调查队业务处室四级主任科员及以下（2）
舟山边检站一级警长及以下,岗位标签,title_or_tag,1,1,government:1,job_97e2ba98266d204c2b0a,舟山边检站一级警长及以下,舟山边检站一级警长及以下
航务处一级主任科员及以下,岗位标签,title_or_tag,1,1,government:1,job_19d043454669039d76a0,航务处一级主任科员及以下,航务处一级主任科员及以下
航务管理处一级主任科员及以下,岗位标签,title_or_tag,1,1,government:1,job_e834c4c6e8cb9fed4ada,航务管理处一级主任科员及以下,航务管理处一级主任科员及以下
航天监管岗一级主任科员及以下,岗位标签,title_or_tag,1,1,government:1,job_37fc2b2f7f9e26cfb45c,航天监管岗一级主任科员及以下,航天监管岗一级主任科员及以下
航天相关理工类专业，安全科学与工程、管理科学与工程等相关专业,岗位标签,title_or_tag,1,1,government:1,job_37fc2b2f7f9e26cfb45c,航天监管岗一级主任科员及以下,航天相关理工类专业，安全科学与工程、管理科学与工程等相关专业
航天管理岗一级主任科员及以下,岗位标签,title_or_tag,1,1,government:1,job_9d2be9ba351d480e8a0f,航天管理岗一级主任科员及以下,航天管理岗一级主任科员及以下
航海技术081803K,岗位标签,title_or_tag,1,1,government:1,job_84d5f43a0c30e890390d,黄埔边检站一级警长及以下（三）,航海技术081803K
航空管理岗一级主任科员及以下,岗位标签,title_or_tag,1,1,government:1,job_d69922c63aaf19835a05,航空管理岗一级主任科员及以下,航空管理岗一级主任科员及以下
航道与通航管理处一级主任科员及以下,岗位标签,title_or_tag,1,1,government:1,job_1bb8a403148b02f55dfb,航道与通航管理处一级主任科员及以下,航道与通航管理处一级主任科员及以下
船员管理处一级主任科员及以下,岗位标签,title_or_tag,1,1,government:1,job_175e301a297eb99d361b,船员管理处一级主任科员及以下,船员管理处一级主任科员及以下
船员考试中心一级科员,岗位标签,title_or_tag,1,1,government:1,job_b0e86894d8b85771beeb,船员考试中心一级科员,船员考试中心一级科员
船舶与海洋工程、海上安全与环境管理、海上交通工程,岗位标签,title_or_tag,1,1,government:1,job_f7b8f7c1ea562667e1f1,一级行政执法员（十）,船舶与海洋工程、海上安全与环境管理、海上交通工程
船舶与海洋工程、船舶与海洋结构物设计制造、船舶工程、海洋工程,岗位标签,title_or_tag,1,1,government:1,job_3d1ccdfd53fce41c1fc0,一级行政执法员（八）,船舶与海洋工程、船舶与海洋结构物设计制造、船舶工程、海洋工程
船舶与海洋工程、船舶与海洋结构物设计制造、轮机工程、船舶工程,岗位标签,title_or_tag,1,1,government:1,job_111fd4ffb27c2630dacb,一级行政执法员（五）,船舶与海洋工程、船舶与海洋结构物设计制造、轮机工程、船舶工程
船舶与海洋结构物设计制造,岗位标签,title_or_tag,1,1,government:1,job_f55c5313b4ad6a9ab5e1,一级行政执法员（三）,船舶与海洋结构物设计制造
船舶电子电气工程、电气工程,岗位标签,title_or_tag,1,1,government:1,job_8bb245fbc7fa9f3a3f2c,一级行政执法员（五）,船舶电子电气工程、电气工程
船舶电子电气工程、船舶与海洋工程,岗位标签,title_or_tag,1,1,government:1,job_5c028e140cbae4d2b71e,一级行政执法员（二）,船舶电子电气工程、船舶与海洋工程
船舶监督处一级主任科员及以下,岗位标签,title_or_tag,1,1,government:1,job_b34c16064a843b2c8be6,船舶监督处一级主任科员及以下,船舶监督处一级主任科员及以下
芜湖调查队业务科室四级主任科员,岗位标签,title_or_tag,1,1,government:1,job_c773a1581298c9d604a3,芜湖调查队业务科室四级主任科员,芜湖调查队业务科室四级主任科员
芷江调查队一级科员,岗位标签,title_or_tag,1,1,government:1,job_ab0c38e4bafdf46b496a,芷江调查队一级科员,芷江调查队一级科员
英吉沙调查队一级科员,岗位标签,title_or_tag,1,1,government:1,job_fa1dd5a93d27335268e0,英吉沙调查队一级科员,英吉沙调查队一级科员
英语、商务英语、翻译,岗位标签,title_or_tag,1,1,government:1,job_0783c0e600250ccc9734,旅客检疫一级行政执法员,英语、商务英语、翻译
英语、商务英语、翻译、国际经济与贸易、国际新闻与传播、国际事务与国际关系,岗位标签,title_or_tag,1,1,government:1,job_1bab5869f1571a9d65a4,内设部门一级主任科员及以下,英语、商务英语、翻译、国际经济与贸易、国际新闻与传播、国际事务与国际关系
英语、商务英语、英语语言文学、英语笔译、英语口译、翻译,岗位标签,title_or_tag,1,1,government:1,job_f5e53cad9822f7b8fe5b,旅客检疫四级主办及以下,英语、商务英语、英语语言文学、英语笔译、英语口译、翻译
英语、国际法学、国际政治、国际关系、外交学,岗位标签,title_or_tag,1,1,government:1,job_8bb7ced8f36d39621730,业务处一级主任科员及以下,英语、国际法学、国际政治、国际关系、外交学
英语、英语笔译、英语口译。（详见备注）,岗位标签,title_or_tag,1,1,government:1,job_208b93ae758554a92ea2,业务处室一级主任科员及以下,英语、英语笔译、英语口译。（详见备注）
英语口译、英语笔译、商务英语研究、英语语言文学,岗位标签,title_or_tag,1,1,government:1,job_019a00fda40f98319e89,国际组织处一级主任科员及以下,英语口译、英语笔译、商务英语研究、英语语言文学
英语口译、英语笔译、外国语言学及应用语言学、国际关系、国际政治,岗位标签,title_or_tag,1,1,government:1,job_39fb90016e3740981fd6,一级主任科员及以下,英语口译、英语笔译、外国语言学及应用语言学、国际关系、国际政治
英语笔译（055101）、英语口译（055102）、英语语言文学（050201）,岗位标签,title_or_tag,1,1,government:1,job_8e7add2af2bb2e7735bf,国际合作与科技处一级主任科员及以下,英语笔译（055101）、英语口译（055102）、英语语言文学（050201）
英语翻译,岗位标签,title_or_tag,1,1,government:1,job_80b6787f330391927ae8,英语翻译,英语翻译
英语语言文学、英语笔译、英语口译专业,岗位标签,title_or_tag,1,1,government:1,job_80c467d978837febb9f9,恩施边检站一级警长及以下（一）,英语语言文学、英语笔译、英语口译专业
英语（同声传译、口译）,岗位标签,title_or_tag,1,1,government:1,job_80b6787f330391927ae8,英语翻译,英语（同声传译、口译）
荆州调查队业务科室四级主任科员及以下,岗位标签,title_or_tag,1,1,government:1,job_af9957be2d18ca15f5db,荆州调查队业务科室四级主任科员及以下,荆州调查队业务科室四级主任科员及以下
荥经调查队一级科员,岗位标签,title_or_tag,1,1,government:1,job_6a11f59f14201dfabb44,荥经调查队一级科员,荥经调查队一级科员
药学、临床医学、公共卫生与预防医学、生物与医药,岗位标签,title_or_tag,1,1,government:1,job_1d5860d9cf540184e199,科技处一级主任科员及以下,药学、临床医学、公共卫生与预防医学、生物与医药
药学、临床医学、哲学、政治学、马克思主义理论、中国语言文学、新闻传播学、公共管理,岗位标签,title_or_tag,1,1,government:1,job_078beeef1431eb7b3c6d,组织宣传处一级主任科员及以下,药学、临床医学、哲学、政治学、马克思主义理论、中国语言文学、新闻传播学、公共管理
药学、临床医学、生物化学与分子生物学、微生物学,岗位标签,title_or_tag,1,1,government:1,job_8c94e789e9cd969755c7,生物制品处一级主任科员及以下,药学、临床医学、生物化学与分子生物学、微生物学
莆田出入境边防检查站一级警长及以下,岗位标签,title_or_tag,1,1,government:1,job_da2c87573748798a398f,莆田出入境边防检查站一级警长及以下,莆田出入境边防检查站一级警长及以下
莆田调查队业务科室四级主任科员（1）,岗位标签,title_or_tag,1,1,government:1,job_2a82014d413f7647532d,莆田调查队业务科室四级主任科员（1）,莆田调查队业务科室四级主任科员（1）
莆田调查队业务科室四级主任科员（2）,岗位标签,title_or_tag,1,1,government:1,job_acebb861a00b070c7dc1,莆田调查队业务科室四级主任科员（2）,莆田调查队业务科室四级主任科员（2）
营养与食品卫生学、食品加工与安全,岗位标签,title_or_tag,1,1,government:1,job_845e93fb7e06e0b14d52,洋浦边检站一级警长及以下（四）,营养与食品卫生学、食品加工与安全
营口海关缉私分局一级警长及以下,岗位标签,title_or_tag,1,1,government:1,job_6e88a708f4e7e17601ce,营口海关缉私分局一级警长及以下,营口海关缉私分局一级警长及以下
葫芦岛调查队综合科室一级科员,岗位标签,title_or_tag,1,1,government:1,job_8ce7362d793c55141379,葫芦岛调查队综合科室一级科员,葫芦岛调查队综合科室一级科员
蒙古语（050218）,岗位标签,title_or_tag,1,1,government:1,job_b9373cdfa00e82f3c078,执勤队一级警长及以下（十三）,蒙古语（050218）
蓟州调查队业务科室一级科员（1）,岗位标签,title_or_tag,1,1,government:1,job_b9467f9eb76620e286d4,蓟州调查队业务科室一级科员（1）,蓟州调查队业务科室一级科员（1）
蓟州调查队业务科室一级科员（2）,岗位标签,title_or_tag,1,1,government:1,job_d397e0bd91d25a9a6bc8,蓟州调查队业务科室一级科员（2）,蓟州调查队业务科室一级科员（2）
蔚县调查队一级科员,岗位标签,title_or_tag,1,1,government:1,job_0380de7ba209876e8a26,蔚县调查队一级科员,蔚县调查队一级科员
虞城调查队一级科员,岗位标签,title_or_tag,1,1,government:1,job_d1141caa0e7aa790c211,虞城调查队一级科员,虞城调查队一级科员
蚌埠调查队业务科室四级主任科员及以下,岗位标签,title_or_tag,1,1,government:1,job_8872570d2eaffda8761a,蚌埠调查队业务科室四级主任科员及以下,蚌埠调查队业务科室四级主任科员及以下
蛇口海关缉私分局一级警长及以下,岗位标签,title_or_tag,1,1,government:1,job_9fdb22d9553119f51175,蛇口海关缉私分局一级警长及以下,蛇口海关缉私分局一级警长及以下
行业监管处一级主任科员及以下,岗位标签,title_or_tag,1,1,government:1,job_af179f6456d3082326bd,行业监管处一级主任科员及以下,行业监管处一级主任科员及以下
行政办公室一级主任科员及以下,岗位标签,title_or_tag,1,1,government:1,job_334ab66c57017369e24d,行政办公室一级主任科员及以下,行政办公室一级主任科员及以下
行政后勤岗位一级主任科员及以下,岗位标签,title_or_tag,1,1,government:1,job_f1d76ce2ae4c10ee8c10,行政后勤岗位一级主任科员及以下,行政后勤岗位一级主任科员及以下
行政管理、人力资源管理、劳动与社会保障,岗位标签,title_or_tag,1,1,government:1,job_3ec6babab10c85abd483,一级行政执法员（十）,行政管理、人力资源管理、劳动与社会保障
行政管理、人力资源管理、档案学,岗位标签,title_or_tag,1,1,government:1,job_6ab2c175f9bbfb156637,组织人事处（退休干部处）一级主任科员及以下,行政管理、人力资源管理、档案学
行政管理处一级主任科员及以下,岗位标签,title_or_tag,1,1,government:1,job_5ffd2af4a5f8294edb96,行政管理处一级主任科员及以下,行政管理处一级主任科员及以下
行政裁决业务处一级主任科员及以下,岗位标签,title_or_tag,1,1,government:1,job_651c7d67d5393cbd2ffd,行政裁决业务处一级主任科员及以下,行政裁决业务处一级主任科员及以下
行政诉讼岗位一级主任科员及以下,岗位标签,title_or_tag,1,1,government:1,job_ed0e3b5db533bd7f3c9a,行政诉讼岗位一级主任科员及以下,行政诉讼岗位一级主任科员及以下
行政财务处一级主任科员及以下,岗位标签,title_or_tag,1,1,government:1,job_710dcba9bd0b4c88f2fd,行政财务处一级主任科员及以下,行政财务处一级主任科员及以下
行邮监管一级行政执法员（一）,岗位标签,title_or_tag,1,1,government:1,job_b9d66957468a62ae3a3d,行邮监管一级行政执法员（一）,行邮监管一级行政执法员（一）
行邮监管一级行政执法员（二）,岗位标签,title_or_tag,1,1,government:1,job_3fd2212d1d60d17bd359,行邮监管一级行政执法员（二）,行邮监管一级行政执法员（二）
襄城调查队一级科员,岗位标签,title_or_tag,1,1,government:1,job_6e84c8b432cb2d9e22f4,襄城调查队一级科员,襄城调查队一级科员
襄阳所辖县级调查队一级科员（1）,岗位标签,title_or_tag,1,1,government:1,job_d056a87dffeaeff66c3b,襄阳所辖县级调查队一级科员（1）,襄阳所辖县级调查队一级科员（1）
襄阳所辖县级调查队一级科员（2）,岗位标签,title_or_tag,1,1,government:1,job_3cc916cc2f3b82f56b28,襄阳所辖县级调查队一级科员（2）,襄阳所辖县级调查队一级科员（2）
襄阳调查队业务科室四级主任科员,岗位标签,title_or_tag,1,1,government:1,job_2d1d4d5ca01a840f9423,襄阳调查队业务科室四级主任科员,襄阳调查队业务科室四级主任科员
襄阳铁路公安处基层所队民警,岗位标签,title_or_tag,1,1,government:1,job_0c7e4bcda11441848e67,襄阳铁路公安处基层所队民警,襄阳铁路公安处基层所队民警
西亚非洲处一级主任科员及以下,岗位标签,title_or_tag,1,1,government:1,job_108833d45eab93d0f54c,西亚非洲处一级主任科员及以下,西亚非洲处一级主任科员及以下
西双版纳出入境边防检查站一级警长及以下（一）,岗位标签,title_or_tag,1,1,government:1,job_8e879899c1dc3970f57f,西双版纳出入境边防检查站一级警长及以下（一）,西双版纳出入境边防检查站一级警长及以下（一）
西双版纳出入境边防检查站一级警长及以下（三）,岗位标签,title_or_tag,1,1,government:1,job_9b3cb8e86681001e09b2,西双版纳出入境边防检查站一级警长及以下（三）,西双版纳出入境边防检查站一级警长及以下（三）
西双版纳出入境边防检查站一级警长及以下（二）,岗位标签,title_or_tag,1,1,government:1,job_99ff64667273d0cdbf8d,西双版纳出入境边防检查站一级警长及以下（二）,西双版纳出入境边防检查站一级警长及以下（二）
西双版纳边境管理支队一级警长及以下（一）,岗位标签,title_or_tag,1,1,government:1,job_d94eb15c18817ac767d3,西双版纳边境管理支队一级警长及以下（一）,西双版纳边境管理支队一级警长及以下（一）
西双版纳边境管理支队一级警长及以下（三）,岗位标签,title_or_tag,1,1,government:1,job_f936ddf30e42ff672e54,西双版纳边境管理支队一级警长及以下（三）,西双版纳边境管理支队一级警长及以下（三）
西双版纳边境管理支队一级警长及以下（二）,岗位标签,title_or_tag,1,1,government:1,job_66e0557b1fb355b073f0,西双版纳边境管理支队一级警长及以下（二）,西双版纳边境管理支队一级警长及以下（二）
西吉调查队一级科员,岗位标签,title_or_tag,1,1,government:1,job_826426900d57e50fc911,西吉调查队一级科员,西吉调查队一级科员
西咸新区调查队一级科员,岗位标签,title_or_tag,1,1,government:1,job_fb439c0577510fea68c1,西咸新区调查队一级科员,西咸新区调查队一级科员
西宁出入境边防检查站一级警长及以下（一）,岗位标签,title_or_tag,1,1,government:1,job_9fcfb0db23317ec2e346,西宁出入境边防检查站一级警长及以下（一）,西宁出入境边防检查站一级警长及以下（一）
西宁出入境边防检查站一级警长及以下（三）,岗位标签,title_or_tag,1,1,government:1,job_ab6830b7fb72616d1c00,西宁出入境边防检查站一级警长及以下（三）,西宁出入境边防检查站一级警长及以下（三）
西宁出入境边防检查站一级警长及以下（二）,岗位标签,title_or_tag,1,1,government:1,job_f69f570402cf18c83ef3,西宁出入境边防检查站一级警长及以下（二）,西宁出入境边防检查站一级警长及以下（二）
西宁出入境边防检查站一级警长及以下（五）,岗位标签,title_or_tag,1,1,government:1,job_7878734142a3dbb06d3d,西宁出入境边防检查站一级警长及以下（五）,西宁出入境边防检查站一级警长及以下（五）
西宁出入境边防检查站一级警长及以下（四）,岗位标签,title_or_tag,1,1,government:1,job_48d54617a3727c27b744,西宁出入境边防检查站一级警长及以下（四）,西宁出入境边防检查站一级警长及以下（四）
西河闸管理处一级主任科员及以下,岗位标签,title_or_tag,1,1,government:1,job_9025d4d10969abc9449e,西河闸管理处一级主任科员及以下,西河闸管理处一级主任科员及以下
西班牙语翻译,岗位标签,title_or_tag,1,1,government:1,job_dc4fb355d8974ea0e965,西班牙语翻译,西班牙语翻译
西班牙语翻译岗一级主任科员及以下,岗位标签,title_or_tag,1,1,government:1,job_545287ff91b518f8a467,西班牙语翻译岗一级主任科员及以下,西班牙语翻译岗一级主任科员及以下
西藏业务办公室一级主任科员及以下,岗位标签,title_or_tag,1,1,government:1,job_729e9d9b6313038b17da,西藏业务办公室一级主任科员及以下,西藏业务办公室一级主任科员及以下
观测处一级主任科员及以下,岗位标签,title_or_tag,1,1,government:1,job_80192cc07d9aa923c603,观测处一级主任科员及以下,观测处一级主任科员及以下
规划一处一级主任科员及以下,岗位标签,title_or_tag,1,1,government:1,job_6822065bf2268470d734,规划一处一级主任科员及以下,规划一处一级主任科员及以下
规划基建处一级主任科员及以下,岗位标签,title_or_tag,1,1,government:1,job_a0b03a789b727210b313,规划基建处一级主任科员及以下,规划基建处一级主任科员及以下
规划建设和法规体改处一级主任科员及以下,岗位标签,title_or_tag,1,1,government:1,job_c8938aff86055fbdbf7b,规划建设和法规体改处一级主任科员及以下,规划建设和法规体改处一级主任科员及以下
规划管理岗位一级主任科员及以下,岗位标签,title_or_tag,1,1,government:1,job_5ba74ad045d60dfd143d,规划管理岗位一级主任科员及以下,规划管理岗位一级主任科员及以下
规划计划局规划处一级主任科员及以下,岗位标签,title_or_tag,1,1,government:1,job_01fa932b346f2dd078dc,规划计划局规划处一级主任科员及以下,规划计划局规划处一级主任科员及以下
规划计划局黄河战略处一级主任科员及以下,岗位标签,title_or_tag,1,1,government:1,job_ce8d2a75de0ea15a0bfc,规划计划局黄河战略处一级主任科员及以下,规划计划局黄河战略处一级主任科员及以下
规划财务处三级主任科员及以下,岗位标签,title_or_tag,1,1,government:1,job_5849cc2a82f8ab018b7f,规划财务处三级主任科员及以下,规划财务处三级主任科员及以下
警令处一级警长及以下（一）,岗位标签,title_or_tag,1,1,government:1,job_22e778a6ba1445eb4175,警令处一级警长及以下（一）,警令处一级警长及以下（一）
警令处一级警长及以下（二）,岗位标签,title_or_tag,1,1,government:1,job_7be91420f26be24c267d,警令处一级警长及以下（二）,警令处一级警长及以下（二）
计划与财务处一级主任科员及以下,岗位标签,title_or_tag,1,1,government:1,job_9d1e0cd140b438fe25b9,计划与财务处一级主任科员及以下,计划与财务处一级主任科员及以下
计划管理岗一级主任科员及以下,岗位标签,title_or_tag,1,1,government:1,job_ac716a1ffdd4f44cb5a9,计划管理岗一级主任科员及以下,计划管理岗一级主任科员及以下
计划统计处一级主任科员及以下,岗位标签,title_or_tag,1,1,government:1,job_77bf5f9197d01ab830aa,计划统计处一级主任科员及以下,计划统计处一级主任科员及以下
计划财务科一级科员及以下,岗位标签,title_or_tag,1,1,government:1,job_64a73932f224dbab6f2b,计划财务科一级科员及以下,计划财务科一级科员及以下
计算机科学与技术、大数据技术与工程、网络与信息安全、人工智能,岗位标签,title_or_tag,1,1,government:1,job_bb4cba8a668cd552bd76,科技信息处四级主任科员,计算机科学与技术、大数据技术与工程、网络与信息安全、人工智能
计算机科学与技术、智能科学与技术、软件工程、大数据技术与工程等人工智能相关专业,岗位标签,title_or_tag,1,1,government:1,job_bf3943ed081a072b019f,人工智能,计算机科学与技术、智能科学与技术、软件工程、大数据技术与工程等人工智能相关专业
计算机科学与技术、物流工程、邮政工程（以上均为专业名称）,岗位标签,title_or_tag,1,1,government:1,job_cd2596c189e74c6ee45d,一级主任科员及以下一,计算机科学与技术、物流工程、邮政工程（以上均为专业名称）
计算机科学与技术、电子信息,岗位标签,title_or_tag,1,1,government:1,job_ad99b432db06f5b9f269,安徽调查总队业务处室二级主任科员及以下(1),计算机科学与技术、电子信息
计算机科学与技术、电子科学与技术、统计学,岗位标签,title_or_tag,1,1,government:1,job_76ba49157e4f3d4bf885,运输服务处一级主任科员及以下,计算机科学与技术、电子科学与技术、统计学
计算机科学与技术、网络工程,岗位标签,title_or_tag,1,1,government:1,job_232c08b76a6c890990ea,机关处室二级主任科员及以下,计算机科学与技术、网络工程
计算机科学与技术、网络工程、信息安全,岗位标签,title_or_tag,1,1,government:1,job_38b7e6846af346e257f1,辖区计算机类监管岗位一级主任科员及以下,计算机科学与技术、网络工程、信息安全
计算机科学与技术、网络空间安全、信息管理与信息系统,岗位标签,title_or_tag,1,1,government:1,job_1d999daf6454fecdbd06,一级行政执法员（十一）,计算机科学与技术、网络空间安全、信息管理与信息系统
计算机科学与技术、网络空间安全、网络与信息安全硕士,岗位标签,title_or_tag,1,1,government:1,job_cc0c1714d8a16f0cedf9,一级行政执法员（四）,计算机科学与技术、网络空间安全、网络与信息安全硕士
计算机科学与技术、网络空间安全、软件工程,岗位标签,title_or_tag,1,1,government:1,job_b1f8f789d1057b10991e,监管部门一级主任科员及以下,计算机科学与技术、网络空间安全、软件工程
计算机科学与技术、计算机技术、软件工程（均不含媒体类）,岗位标签,title_or_tag,1,1,government:1,job_15cadeb06da996931890,审计业务处一级主任科员及以下,计算机科学与技术、计算机技术、软件工程（均不含媒体类）
计算机科学与技术、软件工程、信息与计算科学、地理信息科学,岗位标签,title_or_tag,1,1,government:1,job_8831231d7f646d16edf5,防灾减灾科一级科员及以下,计算机科学与技术、软件工程、信息与计算科学、地理信息科学
计算机科学与技术、软件工程、数学、统计学,岗位标签,title_or_tag,1,1,government:1,job_645e590a0ae6b1d624b4,监管部门一级主任科员及以下,计算机科学与技术、软件工程、数学、统计学
计算机科学与技术、软件工程、电子信息、网络空间安全（以上均为专业名称）,岗位标签,title_or_tag,1,1,government:1,job_b690a99e20c2009e21fd,一级主任科员及以下,计算机科学与技术、软件工程、电子信息、网络空间安全（以上均为专业名称）
计算机科学与技术、软件工程、电子信息工程、数学与应用数学、统计学,岗位标签,title_or_tag,1,1,government:1,job_136edc38c83388812cb2,内设部门三级主任科员及以下,计算机科学与技术、软件工程、电子信息工程、数学与应用数学、统计学
计算机科学与技术、软件工程、网络工程、信息安全、智能科学与技术,岗位标签,title_or_tag,1,1,government:1,job_3d92302c37695e2a1483,科技处科技管理（电子信息化类）二级主管及以下,计算机科学与技术、软件工程、网络工程、信息安全、智能科学与技术
计算机科学与技术、软件工程、网络工程、信息安全、物联网工程,岗位标签,title_or_tag,1,1,government:1,job_dfbfb848632e66f4c219,科技管理（电子信息化类）一级行政执法员,计算机科学与技术、软件工程、网络工程、信息安全、物联网工程
计算机科学与技术、软件工程、网络工程、信息安全、网络空间安全,岗位标签,title_or_tag,1,1,government:1,job_39ad13f072f4fa21b9eb,一级行政执法员（六）,计算机科学与技术、软件工程、网络工程、信息安全、网络空间安全
计算机科学与技术、软件工程、网络工程、电子信息工程,岗位标签,title_or_tag,1,1,government:1,job_1e94b6eecebd913f3b94,一级行政执法员（三）,计算机科学与技术、软件工程、网络工程、电子信息工程
计算机科学与技术、软件工程、网络工程、网络空间安全,岗位标签,title_or_tag,1,1,government:1,job_968fd4f26aa5fd9e6175,辖区计算机类监管岗位一级主任科员及以下,计算机科学与技术、软件工程、网络工程、网络空间安全
计算机科学与技术、软件工程、网络工程、遥感科学与技术,岗位标签,title_or_tag,1,1,government:1,job_e34c1bb88fa67dff4a98,综合管理科一级科员及以下,计算机科学与技术、软件工程、网络工程、遥感科学与技术
计算机科学与技术、软件工程、网络工程专业,岗位标签,title_or_tag,1,1,government:1,job_82898d5e081ba946f1d4,防灾减灾科一级主任科员及以下,计算机科学与技术、软件工程、网络工程专业
计算机科学与技术、马克思主义理论、劳动与社会保障,岗位标签,title_or_tag,1,1,government:1,job_6b70559e2657bb3e5516,档案处一级主任科员及以下,计算机科学与技术、马克思主义理论、劳动与社会保障
计算机科学与技术类、计算机技术、软件工程、大数据技术与工程,岗位标签,title_or_tag,1,1,government:1,job_9f08c1816698e70e0170,审计业务处一级主任科员及以下,计算机科学与技术类、计算机技术、软件工程、大数据技术与工程
计算机科学与技术类专业、软件工程类专业,岗位标签,title_or_tag,1,1,government:1,job_a5539ab2140ffbecf720,科技部门一级主任科员及以下,计算机科学与技术类专业、软件工程类专业
计算机科学与技术领域一级主任科员及以下,岗位标签,title_or_tag,1,1,government:1,job_5a106331ffa6077b8cf0,计算机科学与技术领域一级主任科员及以下,计算机科学与技术领域一级主任科员及以下
计算机科学与技术（0812）、软件工程（0835）、智能科学与技术（1405）,岗位标签,title_or_tag,1,1,government:1,job_c9f2f8eab9e499ae29c6,执勤队一级警长及以下（一）,计算机科学与技术（0812）、软件工程（0835）、智能科学与技术（1405）
计算机科学与技术（0812）、软件工程（0835）、电子科学与技术（0809）,岗位标签,title_or_tag,1,1,government:1,job_73111b98ea9e4bb0f742,监管部门一级主任科员及以下,计算机科学与技术（0812）、软件工程（0835）、电子科学与技术（0809）
计算机类0809（不含新媒体技术、电影制作）,岗位标签,title_or_tag,1,1,government:1,job_fdd88e6852827b264b56,临海调查队一级科员,计算机类0809（不含新媒体技术、电影制作）
计算机类、020310T金融科技,岗位标签,title_or_tag,1,1,government:1,job_a29bd150a4c05dd209ba,科技部门一级主任科员及以下,计算机类、020310T金融科技
计算机类、中国语言文学类,岗位标签,title_or_tag,1,1,government:1,job_09d29d2895a500f823b8,霍城调查队一级科员（2）,计算机类、中国语言文学类
计算机类、人工智能,岗位标签,title_or_tag,1,1,government:1,job_d72b325499a1fdc8db13,一级行政执法员（六）,计算机类、人工智能
计算机类、信息与计算科学、数据计算及应用,岗位标签,title_or_tag,1,1,government:1,job_d4f497bf75aa37ca6ade,辖区计算机类监管岗位一级主任科员及以下,计算机类、信息与计算科学、数据计算及应用
计算机类、化工与制药类,岗位标签,title_or_tag,1,1,government:1,job_5a08b8eef7b89b916c4a,一级行政执法员（三）,计算机类、化工与制药类
计算机类、土木类、电气类,岗位标签,title_or_tag,1,1,government:1,job_b44a834f088778943101,一级行政执法员（一）,计算机类、土木类、电气类
计算机类、数学类,岗位标签,title_or_tag,1,1,government:1,job_efc799a09ae756e03cbb,科技部门一级主任科员及以下,计算机类、数学类
计算机类、环境科学与工程类,岗位标签,title_or_tag,1,1,government:1,job_49632aa6ae0b72468dc8,一级行政执法员（五）,计算机类、环境科学与工程类
计算机类、环境科学与工程类、建筑类,岗位标签,title_or_tag,1,1,government:1,job_60d69ebc246696e60800,一级行政执法员（四）,计算机类、环境科学与工程类、建筑类
计算机类、电子信息类、气象类,岗位标签,title_or_tag,1,1,government:1,job_c60316a80bd6b7a735b8,综合管理办公室一级科员及以下,计算机类、电子信息类、气象类
计算机类、电子信息类、自动化类、数学类、统计学类,岗位标签,title_or_tag,1,1,government:1,job_2b07493eb447c7c17f25,第二税务分局（税收大数据和风险管理局）一级主任科员及以下,计算机类、电子信息类、自动化类、数学类、统计学类
计算机类、电气类、安全科学与工程类,岗位标签,title_or_tag,1,1,government:1,job_7566e146dc25ab53ba01,一级行政执法员（一）,计算机类、电气类、安全科学与工程类
计算机类（0809）、工商管理类（1202）,岗位标签,title_or_tag,1,1,government:1,job_4715a017d83c3a6fde50,惠来调查队一级科员,计算机类（0809）、工商管理类（1202）
计算机类（0809）、管理科学与工程类（1201）、经济学类（0201）,岗位标签,title_or_tag,1,1,government:1,job_743b36adc0ffa7e3567c,清远调查队业务科室一级科员,计算机类（0809）、管理科学与工程类（1201）、经济学类（0201）
计算机类（计算机科学与技术、软件工程等专业）,岗位标签,title_or_tag,1,1,government:1,job_aeb9ba74f02d62de49a3,科技部门一级主任科员及以下,计算机类（计算机科学与技术、软件工程等专业）
计量经济学、数量经济学、金融工程、金融数学、金融科技、金融审计、计算金融,岗位标签,title_or_tag,1,1,government:1,job_7c2cf0b894a1bb00f014,监管部门一级主任科员及以下,计量经济学、数量经济学、金融工程、金融数学、金融科技、金融审计、计算金融
计量经济学、金融工程、金融科技、计算金融,岗位标签,title_or_tag,1,1,government:1,job_cb442a5d767e7743c00b,处室一级主任科员及以下,计量经济学、金融工程、金融科技、计算金融
认证国际合作处一级主任科员及以下,岗位标签,title_or_tag,1,1,government:1,job_b5a47d6c573863fbf3d1,认证国际合作处一级主任科员及以下,认证国际合作处一级主任科员及以下
认证管理处一级主任科员及以下,岗位标签,title_or_tag,1,1,government:1,job_3fda5530ff6daa1221c4,认证管理处一级主任科员及以下,认证管理处一级主任科员及以下
训练处一级警长及以下,岗位标签,title_or_tag,1,1,government:1,job_900eff87e0deed5cf0c6,训练处一级警长及以下,训练处一级警长及以下
训练处一级警长及以下（一）,岗位标签,title_or_tag,1,1,government:1,job_2eca07caa11b9d46379a,训练处一级警长及以下（一）,训练处一级警长及以下（一）
训练处一级警长及以下（七）,岗位标签,title_or_tag,1,1,government:1,job_e5691c67de80092c630e,训练处一级警长及以下（七）,训练处一级警长及以下（七）
训练处一级警长及以下（三）,岗位标签,title_or_tag,1,1,government:1,job_c024e295777f7dcbe98d,训练处一级警长及以下（三）,训练处一级警长及以下（三）
训练处一级警长及以下（九）,岗位标签,title_or_tag,1,1,government:1,job_82ca91450affa69becac,训练处一级警长及以下（九）,训练处一级警长及以下（九）
训练处一级警长及以下（二）,岗位标签,title_or_tag,1,1,government:1,job_645386d7bcae5c4c477a,训练处一级警长及以下（二）,训练处一级警长及以下（二）
训练处一级警长及以下（五）,岗位标签,title_or_tag,1,1,government:1,job_b089b118adfe907feeef,训练处一级警长及以下（五）,训练处一级警长及以下（五）
训练处一级警长及以下（八）,岗位标签,title_or_tag,1,1,government:1,job_2d1b4a022c95a4c88934,训练处一级警长及以下（八）,训练处一级警长及以下（八）
训练处一级警长及以下（六）,岗位标签,title_or_tag,1,1,government:1,job_89146e6c9fc4d945b68f,训练处一级警长及以下（六）,训练处一级警长及以下（六）
训练处一级警长及以下（四）,岗位标签,title_or_tag,1,1,government:1,job_2be0a71d235e961dcd2b,训练处一级警长及以下（四）,训练处一级警长及以下（四）
许昌调查队业务科室一级科员,岗位标签,title_or_tag,1,1,government:1,job_dbb70439c7a5edf7fdf6,许昌调查队业务科室一级科员,许昌调查队业务科室一级科员
证券处一级主任科员及以下,岗位标签,title_or_tag,1,1,government:1,job_df5a2a853150aa791ef7,证券处一级主任科员及以下,证券处一级主任科员及以下
评审部门一级主任科员及以下,岗位标签,title_or_tag,1,1,government:1,job_badf5b6e2bd9283df1a3,评审部门一级主任科员及以下,评审部门一级主任科员及以下
调查监测处一级主任科员及以下,岗位标签,title_or_tag,1,1,government:1,job_feb010bade6f86001178,调查监测处一级主任科员及以下,调查监测处一级主任科员及以下
象州调查队一级科员,岗位标签,title_or_tag,1,1,government:1,job_7d1b111852132feb9b2d,象州调查队一级科员,象州调查队一级科员
财会审计类、农业经济管理类、公共管理类,岗位标签,title_or_tag,1,1,government:1,job_ddead23473fbf8222278,一级主办及以下（三）,财会审计类、农业经济管理类、公共管理类
财会审计类、社会保障类、数学类、统计学类、电子信息类、计算机类,岗位标签,title_or_tag,1,1,government:1,job_adcf37205c00a04c2c02,一级行政执法员（六）,财会审计类、社会保障类、数学类、统计学类、电子信息类、计算机类
财会审计类、经济学类、财政学类、社会保障类,岗位标签,title_or_tag,1,1,government:1,job_4825ff6739b2071a992b,一级行政执法员（五）,财会审计类、经济学类、财政学类、社会保障类
财会审计类、财政学类、经济学类,岗位标签,title_or_tag,1,1,government:1,job_19d33fac380044eefe8f,一级行政执法员（二）,财会审计类、财政学类、经济学类
财会资产处一级主任科员及以下,岗位标签,title_or_tag,1,1,government:1,job_3bd5b8de71bd392b80a9,财会资产处一级主任科员及以下,财会资产处一级主任科员及以下
财务,岗位标签,title_or_tag,1,1,government:1,job_b307de8edb7125c83b7e,财务,财务
财务二级主办及以下（三）,岗位标签,title_or_tag,1,1,government:1,job_ceef2fb23921726782e6,财务二级主办及以下（三）,财务二级主办及以下（三）
财务二级主办及以下（四）,岗位标签,title_or_tag,1,1,government:1,job_92e0f28fbd8103bb5e85,财务二级主办及以下（四）,财务二级主办及以下（四）
财务会计岗一级主任科员及以下,岗位标签,title_or_tag,1,1,government:1,job_92433aec5a1f075624e0,财务会计岗一级主任科员及以下,财务会计岗一级主任科员及以下
财务处二级主任科员及以下,岗位标签,title_or_tag,1,1,government:1,job_2b5277391e6f67ed374a,财务处二级主任科员及以下,财务处二级主任科员及以下
财务处（审计处）一级主任科员及以下,岗位标签,title_or_tag,1,1,government:1,job_9f07d34a1784c828b072,财务处（审计处）一级主任科员及以下,财务处（审计处）一级主任科员及以下
财务处（资产审计处）一级主任科员及以下,岗位标签,title_or_tag,1,1,government:1,job_60cdcfd3189ecf3b82af,财务处（资产审计处）一级主任科员及以下,财务处（资产审计处）一级主任科员及以下
财务学、会计学（120201）、会计（125300）,岗位标签,title_or_tag,1,1,government:1,job_347d2aba5900451e0669,规划财务处一级主任科员及以下,财务学、会计学（120201）、会计（125300）
财务审计一级行政执法员,岗位标签,title_or_tag,1,1,government:1,job_62ba2f32b831539dade0,财务审计一级行政执法员,财务审计一级行政执法员
财务审计工作一级主任科员及以下,岗位标签,title_or_tag,1,1,government:1,job_ce49ed18dd3e72a789b5,财务审计工作一级主任科员及以下,财务审计工作一级主任科员及以下
财务局基建财务处一级主任科员及以下,岗位标签,title_or_tag,1,1,government:1,job_16bf0c98d17c07bd6922,财务局基建财务处一级主任科员及以下,财务局基建财务处一级主任科员及以下
财务收支审计处一级主任科员及以下,岗位标签,title_or_tag,1,1,government:1,job_1ece0f56b3f29156fdac,财务收支审计处一级主任科员及以下,财务收支审计处一级主任科员及以下
财务监督处一级主任科员及以下,岗位标签,title_or_tag,1,1,government:1,job_089140086f011c24e9e8,财务监督处一级主任科员及以下,财务监督处一级主任科员及以下
财务科一级警长及以下,岗位标签,title_or_tag,1,1,government:1,job_c516c68cac42842af69a,财务科一级警长及以下,财务科一级警长及以下
财务管理、会计、审计,岗位标签,title_or_tag,1,1,government:1,job_856fb09dabc279b66937,业务处室一级主任科员及以下（四）,财务管理、会计、审计
财务管理、会计学、会计、审计学(以上均为专业名称）,岗位标签,title_or_tag,1,1,government:1,job_0a31e5091138fefe13eb,一级科员一,财务管理、会计学、会计、审计学(以上均为专业名称）
财务管理、会计学、审计学、广播电视编导,岗位标签,title_or_tag,1,1,government:1,job_a19d9cc6edaf109111fc,平潭出入境边防检查站一级警长及以下,财务管理、会计学、审计学、广播电视编导
财务管理、会计学、财务会计教育（以上均为专业名称）,岗位标签,title_or_tag,1,1,government:1,job_7d5927673b603f0a5f92,一级科员,财务管理、会计学、财务会计教育（以上均为专业名称）
财务管理二级主办及以下（一）,岗位标签,title_or_tag,1,1,government:1,job_7d0a17aa07a574227a48,财务管理二级主办及以下（一）,财务管理二级主办及以下（一）
财务管理二级主办及以下（二）,岗位标签,title_or_tag,1,1,government:1,job_545d0419125c00c3ba6c,财务管理二级主办及以下（二）,财务管理二级主办及以下（二）
财务管理四级主办及以下（一）,岗位标签,title_or_tag,1,1,government:1,job_aa6d5b224c766e5e5d81,财务管理四级主办及以下（一）,财务管理四级主办及以下（一）
财务管理四级主办及以下（二）,岗位标签,title_or_tag,1,1,government:1,job_f10cd5a2a4a04d60dc4f,财务管理四级主办及以下（二）,财务管理四级主办及以下（二）
财务管理处一级主任科员及以下,岗位标签,title_or_tag,1,1,government:1,job_045682485f49d7ef8736,财务管理处一级主任科员及以下,财务管理处一级主任科员及以下
财务管理岗,岗位标签,title_or_tag,1,1,government:1,job_33454b74a4cc963a1bdf,财务管理岗,财务管理岗
财务管理类、法学类,岗位标签,title_or_tag,1,1,government:1,job_48a3ff2483b37e04009a,综合部门一级主任科员及以下,财务管理类、法学类
财务管理（120204）、会计学（120203）,岗位标签,title_or_tag,1,1,government:1,job_e225ae5e1723e7a6de23,丹东遣返站执行队一级警长及以下（二）,财务管理（120204）、会计学（120203）
财政、税收,岗位标签,title_or_tag,1,1,government:1,job_17a8f49463a8b76dee1a,审计业务处一级主任科员及以下,财政、税收
财政、金融、审计、会计、财务管理,岗位标签,title_or_tag,1,1,government:1,job_6cb41c004c0eee2ef414,审计业务处一级主任科员及以下,财政、金融、审计、会计、财务管理
财政、金融、审计、会计、财务管理、税收,岗位标签,title_or_tag,1,1,government:1,job_464cab418782f3c3d811,审计业务处一级主任科员及以下,财政、金融、审计、会计、财务管理、税收
财政学、会计、审计,岗位标签,title_or_tag,1,1,government:1,job_eca781ec48a76d3048a9,一级主任科员及以下,财政学、会计、审计
财政学、会计学、财务管理、审计学（以上均为专业名称）,岗位标签,title_or_tag,1,1,government:1,job_1ab8c3a460102185e6c6,一级科员一,财政学、会计学、财务管理、审计学（以上均为专业名称）
财政学、国际贸易学、税务、资产评估、审计、会计、会计学,岗位标签,title_or_tag,1,1,government:1,job_66c096da48513b5143da,关税处二级主管及以下,财政学、国际贸易学、税务、资产评估、审计、会计、会计学
财政学、税务、税收学、金融学、金融、会计、会计学、审计、财务管理,岗位标签,title_or_tag,1,1,government:1,job_368034793deabf5d9413,审计业务处一级主任科员及以下,财政学、税务、税收学、金融学、金融、会计、会计学、审计、财务管理
财政学、税收学、金融学、会计学、审计学、财务管理,岗位标签,title_or_tag,1,1,government:1,job_bc711f81115ff3dcdefc,审计业务处一级主任科员及以下,财政学、税收学、金融学、会计学、审计学、财务管理
财政学、金融、会计、审计,岗位标签,title_or_tag,1,1,government:1,job_d0897b1091d89ebd1b88,一级主任科员及以下,财政学、金融、会计、审计
财政学、金融、审计、会计,岗位标签,title_or_tag,1,1,government:1,job_570d26eb49d97fff9b17,一级主任科员及以下,财政学、金融、审计、会计
财政学、金融学、金融、税务、资产评估、会计学、会计、财务管理,岗位标签,title_or_tag,1,1,government:1,job_ec2466865e34350f9c81,资金管理处一级主任科员及以下,财政学、金融学、金融、税务、资产评估、会计学、会计、财务管理
财政学类、工商管理类、公共管理类、电子商务类,岗位标签,title_or_tag,1,1,government:1,job_4938fb2db03c95b4d8de,一级行政执法员（六）,财政学类、工商管理类、公共管理类、电子商务类
财政学类、工商管理类、电子商务类,岗位标签,title_or_tag,1,1,government:1,job_2d2ad15e67f45a19b2e7,一级行政执法员（二）,财政学类、工商管理类、电子商务类
财政学类、法学类、财会审计类,岗位标签,title_or_tag,1,1,government:1,job_595cd6d9f1deaac676d2,一级行政执法员（十一）,财政学类、法学类、财会审计类
财政学类、社会保障类、电子商务类,岗位标签,title_or_tag,1,1,government:1,job_b606010c78cbd706cc0d,一级行政执法员（二）,财政学类、社会保障类、电子商务类
财政学类、管理科学与工程类、工商管理类、公共管理类,岗位标签,title_or_tag,1,1,government:1,job_6f46a854ae99d42ac525,一级行政执法员（三）,财政学类、管理科学与工程类、工商管理类、公共管理类
财政学类、经济与贸易类、工商管理类、公共管理类、图书情报与档案管理类,岗位标签,title_or_tag,1,1,government:1,job_4419a93872d91c101290,一级行政执法员（五）,财政学类、经济与贸易类、工商管理类、公共管理类、图书情报与档案管理类
财政学类、经济与贸易类、工商管理类、社会保障类,岗位标签,title_or_tag,1,1,government:1,job_a877113c7b16af52440f,一级行政执法员,财政学类、经济与贸易类、工商管理类、社会保障类
财政学类、经济与贸易类、管理科学与工程类、工商管理类、公共管理类,岗位标签,title_or_tag,1,1,government:1,job_770a71451da6f427c7ad,一级行政执法员（五）,财政学类、经济与贸易类、管理科学与工程类、工商管理类、公共管理类
财政学类、经济与贸易类、财会审计类、工业工程类,岗位标签,title_or_tag,1,1,government:1,job_7b9c85506df5d95b1ece,一级行政执法员,财政学类、经济与贸易类、财会审计类、工业工程类
财政学类、财会审计类、数学类、统计学类、电子信息类、计算机类,岗位标签,title_or_tag,1,1,government:1,job_b328d0eae8a1ce40b3ec,一级行政执法员（七）,财政学类、财会审计类、数学类、统计学类、电子信息类、计算机类
财政学类、财会审计类、社会保障类、数学类、统计学类、计算机类,岗位标签,title_or_tag,1,1,government:1,job_bbf58ed24dfe45b78c6f,一级行政执法员（九）,财政学类、财会审计类、社会保障类、数学类、统计学类、计算机类
财政学类、财会审计类、社会保障类、物流管理与工程类,岗位标签,title_or_tag,1,1,government:1,job_afc62b5375ec948ba25e,一级行政执法员（一）,财政学类、财会审计类、社会保障类、物流管理与工程类
财政学类、金融学类、会计、审计、财务管理,岗位标签,title_or_tag,1,1,government:1,job_42d32ab658aaae8c3146,审计业务处一级主任科员及以下,财政学类、金融学类、会计、审计、财务管理
财政学类、金融学类、工商管理类、公共管理类,岗位标签,title_or_tag,1,1,government:1,job_f2625eeea4db98b8fb89,一级主办及以下（三）,财政学类、金融学类、工商管理类、公共管理类
财政学类、金融学类、工商管理类、公共管理类、图书情报与档案管理类、电子商务类,岗位标签,title_or_tag,1,1,government:1,job_9b3d77f6687bb2f41057,一级行政执法员（一）,财政学类、金融学类、工商管理类、公共管理类、图书情报与档案管理类、电子商务类
财政学类、金融学类、工商管理类、物流管理与工程类、电子商务类,岗位标签,title_or_tag,1,1,government:1,job_ae2a0d0f7700c16a846e,一级行政执法员（三）,财政学类、金融学类、工商管理类、物流管理与工程类、电子商务类
财政学类、金融学类、社会保障类、工业工程类,岗位标签,title_or_tag,1,1,government:1,job_c9ffe73d704c7019a1e4,一级行政执法员,财政学类、金融学类、社会保障类、工业工程类
财政学类、金融学类、管理科学与工程类、社会保障类,岗位标签,title_or_tag,1,1,government:1,job_1f2c07035d0dff2e600a,一级行政执法员（五）,财政学类、金融学类、管理科学与工程类、社会保障类
财政学类、金融学类、经济与贸易类、公共管理类,岗位标签,title_or_tag,1,1,government:1,job_553fe5176258f38ee04e,一级行政执法员（六）,财政学类、金融学类、经济与贸易类、公共管理类
财政学类、金融学类、财会审计类、社会保障类、统计学类、计算机类,岗位标签,title_or_tag,1,1,government:1,job_e2566b3cb969ad7adcb4,一级行政执法员（二）,财政学类、金融学类、财会审计类、社会保障类、统计学类、计算机类
财政学类（0202）、数学类（0701）,岗位标签,title_or_tag,1,1,government:1,job_122ce4c0ad023e01ef42,江门调查队综合科室一级科员,财政学类（0202）、数学类（0701）
财金类监管岗位一级主任科员及以下,岗位标签,title_or_tag,1,1,government:1,job_a800d07540faa214e1d2,财金类监管岗位一级主任科员及以下,财金类监管岗位一级主任科员及以下
货物和劳务税处一级主任科员及以下,岗位标签,title_or_tag,1,1,government:1,job_91431c284140c5b892f1,货物和劳务税处一级主任科员及以下,货物和劳务税处一级主任科员及以下
货物查验四级主办及以下（一）,岗位标签,title_or_tag,1,1,government:1,job_0e428c43c566e76242f1,货物查验四级主办及以下（一）,货物查验四级主办及以下（一）
货物查验四级主办及以下（七）,岗位标签,title_or_tag,1,1,government:1,job_1f048076feb319616693,货物查验四级主办及以下（七）,货物查验四级主办及以下（七）
货物查验四级主办及以下（三）,岗位标签,title_or_tag,1,1,government:1,job_df1711c03ced622942ae,货物查验四级主办及以下（三）,货物查验四级主办及以下（三）
货物查验四级主办及以下（二）,岗位标签,title_or_tag,1,1,government:1,job_f1c321c5fd8a1a55e2ef,货物查验四级主办及以下（二）,货物查验四级主办及以下（二）
货物查验四级主办及以下（五）,岗位标签,title_or_tag,1,1,government:1,job_9faf9357faa5d408bbf0,货物查验四级主办及以下（五）,货物查验四级主办及以下（五）
货物查验四级主办及以下（六）,岗位标签,title_or_tag,1,1,government:1,job_57998e0a5003d205c947,货物查验四级主办及以下（六）,货物查验四级主办及以下（六）
货物查验四级主办及以下（四）,岗位标签,title_or_tag,1,1,government:1,job_b9100d41a67e38fd0305,货物查验四级主办及以下（四）,货物查验四级主办及以下（四）
贵州调查总队业务处室一级主任科员及以下,岗位标签,title_or_tag,1,1,government:1,job_7111627e03007f587790,贵州调查总队业务处室一级主任科员及以下,贵州调查总队业务处室一级主任科员及以下
贵阳综合保税区税务分局一级行政执法员,岗位标签,title_or_tag,1,1,government:1,job_72c80f6643a65ebf58ef,贵阳综合保税区税务分局一级行政执法员,贵阳综合保税区税务分局一级行政执法员
贵阳调查队业务处室一级主任科员及以下,岗位标签,title_or_tag,1,1,government:1,job_5974c94a363dae471e61,贵阳调查队业务处室一级主任科员及以下,贵阳调查队业务处室一级主任科员及以下
贸易分析四级主管及以下,岗位标签,title_or_tag,1,1,government:1,job_f5bc6a36f4e52330da8e,贸易分析四级主管及以下,贸易分析四级主管及以下
资产与审计处一级主任科员及以下,岗位标签,title_or_tag,1,1,government:1,job_a49102a249b1fdf66914,资产与审计处一级主任科员及以下,资产与审计处一级主任科员及以下
资产管理岗位一级主任科员及以下,岗位标签,title_or_tag,1,1,government:1,job_74d9313dd4dfe5076ee9,资产管理岗位一级主任科员及以下,资产管理岗位一级主任科员及以下
资兴调查队一级科员,岗位标签,title_or_tag,1,1,government:1,job_84810cb32e77ca3c010b,资兴调查队一级科员,资兴调查队一级科员
资本市场处一级主任科员及以下,岗位标签,title_or_tag,1,1,government:1,job_debb39980a7067bb3a72,资本市场处一级主任科员及以下,资本市场处一级主任科员及以下
资质管理处一级主任科员及以下,岗位标签,title_or_tag,1,1,government:1,job_719e56e6dd38bae88680,资质管理处一级主任科员及以下,资质管理处一级主任科员及以下
资金管理处一级主任科员及以下,岗位标签,title_or_tag,1,1,government:1,job_ec2466865e34350f9c81,资金管理处一级主任科员及以下,资金管理处一级主任科员及以下
资金项目科三级主任科员及以下,岗位标签,title_or_tag,1,1,government:1,job_cc7a87338b2494b41ae7,资金项目科三级主任科员及以下,资金项目科三级主任科员及以下
资阳区调查队一级科员,岗位标签,title_or_tag,1,1,government:1,job_7b815abd4962f3ef4bc9,资阳区调查队一级科员,资阳区调查队一级科员
资阳调查队业务科室一级科员,岗位标签,title_or_tag,1,1,government:1,job_44f6c3fb2aeef985ace2,资阳调查队业务科室一级科员,资阳调查队业务科室一级科员
资阳高新技术产业园区税务分局一级主办及以下,岗位标签,title_or_tag,1,1,government:1,job_090e57ddc7c4d44da629,资阳高新技术产业园区税务分局一级主办及以下,资阳高新技术产业园区税务分局一级主办及以下
资阳高新技术产业园区税务分局一级行政执法员,岗位标签,title_or_tag,1,1,government:1,job_84b5b9b1f7ba4e292bc9,资阳高新技术产业园区税务分局一级行政执法员,资阳高新技术产业园区税务分局一级行政执法员
赣州调查队业务科室四级主任科员及以下（1）,岗位标签,title_or_tag,1,1,government:1,job_bd829fbc2ec5e1319298,赣州调查队业务科室四级主任科员及以下（1）,赣州调查队业务科室四级主任科员及以下（1）
赣州调查队业务科室四级主任科员及以下（2）,岗位标签,title_or_tag,1,1,government:1,job_43ef8d248e0f97d1ac75,赣州调查队业务科室四级主任科员及以下（2）,赣州调查队业务科室四级主任科员及以下（2）
越南语（050223）,岗位标签,title_or_tag,1,1,government:1,job_198b63ac821f0e58f470,执勤队一级警长及以下（十二）,越南语（050223）
轮台调查队一级科员,岗位标签,title_or_tag,1,1,government:1,job_f4707d32777da9766623,轮台调查队一级科员,轮台调查队一级科员
轮机工程、电子信息工程、船舶电子电气工程,岗位标签,title_or_tag,1,1,government:1,job_ede35fbd46876eb771c4,一级行政执法员,轮机工程、电子信息工程、船舶电子电气工程
轮机工程、电气工程、能源动力,岗位标签,title_or_tag,1,1,government:1,job_17ec26605937ad65a9c8,一级行政执法员（三）,轮机工程、电气工程、能源动力
轮机工程、电气工程及其自动化,岗位标签,title_or_tag,1,1,government:1,job_cc157196bb79b7f41566,一级行政执法员（二）,轮机工程、电气工程及其自动化
轮机工程、船舶工程,岗位标签,title_or_tag,1,1,government:1,job_c1ab051b95b36ed17613,一级行政执法员（三）,轮机工程、船舶工程
轮机工程、船舶工程硕士、海洋工程硕士、水路交通运输硕士,岗位标签,title_or_tag,1,1,government:1,job_58fd7f732aa961797dab,一级行政执法员（五）,轮机工程、船舶工程硕士、海洋工程硕士、水路交通运输硕士
轮机工程、船舶电子电气工程,岗位标签,title_or_tag,1,1,government:1,job_d27f5d259f7d2df0490e,一级行政执法员（五）,轮机工程、船舶电子电气工程
轮机工程、船舶电子电气工程、船舶与海洋工程、航海技术,岗位标签,title_or_tag,1,1,government:1,job_acdc46d42d27c02b1d4d,监管一级行政执法员,轮机工程、船舶电子电气工程、船舶与海洋工程、航海技术
软件工程、信息安全、网络工程,岗位标签,title_or_tag,1,1,government:1,job_fce223b151102091dd67,一级行政执法员（二）,软件工程、信息安全、网络工程
软件工程、计算机科学与技术、统计学、数学、应用统计,岗位标签,title_or_tag,1,1,government:1,job_8298fb46b593748d110a,一级主任科员及以下,软件工程、计算机科学与技术、统计学、数学、应用统计
轻工技术与工程（082200）、材料与化工（085600）,岗位标签,title_or_tag,1,1,government:1,job_fc326a99640f2ef9f809,昆明出入境边防检查站一级警长及以下（一）,轻工技术与工程（082200）、材料与化工（085600）
轻工类,岗位标签,title_or_tag,1,1,government:1,job_1f750329603e28fad0bb,监管一级行政执法员,轻工类
辛集调查队一级科员,岗位标签,title_or_tag,1,1,government:1,job_35215320dbcbefb290bb,辛集调查队一级科员,辛集调查队一级科员
边检站一级警长及以下（二十一）,岗位标签,title_or_tag,1,1,government:1,job_d8e6e0ddbe716a01a77c,边检站一级警长及以下（二十一）,边检站一级警长及以下（二十一）
边检站一级警长及以下（二十三）,岗位标签,title_or_tag,1,1,government:1,job_f1bc9e2ad68b2ca3b7aa,边检站一级警长及以下（二十三）,边检站一级警长及以下（二十三）
边检站一级警长及以下（二十二）,岗位标签,title_or_tag,1,1,government:1,job_8683e7e192aa68c5d1df,边检站一级警长及以下（二十二）,边检站一级警长及以下（二十二）
边检站一级警长及以下（二十）,岗位标签,title_or_tag,1,1,government:1,job_8172037bf93efbe30cae,边检站一级警长及以下（二十）,边检站一级警长及以下（二十）
边检站一级警长及以下（十九）,岗位标签,title_or_tag,1,1,government:1,job_7a0ae68d2e90610ca453,边检站一级警长及以下（十九）,边检站一级警长及以下（十九）
边检站一级警长及以下（十八）,岗位标签,title_or_tag,1,1,government:1,job_b0348e242527e3d1e039,边检站一级警长及以下（十八）,边检站一级警长及以下（十八）
边检站警务技术一级主管及以下（一）,岗位标签,title_or_tag,1,1,government:1,job_382e9558c8fa8fa77810,边检站警务技术一级主管及以下（一）,边检站警务技术一级主管及以下（一）
边检站警务技术一级主管及以下（二）,岗位标签,title_or_tag,1,1,government:1,job_8491f478a3e890029361,边检站警务技术一级主管及以下（二）,边检站警务技术一级主管及以下（二）
辽宁调查总队综合处室二级主任科员及以下（1）,岗位标签,title_or_tag,1,1,government:1,job_cec8eac86c8ddb822506,辽宁调查总队综合处室二级主任科员及以下（1）,辽宁调查总队综合处室二级主任科员及以下（1）
辽宁调查总队综合处室二级主任科员及以下（2）,岗位标签,title_or_tag,1,1,government:1,job_d84a55e1b7a800642e74,辽宁调查总队综合处室二级主任科员及以下（2）,辽宁调查总队综合处室二级主任科员及以下（2）
辽宁（营口）沿海产业基地税务分局一级行政执法员,岗位标签,title_or_tag,1,1,government:1,job_72479179f0aee7395ae2,辽宁（营口）沿海产业基地税务分局一级行政执法员,辽宁（营口）沿海产业基地税务分局一级行政执法员
辽阳县调查队一级科员,岗位标签,title_or_tag,1,1,government:1,job_e9f66ad513f9065eca11,辽阳县调查队一级科员,辽阳县调查队一级科员
辽阳调查队业务科室一级科员,岗位标签,title_or_tag,1,1,government:1,job_6b0254574927c38def8a,辽阳调查队业务科室一级科员,辽阳调查队业务科室一级科员
运动训练（040202K）、军事训练学（1110）,岗位标签,title_or_tag,1,1,government:1,job_dca66068ad141aecf0bf,执勤队一级警长及以下（八）,运动训练（040202K）、军事训练学（1110）
运城出入境边防检查站一级警长及以下,岗位标签,title_or_tag,1,1,government:1,job_e43d77873eb2b45281b6,运城出入境边防检查站一级警长及以下,运城出入境边防检查站一级警长及以下
运输处一级主任科员及以下,岗位标签,title_or_tag,1,1,government:1,job_c52cfa17e12225b7e7b0,运输处一级主任科员及以下,运输处一级主任科员及以下
运输服务处一级主任科员及以下,岗位标签,title_or_tag,1,1,government:1,job_76ba49157e4f3d4bf885,运输服务处一级主任科员及以下,运输服务处一级主任科员及以下
运输管理处一级主任科员及以下,岗位标签,title_or_tag,1,1,government:1,job_31c9f6e5a4d14105d3fa,运输管理处一级主任科员及以下,运输管理处一级主任科员及以下
连江调查队一级科员,岗位标签,title_or_tag,1,1,government:1,job_f53e8fb7a6d1a3b02a44,连江调查队一级科员,连江调查队一级科员
通信导航监视处一级主任科员及以下,岗位标签,title_or_tag,1,1,government:1,job_e1e4d85d08efecb1ad2b,通信导航监视处一级主任科员及以下,通信导航监视处一级主任科员及以下
通信工程、 信息与通信工程、通信与信息系统,岗位标签,title_or_tag,1,1,government:1,job_5fd90fa8ced32673e9f7,移动通信领域一级主任科员及以下,通信工程、 信息与通信工程、通信与信息系统
通化边境管理支队一级警长及以下（一）,岗位标签,title_or_tag,1,1,government:1,job_0892c46f9f8641326a10,通化边境管理支队一级警长及以下（一）,通化边境管理支队一级警长及以下（一）
通化边境管理支队一级警长及以下（七）,岗位标签,title_or_tag,1,1,government:1,job_aecfbdcf7952798f3666,通化边境管理支队一级警长及以下（七）,通化边境管理支队一级警长及以下（七）
通化边境管理支队一级警长及以下（三）,岗位标签,title_or_tag,1,1,government:1,job_15c8b190237b7214c4b0,通化边境管理支队一级警长及以下（三）,通化边境管理支队一级警长及以下（三）
通化边境管理支队一级警长及以下（九）,岗位标签,title_or_tag,1,1,government:1,job_5d93ff6a41c8eba164ec,通化边境管理支队一级警长及以下（九）,通化边境管理支队一级警长及以下（九）
通化边境管理支队一级警长及以下（二）,岗位标签,title_or_tag,1,1,government:1,job_21139231c1474f7f0288,通化边境管理支队一级警长及以下（二）,通化边境管理支队一级警长及以下（二）
通化边境管理支队一级警长及以下（五）,岗位标签,title_or_tag,1,1,government:1,job_0ca1ea1ca64c121a1633,通化边境管理支队一级警长及以下（五）,通化边境管理支队一级警长及以下（五）
通化边境管理支队一级警长及以下（八）,岗位标签,title_or_tag,1,1,government:1,job_22125c32e6dfc9cc895e,通化边境管理支队一级警长及以下（八）,通化边境管理支队一级警长及以下（八）
通化边境管理支队一级警长及以下（六）,岗位标签,title_or_tag,1,1,government:1,job_4792b6a9fab5904572c5,通化边境管理支队一级警长及以下（六）,通化边境管理支队一级警长及以下（六）
通化边境管理支队一级警长及以下（十一）,岗位标签,title_or_tag,1,1,government:1,job_57d447aa88672afb6d80,通化边境管理支队一级警长及以下（十一）,通化边境管理支队一级警长及以下（十一）
通化边境管理支队一级警长及以下（十三）,岗位标签,title_or_tag,1,1,government:1,job_63a517ab23f5b6fe4d3b,通化边境管理支队一级警长及以下（十三）,通化边境管理支队一级警长及以下（十三）
通化边境管理支队一级警长及以下（十二）,岗位标签,title_or_tag,1,1,government:1,job_81e914884f95cec503b8,通化边境管理支队一级警长及以下（十二）,通化边境管理支队一级警长及以下（十二）
通化边境管理支队一级警长及以下（十）,岗位标签,title_or_tag,1,1,government:1,job_207ff78e3736befdceb4,通化边境管理支队一级警长及以下（十）,通化边境管理支队一级警长及以下（十）
通化边境管理支队一级警长及以下（四）,岗位标签,title_or_tag,1,1,government:1,job_3544e52d4b68a6e0b163,通化边境管理支队一级警长及以下（四）,通化边境管理支队一级警长及以下（四）
通报处一级警长及以下,岗位标签,title_or_tag,1,1,government:1,job_27c66864224177f45c85,通报处一级警长及以下,通报处一级警长及以下
遂宁调查队业务科室四级主任科员及以下,岗位标签,title_or_tag,1,1,government:1,job_ea2718c7a5fb3bba3e2b,遂宁调查队业务科室四级主任科员及以下,遂宁调查队业务科室四级主任科员及以下
道县调查队一级科员,岗位标签,title_or_tag,1,1,government:1,job_fb002ae525b18cbfcf5a,道县调查队一级科员,道县调查队一级科员
道真调查队一级科员,岗位标签,title_or_tag,1,1,government:1,job_308fb6d1d7e84c7549f4,道真调查队一级科员,道真调查队一级科员
遥感科学与技术、地图学与地理信息系统,岗位标签,title_or_tag,1,1,government:1,job_c773a1581298c9d604a3,芜湖调查队业务科室四级主任科员,遥感科学与技术、地图学与地理信息系统
遥感科学与技术专业,岗位标签,title_or_tag,1,1,government:1,job_7b77b23cdc70544639bb,云南调查总队农业调查处二级主任科员及以下,遥感科学与技术专业
遵义调查队业务科室一级主任科员及以下,岗位标签,title_or_tag,1,1,government:1,job_682920972b7261074504,遵义调查队业务科室一级主任科员及以下,遵义调查队业务科室一级主任科员及以下
邓州调查队一级科员,岗位标签,title_or_tag,1,1,government:1,job_96f1b755938f2fe11434,邓州调查队一级科员,邓州调查队一级科员
邛崃调查队一级科员,岗位标签,title_or_tag,1,1,government:1,job_773262966a5efb1541fe,邛崃调查队一级科员,邛崃调查队一级科员
邮政工程、软件工程、信息安全、交通运输（以上均为专业名称）,岗位标签,title_or_tag,1,1,government:1,job_3ca9d699bf052faea9dd,一级科员,邮政工程、软件工程、信息安全、交通运输（以上均为专业名称）
邮政管理、汉语言文学、安全科学与工程、新闻学、物流管理（以上均为专业名称）,岗位标签,title_or_tag,1,1,government:1,job_8a89f12d7489ef06dec9,一级主任科员及以下,邮政管理、汉语言文学、安全科学与工程、新闻学、物流管理（以上均为专业名称）
邮政管理、法学、会计学、财务管理、经济学、金融学（以上均为专业名称）,岗位标签,title_or_tag,1,1,government:1,job_73185ced268b66f4e5bd,一级科员,邮政管理、法学、会计学、财务管理、经济学、金融学（以上均为专业名称）
邵阳县调查队一级科员,岗位标签,title_or_tag,1,1,government:1,job_aa8938b199e0a6e17fcc,邵阳县调查队一级科员,邵阳县调查队一级科员
邵阳调查队业务科室一级科员,岗位标签,title_or_tag,1,1,government:1,job_0f8f12957f106672dff7,邵阳调查队业务科室一级科员,邵阳调查队业务科室一级科员
郑东新区税务分局一级行政执法员（一）,岗位标签,title_or_tag,1,1,government:1,job_498cc37c507f6228820b,郑东新区税务分局一级行政执法员（一）,郑东新区税务分局一级行政执法员（一）
郑东新区税务分局一级行政执法员（七）,岗位标签,title_or_tag,1,1,government:1,job_e1d3dd943767b6385a5e,郑东新区税务分局一级行政执法员（七）,郑东新区税务分局一级行政执法员（七）
郑东新区税务分局一级行政执法员（三）,岗位标签,title_or_tag,1,1,government:1,job_d137d1f47eb54caf08bf,郑东新区税务分局一级行政执法员（三）,郑东新区税务分局一级行政执法员（三）
郑东新区税务分局一级行政执法员（九）,岗位标签,title_or_tag,1,1,government:1,job_d0865983ac141c4dfbf6,郑东新区税务分局一级行政执法员（九）,郑东新区税务分局一级行政执法员（九）
郑东新区税务分局一级行政执法员（二）,岗位标签,title_or_tag,1,1,government:1,job_20287b7c967dbec2625e,郑东新区税务分局一级行政执法员（二）,郑东新区税务分局一级行政执法员（二）
郑东新区税务分局一级行政执法员（五）,岗位标签,title_or_tag,1,1,government:1,job_e89c615543d49a6303e5,郑东新区税务分局一级行政执法员（五）,郑东新区税务分局一级行政执法员（五）
郑东新区税务分局一级行政执法员（八）,岗位标签,title_or_tag,1,1,government:1,job_786d7ebce8f80b54cc45,郑东新区税务分局一级行政执法员（八）,郑东新区税务分局一级行政执法员（八）
郑东新区税务分局一级行政执法员（六）,岗位标签,title_or_tag,1,1,government:1,job_0fc868d4a47095d64d49,郑东新区税务分局一级行政执法员（六）,郑东新区税务分局一级行政执法员（六）
郑东新区税务分局一级行政执法员（十）,岗位标签,title_or_tag,1,1,government:1,job_3f62aef7db24f52db592,郑东新区税务分局一级行政执法员（十）,郑东新区税务分局一级行政执法员（十）
郑东新区税务分局一级行政执法员（四）,岗位标签,title_or_tag,1,1,government:1,job_ba7d328239593ca6d628,郑东新区税务分局一级行政执法员（四）,郑东新区税务分局一级行政执法员（四）
郑州边检站一级警长及以下,岗位标签,title_or_tag,1,1,government:1,job_dd84cc4283908af42cf8,郑州边检站一级警长及以下,郑州边检站一级警长及以下
郴州调查队业务科室一级科员（1）,岗位标签,title_or_tag,1,1,government:1,job_b8aadd03668dc4c2a756,郴州调查队业务科室一级科员（1）,郴州调查队业务科室一级科员（1）
郴州调查队业务科室一级科员（2）,岗位标签,title_or_tag,1,1,government:1,job_9230eda38da1c274fdbe,郴州调查队业务科室一级科员（2）,郴州调查队业务科室一级科员（2）
郸城调查队一级科员,岗位标签,title_or_tag,1,1,government:1,job_38061e781d2b6d321eda,郸城调查队一级科员,郸城调查队一级科员
都拉塔出入境边防检查站一级警长及以下（一）,岗位标签,title_or_tag,1,1,government:1,job_2a6071f8dc1eb1c9d0ac,都拉塔出入境边防检查站一级警长及以下（一）,都拉塔出入境边防检查站一级警长及以下（一）
都拉塔出入境边防检查站一级警长及以下（三）,岗位标签,title_or_tag,1,1,government:1,job_7913ef8747302693c64b,都拉塔出入境边防检查站一级警长及以下（三）,都拉塔出入境边防检查站一级警长及以下（三）
都拉塔出入境边防检查站一级警长及以下（二）,岗位标签,title_or_tag,1,1,government:1,job_18d27f073ea971397650,都拉塔出入境边防检查站一级警长及以下（二）,都拉塔出入境边防检查站一级警长及以下（二）
都拉塔出入境边防检查站一级警长及以下（四）,岗位标签,title_or_tag,1,1,government:1,job_37f4a785b5953c34fe92,都拉塔出入境边防检查站一级警长及以下（四）,都拉塔出入境边防检查站一级警长及以下（四）
鄂尔多斯出入境边防检查站警务技术一级主管及以下,岗位标签,title_or_tag,1,1,government:1,job_0a9063802538ea158329,鄂尔多斯出入境边防检查站警务技术一级主管及以下,鄂尔多斯出入境边防检查站警务技术一级主管及以下
鄂尔多斯调查队业务科室四级主任科员,岗位标签,title_or_tag,1,1,government:1,job_2bd73e2a6e776ecd8173,鄂尔多斯调查队业务科室四级主任科员,鄂尔多斯调查队业务科室四级主任科员
鄂州边检站一级警长及以下（一）,岗位标签,title_or_tag,1,1,government:1,job_67d7a277428c0c59871d,鄂州边检站一级警长及以下（一）,鄂州边检站一级警长及以下（一）
鄂州边检站一级警长及以下（二）,岗位标签,title_or_tag,1,1,government:1,job_51b1339ed320ec6170de,鄂州边检站一级警长及以下（二）,鄂州边检站一级警长及以下（二）
鄂托克高新技术产业开发区税务分局一级行政执法员（一）,岗位标签,title_or_tag,1,1,government:1,job_c9608957555acdd45c3b,鄂托克高新技术产业开发区税务分局一级行政执法员（一）,鄂托克高新技术产业开发区税务分局一级行政执法员（一）
鄂托克高新技术产业开发区税务分局一级行政执法员（三）,岗位标签,title_or_tag,1,1,government:1,job_6b28772ae406af01bf85,鄂托克高新技术产业开发区税务分局一级行政执法员（三）,鄂托克高新技术产业开发区税务分局一级行政执法员（三）
鄂托克高新技术产业开发区税务分局一级行政执法员（二）,岗位标签,title_or_tag,1,1,government:1,job_f86e9f17c43f0aead570,鄂托克高新技术产业开发区税务分局一级行政执法员（二）,鄂托克高新技术产业开发区税务分局一级行政执法员（二）
鄂托克高新技术产业开发区税务分局一级行政执法员（四）,岗位标签,title_or_tag,1,1,government:1,job_a33cc48493f91865e3f4,鄂托克高新技术产业开发区税务分局一级行政执法员（四）,鄂托克高新技术产业开发区税务分局一级行政执法员（四）
鄯善调查队一级科员,岗位标签,title_or_tag,1,1,government:1,job_923a3e93433ee00924a2,鄯善调查队一级科员,鄯善调查队一级科员
鄱阳调查队一级科员,岗位标签,title_or_tag,1,1,government:1,job_bf1dbc9f568a3765945a,鄱阳调查队一级科员,鄱阳调查队一级科员
酉阳调查队业务科室一级科员,岗位标签,title_or_tag,1,1,government:1,job_d19e0f6ee96cd9ac2152,酉阳调查队业务科室一级科员,酉阳调查队业务科室一级科员
醴陵调查队一级科员,岗位标签,title_or_tag,1,1,government:1,job_5d5ac1a19c6138c336f1,醴陵调查队一级科员,醴陵调查队一级科员
采掘机械处一级主任科员及以下,岗位标签,title_or_tag,1,1,government:1,job_a3fdc6557525953865c6,采掘机械处一级主任科员及以下,采掘机械处一级主任科员及以下
采矿工程、智能采矿工程,岗位标签,title_or_tag,1,1,government:1,job_0ccdb304bcb117d228aa,监察执法处三级主任科员及以下,采矿工程、智能采矿工程
里孜出入境边防检查站一级警长及以下（一）,岗位标签,title_or_tag,1,1,government:1,job_5418651c49f114cf7bc8,里孜出入境边防检查站一级警长及以下（一）,里孜出入境边防检查站一级警长及以下（一）
里孜出入境边防检查站一级警长及以下（三）,岗位标签,title_or_tag,1,1,government:1,job_89a0eea5341be3ccfd5d,里孜出入境边防检查站一级警长及以下（三）,里孜出入境边防检查站一级警长及以下（三）
里孜出入境边防检查站一级警长及以下（二）,岗位标签,title_or_tag,1,1,government:1,job_8669f6c8481621d61cd4,里孜出入境边防检查站一级警长及以下（二）,里孜出入境边防检查站一级警长及以下（二）
里孜出入境边防检查站一级警长及以下（四）,岗位标签,title_or_tag,1,1,government:1,job_31987350e3ec1a9f301a,里孜出入境边防检查站一级警长及以下（四）,里孜出入境边防检查站一级警长及以下（四）
重庆江北机场海关缉私分局一级警长及以下,岗位标签,title_or_tag,1,1,government:1,job_2b89b6442012558027fb,重庆江北机场海关缉私分局一级警长及以下,重庆江北机场海关缉私分局一级警长及以下
野生动植物保护与利用（090705）、地图学与地理信息系统（070503）,岗位标签,title_or_tag,1,1,government:1,job_3ec8206ca1cab0772869,濒危物种进出口管理处一级主任科员及以下,野生动植物保护与利用（090705）、地图学与地理信息系统（070503）
野生动物保护管理处一级主任科员及以下,岗位标签,title_or_tag,1,1,government:1,job_a95db4c538f51a57ee08,野生动物保护管理处一级主任科员及以下,野生动物保护管理处一级主任科员及以下
金塔调查队一级科员,岗位标签,title_or_tag,1,1,government:1,job_dcf8466173820cbc723b,金塔调查队一级科员,金塔调查队一级科员
金属材料工程、材料化学、材料科学与工程、冶金工程,岗位标签,title_or_tag,1,1,government:1,job_a4bd1f67e0cb3b80b9fa,海关查验一级行政执法员,金属材料工程、材料化学、材料科学与工程、冶金工程
金融、会计,岗位标签,title_or_tag,1,1,government:1,job_83ba2023851d7ce871b7,审计业务处一级主任科员及以下,金融、会计
金融、保险,岗位标签,title_or_tag,1,1,government:1,job_4e2ac4c1923a18c575b1,监管部门一级主任科员及以下,金融、保险
金融、税务、保险、资产评估、会计、审计,岗位标签,title_or_tag,1,1,government:1,job_92433aec5a1f075624e0,财务会计岗一级主任科员及以下,金融、税务、保险、资产评估、会计、审计
金融学、税收学、保险学,岗位标签,title_or_tag,1,1,government:1,job_26200d0fe48d0430ae69,一级行政执法员（五）,金融学、税收学、保险学
金融学类、公共管理类,岗位标签,title_or_tag,1,1,government:1,job_6aeb5e2ed3a18d313669,一级行政执法员,金融学类、公共管理类
金融学类、工商管理类、公共管理类、财政学类,岗位标签,title_or_tag,1,1,government:1,job_4074134b56503d1b9fcb,一级行政执法员（四）,金融学类、工商管理类、公共管理类、财政学类
金融学类、工商管理类、管理科学与工程类、社会保障类,岗位标签,title_or_tag,1,1,government:1,job_44db809079809dea65c6,一级行政执法员（三）,金融学类、工商管理类、管理科学与工程类、社会保障类
金融学类、经济与贸易类、公共管理类、数学类、统计学类,岗位标签,title_or_tag,1,1,government:1,job_03a931f4a7ab30c6d516,一级行政执法员（六）,金融学类、经济与贸易类、公共管理类、数学类、统计学类
金融学类、经济与贸易类、社会保障类、电子商务类,岗位标签,title_or_tag,1,1,government:1,job_994e57d936a14b1cb632,一级行政执法员（三）,金融学类、经济与贸易类、社会保障类、电子商务类
金融学类、经济与贸易类、管理科学与工程类、工商管理类、公共管理类,岗位标签,title_or_tag,1,1,government:1,job_4619d2eed380673581c1,一级行政执法员（四）,金融学类、经济与贸易类、管理科学与工程类、工商管理类、公共管理类
金融学类、经济与贸易类、管理科学与工程类、财会审计类、公共管理类、电子商务类,岗位标签,title_or_tag,1,1,government:1,job_cf7c6ccfb8e40f1bb357,一级行政执法员（五）,金融学类、经济与贸易类、管理科学与工程类、财会审计类、公共管理类、电子商务类
金融学类、经济与贸易类、财会审计类、电子信息类、计算机类,岗位标签,title_or_tag,1,1,government:1,job_1026c300facf3754dc74,一级行政执法员（十）,金融学类、经济与贸易类、财会审计类、电子信息类、计算机类
金融学类、经济学类,岗位标签,title_or_tag,1,1,government:1,job_f2148147aeadd0d04cd3,辖区财金类监管岗位一级主任科员及以下,金融学类、经济学类
金融学类、经济学类、050101汉语言文学、050301新闻学,岗位标签,title_or_tag,1,1,government:1,job_f464e3407a416df0a4f3,综合部门一级主任科员及以下,金融学类、经济学类、050101汉语言文学、050301新闻学
金融学类、财会审计类、图书情报与档案管理类、电子商务类,岗位标签,title_or_tag,1,1,government:1,job_169b28311b45a9faf7e9,一级行政执法员（三）,金融学类、财会审计类、图书情报与档案管理类、电子商务类
金融学类（0203）,岗位标签,title_or_tag,1,1,government:1,job_461433f190743b8ed4fb,监管部门一级主任科员及以下,金融学类（0203）
金融工程,岗位标签,title_or_tag,1,1,government:1,job_2afe4ed9bf8f7fae7f64,监管部门一级主任科员及以下,金融工程
金融工程、投资学、资产评估、金融科技、计算金融,岗位标签,title_or_tag,1,1,government:1,job_5f0c2f854060ed1aa705,辖区财金类监管岗位一级主任科员及以下,金融工程、投资学、资产评估、金融科技、计算金融
金融工程、资产评估、金融审计、金融科技,岗位标签,title_or_tag,1,1,government:1,job_2477e81176fbd63c9bb1,辖区财金类监管岗位一级主任科员及以下,金融工程、资产评估、金融审计、金融科技
金融工程、金融数学、数量经济学、金融科技、金融审计、计算金融,岗位标签,title_or_tag,1,1,government:1,job_ffc8e4f722e25798c75c,监管部门一级主任科员及以下,金融工程、金融数学、数量经济学、金融科技、金融审计、计算金融
金融工程、金融数学、金融科技,岗位标签,title_or_tag,1,1,government:1,job_422606cfbfc3ff2d45b0,监管部门一级主任科员及以下,金融工程、金融数学、金融科技
金融工程、金融科技、金融审计、计算金融,岗位标签,title_or_tag,1,1,government:1,job_70b871de056089dbc8b6,辖区财金类监管岗位一级主任科员及以下,金融工程、金融科技、金融审计、计算金融
金融数学、金融科技、金融工程、计算金融、计量经济学、数量经济学,岗位标签,title_or_tag,1,1,government:1,job_9fb01913b956cf669e22,监管部门一级主任科员及以下,金融数学、金融科技、金融工程、计算金融、计量经济学、数量经济学
金融监管,自动短语,auto_phrase,1,1,government:1,job_018233d0935bbacb18fd,综合业务处一级主任科员及以下,职位简介：主要从事宏观经济金融政策协调、金融监管政策协调、文稿起草、综合管理等工作
金融科技,岗位标签,title_or_tag,1,1,government:1,job_c54e00c08164eab97c26,监管部门一级主任科员及以下,金融科技
钟祥调查队四级主任科员及以下,岗位标签,title_or_tag,1,1,government:1,job_4549b91fcbdf65b34ac5,钟祥调查队四级主任科员及以下,钟祥调查队四级主任科员及以下
钦州出入境边防检查站一级警长及以下,岗位标签,title_or_tag,1,1,government:1,job_e96cc159a847a8479eb6,钦州出入境边防检查站一级警长及以下,钦州出入境边防检查站一级警长及以下
钦州海关缉私分局一级警长及以下,岗位标签,title_or_tag,1,1,government:1,job_f3cfa6d280fe7853533a,钦州海关缉私分局一级警长及以下,钦州海关缉私分局一级警长及以下
铁道处一级主任科员及以下,岗位标签,title_or_tag,1,1,government:1,job_8632644621778fa28132,铁道处一级主任科员及以下,铁道处一级主任科员及以下
银川出入境边防检查站警务技术一级主管及以下,岗位标签,title_or_tag,1,1,government:1,job_9fd91508966a6c79bd29,银川出入境边防检查站警务技术一级主管及以下,银川出入境边防检查站警务技术一级主管及以下
锦州调查队综合科室一级科员,岗位标签,title_or_tag,1,1,government:1,job_c6cbcd5515f5e9c3a85b,锦州调查队综合科室一级科员,锦州调查队综合科室一级科员
镇宁调查队一级科员,岗位标签,title_or_tag,1,1,government:1,job_aff4825b453a36fcffe6,镇宁调查队一级科员,镇宁调查队一级科员
镇平调查队一级科员,岗位标签,title_or_tag,1,1,government:1,job_a0288ef77db6090efe0b,镇平调查队一级科员,镇平调查队一级科员
镇江海关缉私分局一级警长及以下,岗位标签,title_or_tag,1,1,government:1,job_bf9f840acb70190d6ac5,镇江海关缉私分局一级警长及以下,镇江海关缉私分局一级警长及以下
镇江边检站一级警长及以下,岗位标签,title_or_tag,1,1,government:1,job_927c8f1e812ce14308af,镇江边检站一级警长及以下,镇江边检站一级警长及以下
长春出入境边防检查站一级警长及以下（一）,岗位标签,title_or_tag,1,1,government:1,job_0160a36d7c462118d82b,长春出入境边防检查站一级警长及以下（一）,长春出入境边防检查站一级警长及以下（一）
长春出入境边防检查站一级警长及以下（三）,岗位标签,title_or_tag,1,1,government:1,job_bf6bf8e04bb6055c857b,长春出入境边防检查站一级警长及以下（三）,长春出入境边防检查站一级警长及以下（三）
长春出入境边防检查站一级警长及以下（二）,岗位标签,title_or_tag,1,1,government:1,job_ae9ae4025664a5f61e8e,长春出入境边防检查站一级警长及以下（二）,长春出入境边防检查站一级警长及以下（二）
长春出入境边防检查站一级警长及以下（五）,岗位标签,title_or_tag,1,1,government:1,job_b247c84543821aa0d68e,长春出入境边防检查站一级警长及以下（五）,长春出入境边防检查站一级警长及以下（五）
长春出入境边防检查站一级警长及以下（四）,岗位标签,title_or_tag,1,1,government:1,job_fb3b035e0b91236432f2,长春出入境边防检查站一级警长及以下（四）,长春出入境边防检查站一级警长及以下（四）
长沙调查队业务科室四级主任科员,岗位标签,title_or_tag,1,1,government:1,job_8407e028d8723d0de21c,长沙调查队业务科室四级主任科员,长沙调查队业务科室四级主任科员
长白出入境边防检查站一级警长及以下,岗位标签,title_or_tag,1,1,government:1,job_39baf8795a7eb77aa831,长白出入境边防检查站一级警长及以下,长白出入境边防检查站一级警长及以下
长白山边境管理支队一级警长及以下（一）,岗位标签,title_or_tag,1,1,government:1,job_a1de5a5c8e57b030ffcc,长白山边境管理支队一级警长及以下（一）,长白山边境管理支队一级警长及以下（一）
长白山边境管理支队一级警长及以下（七）,岗位标签,title_or_tag,1,1,government:1,job_bc974589549d7e6ca2fb,长白山边境管理支队一级警长及以下（七）,长白山边境管理支队一级警长及以下（七）
长白山边境管理支队一级警长及以下（三）,岗位标签,title_or_tag,1,1,government:1,job_5b27707d848fffafe42d,长白山边境管理支队一级警长及以下（三）,长白山边境管理支队一级警长及以下（三）
长白山边境管理支队一级警长及以下（九）,岗位标签,title_or_tag,1,1,government:1,job_413955a41973a5fded1d,长白山边境管理支队一级警长及以下（九）,长白山边境管理支队一级警长及以下（九）
长白山边境管理支队一级警长及以下（二）,岗位标签,title_or_tag,1,1,government:1,job_c7346441b55afcf382fb,长白山边境管理支队一级警长及以下（二）,长白山边境管理支队一级警长及以下（二）
长白山边境管理支队一级警长及以下（五）,岗位标签,title_or_tag,1,1,government:1,job_c44460959b3379fe6b46,长白山边境管理支队一级警长及以下（五）,长白山边境管理支队一级警长及以下（五）
长白山边境管理支队一级警长及以下（八）,岗位标签,title_or_tag,1,1,government:1,job_cfd760c91c3aaaa3161d,长白山边境管理支队一级警长及以下（八）,长白山边境管理支队一级警长及以下（八）
长白山边境管理支队一级警长及以下（六）,岗位标签,title_or_tag,1,1,government:1,job_6b61b28dcdd7c038d4b3,长白山边境管理支队一级警长及以下（六）,长白山边境管理支队一级警长及以下（六）
长白山边境管理支队一级警长及以下（四）,岗位标签,title_or_tag,1,1,government:1,job_02056c846b59b6f750ff,长白山边境管理支队一级警长及以下（四）,长白山边境管理支队一级警长及以下（四）
长白海关缉私分局一级警长及以下,岗位标签,title_or_tag,1,1,government:1,job_656a7c58ff8b561109e6,长白海关缉私分局一级警长及以下,长白海关缉私分局一级警长及以下
长葛调查队一级科员,岗位标签,title_or_tag,1,1,government:1,job_31ecb08ea4625b2978cd,长葛调查队一级科员,长葛调查队一级科员
闸口海关缉私分局一级警长及以下,岗位标签,title_or_tag,1,1,government:1,job_b2a76397b9fc61c7aa62,闸口海关缉私分局一级警长及以下,闸口海关缉私分局一级警长及以下
闽侯调查队一级科员,岗位标签,title_or_tag,1,1,government:1,job_182f8f5723cdf3d3dc15,闽侯调查队一级科员,闽侯调查队一级科员
阆中调查队一级科员,岗位标签,title_or_tag,1,1,government:1,job_43ff81ab1d0694045748,阆中调查队一级科员,阆中调查队一级科员
阜南调查队一级科员,岗位标签,title_or_tag,1,1,government:1,job_5ea54b1878f167db32b1,阜南调查队一级科员,阜南调查队一级科员
阜康调查队一级科员,岗位标签,title_or_tag,1,1,government:1,job_30270f51cc71fc071adb,阜康调查队一级科员,阜康调查队一级科员
防城海关缉私分局一级警长及以下,岗位标签,title_or_tag,1,1,government:1,job_968d689a36040be3d97f,防城海关缉私分局一级警长及以下,防城海关缉私分局一级警长及以下
防汛办公室（滞洪管理科）一级主任科员及以下,岗位标签,title_or_tag,1,1,government:1,job_babeb25521b7b6b7d2c4,防汛办公室（滞洪管理科）一级主任科员及以下,防汛办公室（滞洪管理科）一级主任科员及以下
防汛滞洪办公室一级主任科员及以下,岗位标签,title_or_tag,1,1,government:1,job_387ec1b58f18b9e2b227,防汛滞洪办公室一级主任科员及以下,防汛滞洪办公室一级主任科员及以下
防灾减灾科一级科员,岗位标签,title_or_tag,1,1,government:1,job_bf39d70be40c6b0e82ee,防灾减灾科一级科员,防灾减灾科一级科员
阳江调查队综合科室四级主任科员,岗位标签,title_or_tag,1,1,government:1,job_20b3fa2d6dcf11e12cdf,阳江调查队综合科室四级主任科员,阳江调查队综合科室四级主任科员
阿克苏调查队业务科室一级科员,岗位标签,title_or_tag,1,1,government:1,job_b6185316491bfccf9045,阿克苏调查队业务科室一级科员,阿克苏调查队业务科室一级科员
阿克苏边境管理支队一级警长及以下,岗位标签,title_or_tag,1,1,government:1,job_bde3325791da17af361f,阿克苏边境管理支队一级警长及以下,阿克苏边境管理支队一级警长及以下
阿勒泰调查队业务科室一级科员,岗位标签,title_or_tag,1,1,government:1,job_08efe8987a09c1bf74ff,阿勒泰调查队业务科室一级科员,阿勒泰调查队业务科室一级科员
阿勒泰边境管理支队一级警长及以下（一）,岗位标签,title_or_tag,1,1,government:1,job_f5a23855003bcb0a7c76,阿勒泰边境管理支队一级警长及以下（一）,阿勒泰边境管理支队一级警长及以下（一）
阿勒泰边境管理支队一级警长及以下（七）,岗位标签,title_or_tag,1,1,government:1,job_113fd8126b31e73f3193,阿勒泰边境管理支队一级警长及以下（七）,阿勒泰边境管理支队一级警长及以下（七）
阿勒泰边境管理支队一级警长及以下（三）,岗位标签,title_or_tag,1,1,government:1,job_a5b70923ad9c5772050e,阿勒泰边境管理支队一级警长及以下（三）,阿勒泰边境管理支队一级警长及以下（三）
阿勒泰边境管理支队一级警长及以下（九）,岗位标签,title_or_tag,1,1,government:1,job_fc53b9ff9f88634fa9b2,阿勒泰边境管理支队一级警长及以下（九）,阿勒泰边境管理支队一级警长及以下（九）
阿勒泰边境管理支队一级警长及以下（二）,岗位标签,title_or_tag,1,1,government:1,job_2b5531b5aa6588ff6bae,阿勒泰边境管理支队一级警长及以下（二）,阿勒泰边境管理支队一级警长及以下（二）
阿勒泰边境管理支队一级警长及以下（五）,岗位标签,title_or_tag,1,1,government:1,job_4a1d9c70cea637001357,阿勒泰边境管理支队一级警长及以下（五）,阿勒泰边境管理支队一级警长及以下（五）
阿勒泰边境管理支队一级警长及以下（八）,岗位标签,title_or_tag,1,1,government:1,job_a3eeb18b970354d10a66,阿勒泰边境管理支队一级警长及以下（八）,阿勒泰边境管理支队一级警长及以下（八）
阿勒泰边境管理支队一级警长及以下（六）,岗位标签,title_or_tag,1,1,government:1,job_7da31066ad6a1b149f62,阿勒泰边境管理支队一级警长及以下（六）,阿勒泰边境管理支队一级警长及以下（六）
阿勒泰边境管理支队一级警长及以下（十）,岗位标签,title_or_tag,1,1,government:1,job_d6ea73f32c1701b6ea58,阿勒泰边境管理支队一级警长及以下（十）,阿勒泰边境管理支队一级警长及以下（十）
阿勒泰边境管理支队一级警长及以下（四）,岗位标签,title_or_tag,1,1,government:1,job_9ca21dded3175a634981,阿勒泰边境管理支队一级警长及以下（四）,阿勒泰边境管理支队一级警长及以下（四）
阿拉伯语翻译,岗位标签,title_or_tag,1,1,government:1,job_389ed0defe2a8fff8897,阿拉伯语翻译,阿拉伯语翻译
阿拉善调查队业务科室一级科员,岗位标签,title_or_tag,1,1,government:1,job_7471d5d96b33d56e8410,阿拉善调查队业务科室一级科员,阿拉善调查队业务科室一级科员
阿拉善边境管理支队一级警长及以下（一）,岗位标签,title_or_tag,1,1,government:1,job_cb06c0787f4f328930c9,阿拉善边境管理支队一级警长及以下（一）,阿拉善边境管理支队一级警长及以下（一）
阿拉善边境管理支队一级警长及以下（三）,岗位标签,title_or_tag,1,1,government:1,job_aef11f556c3b8c6eb404,阿拉善边境管理支队一级警长及以下（三）,阿拉善边境管理支队一级警长及以下（三）
阿拉善边境管理支队一级警长及以下（二）,岗位标签,title_or_tag,1,1,government:1,job_97d5313c876c02d0a67b,阿拉善边境管理支队一级警长及以下（二）,阿拉善边境管理支队一级警长及以下（二）
阿拉善边境管理支队一级警长及以下（五）,岗位标签,title_or_tag,1,1,government:1,job_48838b722152769575e9,阿拉善边境管理支队一级警长及以下（五）,阿拉善边境管理支队一级警长及以下（五）
阿拉善边境管理支队一级警长及以下（六）,岗位标签,title_or_tag,1,1,government:1,job_6e735aea7bd683a2fb5e,阿拉善边境管理支队一级警长及以下（六）,阿拉善边境管理支队一级警长及以下（六）
阿拉善边境管理支队一级警长及以下（四）,岗位标签,title_or_tag,1,1,government:1,job_fd9f2f847e7f20b68d0d,阿拉善边境管理支队一级警长及以下（四）,阿拉善边境管理支队一级警长及以下（四）
阿拉善边境管理支队警务技术一级主管及以下（一）,岗位标签,title_or_tag,1,1,government:1,job_44c6cabe58e833014cb8,阿拉善边境管理支队警务技术一级主管及以下（一）,阿拉善边境管理支队警务技术一级主管及以下（一）
阿拉善边境管理支队警务技术一级主管及以下（三）,岗位标签,title_or_tag,1,1,government:1,job_7b78f6125f71295afa48,阿拉善边境管理支队警务技术一级主管及以下（三）,阿拉善边境管理支队警务技术一级主管及以下（三）
阿拉善边境管理支队警务技术一级主管及以下（二）,岗位标签,title_or_tag,1,1,government:1,job_15ea33d4e5d0408df81f,阿拉善边境管理支队警务技术一级主管及以下（二）,阿拉善边境管理支队警务技术一级主管及以下（二）
阿拉山口出入境边防检查站一级警长及以下（一）,岗位标签,title_or_tag,1,1,government:1,job_97d048b3349b548bad3f,阿拉山口出入境边防检查站一级警长及以下（一）,阿拉山口出入境边防检查站一级警长及以下（一）
阿拉山口出入境边防检查站一级警长及以下（三）,岗位标签,title_or_tag,1,1,government:1,job_a5b25040297cea95f134,阿拉山口出入境边防检查站一级警长及以下（三）,阿拉山口出入境边防检查站一级警长及以下（三）
阿拉山口出入境边防检查站一级警长及以下（二）,岗位标签,title_or_tag,1,1,government:1,job_db54f53bb3e09e50fab9,阿拉山口出入境边防检查站一级警长及以下（二）,阿拉山口出入境边防检查站一级警长及以下（二）
阿日哈沙特出入境边防检查站一级警长及以下,岗位标签,title_or_tag,1,1,government:1,job_3c249580cffaaec5b85a,阿日哈沙特出入境边防检查站一级警长及以下,阿日哈沙特出入境边防检查站一级警长及以下
阿里边境管理支队一级警长及以下（一）,岗位标签,title_or_tag,1,1,government:1,job_75282b671843b7bd2edb,阿里边境管理支队一级警长及以下（一）,阿里边境管理支队一级警长及以下（一）
阿里边境管理支队一级警长及以下（七）,岗位标签,title_or_tag,1,1,government:1,job_f46685aca6d73525263f,阿里边境管理支队一级警长及以下（七）,阿里边境管理支队一级警长及以下（七）
阿里边境管理支队一级警长及以下（三）,岗位标签,title_or_tag,1,1,government:1,job_b598c11fa7f5cf8bf2bc,阿里边境管理支队一级警长及以下（三）,阿里边境管理支队一级警长及以下（三）
阿里边境管理支队一级警长及以下（九）,岗位标签,title_or_tag,1,1,government:1,job_d8f8926b5bda24020cbc,阿里边境管理支队一级警长及以下（九）,阿里边境管理支队一级警长及以下（九）
阿里边境管理支队一级警长及以下（二）,岗位标签,title_or_tag,1,1,government:1,job_6d844515b684761eeda7,阿里边境管理支队一级警长及以下（二）,阿里边境管理支队一级警长及以下（二）
阿里边境管理支队一级警长及以下（五）,岗位标签,title_or_tag,1,1,government:1,job_7e5dda779684ad6a95d5,阿里边境管理支队一级警长及以下（五）,阿里边境管理支队一级警长及以下（五）
阿里边境管理支队一级警长及以下（八）,岗位标签,title_or_tag,1,1,government:1,job_c174d96c0314a440e466,阿里边境管理支队一级警长及以下（八）,阿里边境管理支队一级警长及以下（八）
阿里边境管理支队一级警长及以下（六）,岗位标签,title_or_tag,1,1,government:1,job_961074e0a16d74f1b854,阿里边境管理支队一级警长及以下（六）,阿里边境管理支队一级警长及以下（六）
阿里边境管理支队一级警长及以下（十一）,岗位标签,title_or_tag,1,1,government:1,job_1ad57783e1dca5d597b3,阿里边境管理支队一级警长及以下（十一）,阿里边境管理支队一级警长及以下（十一）
阿里边境管理支队一级警长及以下（十三）,岗位标签,title_or_tag,1,1,government:1,job_d166912c45f53e484bcd,阿里边境管理支队一级警长及以下（十三）,阿里边境管理支队一级警长及以下（十三）
阿里边境管理支队一级警长及以下（十二）,岗位标签,title_or_tag,1,1,government:1,job_867a2e8dcd349842bfe4,阿里边境管理支队一级警长及以下（十二）,阿里边境管理支队一级警长及以下（十二）
阿里边境管理支队一级警长及以下（十四）,岗位标签,title_or_tag,1,1,government:1,job_83554491417d2f1e99c2,阿里边境管理支队一级警长及以下（十四）,阿里边境管理支队一级警长及以下（十四）
阿里边境管理支队一级警长及以下（十）,岗位标签,title_or_tag,1,1,government:1,job_ae2880a7258143b2a246,阿里边境管理支队一级警长及以下（十）,阿里边境管理支队一级警长及以下（十）
阿里边境管理支队一级警长及以下（四）,岗位标签,title_or_tag,1,1,government:1,job_0673012ec151ad2f3b38,阿里边境管理支队一级警长及以下（四）,阿里边境管理支队一级警长及以下（四）
陆丰调查队一级科员（1）,岗位标签,title_or_tag,1,1,government:1,job_b2ea8da2baa14a744566,陆丰调查队一级科员（1）,陆丰调查队一级科员（1）
陆丰调查队一级科员（2）,岗位标签,title_or_tag,1,1,government:1,job_2e0f02339dfdf5f30ada,陆丰调查队一级科员（2）,陆丰调查队一级科员（2）
陕西调查总队综合处室二级主任科员及以下（1）,岗位标签,title_or_tag,1,1,government:1,job_63142d7e5a6f37c93383,陕西调查总队综合处室二级主任科员及以下（1）,陕西调查总队综合处室二级主任科员及以下（1）
陕西调查总队综合处室二级主任科员及以下（2）,岗位标签,title_or_tag,1,1,government:1,job_00f9f877c55f63c0b3a6,陕西调查总队综合处室二级主任科员及以下（2）,陕西调查总队综合处室二级主任科员及以下（2）
陕西调查总队综合处室二级主任科员及以下（3）,岗位标签,title_or_tag,1,1,government:1,job_dc666113671089283b4c,陕西调查总队综合处室二级主任科员及以下（3）,陕西调查总队综合处室二级主任科员及以下（3）
陕西调查总队综合处室二级主任科员及以下（4）,岗位标签,title_or_tag,1,1,government:1,job_dacdc0a3cd7d072fac39,陕西调查总队综合处室二级主任科员及以下（4）,陕西调查总队综合处室二级主任科员及以下（4）
随州调查队业务科室一级科员（1）,岗位标签,title_or_tag,1,1,government:1,job_e9c071a6068b63b985c0,随州调查队业务科室一级科员（1）,随州调查队业务科室一级科员（1）
随州调查队业务科室一级科员（2）,岗位标签,title_or_tag,1,1,government:1,job_366a8e775b98f059804e,随州调查队业务科室一级科员（2）,随州调查队业务科室一级科员（2）
雄安调查队综合科室四级主任科员（1）,岗位标签,title_or_tag,1,1,government:1,job_60af34e56dce4382205d,雄安调查队综合科室四级主任科员（1）,雄安调查队综合科室四级主任科员（1）
雄安调查队综合科室四级主任科员（2）,岗位标签,title_or_tag,1,1,government:1,job_5914f17ae0da98aad01f,雄安调查队综合科室四级主任科员（2）,雄安调查队综合科室四级主任科员（2）
雅江调查队一级科员,岗位标签,title_or_tag,1,1,government:1,job_58b1dc89e9050faa7c7f,雅江调查队一级科员,雅江调查队一级科员
集安出入境边防检查站一级警长及以下（一）,岗位标签,title_or_tag,1,1,government:1,job_65c3780982fcf7752a3c,集安出入境边防检查站一级警长及以下（一）,集安出入境边防检查站一级警长及以下（一）
集安出入境边防检查站一级警长及以下（三）,岗位标签,title_or_tag,1,1,government:1,job_68b453e5c617cdce0eb3,集安出入境边防检查站一级警长及以下（三）,集安出入境边防检查站一级警长及以下（三）
集安出入境边防检查站一级警长及以下（二）,岗位标签,title_or_tag,1,1,government:1,job_6f37d34c43b48221277a,集安出入境边防检查站一级警长及以下（二）,集安出入境边防检查站一级警长及以下（二）
集安出入境边防检查站一级警长及以下（四）,岗位标签,title_or_tag,1,1,government:1,job_80929602f03cf75a39b8,集安出入境边防检查站一级警长及以下（四）,集安出入境边防检查站一级警长及以下（四）
集贤调查队一级科员,岗位标签,title_or_tag,1,1,government:1,job_ccfda29281bc3811a1b5,集贤调查队一级科员,集贤调查队一级科员
雨花调查队一级科员,岗位标签,title_or_tag,1,1,government:1,job_1c3fbf416c4269a8a399,雨花调查队一级科员,雨花调查队一级科员
雷州调查队一级科员,岗位标签,title_or_tag,1,1,government:1,job_721ce4e852cf5084b0e7,雷州调查队一级科员,雷州调查队一级科员
震害防御处（公共服务处）一级主任科员及以下,岗位标签,title_or_tag,1,1,government:1,job_89150e889e8f32f3bf47,震害防御处（公共服务处）一级主任科员及以下,震害防御处（公共服务处）一级主任科员及以下
霍城调查队一级科员（1）,岗位标签,title_or_tag,1,1,government:1,job_eb7546f28665dcc751b1,霍城调查队一级科员（1）,霍城调查队一级科员（1）
霍城调查队一级科员（2）,岗位标签,title_or_tag,1,1,government:1,job_09d29d2895a500f823b8,霍城调查队一级科员（2）,霍城调查队一级科员（2）
霍尔果斯出入境边防检查站一级警长及以下（一）,岗位标签,title_or_tag,1,1,government:1,job_24dc147a298c8687b9d7,霍尔果斯出入境边防检查站一级警长及以下（一）,霍尔果斯出入境边防检查站一级警长及以下（一）
霍尔果斯出入境边防检查站一级警长及以下（三）,岗位标签,title_or_tag,1,1,government:1,job_2a6de74a22e4f957f98f,霍尔果斯出入境边防检查站一级警长及以下（三）,霍尔果斯出入境边防检查站一级警长及以下（三）
霍尔果斯出入境边防检查站一级警长及以下（二）,岗位标签,title_or_tag,1,1,government:1,job_2ff5de0c134d2455f60b,霍尔果斯出入境边防检查站一级警长及以下（二）,霍尔果斯出入境边防检查站一级警长及以下（二）
霍尔果斯出入境边防检查站一级警长及以下（五）,岗位标签,title_or_tag,1,1,government:1,job_d472bf28dba59afe3938,霍尔果斯出入境边防检查站一级警长及以下（五）,霍尔果斯出入境边防检查站一级警长及以下（五）
霍尔果斯出入境边防检查站一级警长及以下（四）,岗位标签,title_or_tag,1,1,government:1,job_a90fef9c71f06719e4c7,霍尔果斯出入境边防检查站一级警长及以下（四）,霍尔果斯出入境边防检查站一级警长及以下（四）
霍尔果斯海关缉私分局一级警长及以下,岗位标签,title_or_tag,1,1,government:1,job_76335c74c3fec4004381,霍尔果斯海关缉私分局一级警长及以下,霍尔果斯海关缉私分局一级警长及以下
青县调查队一级科员,岗位标签,title_or_tag,1,1,government:1,job_abbe473a5bed70292c13,青县调查队一级科员,青县调查队一级科员
青河调查队一级科员,岗位标签,title_or_tag,1,1,government:1,job_149e2d060e48e716f80c,青河调查队一级科员,青河调查队一级科员
青铜峡调查队一级科员,岗位标签,title_or_tag,1,1,government:1,job_d79a3477352aa8702d2c,青铜峡调查队一级科员,青铜峡调查队一级科员
鞍山调查队业务科室四级主任科员（1）,岗位标签,title_or_tag,1,1,government:1,job_69123941a6e3b432b72e,鞍山调查队业务科室四级主任科员（1）,鞍山调查队业务科室四级主任科员（1）
鞍山调查队业务科室四级主任科员（2）,岗位标签,title_or_tag,1,1,government:1,job_33eeb5b9091f7b9e1944,鞍山调查队业务科室四级主任科员（2）,鞍山调查队业务科室四级主任科员（2）
韩语,岗位标签,title_or_tag,1,1,government:1,job_d6efc1aca63c81c50b18,地区业务处室一级主任科员及以下,韩语
音乐表演、舞蹈表演、舞蹈学、舞蹈教育,岗位标签,title_or_tag,1,1,government:1,job_ed7731cf2d1c8854a7c3,边检站一级警长及以下（十四）,音乐表演、舞蹈表演、舞蹈学、舞蹈教育
韶关海关缉私分局一级警长及以下,岗位标签,title_or_tag,1,1,government:1,job_5c6338f39667c8ca66ac,韶关海关缉私分局一级警长及以下,韶关海关缉私分局一级警长及以下
顺德调查队一级科员,岗位标签,title_or_tag,1,1,government:1,job_02ce83da51d2592d0788,顺德调查队一级科员,顺德调查队一级科员
预报科一级主任科员及以下,岗位标签,title_or_tag,1,1,government:1,job_518bb7d170613ef6a742,预报科一级主任科员及以下,预报科一级主任科员及以下
预算及财务岗位一级主任科员及以下,岗位标签,title_or_tag,1,1,government:1,job_7793777a7add603069ab,预算及财务岗位一级主任科员及以下,预算及财务岗位一级主任科员及以下
预算和财务管理,岗位标签,title_or_tag,1,1,government:1,job_b60c1f7652e40a62f18b,预算和财务管理,预算和财务管理
预算财务处一级主任科员及以下,岗位标签,title_or_tag,1,1,government:1,job_803a0d750872879b0e15,预算财务处一级主任科员及以下,预算财务处一级主任科员及以下
预防医学、临床医学、基础医学、中西医临床医学,岗位标签,title_or_tag,1,1,government:1,job_6b759c7474ebf1e611ed,卫生检疫一级行政执法员,预防医学、临床医学、基础医学、中西医临床医学
预防医学、卫生检验与检疫、临床医学、卫生监督、流行病与卫生统计学,岗位标签,title_or_tag,1,1,government:1,job_b29f55f0460551e4b643,驻晋江办事处卫生检疫四级主办及以下,预防医学、卫生检验与检疫、临床医学、卫生监督、流行病与卫生统计学
额敏调查队一级科员（1）,岗位标签,title_or_tag,1,1,government:1,job_b43f990a1aa31460d4fb,额敏调查队一级科员（1）,额敏调查队一级科员（1）
额敏调查队一级科员（2）,岗位标签,title_or_tag,1,1,government:1,job_6042fa558fed081b2c1e,额敏调查队一级科员（2）,额敏调查队一级科员（2）
风控,安全,business,1,1,government:1,job_abbfd37bf19bf7e29b06,综合处一级主任科员及以下,职位简介：从事中央国家机关事业单位社会保险经办管理、职业年金投资、账户管理、参保征缴、社会保险基金结算、转移接续、待遇核定和稽核风控等业务，以及综合文稿起草等工作
风险管理（电子信息化类）二级主管及以下,岗位标签,title_or_tag,1,1,government:1,job_da21c1ef8fbd79c51760,风险管理（电子信息化类）二级主管及以下,风险管理（电子信息化类）二级主管及以下
风险防控四级主管及以下,岗位标签,title_or_tag,1,1,government:1,job_46da07ea5b67a85e5465,风险防控四级主管及以下,风险防控四级主管及以下
风险防控（电子信息化类）专业技术员,岗位标签,title_or_tag,1,1,government:1,job_522ce3d6a0319c52256c,风险防控（电子信息化类）专业技术员,风险防控（电子信息化类）专业技术员
风险防控（电子信息化类）二级主管及以下,岗位标签,title_or_tag,1,1,government:1,job_dd8b931fc03ac350e3ec,风险防控（电子信息化类）二级主管及以下,风险防控（电子信息化类）二级主管及以下
飞行器设计、制造、维修相关专业，飞行器动力装置设计、制造、维修相关专业,岗位标签,title_or_tag,1,1,government:1,job_052645aea3fc06766a87,适航维修处一级主任科员及以下,飞行器设计、制造、维修相关专业，飞行器动力装置设计、制造、维修相关专业
飞行器设计、航空宇航科学与技术、航空工程专业,岗位标签,title_or_tag,1,1,government:1,job_b7c002535cbd31df4008,适航审定处一级主任科员及以下,飞行器设计、航空宇航科学与技术、航空工程专业
飞行技术,岗位标签,title_or_tag,1,1,government:1,job_cb10b680658966b7bb9b,飞行标准处一级主任科员及以下,飞行技术
飞行技术（飞机驾驶）,岗位标签,title_or_tag,1,1,government:1,job_388d8aa35c360df65878,飞行标准处一级主任科员及以下,飞行技术（飞机驾驶）
食品、化妆品检验二级主办及以下（一）,岗位标签,title_or_tag,1,1,government:1,job_72bae96f5dff00f8523c,食品、化妆品检验二级主办及以下（一）,食品、化妆品检验二级主办及以下（一）
食品、化妆品检验二级主办及以下（二）,岗位标签,title_or_tag,1,1,government:1,job_3b0f3363237f2390cf9e,食品、化妆品检验二级主办及以下（二）,食品、化妆品检验二级主办及以下（二）
食品安全一级行政执法员,岗位标签,title_or_tag,1,1,government:1,job_229d7ee6d60e078b5639,食品安全一级行政执法员,食品安全一级行政执法员
食品安全一级行政执法员（一）,岗位标签,title_or_tag,1,1,government:1,job_04ae829e03e431c6fe66,食品安全一级行政执法员（一）,食品安全一级行政执法员（一）
食品安全一级行政执法员（二）,岗位标签,title_or_tag,1,1,government:1,job_0b14033efb795e17558b,食品安全一级行政执法员（二）,食品安全一级行政执法员（二）
食品安全四级主办及以下,岗位标签,title_or_tag,1,1,government:1,job_948c583ec47073bf22c4,食品安全四级主办及以下,食品安全四级主办及以下
食品安全四级主办及以下（一）,岗位标签,title_or_tag,1,1,government:1,job_c3626afe0842834f3d5b,食品安全四级主办及以下（一）,食品安全四级主办及以下（一）
食品安全四级主办及以下（二）,岗位标签,title_or_tag,1,1,government:1,job_d01f5f03fb712ef8a17f,食品安全四级主办及以下（二）,食品安全四级主办及以下（二）
食品查验四级主办及以下（一）,岗位标签,title_or_tag,1,1,government:1,job_c56dc8904b91dcc9efa8,食品查验四级主办及以下（一）,食品查验四级主办及以下（一）
食品查验四级主办及以下（二）,岗位标签,title_or_tag,1,1,government:1,job_fe125a01fe4cacbbd6ce,食品查验四级主办及以下（二）,食品查验四级主办及以下（二）
食品检验四级主办及以下（三）,岗位标签,title_or_tag,1,1,government:1,job_301c7d5ff8392c2ba3ff,食品检验四级主办及以下（三）,食品检验四级主办及以下（三）
食品检验监管四级主办及以下（一）,岗位标签,title_or_tag,1,1,government:1,job_e93d4417984a25742bc2,食品检验监管四级主办及以下（一）,食品检验监管四级主办及以下（一）
食品检验监管四级主办及以下（二）,岗位标签,title_or_tag,1,1,government:1,job_c348d19ee2d74ada890c,食品检验监管四级主办及以下（二）,食品检验监管四级主办及以下（二）
食品科学与工程、食品质量与安全、粮食工程、乳品工程、食品安全与检测,岗位标签,title_or_tag,1,1,government:1,job_a54eda5fc72e28f4422f,食品检验一级行政执法员,食品科学与工程、食品质量与安全、粮食工程、乳品工程、食品安全与检测
食品科学与工程、食品质量与安全、粮食工程、食品安全与检测,岗位标签,title_or_tag,1,1,government:1,job_ae75aabd78afea233682,食品检验监管一级行政执法员,食品科学与工程、食品质量与安全、粮食工程、食品安全与检测
食品科学与工程、食品质量与安全、食品安全与检测、生物科学、生物技术、生物工程,岗位标签,title_or_tag,1,1,government:1,job_9d526d033ae5647e1a0a,食品安全监管一级行政执法员,食品科学与工程、食品质量与安全、食品安全与检测、生物科学、生物技术、生物工程
食品科学与工程、食品质量与安全、食品安全与检测、粮食工程、食品卫生与营养学,岗位标签,title_or_tag,1,1,government:1,job_cae908da88c366682e5e,动植物和食品检验检疫处食品检验监管专业技术员,食品科学与工程、食品质量与安全、食品安全与检测、粮食工程、食品卫生与营养学
食品科学与工程、食品质量与安全、食品安全与检测、粮食工程、食品营养与检验教育,岗位标签,title_or_tag,1,1,government:1,job_08c5558b34a3a6b1ff89,食品检验监管一级行政执法员,食品科学与工程、食品质量与安全、食品安全与检测、粮食工程、食品营养与检验教育
食品科学与工程、食品质量与安全、食品安全与检测、食品卫生与营养学,岗位标签,title_or_tag,1,1,government:1,job_c2226eebcb00f82e5619,食品检验监管一级行政执法员,食品科学与工程、食品质量与安全、食品安全与检测、食品卫生与营养学
食品科学与工程、食品质量与安全、食品安全与检测、食品科学、农产品加工及贮藏工程,岗位标签,title_or_tag,1,1,government:1,job_c10c6a1fa555c2e2fff9,食品检验监管四级主办及以下,食品科学与工程、食品质量与安全、食品安全与检测、食品科学、农产品加工及贮藏工程
食品科学与工程、食品质量与安全、食品安全与检测、食品科学、水产品加工及贮藏工程,岗位标签,title_or_tag,1,1,government:1,job_948c583ec47073bf22c4,食品安全四级主办及以下,食品科学与工程、食品质量与安全、食品安全与检测、食品科学、水产品加工及贮藏工程
饶河出入境边防检查站一级警长及以下,岗位标签,title_or_tag,1,1,government:1,job_e35a288260b0236e39d3,饶河出入境边防检查站一级警长及以下,饶河出入境边防检查站一级警长及以下
饶阳调查队一级科员,岗位标签,title_or_tag,1,1,government:1,job_d80efb94edfb0d5b6931,饶阳调查队一级科员,饶阳调查队一级科员
马克思主义理论、中共党史党建学,岗位标签,title_or_tag,1,1,government:1,job_0c7161a213578d3f099d,一级主任科员及以下,马克思主义理论、中共党史党建学
马克思主义理论、中国现当代文学、新闻学、传播学、新闻与传播硕士,岗位标签,title_or_tag,1,1,government:1,job_c79f06fb95696928def3,一级行政执法员（十）,马克思主义理论、中国现当代文学、新闻学、传播学、新闻与传播硕士
马克思主义理论、中国语言文学（限中国现当代文学、语言学及应用语言学）,岗位标签,title_or_tag,1,1,government:1,job_1444000cd2122d7eee6c,机关党委一级主任科员及以下,马克思主义理论、中国语言文学（限中国现当代文学、语言学及应用语言学）
马克思主义理论类、中国语言文学类、新闻传播学类、财政学类、财会审计类、统计学类,岗位标签,title_or_tag,1,1,government:1,job_0a271b625b041189a1da,一级行政执法员（四）,马克思主义理论类、中国语言文学类、新闻传播学类、财政学类、财会审计类、统计学类
马克思主义理论类、中国语言文学类及历史学、哲学学科门类专业,岗位标签,title_or_tag,1,1,government:1,job_326106f240d9937063d0,马克思主义理论类和文史哲,马克思主义理论类、中国语言文学类及历史学、哲学学科门类专业
马克思主义理论类和文史哲,岗位标签,title_or_tag,1,1,government:1,job_326106f240d9937063d0,马克思主义理论类和文史哲,马克思主义理论类和文史哲
马克思主义理论类（专业代码0305）,岗位标签,title_or_tag,1,1,government:1,job_83dd8fc810a231fb4504,综合部门一级主任科员及以下,马克思主义理论类（专业代码0305）
马克思主义理论类，汉语言文学、汉语言、新闻学、传播学,岗位标签,title_or_tag,1,1,government:1,job_e295d1e3ad975e9f5ea9,文字综合一级行政执法员,马克思主义理论类，汉语言文学、汉语言、新闻学、传播学
马克思主义理论（0305）、中共党史党建学（0307）,岗位标签,title_or_tag,1,1,government:1,job_ba940a8ad74f542b107f,执勤队一级警长及以下（五）,马克思主义理论（0305）、中共党史党建学（0307）
马村边检站一级警长及以下,岗位标签,title_or_tag,1,1,government:1,job_e75c85769251fd62eae6,马村边检站一级警长及以下,马村边检站一级警长及以下
马迹山边检站一级警长及以下,岗位标签,title_or_tag,1,1,government:1,job_fe119e6f13d4d079d0d6,马迹山边检站一级警长及以下,马迹山边检站一级警长及以下
驻安溪办事处海关业务二级主办及以下,岗位标签,title_or_tag,1,1,government:1,job_c45c3d8dbcb0d6e399eb,驻安溪办事处海关业务二级主办及以下,驻安溪办事处海关业务二级主办及以下
驻安溪办事处科技管理（统计分析应用类）四级主办及以下,岗位标签,title_or_tag,1,1,government:1,job_c921d0c93e83d6260d99,驻安溪办事处科技管理（统计分析应用类）四级主办及以下,驻安溪办事处科技管理（统计分析应用类）四级主办及以下
驻快安办事处法制管理四级主办,岗位标签,title_or_tag,1,1,government:1,job_8fcabc5f5469afc4725a,驻快安办事处法制管理四级主办,驻快安办事处法制管理四级主办
驻快安办事处海关业务二级主办及以下,岗位标签,title_or_tag,1,1,government:1,job_fba1c1fdc73d109aad6f,驻快安办事处海关业务二级主办及以下,驻快安办事处海关业务二级主办及以下
驻招远办事处食品检验监管四级主办及以下,岗位标签,title_or_tag,1,1,government:1,job_2d353bfc74cb5a0dfb8e,驻招远办事处食品检验监管四级主办及以下,驻招远办事处食品检验监管四级主办及以下
驻晋江办事处卫生检疫四级主办及以下,岗位标签,title_or_tag,1,1,government:1,job_b29f55f0460551e4b643,驻晋江办事处卫生检疫四级主办及以下,驻晋江办事处卫生检疫四级主办及以下
驻泉港办事处科技管理（电子信息化类）四级主办及以下,岗位标签,title_or_tag,1,1,government:1,job_794ae96900d570919493,驻泉港办事处科技管理（电子信息化类）四级主办及以下,驻泉港办事处科技管理（电子信息化类）四级主办及以下
驻石狮办事处食品监管四级主办及以下,岗位标签,title_or_tag,1,1,government:1,job_7f652c5ff6ec7483d2f0,驻石狮办事处食品监管四级主办及以下,驻石狮办事处食品监管四级主办及以下
驻福清办事处法制管理四级主办,岗位标签,title_or_tag,1,1,government:1,job_aac7be5bdb04ee9645f3,驻福清办事处法制管理四级主办,驻福清办事处法制管理四级主办
驻福清办事处科技管理（机械自动化类）四级主办及以下,岗位标签,title_or_tag,1,1,government:1,job_deac30abc5502fc09194,驻福清办事处科技管理（机械自动化类）四级主办及以下,驻福清办事处科技管理（机械自动化类）四级主办及以下
驻福清办事处科技管理（电子信息化类）四级主办及以下,岗位标签,title_or_tag,1,1,government:1,job_baf8d04a912032fa2f99,驻福清办事处科技管理（电子信息化类）四级主办及以下,驻福清办事处科技管理（电子信息化类）四级主办及以下
驻福清办事处综合管理一级行政执法员,岗位标签,title_or_tag,1,1,government:1,job_6c47cf73855193c550fe,驻福清办事处综合管理一级行政执法员,驻福清办事处综合管理一级行政执法员
驻罗源湾办事处卫生检疫四级主办及以下,岗位标签,title_or_tag,1,1,government:1,job_eb7e8dca3c5424ab9ca0,驻罗源湾办事处卫生检疫四级主办及以下,驻罗源湾办事处卫生检疫四级主办及以下
驻罗源湾办事处科技管理（电子信息化类）四级主办及以下,岗位标签,title_or_tag,1,1,government:1,job_7ea007b812685d4c70e5,驻罗源湾办事处科技管理（电子信息化类）四级主办及以下,驻罗源湾办事处科技管理（电子信息化类）四级主办及以下
驻邮局办事处科技管理（电子信息化类）四级主办及以下,岗位标签,title_or_tag,1,1,government:1,job_9d5a0abe8cc96d347477,驻邮局办事处科技管理（电子信息化类）四级主办及以下,驻邮局办事处科技管理（电子信息化类）四级主办及以下
驻马店调查队业务科室四级主任科员及以下,岗位标签,title_or_tag,1,1,government:1,job_f392426f1e02a8ec290b,驻马店调查队业务科室四级主任科员及以下,驻马店调查队业务科室四级主任科员及以下
高崎出入境边防检查站一级警长及以下（一）,岗位标签,title_or_tag,1,1,government:1,job_ff3d4cbbe1d8dd3f67fa,高崎出入境边防检查站一级警长及以下（一）,高崎出入境边防检查站一级警长及以下（一）
高崎出入境边防检查站一级警长及以下（二）,岗位标签,title_or_tag,1,1,government:1,job_6f4c63c9a31d86302a6f,高崎出入境边防检查站一级警长及以下（二）,高崎出入境边防检查站一级警长及以下（二）
高新技术产业开发区税务分局一级行政执法员（一）,岗位标签,title_or_tag,1,1,government:1,job_d2505082c929c825e8cb,高新技术产业开发区税务分局一级行政执法员（一）,高新技术产业开发区税务分局一级行政执法员（一）
高新技术产业开发区税务分局一级行政执法员（二）,岗位标签,title_or_tag,1,1,government:1,job_cc95fcea1f550174cad1,高新技术产业开发区税务分局一级行政执法员（二）,高新技术产业开发区税务分局一级行政执法员（二）
魏县河务局一级主任科员及以下,岗位标签,title_or_tag,1,1,government:1,job_2200ee3e2487833b5095,魏县河务局一级主任科员及以下,魏县河务局一级主任科员及以下
鲅鱼圈出入境边防检查站一级警长及以下（一）,岗位标签,title_or_tag,1,1,government:1,job_449609c5de768c930a38,鲅鱼圈出入境边防检查站一级警长及以下（一）,鲅鱼圈出入境边防检查站一级警长及以下（一）
鲅鱼圈出入境边防检查站一级警长及以下（二）,岗位标签,title_or_tag,1,1,government:1,job_929ab55a39a3a324b268,鲅鱼圈出入境边防检查站一级警长及以下（二）,鲅鱼圈出入境边防检查站一级警长及以下（二）
鸡西调查队业务科一级科员,岗位标签,title_or_tag,1,1,government:1,job_ce1cb6b72ce9c251e583,鸡西调查队业务科一级科员,鸡西调查队业务科一级科员
鸡西边境管理支队一级警长及以下,岗位标签,title_or_tag,1,1,government:1,job_ec60a34e6cbfac8f02f1,鸡西边境管理支队一级警长及以下,鸡西边境管理支队一级警长及以下
鹤岗边境管理支队一级警长及以下（一）,岗位标签,title_or_tag,1,1,government:1,job_54259002fece5093e9db,鹤岗边境管理支队一级警长及以下（一）,鹤岗边境管理支队一级警长及以下（一）
鹤岗边境管理支队一级警长及以下（二）,岗位标签,title_or_tag,1,1,government:1,job_d0f1af352dbae799fdcc,鹤岗边境管理支队一级警长及以下（二）,鹤岗边境管理支队一级警长及以下（二）
黄埔边检站一级警长及以下（一）,岗位标签,title_or_tag,1,1,government:1,job_7343e12dd3820593942d,黄埔边检站一级警长及以下（一）,黄埔边检站一级警长及以下（一）
黄埔边检站一级警长及以下（三）,岗位标签,title_or_tag,1,1,government:1,job_84d5f43a0c30e890390d,黄埔边检站一级警长及以下（三）,黄埔边检站一级警长及以下（三）
黄埔边检站一级警长及以下（二）,岗位标签,title_or_tag,1,1,government:1,job_f0b0641d10ea5c05a269,黄埔边检站一级警长及以下（二）,黄埔边检站一级警长及以下（二）
黄埔边检站警务技术一级主管及以下,岗位标签,title_or_tag,1,1,government:1,job_35c4983fded33e6b397d,黄埔边检站警务技术一级主管及以下,黄埔边检站警务技术一级主管及以下
黄山边检站一级警长及以下,岗位标签,title_or_tag,1,1,government:1,job_950e7c5886e26c142977,黄山边检站一级警长及以下,黄山边检站一级警长及以下
黄岛海关缉私分局一级警长及以下,岗位标签,title_or_tag,1,1,government:1,job_85a527f3cfdf4f3d1a7a,黄岛海关缉私分局一级警长及以下,黄岛海关缉私分局一级警长及以下
黄梅调查队一级科员,岗位标签,title_or_tag,1,1,government:1,job_657c6caf91a7959ce0ff,黄梅调查队一级科员,黄梅调查队一级科员
黄石调查队业务科室一级科员,岗位标签,title_or_tag,1,1,government:1,job_1b31527144c6080fa6c6,黄石调查队业务科室一级科员,黄石调查队业务科室一级科员
黄骅边检站一级警长及以下（一）,岗位标签,title_or_tag,1,1,government:1,job_15c0637733c6d7dbae30,黄骅边检站一级警长及以下（一）,黄骅边检站一级警长及以下（一）
黄骅边检站一级警长及以下（二）,岗位标签,title_or_tag,1,1,government:1,job_dd8f31b411ce6db62fe6,黄骅边检站一级警长及以下（二）,黄骅边检站一级警长及以下（二）
黑山调查队一级科员,岗位标签,title_or_tag,1,1,government:1,job_a4c1a52bcb89e72b66c0,黑山调查队一级科员,黑山调查队一级科员
黑河出入境边防检查站一级警长及以下(一),岗位标签,title_or_tag,1,1,government:1,job_0fe37767370dd3ce0113,黑河出入境边防检查站一级警长及以下(一),黑河出入境边防检查站一级警长及以下(一)
黑河出入境边防检查站一级警长及以下(三),岗位标签,title_or_tag,1,1,government:1,job_8551981996143754356c,黑河出入境边防检查站一级警长及以下(三),黑河出入境边防检查站一级警长及以下(三)
黑河出入境边防检查站一级警长及以下(二),岗位标签,title_or_tag,1,1,government:1,job_5f9c6560ab262cc772b5,黑河出入境边防检查站一级警长及以下(二),黑河出入境边防检查站一级警长及以下(二)
黑龙江调查总队综合处室四级主任科员（1）,岗位标签,title_or_tag,1,1,government:1,job_cd1ea233d78873396018,黑龙江调查总队综合处室四级主任科员（1）,黑龙江调查总队综合处室四级主任科员（1）
黑龙江调查总队综合处室四级主任科员（2）,岗位标签,title_or_tag,1,1,government:1,job_65533621a0a38fffaa00,黑龙江调查总队综合处室四级主任科员（2）,黑龙江调查总队综合处室四级主任科员（2）
黑龙江调查总队综合处室四级主任科员（3）,岗位标签,title_or_tag,1,1,government:1,job_40d2a49fd0d9681c8bff,黑龙江调查总队综合处室四级主任科员（3）,黑龙江调查总队综合处室四级主任科员（3）
齐齐哈尔调查队业务科一级科员,岗位标签,title_or_tag,1,1,government:1,job_10b4db3abc90a47a07f2,齐齐哈尔调查队业务科一级科员,齐齐哈尔调查队业务科一级科员
龙泉调查队一级科员,岗位标签,title_or_tag,1,1,government:1,job_71063181c7396ff4a7b6,龙泉调查队一级科员,龙泉调查队一级科员
龙邦出入境边防检查站一级警长及以下（一）,岗位标签,title_or_tag,1,1,government:1,job_053b1b2b43177e6ad459,龙邦出入境边防检查站一级警长及以下（一）,龙邦出入境边防检查站一级警长及以下（一）
龙邦出入境边防检查站一级警长及以下（三）,岗位标签,title_or_tag,1,1,government:1,job_1d702d3f475d1e846964,龙邦出入境边防检查站一级警长及以下（三）,龙邦出入境边防检查站一级警长及以下（三）
龙邦出入境边防检查站一级警长及以下（二）,岗位标签,title_or_tag,1,1,government:1,job_0224df30d8a5ea4dc147,龙邦出入境边防检查站一级警长及以下（二）,龙邦出入境边防检查站一级警长及以下（二）
龙邦出入境边防检查站一级警长及以下（五）,岗位标签,title_or_tag,1,1,government:1,job_a07323e0f59ba9e0b4c1,龙邦出入境边防检查站一级警长及以下（五）,龙邦出入境边防检查站一级警长及以下（五）
龙邦出入境边防检查站一级警长及以下（四）,岗位标签,title_or_tag,1,1,government:1,job_ae20489d09f4e674e7e8,龙邦出入境边防检查站一级警长及以下（四）,龙邦出入境边防检查站一级警长及以下（四）
