normalized_skill,kg_display_skill,skill_type,standard_categories,standard_jobs,first_seen_month,last_seen_month,first_seen_job_id,last_seen_job_id,mention_count,source_job_ids,source_count,sources,updated_at
AIGC,AI,new,AI算法; 算法; 多媒体; 软件研发; 测试质量; AI安全; 技术支持; AI应用; 安全; AI基础设施,多模态算法工程师; 广告算法工程师; 图形图像工程师; AI Agent算法工程师; C++开发工程师; Android开发工程师; 后端开发工程师; 全栈开发工程师; 质量工程师; 客户端开发工程师; AI安全工程师; 控制算法工程师; iOS开发工程师; 计算机视觉算法工程师; 推荐算法工程师; 搜索算法工程师; 技术支持工程师; 大模型应用工程师; 安全工程师; Go开发工程师; NLP算法工程师; 音视频工程师; Java开发工程师; AI Infra工程师; 大模型测试工程师; 大模型算法工程师; 算法研究员; AI应用工程师; 算法工程师,2024-12,2026-07,GEN000254,GEN002039,152,GEN000254; GEN000255; GEN000343; GEN000517; GEN002013; GEN000256; GEN000257; GEN000658; GEN000979; GEN001085; GEN000259; GEN000746; GEN000878; GEN000928; GEN001043; GEN000168; GEN000261; GEN000663; GEN001992; GEN002021; GEN000262; GEN001139; GEN000265; GEN000266; GEN000355; GEN000356; GEN000443; GEN000490; GEN000884; GEN000886; GEN001875; GEN001993; GEN001994; GEN000197; GEN000312; GEN001017; GEN001018; GEN001144; GEN001995; GEN001996; GEN000270; GEN000359; GEN000668; GEN000890; GEN000891; GEN001019; GEN001997; GEN001998; GEN000175; GEN000274; GEN000318; GEN000361; GEN000671; GEN001052; GEN001101; GEN001104; GEN000276; GEN000277; GEN000364; GEN000534; GEN000897; GEN000899; GEN001021; GEN002001; GEN000205; GEN000278; GEN000323; GEN000324; GEN000366; GEN000459; GEN000496; GEN000539; GEN000776; GEN001110; GEN001152; GEN000461; GEN000462; GEN000781; GEN002031; GEN000370; GEN000466; GEN000675; GEN000782; GEN000784; GEN000785; GEN000906; GEN000956; GEN001028; GEN001064; GEN001157; GEN001158; GEN001159; GEN000284; GEN000285; GEN000287; GEN000329; GEN000372; GEN000468; GEN000469; GEN000501; GEN000788; GEN000792; GEN000911; GEN002004; GEN002033; GEN000176; GEN000208; GEN000289; GEN000471; GEN000504; GEN000678; GEN000961; GEN000964; GEN002005; GEN000177; GEN000336; GEN000377; GEN000507; GEN000547; GEN000680; GEN000797; GEN000914; GEN000915; GEN000966; GEN001033; GEN001163; GEN000508; GEN000801; GEN000804; GEN000805; GEN000917; GEN001124; GEN001126; GEN001166; GEN001885; GEN002037; GEN000380; GEN000476; GEN000511; GEN000986; GEN001127; GEN001168; GEN000214; GEN000382; GEN000513; GEN000682; GEN000810; GEN000811; GEN001038; GEN001076; GEN001172; GEN002039,152,base_event_stream,2026-07-24T06:07:21+00:00
AIops,系统与运维,new,软件研发; 基础设施; 通信; AI算法; 产品; 测试质量; 数据; 安全; AI应用; 技术支持; AI基础设施,Android开发工程师; 网络工程师; 运维工程师; 通信工程师; 机器学习算法工程师; AI产品经理; 测试开发工程师; 数据工程师; 信息安全工程师; 数据库工程师; 软件架构师; AI应用工程师; 数据开发工程师; 测试工程师; 解决方案工程师; AI Infra工程师; 大模型应用工程师; 算法工程师,2024-12,2026-07,GEN001078,GEN001825,84,GEN001078; GEN001079; GEN001081; GEN001802; GEN001085; GEN001661; GEN001662; GEN002060; GEN000599; GEN001087; GEN001088; GEN002307; GEN001089; GEN001554; GEN001805; GEN002063; GEN000603; GEN001092; GEN001668; GEN002310; GEN001093; GEN001769; GEN001806; GEN001832; GEN000606; GEN001096; GEN002314; GEN000610; GEN001098; GEN000611; GEN000612; GEN001102; GEN001566; GEN001770; GEN001836; GEN002071; GEN002317; GEN001105; GEN001286; GEN002075; GEN001288; GEN001289; GEN001838; GEN001291; GEN001573; GEN001674; GEN001772; GEN001815; GEN001840; GEN000620; GEN001292; GEN001675; GEN001676; GEN002325; GEN001294; GEN001576; GEN002327; GEN000627; GEN001296; GEN001679; GEN001681; GEN001842; GEN000103; GEN000630; GEN002331; GEN000106; GEN000108; GEN000109; GEN000633; GEN001300; GEN001683; GEN002091; GEN000111; GEN000112; GEN000634; GEN000636; GEN001685; GEN001687; GEN001823; GEN001845; GEN002094; GEN000113; GEN000114; GEN001825,84,base_event_stream,2026-07-24T06:07:21+00:00
AI基础设施,AI,new,数据; 软件研发; 测试质量; 基础设施,数据平台工程师; 驱动开发工程师; 测试工程师; 软件开发工程师; 服务器工程师; 数据库工程师,2025-05,2026-07,GEN001831,GEN001847,10,GEN001831; GEN001251; GEN001837; GEN001259; GEN001264; GEN001265; GEN001844; GEN001863; GEN001864; GEN001847,10,base_event_stream,2026-07-24T06:07:21+00:00
AI安全,安全,new,软件研发; 安全; AI安全; AI应用; 硬件; 芯片,后端开发工程师; 网络安全工程师; AI安全工程师; 前端开发工程师; AI应用工程师; 硬件工程师; 安全工程师; 芯片设计工程师; AI Agent应用工程师; 大模型应用工程师,2025-01,2026-07,GEN000057,GEN001799,30,GEN000057; GEN001737; GEN000166; GEN000167; GEN001739; GEN000125; GEN001778; GEN001779; GEN000128; GEN001745; GEN001746; GEN001747; GEN001782; GEN001749; GEN001784; GEN001785; GEN001750; GEN001786; GEN001788; GEN001789; GEN001791; GEN000142; GEN001792; GEN000105; GEN001760; GEN001796; GEN001763; GEN001797; GEN001764; GEN001799,30,base_event_stream,2026-07-24T06:07:21+00:00
AI工作流设计,AI,new,AI算法; AI应用; 软件研发; 多媒体; 数据; AI基础设施,大模型算法工程师; AI应用工程师; 前端开发工程师; 音视频工程师; 系统软件工程师; 嵌入式软件工程师; 多模态算法工程师; AI Agent应用工程师; 大数据开发工程师; 语音算法工程师; C++开发工程师; 数据开发工程师; AI Infra工程师,2024-12,2026-06,GEN000001,GEN001387,29,GEN000001; GEN000116; GEN000003; GEN000121; GEN001182; GEN001368; GEN000007; GEN000122; GEN000008; GEN001186; GEN001188; GEN001189; GEN001191; GEN001372; GEN000014; GEN000130; GEN000201; GEN001374; GEN000020; GEN000021; GEN000985; GEN001381; GEN001383; GEN001205; GEN001206; GEN000150; GEN000212; GEN000048; GEN001387,29,base_event_stream,2026-07-24T06:07:21+00:00
AI工具,大模型,new,软件研发; 数据; 芯片; AI应用; 测试质量; 机器人; 基础设施; AI安全,客户端开发工程师; 嵌入式软件工程师; 驱动开发工程师; 数据工程师; 芯片验证工程师; 后端开发工程师; AI应用工程师; 质量工程师; 前端开发工程师; 软件开发工程师; iOS开发工程师; 机器人软件工程师; 数据开发工程师; 运维工程师; 大模型应用工程师; 数据分析师; AI安全工程师,2024-12,2026-07,GEN001041,GEN001620,66,GEN001041; GEN001212; GEN001215; GEN001233; GEN001234; GEN001445; GEN002151; GEN000744; GEN000747; GEN001237; GEN002154; GEN001600; GEN002157; GEN000754; GEN000825; GEN001601; GEN001244; GEN001245; GEN001047; GEN001048; GEN001246; GEN001248; GEN000767; GEN001052; GEN002162; GEN000836; GEN001054; GEN001222; GEN001251; GEN001252; GEN001608; GEN001253; GEN001254; GEN000781; GEN001061; GEN001224; GEN001610; GEN001674; GEN000783; GEN000786; GEN002163; GEN001257; GEN002164; GEN000793; GEN001679; GEN001070; GEN001071; GEN001261; GEN001471; GEN002167; GEN000802; GEN000861; GEN001263; GEN001682; GEN001684; GEN000808; GEN000865; GEN000867; GEN001227; GEN001619; GEN002170; GEN001076; GEN001268; GEN001477; GEN001478; GEN001620,66,base_event_stream,2026-07-24T06:07:21+00:00
AI应用开发,AI,new,AI算法; 软件研发; 算法; 安全; 机器人; 数据; 芯片; 基础设施; 硬件; 测试质量; 多媒体; 产品,计算机视觉算法工程师; 系统软件工程师; 广告算法工程师; 软件开发工程师; 安全工程师; 机器人软件工程师; 数据平台工程师; Java开发工程师; 芯片设计工程师; 客户端开发工程师; 运维工程师; 云计算工程师; 网络安全工程师; Android开发工程师; 硬件工程师; 大数据开发工程师; 测试开发工程师; 数据仓库工程师; 图形图像工程师; AI产品经理,2024-12,2026-07,GEN000342,GEN002334,51,GEN000342; GEN001173; GEN000520; GEN001313; GEN001315; GEN001317; GEN001776; GEN001184; GEN001322; GEN000356; GEN000935; GEN001190; GEN000527; GEN001045; GEN001328; GEN000529; GEN000530; GEN001332; GEN001335; GEN001565; GEN001336; GEN001057; GEN001059; GEN001340; GEN000954; GEN001343; GEN000370; GEN000955; GEN001346; GEN001347; GEN001577; GEN002328; GEN000545; GEN001349; GEN001350; GEN001352; GEN000965; GEN000968; GEN001353; GEN001355; GEN001584; GEN001357; GEN001359; GEN001796; GEN000969; GEN001797; GEN001798; GEN000552; GEN001365; GEN001800; GEN002334,51,base_event_stream,2026-07-24T06:07:21+00:00
AI测试,AI,new,测试质量; AI安全; AI算法; 芯片,质量工程师; AI安全工程师; 测试开发工程师; 语音算法工程师; 芯片验证工程师; 大模型测试工程师,2025-01,2026-07,GEN001594,GEN001591,27,GEN001594; GEN001595; GEN001596; GEN001550; GEN001551; GEN001556; GEN001561; GEN001562; GEN001563; GEN001605; GEN001566; GEN001607; GEN001568; GEN001573; GEN001574; GEN001611; GEN001576; GEN001612; GEN001579; GEN001613; GEN001582; GEN001584; GEN001586; GEN001617; GEN001588; GEN001590; GEN001591,27,base_event_stream,2026-07-24T06:07:21+00:00
AI算法,AI,new,软件研发; 基础设施; 测试质量; 芯片; 硬件; AI应用; 数据; 机器人; 技术支持; 算法; AI算法,C++开发工程师; 服务器工程师; 测试工程师; 云计算工程师; 芯片验证工程师; 热设计工程师; 大模型应用工程师; 驱动开发工程师; 硬件工程师; 数据平台工程师; 机器人软件工程师; AI应用工程师; 解决方案工程师; 后端开发工程师; 数据分析师; 广告算法工程师; AI Agent应用工程师; 数据工程师; 前端开发工程师; iOS开发工程师; 大模型算法工程师; 算法工程师; 大模型测试工程师,2024-12,2026-07,GEN000975,GEN001940,76,GEN000975; GEN001132; GEN001621; GEN001623; GEN001696; GEN002152; GEN002268; GEN000067; GEN001239; GEN002155; GEN002271; GEN001624; GEN002273; GEN001243; GEN001707; GEN001625; GEN001626; GEN001709; GEN001246; GEN001247; GEN001627; GEN001710; GEN001711; GEN002278; GEN001250; GEN001904; GEN002280; GEN002281; GEN002282; GEN000087; GEN001456; GEN001908; GEN002286; GEN000541; GEN000542; GEN000094; GEN001462; GEN002288; GEN000543; GEN000851; GEN001464; GEN001722; GEN001723; GEN001923; GEN002164; GEN000101; GEN000545; GEN001259; GEN001260; GEN001532; GEN002165; GEN002291; GEN002292; GEN000104; GEN000858; GEN001163; GEN001469; GEN001536; GEN001727; GEN000106; GEN000108; GEN000109; GEN001538; GEN001933; GEN001934; GEN002298; GEN001267; GEN001476; GEN001541; GEN002170; GEN002299; GEN001477; GEN001544; GEN001731; GEN001939; GEN001940,76,base_event_stream,2026-07-24T06:07:21+00:00
AI芯片,硬件与芯片,new,硬件; 自动驾驶; AI算法,硬件工程师; 自动驾驶算法工程师; 机器学习算法工程师; 大模型算法工程师; 算法工程师,2024-12,2026-07,GEN002261,GEN002301,15,GEN002261; GEN000187; GEN002263; GEN000595; GEN000191; GEN002282; GEN000616; GEN002287; GEN002289; GEN002291; GEN002292; GEN000632; GEN000213; GEN002300; GEN002301,15,base_event_stream,2026-07-24T06:07:21+00:00
ASR,大模型,new,软件研发,Android开发工程师; iOS开发工程师; 客户端开发工程师,2025-03,2026-07,GEN001086,GEN001130,13,GEN001086; GEN001048; GEN001053; GEN001106; GEN001110; GEN001062; GEN001066; GEN001070; GEN001123; GEN001072; GEN001074; GEN001129; GEN001130,13,base_event_stream,2026-07-24T06:07:21+00:00
AUTOSAR,行业应用,traditional,测试质量; AI算法; 硬件,测试工程师; 测试开发工程师; 语音算法工程师; 硬件工程师,2024-12,2026-04,GEN001621,GEN001583,12,GEN001621; GEN001622; GEN001552; GEN001624; GEN001558; GEN001562; GEN001563; GEN001627; GEN001628; GEN001566; GEN001573; GEN001583,12,base_event_stream,2026-07-24T06:07:21+00:00
Agent,大模型,new,测试质量; 算法; AI应用; 基础设施; 软件研发; 安全; 多媒体; AI算法; 芯片; 产品; 通信; 数据; AI基础设施,大模型测试工程师; 广告算法工程师; 大模型应用工程师; 数据库工程师; 风控算法工程师; 后端开发工程师; Android开发工程师; 质量工程师; 安全工程师; 信息安全工程师; 图形图像工程师; AI Agent应用工程师; 机器学习算法工程师; C++开发工程师; AI应用工程师; 软件开发工程师; DevOps工程师; 运维工程师; 芯片验证工程师; 系统软件工程师; AI产品经理; 通信工程师; 算法工程师; iOS开发工程师; 芯片测试工程师; 算法研究员; 客户端开发工程师; 数据开发工程师; 网络安全工程师; NLP算法工程师; 大数据开发工程师; 芯片设计工程师; 多模态算法工程师; 大模型算法工程师; 数据工程师; 测试工程师; 数据平台工程师; 数据仓库工程师; AI Infra工程师; 数据挖掘算法工程师; Java开发工程师; 语音算法工程师,2024-12,2026-07,GEN000300,GEN002335,214,GEN000300; GEN000516; GEN000654; GEN001826; GEN000556; GEN000742; GEN000743; GEN001081; GEN001594; GEN001735; GEN001736; GEN001766; GEN002015; GEN002016; GEN002100; GEN000560; GEN000979; GEN001084; GEN001311; GEN001313; GEN001634; GEN001661; GEN001662; GEN001829; GEN002018; GEN002152; GEN001183; GEN001316; GEN002019; GEN002307; GEN002308; GEN000749; GEN000750; GEN001319; GEN001664; GEN001666; GEN002021; GEN002022; GEN002063; GEN002156; GEN000567; GEN000752; GEN001139; GEN001186; GEN001636; GEN000665; GEN000754; GEN000755; GEN000982; GEN001093; GEN001670; GEN001741; GEN002158; GEN002312; GEN000312; GEN000313; GEN000667; GEN000757; GEN001096; GEN001327; GEN001639; GEN002026; GEN002067; GEN002159; GEN000314; GEN000315; GEN000669; GEN000762; GEN001099; GEN001145; GEN001146; GEN001194; GEN001329; GEN001330; GEN001640; GEN001641; GEN002117; GEN002118; GEN002160; GEN002316; GEN000273; GEN000319; GEN000531; GEN001104; GEN001148; GEN001746; GEN001770; GEN002072; GEN002073; GEN002122; GEN002162; GEN002317; GEN000320; GEN000321; GEN000322; GEN000534; GEN000673; GEN000769; GEN000771; GEN001107; GEN001151; GEN001608; GEN001644; GEN002123; GEN002124; GEN002320; GEN000324; GEN000774; GEN000775; GEN000777; GEN001750; GEN002030; GEN002076; GEN002077; GEN002078; GEN002125; GEN002126; GEN000325; GEN000674; GEN000778; GEN000780; GEN000984; GEN001154; GEN001840; GEN002079; GEN002128; GEN002323; GEN002324; GEN000675; GEN000783; GEN000786; GEN000787; GEN001114; GEN001157; GEN001676; GEN002082; GEN000329; GEN000582; GEN000676; GEN000790; GEN000791; GEN001116; GEN001648; GEN001755; GEN002131; GEN002164; GEN002328; GEN000332; GEN000333; GEN000793; GEN001118; GEN001119; GEN001160; GEN001161; GEN001352; GEN001649; GEN002135; GEN002330; GEN000334; GEN000335; GEN000336; GEN000586; GEN000680; GEN000798; GEN001121; GEN001759; GEN002035; GEN002137; GEN002138; GEN000338; GEN000805; GEN001124; GEN001165; GEN001208; GEN001617; GEN001683; GEN001684; GEN001844; GEN002037; GEN002091; GEN002141; GEN002142; GEN000339; GEN000340; GEN000551; GEN000652; GEN000653; GEN000806; GEN000807; GEN000809; GEN001169; GEN001763; GEN001845; GEN002038; GEN002093; GEN002143; GEN002144; GEN002145; GEN000297; GEN000341; GEN000552; GEN000589; GEN000814; GEN001131; GEN001172; GEN001211; GEN001654; GEN001690; GEN001764; GEN002095; GEN002096; GEN002146; GEN002172; GEN002335,214,base_event_stream,2026-07-24T06:07:21+00:00
Ai coding,AI,new,软件研发; 基础设施; 产品; AI应用; 数据; 芯片; 机器人; AI安全; 测试质量; AI算法; 安全; 技术支持; 算法,Android开发工程师; 服务器工程师; iOS开发工程师; 软件开发工程师; AI产品经理; 前端开发工程师; AI应用工程师; C++开发工程师; 数据平台工程师; DevOps工程师; 芯片验证工程师; Java开发工程师; 机器人算法工程师; 运维工程师; AI安全工程师; 测试开发工程师; 大模型算法工程师; 信息安全工程师; 网络安全工程师; 嵌入式软件工程师; 质量工程师; 数据仓库工程师; 技术支持工程师; 风控算法工程师,2024-12,2026-07,GEN001077,GEN001954,79,GEN001077; GEN001132; GEN001134; GEN001309; GEN002304; GEN000817; GEN000978; GEN000979; GEN001411; GEN001634; GEN002153; GEN000930; GEN001944; GEN001319; GEN002156; GEN000934; GEN000980; GEN001139; GEN001413; GEN001946; GEN000936; GEN001141; GEN001637; GEN000173; GEN000827; GEN001097; GEN001326; GEN001328; GEN001638; GEN001639; GEN002159; GEN002313; GEN002314; GEN001640; GEN000174; GEN000833; GEN000945; GEN000946; GEN001642; GEN002161; GEN002162; GEN000948; GEN000949; GEN000950; GEN001150; GEN001151; GEN001336; GEN001644; GEN001949; GEN000951; GEN000952; GEN001340; GEN001645; GEN000846; GEN001342; GEN000847; GEN000849; GEN000853; GEN000958; GEN002328; GEN000855; GEN000857; GEN001423; GEN002165; GEN000860; GEN000966; GEN001356; GEN002167; GEN001425; GEN000866; GEN000867; GEN000971; GEN002170; GEN000868; GEN000869; GEN000871; GEN000972; GEN001428; GEN001954,79,base_event_stream,2026-07-24T06:07:21+00:00
Android,软件开发,traditional,AI应用; 软件研发; 基础设施; 芯片; AI算法; 多媒体; 测试质量; 机器人; 数据,AI应用工程师; 客户端开发工程师; Android开发工程师; 服务器工程师; 驱动开发工程师; 芯片设计工程师; 计算机视觉算法工程师; 机器学习算法工程师; AI Agent应用工程师; 图形图像工程师; 软件开发工程师; 全栈开发工程师; iOS开发工程师; 嵌入式软件工程师; 语音算法工程师; 测试开发工程师; 机器人软件工程师; 数据开发工程师; 音视频工程师; 算法工程师,2024-12,2026-07,GEN000116,GEN002039,110,GEN000116; GEN001041; GEN001079; GEN001132; GEN001230; GEN002097; GEN000345; GEN000386; GEN001233; GEN002099; GEN002102; GEN000119; GEN000347; GEN001083; GEN002018; GEN001086; GEN001235; GEN001315; GEN000353; GEN000880; GEN001090; GEN002022; GEN000123; GEN001091; GEN001140; GEN001216; GEN001240; GEN001093; GEN000357; GEN000394; GEN000888; GEN000889; GEN001095; GEN001096; GEN001097; GEN001244; GEN001326; GEN002114; GEN000890; GEN000891; GEN000892; GEN001049; GEN001146; GEN001246; GEN001247; GEN001248; GEN000401; GEN001050; GEN001103; GEN001148; GEN001249; GEN001334; GEN000364; GEN001053; GEN001056; GEN001106; GEN001150; GEN001337; GEN001057; GEN001058; GEN001059; GEN001254; GEN001341; GEN002030; GEN002125; GEN000136; GEN000367; GEN000410; GEN000903; GEN000904; GEN001112; GEN001156; GEN001225; GEN002127; GEN000370; GEN000907; GEN001114; GEN001158; GEN001159; GEN002048; GEN001069; GEN001115; GEN001116; GEN001257; GEN002033; GEN000144; GEN000373; GEN000912; GEN000913; GEN001349; GEN002136; GEN000147; GEN000375; GEN001120; GEN001164; GEN001073; GEN000154; GEN000155; GEN000381; GEN001167; GEN001169; GEN001228; GEN001266; GEN000920; GEN001170; GEN001171; GEN001172; GEN001268; GEN001364; GEN002039,110,base_event_stream,2026-07-24T06:07:21+00:00
Android Framework,软件开发,traditional,硬件; 软件研发; 芯片; 机器人,结构工程师; Android开发工程师; 系统软件工程师; Java开发工程师; 驱动开发工程师; 客户端开发工程师; 芯片验证工程师; 机器人算法工程师; 芯片设计工程师,2024-12,2026-07,GEN000922,GEN001131,35,GEN000922; GEN001079; GEN001174; GEN001175; GEN000925; GEN001235; GEN001185; GEN000981; GEN001187; GEN001240; GEN000936; GEN001094; GEN000939; GEN001095; GEN001192; GEN001193; GEN001247; GEN001248; GEN001195; GEN001250; GEN001196; GEN001199; GEN000953; GEN001111; GEN001112; GEN000955; GEN001256; GEN000958; GEN001204; GEN001260; GEN001263; GEN001265; GEN001266; GEN001130; GEN001131,35,base_event_stream,2026-07-24T06:07:21+00:00
Angular,编程语言,traditional,软件研发; AI应用,前端开发工程师; AI Agent应用工程师; AI应用工程师,2025-01,2026-05,GEN000815,GEN000862,15,GEN000815; GEN000817; GEN000818; GEN000819; GEN000823; GEN000827; GEN000834; GEN000840; GEN000136; GEN000139; GEN000855; GEN000148; GEN000859; GEN000861; GEN000862,15,base_event_stream,2026-07-24T06:07:21+00:00
Ascend,硬件与芯片,new,AI基础设施; 算法; AI算法; 基础设施,AI Infra工程师; 搜索算法工程师; 机器学习算法工程师; 网络工程师,2025-01,2026-07,GEN000185,GEN000638,10,GEN000185; GEN000195; GEN000198; GEN000199; GEN000610; GEN000209; GEN000628; GEN000212; GEN000632; GEN000638,10,base_event_stream,2026-07-24T06:07:21+00:00
Attention机制,大模型,new,AI算法,算法工程师; 计算机视觉算法工程师,2025-11,2026-07,GEN000703,GEN000737,8,GEN000703; GEN000707; GEN000708; GEN000713; GEN000731; GEN000732; GEN000733; GEN000737,8,base_event_stream,2026-07-24T06:07:21+00:00
AutoGen,大模型,new,技术支持; AI算法,技术支持工程师; 算法工程师; 计算机视觉算法工程师,2024-12,2026-05,GEN001867,GEN001884,6,GEN001867; GEN001878; GEN000707; GEN000708; GEN001883; GEN001884,6,base_event_stream,2026-07-24T06:07:21+00:00
C/C++,编程语言,traditional,测试质量; AI基础设施; AI算法; 算法; 软件研发; 数据; 自动驾驶; 多媒体; 通信; 芯片; 硬件; 基础设施; AI应用; 安全; 机器人; AI安全; 技术支持; 产品,大模型测试工程师; AI Infra工程师; AIGC算法工程师; 计算机视觉算法工程师; 广告算法工程师; 推荐算法工程师; 搜索算法工程师; 风控算法工程师; 机器学习算法工程师; AI Agent算法工程师; C++开发工程师; 客户端开发工程师; Android开发工程师; 软件架构师; 数据仓库工程师; 自动驾驶算法工程师; 图形图像工程师; 通信工程师; 芯片设计工程师; 电源工程师; 网络工程师; NLP算法工程师; 语音算法工程师; 大模型算法工程师; 数据挖掘算法工程师; 算法研究员; Java开发工程师; 嵌入式软件工程师; iOS开发工程师; 数据分析师; AI应用工程师; 安全工程师; 机器人算法工程师; 硬件工程师; AI Agent应用工程师; 网络安全工程师; 测试工程师; 芯片验证工程师; 大模型应用工程师; 音视频工程师; Python开发工程师; 云计算工程师; 数据库工程师; AI安全工程师; 后端开发工程师; 数据平台工程师; 机器人软件工程师; 芯片测试工程师; 多模态算法工程师; Go开发工程师; 控制算法工程师; DevOps工程师; 运维工程师; 解决方案工程师; 前端开发工程师; 质量工程师; AI产品经理; 算法工程师,2024-12,2026-07,GEN000161,GEN002172,423,GEN000161; GEN000183; GEN000184; GEN000216; GEN000342; GEN000343; GEN000433; GEN000479; GEN000480; GEN000517; GEN000553; GEN000554; GEN000590; GEN000655; GEN000974; GEN001041; GEN001077; GEN001078; GEN001269; GEN001390; GEN001502; GEN001973; GEN002013; GEN002014; GEN002040; GEN002057; GEN002098; GEN002189; GEN002190; GEN000185; GEN000186; GEN000217; GEN000218; GEN000302; GEN000303; GEN000344; GEN000385; GEN000386; GEN000434; GEN000482; GEN000593; GEN000594; GEN000640; GEN000656; GEN000657; GEN000924; GEN000926; GEN000977; GEN001081; GEN001082; GEN001134; GEN001135; GEN001215; GEN001271; GEN001444; GEN001482; GEN001633; GEN001735; GEN001775; GEN001943; GEN001975; GEN002015; GEN002058; GEN002263; GEN002264; GEN002265; GEN000004; GEN000060; GEN000349; GEN000435; GEN000484; GEN000560; GEN000561; GEN000596; GEN000641; GEN000642; GEN000658; GEN000978; GEN000979; GEN001136; GEN001392; GEN001737; GEN001828; GEN002018; GEN002060; GEN002153; GEN002266; GEN000066; GEN000189; GEN000387; GEN000437; GEN000485; GEN000598; GEN000599; GEN001976; GEN001977; GEN002020; GEN002045; GEN002269; GEN000191; GEN000309; GEN000487; GEN000565; GEN000663; GEN000931; GEN000992; GEN001089; GEN001090; GEN001277; GEN001508; GEN001703; GEN001830; GEN001945; GEN001979; GEN002021; GEN002063; GEN002156; GEN000071; GEN000170; GEN000194; GEN000390; GEN000391; GEN000440; GEN000489; GEN000751; GEN000753; GEN000933; GEN001092; GEN001217; GEN001740; GEN001777; GEN001831; GEN001946; GEN001959; GEN001980; GEN002023; GEN002110; GEN002157; GEN002173; GEN002174; GEN002273; GEN002274; GEN000074; GEN000172; GEN000266; GEN000393; GEN000569; GEN000982; GEN000995; GEN001016; GEN001141; GEN001396; GEN001511; GEN001706; GEN001778; GEN001833; GEN001993; GEN002066; GEN002112; GEN002175; GEN002176; GEN000197; GEN000357; GEN000394; GEN000527; GEN000572; GEN000644; GEN000666; GEN000759; GEN000937; GEN000939; GEN001143; GEN001282; GEN001283; GEN001638; GEN001709; GEN001779; GEN001961; GEN001983; GEN002026; GEN002159; GEN000014; GEN000080; GEN000316; GEN000396; GEN000397; GEN000398; GEN000445; GEN000492; GEN000530; GEN000573; GEN000574; GEN000608; GEN000942; GEN000943; GEN000997; GEN001049; GEN001100; GEN001145; GEN001284; GEN001514; GEN001515; GEN001627; GEN001780; GEN001781; GEN001998; GEN002070; GEN002160; GEN002177; GEN000085; GEN000273; GEN000399; GEN000400; GEN000450; GEN000494; GEN000532; GEN000533; GEN000576; GEN000947; GEN000998; GEN001052; GEN001101; GEN001455; GEN001489; GEN001643; GEN001713; GEN001836; GEN001948; GEN002121; GEN002161; GEN002162; GEN000019; GEN000020; GEN000236; GEN000275; GEN000363; GEN000364; GEN000402; GEN000614; GEN000772; GEN001055; GEN001149; GEN001223; GEN001287; GEN001518; GEN001837; GEN002029; GEN002074; GEN002179; GEN002180; GEN002283; GEN002284; GEN000278; GEN000280; GEN000323; GEN000406; GEN000455; GEN000458; GEN000459; GEN000579; GEN000776; GEN001289; GEN001751; GEN002078; GEN002126; GEN000463; GEN000497; GEN000618; GEN000619; GEN000780; GEN000953; GEN000984; GEN001062; GEN001155; GEN001224; GEN001225; GEN001290; GEN001291; GEN001460; GEN001524; GEN001718; GEN001719; GEN001788; GEN001789; GEN001839; GEN001840; GEN002002; GEN002080; GEN002128; GEN000093; GEN000369; GEN000412; GEN000499; GEN001157; GEN001526; GEN001790; GEN001952; GEN002003; GEN002082; GEN002129; GEN002163; GEN002183; GEN002288; GEN000095; GEN000096; GEN000286; GEN000287; GEN000330; GEN000415; GEN000468; GEN000543; GEN000651; GEN000788; GEN000960; GEN001466; GEN001756; GEN001792; GEN002004; GEN002034; GEN002083; GEN002131; GEN002164; GEN000035; GEN000099; GEN000100; GEN000176; GEN000244; GEN000245; GEN000246; GEN000289; GEN000419; GEN000793; GEN000963; GEN001161; GEN001295; GEN001403; GEN001533; GEN001649; GEN001724; GEN001757; GEN001794; GEN002005; GEN002050; GEN002086; GEN002134; GEN002165; GEN002292; GEN000037; GEN000247; GEN000292; GEN000336; GEN000420; GEN000472; GEN000630; GEN000966; GEN001003; GEN001033; GEN001120; GEN001122; GEN001123; GEN001163; GEN001164; GEN001498; GEN001534; GEN001536; GEN001727; GEN001728; GEN001759; GEN001985; GEN002139; GEN002166; GEN002167; GEN002186; GEN000044; GEN000211; GEN000212; GEN000295; GEN000337; GEN000378; GEN000425; GEN000474; GEN000508; GEN001762; GEN001844; GEN001970; GEN002092; GEN002140; GEN002141; GEN000339; GEN000511; GEN000588; GEN000652; GEN000681; GEN000970; GEN000971; GEN001005; GEN001168; GEN001228; GEN001229; GEN001303; GEN001653; GEN001763; GEN002009; GEN002143; GEN002169; GEN002187; GEN002206; GEN000049; GEN000382; GEN000430; GEN000973; GEN001008; GEN001170; GEN001545; GEN001546; GEN001731; GEN001988; GEN001989; GEN002012; GEN002039; GEN002146; GEN002171; GEN002172,423,base_event_stream,2026-07-24T06:07:21+00:00
CI/CD,系统与运维,traditional,基础设施; AI应用; 测试质量; 软件研发; 芯片; 硬件; AI算法; 算法,运维工程师; AI应用工程师; 大模型测试工程师; Java开发工程师; DevOps工程师; iOS开发工程师; 测试开发工程师; 测试工程师; 芯片测试工程师; AI Agent应用工程师; 硬件工程师; AI Agent算法工程师; 芯片设计工程师; 算法工程师; 风控算法工程师; 大模型算法工程师,2024-12,2026-07,GEN001657,GEN000973,60,GEN001657; GEN000118; GEN001504; GEN001659; GEN000119; GEN000931; GEN001635; GEN001665; GEN000933; GEN000934; GEN001140; GEN001555; GEN001556; GEN001624; GEN001636; GEN000935; GEN001638; GEN002116; GEN000940; GEN001628; GEN001641; GEN000947; GEN001147; GEN001643; GEN000948; GEN000950; GEN001569; GEN001571; GEN000953; GEN000954; GEN001573; GEN000957; GEN001676; GEN000958; GEN000959; GEN001528; GEN001529; GEN001530; GEN000143; GEN000144; GEN001649; GEN001680; GEN000146; GEN000148; GEN001162; GEN001581; GEN002139; GEN000152; GEN001538; GEN001539; GEN001651; GEN000154; GEN000156; GEN000971; GEN001168; GEN001542; GEN001631; GEN000160; GEN000972; GEN000973,60,base_event_stream,2026-07-24T06:07:21+00:00
CSS,编程语言,traditional,AI算法; 基础设施; AI应用; 软件研发; 安全; 数据; 硬件; AI安全,NLP算法工程师; 网络工程师; AI应用工程师; 嵌入式软件工程师; 前端开发工程师; Go开发工程师; AI Agent应用工程师; 大模型应用工程师; 运维工程师; 全栈开发工程师; Android开发工程师; 软件开发工程师; 网络安全工程师; 数据开发工程师; 硬件工程师; AI安全工程师; 大数据开发工程师,2024-12,2026-07,GEN000299,GEN001365,61,GEN000299; GEN001801; GEN000117; GEN000303; GEN001215; GEN000816; GEN001011; GEN001012; GEN000065; GEN000121; GEN000819; GEN001804; GEN000820; GEN000821; GEN000070; GEN000822; GEN001216; GEN001667; GEN000124; GEN000885; GEN001219; GEN000887; GEN001095; GEN001096; GEN001221; GEN001327; GEN000315; GEN001808; GEN000318; GEN000834; GEN000894; GEN001809; GEN000132; GEN000839; GEN000897; GEN001336; GEN001337; GEN000841; GEN000902; GEN000844; GEN000905; GEN001225; GEN001343; GEN000138; GEN001676; GEN001818; GEN000851; GEN000854; GEN000911; GEN001346; GEN001681; GEN001355; GEN000864; GEN001034; GEN001359; GEN001036; GEN001127; GEN001227; GEN001228; GEN000871; GEN001365,61,base_event_stream,2026-07-24T06:07:21+00:00
CUDA,硬件与芯片,new,AI算法; 软件研发; AI应用; 硬件; 基础设施; 机器人; 数据; 芯片,语音算法工程师; 机器学习算法工程师; NLP算法工程师; 后端开发工程师; 大模型应用工程师; 硬件工程师; 运维工程师; 服务器工程师; 机器人软件工程师; 电源工程师; 大模型算法工程师; 客户端开发工程师; 数据平台工程师; AI Agent应用工程师; 芯片设计工程师; AI应用工程师; C++开发工程师,2024-12,2026-07,GEN000383,GEN001971,69,GEN000383; GEN000384; GEN000385; GEN000386; GEN000593; GEN000594; GEN000596; GEN000308; GEN000389; GEN000749; GEN001664; GEN002271; GEN000390; GEN000603; GEN001668; GEN001852; GEN001854; GEN001960; GEN000313; GEN000394; GEN001961; GEN000315; GEN001856; GEN000320; GEN000404; GEN000614; GEN000769; GEN000324; GEN000407; GEN000616; GEN000773; GEN000776; GEN001857; GEN001858; GEN001966; GEN000787; GEN001967; GEN000329; GEN000788; GEN001677; GEN002290; GEN000417; GEN000626; GEN000794; GEN000795; GEN002133; GEN002135; GEN000420; GEN000630; GEN000798; GEN002139; GEN002295; GEN000338; GEN000632; GEN000805; GEN001683; GEN001684; GEN002141; GEN002297; GEN000634; GEN000635; GEN000636; GEN000808; GEN000986; GEN000341; GEN000431; GEN000637; GEN000638; GEN001971,69,base_event_stream,2026-07-24T06:07:21+00:00
ClickHouse,数据工程,traditional,AI应用; AI算法; 软件研发; 数据; AI安全; 自动驾驶; 基础设施; 算法,AI Agent应用工程师; 算法工程师; C++开发工程师; Go开发工程师; 数据工程师; AI安全工程师; 系统软件工程师; AI应用工程师; 数据平台工程师; 大模型算法工程师; 自动驾驶算法工程师; 运维工程师; 搜索算法工程师; 大数据开发工程师; 大模型应用工程师; 多模态算法工程师; AI Agent算法工程师,2024-12,2026-07,GEN000053,GEN001388,40,GEN000053; GEN000684; GEN000975; GEN001009; GEN001481; GEN000481; GEN001178; GEN000978; GEN001179; GEN001411; GEN001484; GEN000190; GEN001013; GEN001014; GEN001665; GEN001187; GEN001668; GEN000195; GEN001416; GEN000494; GEN001418; GEN001024; GEN001198; GEN001377; GEN001419; GEN001026; GEN000093; GEN000285; GEN000286; GEN001493; GEN001382; GEN001033; GEN001384; GEN000211; GEN001208; GEN000511; GEN000734; GEN001036; GEN000737; GEN001388,40,base_event_stream,2026-07-24T06:07:21+00:00
Context Engineering,大模型,new,AI应用; 软件研发; 算法; 基础设施; AI算法,AI应用工程师; Java开发工程师; 风控算法工程师; 数据库工程师; AI Agent应用工程师; 算法工程师,2025-01,2026-07,GEN000117,GEN000972,28,GEN000117; GEN000924; GEN000120; GEN000559; GEN001832; GEN000939; GEN001834; GEN000574; GEN000129; GEN000575; GEN000131; GEN000132; GEN000581; GEN000583; GEN000958; GEN000144; GEN000145; GEN000586; GEN000967; GEN000968; GEN000149; GEN000150; GEN000152; GEN001843; GEN000156; GEN000587; GEN000160; GEN000972,28,base_event_stream,2026-07-24T06:07:21+00:00
DPO,大模型,new,数据; AI算法; AI应用,数据工程师; AIGC算法工程师; 大模型算法工程师; AI应用工程师,2025-01,2026-04,GEN001483,GEN001498,14,GEN001483; GEN000219; GEN000221; GEN000224; GEN000231; GEN000236; GEN001490; GEN000237; GEN000241; GEN000242; GEN001495; GEN000247; GEN000248; GEN001498,14,base_event_stream,2026-07-24T06:07:21+00:00
DeepSpeed,大模型,new,算法; 硬件; 机器人; 基础设施; AI应用; 数据; 软件研发; 测试质量; AI算法,推荐算法工程师; 硬件工程师; 机器人软件工程师; 云计算工程师; AI应用工程师; 数据工程师; Python开发工程师; 大模型测试工程师; 多模态算法工程师,2025-02,2026-07,GEN000435,GEN001546,29,GEN000435; GEN000436; GEN002270; GEN001958; GEN001704; GEN001959; GEN001709; GEN001962; GEN001963; GEN001714; GEN001964; GEN000451; GEN001001; GEN001717; GEN000463; GEN001719; GEN001966; GEN000466; GEN000469; GEN000470; GEN001726; GEN001728; GEN002295; GEN000475; GEN001970; GEN001005; GEN001006; GEN001545; GEN001546,29,base_event_stream,2026-07-24T06:07:21+00:00
DevOps,系统与运维,traditional,基础设施; AI算法; 技术支持; 测试质量; AI安全; 芯片; AI应用,网络工程师; 计算机视觉算法工程师; 技术支持工程师; 质量工程师; AI安全工程师; 芯片验证工程师; 测试开发工程师; 大模型测试工程师; AI应用工程师; 大模型算法工程师,2024-12,2026-07,GEN001801,GEN002171,37,GEN001801; GEN001866; GEN001867; GEN001594; GEN001595; GEN002152; GEN002153; GEN002155; GEN001555; GEN001872; GEN001512; GEN001560; GEN001603; GEN001879; GEN001561; GEN001562; GEN001564; GEN001808; GEN002160; GEN001518; GEN001519; GEN001813; GEN001523; GEN001815; GEN001527; GEN001574; GEN001611; GEN001818; GEN001819; GEN001528; GEN001820; GEN001536; GEN001582; GEN001619; GEN001822; GEN001824; GEN002171,37,base_event_stream,2026-07-24T06:07:21+00:00
Diffusion,大模型,new,AI算法; 算法; 软件研发; 机器人; 多媒体,计算机视觉算法工程师; 推荐算法工程师; 后端开发工程师; 机器人软件工程师; 音视频工程师; 图形图像工程师; 算法工程师,2025-01,2026-07,GEN000344,GEN002055,29,GEN000344; GEN000345; GEN000348; GEN000351; GEN000436; GEN000352; GEN000439; GEN001958; GEN000442; GEN001960; GEN000446; GEN001963; GEN000363; GEN000454; GEN001965; GEN000367; GEN002047; GEN000369; GEN000370; GEN000372; GEN000373; GEN002050; GEN000377; GEN002051; GEN002052; GEN000379; GEN002053; GEN000381; GEN002055,29,base_event_stream,2026-07-24T06:07:21+00:00
Diffusion模型,大模型,new,AI算法; 自动驾驶; 算法,AIGC算法工程师; 自动驾驶算法工程师; 控制算法工程师; 算法工程师; 计算机视觉算法工程师,2024-12,2026-07,GEN000216,GEN002012,25,GEN000216; GEN001973; GEN001990; GEN001974; GEN001991; GEN000220; GEN001979; GEN001992; GEN001980; GEN001981; GEN000233; GEN001999; GEN002000; GEN002001; GEN000237; GEN002002; GEN000241; GEN002003; GEN000242; GEN000244; GEN000246; GEN000248; GEN002007; GEN000249; GEN002012,25,base_event_stream,2026-07-24T06:07:21+00:00
Docker,系统与运维,traditional,基础设施; AI算法; 软件研发; 测试质量; AI应用; 数据; 安全; 算法; 自动驾驶; 芯片; AI安全; AI基础设施; 机器人,网络工程师; 多模态算法工程师; 系统软件工程师; 大模型测试工程师; 测试开发工程师; AI应用工程师; 大模型应用工程师; 数据仓库工程师; 运维工程师; 云计算工程师; 安全工程师; 风控算法工程师; 信息安全工程师; 数据库工程师; 服务器工程师; AI Agent应用工程师; Go开发工程师; 自动驾驶算法工程师; 大模型算法工程师; Python开发工程师; 数据开发工程师; 算法工程师; 数据平台工程师; 芯片设计工程师; AI安全工程师; DevOps工程师; 质量工程师; AI Infra工程师; 网络安全工程师; 机器人软件工程师,2024-12,2026-07,GEN000054,GEN001688,115,GEN000054; GEN000254; GEN001174; GEN001175; GEN001503; GEN001548; GEN001549; GEN001692; GEN001177; GEN001391; GEN001658; GEN001659; GEN001693; GEN001734; GEN001735; GEN001766; GEN001827; GEN001849; GEN000060; GEN000164; GEN001011; GEN001768; GEN000189; GEN000190; GEN001182; GEN001699; GEN001976; GEN001977; GEN000993; GEN001978; GEN001188; GEN001981; GEN000264; GEN000266; GEN000995; GEN001190; GEN001707; GEN001806; GEN000013; GEN000173; GEN001397; GEN001779; GEN000082; GEN000695; GEN001020; GEN001640; GEN001780; GEN001835; GEN000084; GEN000999; GEN001642; GEN001643; GEN001782; GEN001022; GEN001399; GEN001519; GEN000090; GEN001023; GEN001024; GEN001522; GEN001645; GEN001813; GEN001814; GEN001838; GEN000024; GEN001026; GEN001524; GEN001572; GEN001772; GEN001815; GEN001817; GEN001857; GEN000027; GEN000206; GEN001527; GEN001574; GEN001721; GEN001791; GEN000286; GEN001529; GEN001530; GEN000176; GEN001030; GEN001403; GEN001724; GEN001757; GEN001758; GEN000293; GEN000723; GEN001003; GEN001004; GEN001206; GEN001536; GEN001537; GEN001759; GEN001985; GEN000106; GEN000211; GEN001540; GEN001651; GEN001761; GEN001762; GEN000047; GEN000112; GEN001036; GEN001037; GEN001407; GEN001652; GEN001686; GEN001846; GEN000051; GEN001007; GEN001008; GEN001039; GEN001688,115,base_event_stream,2026-07-24T06:07:21+00:00
Elasticsearch,数据工程,traditional,算法; 软件研发; 安全; AI算法; 测试质量; 芯片; 技术支持; 数据,搜索算法工程师; Go开发工程师; 安全工程师; AIGC算法工程师; 大模型测试工程师; C++开发工程师; 软件架构师; 多模态算法工程师; AI Agent算法工程师; 后端开发工程师; Java开发工程师; 软件开发工程师; 芯片验证工程师; 网络安全工程师; 解决方案工程师; 信息安全工程师; 数据仓库工程师; 客户端开发工程师; 风控算法工程师,2024-12,2026-07,GEN000479,GEN000514,87,GEN000479; GEN001009; GEN001733; GEN000217; GEN000976; GEN000977; GEN001734; GEN000745; GEN001011; GEN001273; GEN000259; GEN000260; GEN000485; GEN000746; GEN000747; GEN000929; GEN000930; GEN001317; GEN000934; GEN000981; GEN001740; GEN000266; GEN000756; GEN000936; GEN001016; GEN001281; GEN001324; GEN001325; GEN001769; GEN000268; GEN001397; GEN000231; GEN000764; GEN000941; GEN001020; GEN001285; GEN001329; GEN001743; GEN001745; GEN000232; GEN000274; GEN000493; GEN000766; GEN000768; GEN000772; GEN001021; GEN001022; GEN001336; GEN001399; GEN001748; GEN000278; GEN000775; GEN001910; GEN000283; GEN000953; GEN001772; GEN001916; GEN000955; GEN001028; GEN001918; GEN001920; GEN000960; GEN001347; GEN001402; GEN001922; GEN000288; GEN000289; GEN000290; GEN000964; GEN001351; GEN001404; GEN001925; GEN000248; GEN000292; GEN000797; GEN000799; GEN000800; GEN000967; GEN001356; GEN001930; GEN000250; GEN001035; GEN001360; GEN000971; GEN001362; GEN001363; GEN000514,87,base_event_stream,2026-07-24T06:07:21+00:00
Embedding,大模型,new,基础设施; AI算法; AI应用; 测试质量; 软件研发; AI基础设施,网络工程师; AI Agent算法工程师; NLP算法工程师; 大模型应用工程师; 大模型算法工程师; 测试开发工程师; 全栈开发工程师; AI Agent应用工程师; 客户端开发工程师; AI Infra工程师; 算法工程师,2024-12,2026-06,GEN000054,GEN001588,27,GEN000054; GEN000058; GEN000305; GEN000306; GEN000069; GEN000310; GEN001555; GEN000073; GEN000075; GEN000076; GEN000078; GEN000080; GEN000083; GEN001567; GEN001574; GEN001575; GEN000096; GEN000098; GEN001580; GEN000103; GEN000104; GEN001581; GEN000107; GEN000108; GEN001587; GEN000112; GEN001588,27,base_event_stream,2026-07-24T06:07:21+00:00
Flink,数据工程,traditional,算法; 数据; 测试质量; 安全; AI应用; 软件研发; AI算法; 基础设施; AI安全; 芯片; 技术支持,广告算法工程师; 数据仓库工程师; 测试开发工程师; 信息安全工程师; AI应用工程师; 风控算法工程师; Go开发工程师; 数据平台工程师; 算法工程师; 数据工程师; 运维工程师; 多模态算法工程师; 机器学习算法工程师; 前端开发工程师; 全栈开发工程师; 数据分析师; 网络工程师; 大模型应用工程师; AI安全工程师; 大数据开发工程师; 网络安全工程师; 嵌入式软件工程师; 数据开发工程师; 数据挖掘算法工程师; C++开发工程师; NLP算法工程师; 芯片设计工程师; 大模型算法工程师; 客户端开发工程师; 安全工程师; 搜索算法工程师; 技术支持工程师; 系统软件工程师; 语音算法工程师,2024-12,2026-07,GEN000517,GEN001824,120,GEN000517; GEN001390; GEN001548; GEN001765; GEN000117; GEN000556; GEN001010; GEN001408; GEN001409; GEN001483; GEN001660; GEN001766; GEN000120; GEN000164; GEN000258; GEN000560; GEN001011; GEN001012; GEN001392; GEN001411; GEN001485; GEN001661; GEN001662; GEN000167; GEN000260; GEN000878; GEN001446; GEN001804; GEN000566; GEN001664; GEN000170; GEN000524; GEN001370; GEN001488; GEN001556; GEN001668; GEN000124; GEN000570; GEN000643; GEN000885; GEN001189; GEN001396; GEN001670; GEN000126; GEN000269; GEN000571; GEN000572; GEN000644; GEN000128; GEN000492; GEN001020; GEN001745; GEN000319; GEN000647; GEN000893; GEN001417; GEN001455; GEN000277; GEN000896; GEN000898; GEN001196; GEN001376; GEN001812; GEN001377; GEN001671; GEN001751; GEN001814; GEN000325; GEN000542; GEN000905; GEN001200; GEN001460; GEN001491; GEN001492; GEN001573; GEN001673; GEN001674; GEN001575; GEN001753; GEN000582; GEN000583; GEN000909; GEN000911; GEN000144; GEN000290; GEN000333; GEN000585; GEN000912; GEN000913; GEN001031; GEN001382; GEN001383; GEN001404; GEN001467; GEN001757; GEN001758; GEN000178; GEN000547; GEN001033; GEN001405; GEN001470; GEN001760; GEN000338; GEN000509; GEN001425; GEN001474; GEN001684; GEN001821; GEN000156; GEN000340; GEN001210; GEN001589; GEN000180; GEN000341; GEN000589; GEN001479; GEN001501; GEN001689; GEN001764; GEN001824,120,base_event_stream,2026-07-24T06:07:21+00:00
Flutter,软件开发,traditional,软件研发; 基础设施; 安全,C++开发工程师; Android开发工程师; iOS开发工程师; 软件开发工程师; 前端开发工程师; 服务器工程师; 安全工程师,2024-12,2026-06,GEN000975,GEN001128,39,GEN000975; GEN001077; GEN001135; GEN001308; GEN000817; GEN001087; GEN001137; GEN001089; GEN000983; GEN001093; GEN001141; GEN001323; GEN001324; GEN000827; GEN001097; GEN001144; GEN000831; GEN001100; GEN000834; GEN001102; GEN001151; GEN000840; GEN001341; GEN000844; GEN000846; GEN001111; GEN000847; GEN000848; GEN000850; GEN000853; GEN001118; GEN001160; GEN001121; GEN001162; GEN001163; GEN000864; GEN001126; GEN000987; GEN001128,39,base_event_stream,2026-07-24T06:07:21+00:00
Function Calling,大模型,new,基础设施; 软件研发,运维工程师; 后端开发工程师; 全栈开发工程师; 客户端开发工程师; Go开发工程师,2025-01,2026-07,GEN001658,GEN000813,34,GEN001658; GEN000744; GEN000751; GEN000752; GEN000884; GEN000757; GEN001046; GEN000762; GEN000763; GEN000764; GEN000768; GEN001051; GEN000896; GEN000774; GEN000900; GEN000902; GEN000779; GEN001061; GEN000782; GEN000783; GEN001065; GEN000910; GEN001067; GEN000794; GEN000797; GEN000914; GEN000804; GEN000916; GEN000917; GEN001685; GEN001687; GEN000810; GEN000811; GEN000813,34,base_event_stream,2026-07-24T06:07:21+00:00
GPU,系统与运维,traditional,AI基础设施; AI算法; 芯片; 硬件; 基础设施; AI应用; 技术支持; 软件研发; 机器人; 测试质量; 多媒体,AI Infra工程师; 机器学习算法工程师; 芯片设计工程师; 硬件工程师; 网络工程师; AIGC算法工程师; 计算机视觉算法工程师; 运维工程师; 大模型应用工程师; 芯片验证工程师; 云计算工程师; AI应用工程师; 解决方案工程师; 大模型算法工程师; 算法工程师; 技术支持工程师; iOS开发工程师; 机器人软件工程师; 驱动开发工程师; AI Agent应用工程师; 大模型测试工程师; 音视频工程师,2024-12,2026-07,GEN000182,GEN002056,73,GEN000182; GEN000590; GEN002148; GEN002262; GEN000186; GEN000217; GEN000345; GEN000594; GEN001658; GEN001888; GEN002151; GEN002265; GEN000348; GEN001698; GEN002267; GEN000188; GEN000189; GEN000350; GEN001700; GEN002270; GEN000352; GEN001664; GEN001892; GEN000194; GEN000354; GEN001667; GEN001704; GEN001894; GEN001897; GEN000606; GEN001143; GEN002276; GEN000199; GEN000360; GEN001246; GEN001711; GEN001712; GEN001900; GEN002278; GEN002279; GEN000201; GEN000202; GEN000232; GEN001249; GEN001517; GEN001713; GEN001149; GEN001716; GEN001908; GEN000365; GEN000368; GEN001156; GEN001523; GEN001719; GEN001529; GEN001923; GEN002049; GEN000677; GEN001680; GEN001925; GEN002050; GEN002166; GEN001263; GEN001682; GEN001932; GEN002297; GEN000636; GEN001169; GEN001685; GEN002299; GEN000253; GEN000382; GEN002056,73,base_event_stream,2026-07-24T06:07:21+00:00
GPU内存优化,硬件与芯片,new,数据; AI算法; AI应用; 测试质量,数据平台工程师; 多模态算法工程师; AI应用工程师; 大模型测试工程师; 大模型算法工程师,2024-12,2026-07,GEN001270,GEN000298,9,GEN001270; GEN000261; GEN000262; GEN001514; GEN001518; GEN001525; GEN000293; GEN001543; GEN000298,9,base_event_stream,2026-07-24T06:07:21+00:00
GRPO,大模型,new,算法; AI算法; 安全,风控算法工程师; AIGC算法工程师; 网络安全工程师; AI Agent算法工程师,2024-12,2026-06,GEN000553,GEN000252,11,GEN000553; GEN000225; GEN000227; GEN000569; GEN000570; GEN000228; GEN000234; GEN000243; GEN000244; GEN000251; GEN000252,11,base_event_stream,2026-07-24T06:07:21+00:00
Go,编程语言,traditional,测试质量; AI基础设施; 算法; AI算法; 软件研发; AI应用; 安全; 自动驾驶; AI安全; 机器人; 基础设施; 硬件; 技术支持; 芯片; 数据; 多媒体; 通信,大模型测试工程师; AI Infra工程师; 搜索算法工程师; 机器学习算法工程师; 全栈开发工程师; 客户端开发工程师; AI应用工程师; 软件开发工程师; 测试工程师; 网络安全工程师; 信息安全工程师; 自动驾驶算法工程师; 大模型算法工程师; AI安全工程师; AI Agent算法工程师; 前端开发工程师; 机器人软件工程师; 云计算工程师; 安全工程师; 网络工程师; 电源工程师; 技术支持工程师; 芯片设计工程师; 软件架构师; 系统软件工程师; 大数据开发工程师; 数据平台工程师; 数据仓库工程师; 数据工程师; 机器人算法工程师; 音视频工程师; 语音算法工程师; 风控算法工程师; 服务器工程师; 算法工程师; 后端开发工程师; 芯片验证工程师; 质量工程师; 通信工程师; Go开发工程师; 数据分析师; Java开发工程师; 多模态算法工程师; DevOps工程师; 运维工程师; Android开发工程师; 热设计工程师; NLP算法工程师; AI Agent应用工程师; 推荐算法工程师; 广告算法工程师; 数据开发工程师; AIGC算法工程师; 数据治理工程师; 图形图像工程师; 算法研究员; 芯片测试工程师,2024-12,2026-07,GEN000161,GEN001731,301,GEN000161; GEN000182; GEN000480; GEN000555; GEN000873; GEN001041; GEN001305; GEN001306; GEN001621; GEN001732; GEN001765; GEN000117; GEN000187; GEN000386; GEN000434; GEN000481; GEN000656; GEN000815; GEN001176; GEN001695; GEN001767; GEN001775; GEN001803; GEN001848; GEN001869; GEN002101; GEN000658; GEN000745; GEN000876; GEN001179; GEN001367; GEN001411; GEN001506; GEN000188; GEN000190; GEN000563; GEN001043; GEN001316; GEN001394; GEN001412; GEN001447; GEN001699; GEN001700; GEN001701; GEN001804; GEN001944; GEN002045; GEN002109; GEN000006; GEN000168; GEN000191; GEN000192; GEN000389; GEN000565; GEN000879; GEN001850; GEN001851; GEN000193; GEN000524; GEN000752; GEN000823; GEN000882; GEN000981; GEN001188; GEN001370; GEN001449; GEN001509; GEN001600; GEN001704; GEN001777; GEN001946; GEN002046; GEN002064; GEN000010; GEN000011; GEN000393; GEN000569; GEN000754; GEN000755; GEN000825; GEN001016; GEN001396; GEN001414; GEN001450; GEN001601; GEN001706; GEN001806; GEN000173; GEN000394; GEN000757; GEN000760; GEN000828; GEN001017; GEN001045; GEN001372; GEN001513; GEN001638; GEN001947; GEN000199; GEN000530; GEN000762; GEN000763; GEN000764; GEN000830; GEN000832; GEN001019; GEN001020; GEN001100; GEN001329; GEN001514; GEN001515; GEN001711; GEN001712; GEN001744; GEN001745; GEN001780; GEN001807; GEN001855; GEN001984; GEN000016; GEN000202; GEN000317; GEN000767; GEN000833; GEN000893; GEN000894; GEN000895; GEN001374; GEN001454; GEN001516; GEN001713; GEN001782; GEN001948; GEN002071; GEN002120; GEN002121; GEN000131; GEN000321; GEN000322; GEN000404; GEN000451; GEN000453; GEN000534; GEN000577; GEN000770; GEN000837; GEN000839; GEN000896; GEN001056; GEN001197; GEN001376; GEN001400; GEN001457; GEN001608; GEN001716; GEN001811; GEN001949; GEN002074; GEN000022; GEN000134; GEN000323; GEN000324; GEN000407; GEN000457; GEN000495; GEN000776; GEN000901; GEN000902; GEN001024; GEN001059; GEN001060; GEN001339; GEN001522; GEN001787; GEN001814; GEN001950; GEN002125; GEN000498; GEN000541; GEN000580; GEN000843; GEN000844; GEN001752; GEN001771; GEN001815; GEN001816; GEN000029; GEN000240; GEN000413; GEN000499; GEN000581; GEN000785; GEN000848; GEN000849; GEN000850; GEN000906; GEN001027; GEN001065; GEN001527; GEN001647; GEN001721; GEN001818; GEN001819; GEN001882; GEN002048; GEN000329; GEN000414; GEN000544; GEN000788; GEN000854; GEN000911; GEN001069; GEN001464; GEN001466; GEN001529; GEN001530; GEN001722; GEN001792; GEN001860; GEN000143; GEN000176; GEN000331; GEN000332; GEN000418; GEN000503; GEN000545; GEN000585; GEN000796; GEN000855; GEN001031; GEN001350; GEN001382; GEN001403; GEN001467; GEN001468; GEN001531; GEN001533; GEN001794; GEN002133; GEN000147; GEN000178; GEN000334; GEN000336; GEN000507; GEN000679; GEN000860; GEN000915; GEN001071; GEN001123; GEN001353; GEN001384; GEN001385; GEN001535; GEN001537; GEN001615; GEN001616; GEN001726; GEN002138; GEN000150; GEN000250; GEN000337; GEN000550; GEN000861; GEN000862; GEN000863; GEN001073; GEN001125; GEN001126; GEN001538; GEN001539; GEN001618; GEN001863; GEN002054; GEN002092; GEN002140; GEN000045; GEN000153; GEN000156; GEN000339; GEN000428; GEN000511; GEN000551; GEN000588; GEN000681; GEN000865; GEN001037; GEN001075; GEN001823; GEN001865; GEN001986; GEN002144; GEN000160; GEN000179; GEN000214; GEN000552; GEN001478; GEN001545; GEN001547; GEN001654; GEN001655; GEN001731,301,base_event_stream,2026-07-24T06:07:21+00:00
HBase,数据工程,traditional,AI算法; 硬件; 数据; 多媒体; 软件研发; 产品; 算法; 技术支持,大模型算法工程师; AIGC算法工程师; 硬件工程师; 大数据开发工程师; 数据平台工程师; 音视频工程师; 后端开发工程师; AI产品经理; 数据仓库工程师; 客户端开发工程师; 推荐算法工程师; 算法工程师; 计算机视觉算法工程师; 搜索算法工程师; 技术支持工程师,2024-12,2026-07,GEN001480,GEN001428,36,GEN001480; GEN000221; GEN001274; GEN001367; GEN001410; GEN002042; GEN002043; GEN000746; GEN001276; GEN002045; GEN000224; GEN001395; GEN000751; GEN000752; GEN000753; GEN000756; GEN000228; GEN000757; GEN000446; GEN001415; GEN000233; GEN000765; GEN001375; GEN001417; GEN000237; GEN001377; GEN001419; GEN000498; GEN000778; GEN001491; GEN000502; GEN000245; GEN000507; GEN000510; GEN001427; GEN001428,36,base_event_stream,2026-07-24T06:07:21+00:00
HIL测试,软件测试,traditional,算法,控制算法工程师,2024-12,2026-07,GEN001990,GEN002012,9,GEN001990; GEN001991; GEN001992; GEN001993; GEN001995; GEN001996; GEN002006; GEN002011; GEN002012,9,base_event_stream,2026-07-24T06:07:21+00:00
HTML,编程语言,traditional,软件研发; AI算法; 测试质量; AI应用; 数据; 基础设施,Go开发工程师; 系统软件工程师; NLP算法工程师; 前端开发工程师; 全栈开发工程师; 大模型测试工程师; Python开发工程师; 后端开发工程师; 大模型算法工程师; AI应用工程师; 嵌入式软件工程师; 客户端开发工程师; 数据平台工程师; 网络工程师; Android开发工程师; AI Agent应用工程师; 多模态算法工程师,2024-12,2026-07,GEN001009,GEN001547,77,GEN001009; GEN001175; GEN000302; GEN000815; GEN000874; GEN001504; GEN000876; GEN000989; GEN001012; GEN000167; GEN000306; GEN000746; GEN000818; GEN000877; GEN001013; GEN001182; GEN001507; GEN000880; GEN001015; GEN000822; GEN000823; GEN000881; GEN000882; GEN000883; GEN001217; GEN000755; GEN000825; GEN000886; GEN000995; GEN000827; GEN000828; GEN000829; GEN001220; GEN000314; GEN000315; GEN000761; GEN000832; GEN000890; GEN000892; GEN001049; GEN001194; GEN000772; GEN000838; GEN001519; GEN000774; GEN000841; GEN001198; GEN001813; GEN000843; GEN000844; GEN000904; GEN000847; GEN000907; GEN001027; GEN001065; GEN001818; GEN000851; GEN000853; GEN000854; GEN000909; GEN001528; GEN000331; GEN000856; GEN000334; GEN000858; GEN000859; GEN001537; GEN000861; GEN000917; GEN001035; GEN001540; GEN000339; GEN000812; GEN000869; GEN000871; GEN001546; GEN001547,77,base_event_stream,2026-07-24T06:07:21+00:00
Hadoop,数据工程,traditional,AI算法; 测试质量; 软件研发; 算法; AI应用; 数据; 基础设施; 安全; 技术支持; 机器人; 产品; 多媒体; AI安全,多模态算法工程师; 大模型测试工程师; 软件开发工程师; 计算机视觉算法工程师; NLP算法工程师; 搜索算法工程师; 风控算法工程师; 数据挖掘算法工程师; 算法研究员; 算法工程师; AI应用工程师; 数据工程师; 运维工程师; 信息安全工程师; 数据库工程师; 大模型应用工程师; 数据平台工程师; 数据分析师; 大模型算法工程师; 技术支持工程师; 数据开发工程师; 数据仓库工程师; 机器人算法工程师; 大数据开发工程师; AI产品经理; 网络工程师; 音视频工程师; 测试工程师; AI Agent算法工程师; AI安全工程师; AI Agent应用工程师,2024-12,2026-07,GEN000255,GEN000740,110,GEN000255; GEN000300; GEN001306; GEN001866; GEN000302; GEN000482; GEN000558; GEN000639; GEN000640; GEN000657; GEN001308; GEN001409; GEN001482; GEN001483; GEN001660; GEN001767; GEN001827; GEN000062; GEN001410; GEN001411; GEN001485; GEN001829; GEN000259; GEN000260; GEN000306; GEN000660; GEN000687; GEN001412; GEN001446; GEN001447; GEN000309; GEN000488; GEN001369; GEN001830; GEN000567; GEN001321; GEN001449; GEN001831; GEN001872; GEN001371; GEN001396; GEN001876; GEN000077; GEN000269; GEN000571; GEN001372; GEN000573; GEN001835; GEN000494; GEN000646; GEN000699; GEN001374; GEN001375; GEN000086; GEN000088; GEN000276; GEN000322; GEN000578; GEN000701; GEN001457; GEN001837; GEN001459; GEN000282; GEN000580; GEN000709; GEN001342; GEN001379; GEN001460; GEN001492; GEN001772; GEN001839; GEN000500; GEN001463; GEN001525; GEN000284; GEN000501; GEN000583; GEN000676; GEN001381; GEN001465; GEN000584; GEN000677; GEN000718; GEN000722; GEN001467; GEN001468; GEN001532; GEN001681; GEN001842; GEN000105; GEN000292; GEN000586; GEN000723; GEN000724; GEN001469; GEN001497; GEN001498; GEN001425; GEN001540; GEN001843; GEN000512; GEN000588; GEN000735; GEN001426; GEN001499; GEN001686; GEN001846; GEN000515; GEN000589; GEN000740,110,base_event_stream,2026-07-24T06:07:21+00:00
Hive,数据工程,traditional,AI应用; 算法; AI算法; 数据; 软件研发; 基础设施; 安全; AI安全; 多媒体; AI基础设施,AI Agent应用工程师; 广告算法工程师; 机器学习算法工程师; AI应用工程师; 数据仓库工程师; 数据治理工程师; 大模型算法工程师; 嵌入式软件工程师; 数据开发工程师; 算法工程师; 运维工程师; 信息安全工程师; AI安全工程师; 风控算法工程师; 数据挖掘算法工程师; Python开发工程师; 软件开发工程师; 大数据开发工程师; 数据工程师; 前端开发工程师; 推荐算法工程师; Java开发工程师; 大模型应用工程师; 多模态算法工程师; 搜索算法工程师; 数据平台工程师; 数据分析师; 音视频工程师; 网络安全工程师; AI Infra工程师,2024-12,2026-07,GEN000053,GEN001388,154,GEN000053; GEN000516; GEN000590; GEN001305; GEN001366; GEN001389; GEN001429; GEN001480; GEN000926; GEN001310; GEN001409; GEN001430; GEN001658; GEN001766; GEN000163; GEN000559; GEN000561; GEN000597; GEN000641; GEN000989; GEN001314; GEN001367; GEN001393; GEN001431; GEN001432; GEN001485; GEN001662; GEN000167; GEN000436; GEN000564; GEN000598; GEN000599; GEN000990; GEN000991; GEN001317; GEN001394; GEN000932; GEN000992; GEN000993; GEN001319; GEN001433; GEN001664; GEN000263; GEN000489; GEN000523; GEN001321; GEN001322; GEN001413; GEN001667; GEN000074; GEN000490; GEN000604; GEN000995; GEN001371; GEN001450; GEN000268; GEN000491; GEN000572; GEN000607; GEN000645; GEN000938; GEN001327; GEN000081; GEN000529; GEN000942; GEN001330; GEN001398; GEN001415; GEN000272; GEN000533; GEN000646; GEN000947; GEN001334; GEN001335; GEN001418; GEN001434; GEN000086; GEN000276; GEN000454; GEN000536; GEN000577; GEN000614; GEN000648; GEN000649; GEN001336; GEN001337; GEN001376; GEN001399; GEN000280; GEN000496; GEN000617; GEN001341; GEN001377; GEN001435; GEN000540; GEN001342; GEN001378; GEN001436; GEN001491; GEN000094; GEN000621; GEN001345; GEN001437; GEN000287; GEN000544; GEN001346; GEN001381; GEN001402; GEN001438; GEN001466; GEN001494; GEN000098; GEN000471; GEN000545; GEN001439; GEN001495; GEN001679; GEN000102; GEN000210; GEN000292; GEN000505; GEN000628; GEN000629; GEN000968; GEN001003; GEN001354; GEN001385; GEN001440; GEN001470; GEN001497; GEN001498; GEN000107; GEN000550; GEN000631; GEN000632; GEN001359; GEN001360; GEN001406; GEN001474; GEN000213; GEN000296; GEN000588; GEN000634; GEN000635; GEN000636; GEN000653; GEN001005; GEN001006; GEN001407; GEN001441; GEN001685; GEN000552; GEN000637; GEN001388,154,base_event_stream,2026-07-24T06:07:21+00:00
ISP算法,硬件与芯片,traditional,AI算法; 算法,算法工程师; 多模态算法工程师; 控制算法工程师,2025-03,2026-03,GEN000687,GEN000721,6,GEN000687; GEN000692; GEN000694; GEN000712; GEN000713; GEN000721,6,base_event_stream,2026-07-24T06:07:21+00:00
IT基础设施,云计算,traditional,软件研发; 基础设施; 技术支持; 硬件; 产品; 芯片; 通信; 测试质量; AI基础设施; 机器人; AI应用; 数据,客户端开发工程师; 后端开发工程师; 驱动开发工程师; 网络工程师; 技术支持工程师; 硬件工程师; 热设计工程师; AI产品经理; 芯片验证工程师; 通信工程师; 软件架构师; 解决方案工程师; 质量工程师; AI Infra工程师; 机器人软件工程师; AI应用工程师; 大模型测试工程师; 电源工程师; 服务器工程师; 数据平台工程师,2024-12,2026-07,GEN001040,GEN002301,79,GEN001040; GEN000742; GEN001234; GEN001802; GEN001803; GEN001869; GEN002265; GEN001274; GEN002268; GEN001235; GEN001236; GEN001276; GEN001599; GEN001804; GEN002062; GEN001044; GEN001238; GEN001239; GEN001277; GEN001278; GEN002272; GEN001240; GEN001280; GEN001600; GEN001871; GEN002273; GEN000754; GEN001242; GEN001281; GEN001601; GEN001875; GEN000198; GEN001244; GEN002276; GEN001246; GEN001248; GEN001604; GEN001807; GEN001855; GEN002279; GEN000766; GEN001607; GEN001809; GEN001810; GEN002281; GEN002282; GEN000769; GEN001811; GEN001812; GEN001289; GEN001609; GEN001813; GEN002076; GEN001816; GEN000785; GEN001256; GEN001611; GEN001818; GEN001882; GEN002288; GEN000789; GEN000791; GEN001612; GEN001860; GEN000796; GEN001260; GEN001613; GEN002085; GEN002089; GEN002294; GEN001299; GEN001862; GEN001863; GEN001266; GEN001865; GEN002299; GEN000214; GEN000814; GEN002301,79,base_event_stream,2026-07-24T06:07:21+00:00
Java,编程语言,traditional,AI安全; AI算法; 测试质量; 算法; 软件研发; 数据; 基础设施; 技术支持; AI应用; 多媒体; 安全; 硬件; 机器人; 通信; 芯片; AI基础设施; 产品,AI安全工程师; 多模态算法工程师; 大模型测试工程师; 语音算法工程师; 广告算法工程师; 风控算法工程师; 机器学习算法工程师; Java开发工程师; 客户端开发工程师; Android开发工程师; iOS开发工程师; 数据仓库工程师; 网络工程师; 技术支持工程师; 大模型应用工程师; 图形图像工程师; AI Agent算法工程师; AI应用工程师; NLP算法工程师; 数据挖掘算法工程师; 后端开发工程师; 数据工程师; 质量工程师; 信息安全工程师; 安全工程师; 电源工程师; 机器人算法工程师; 通信工程师; 搜索算法工程师; 前端开发工程师; 全栈开发工程师; 网络安全工程师; 测试工程师; AIGC算法工程师; 系统软件工程师; 音视频工程师; 数据平台工程师; 测试开发工程师; 芯片验证工程师; 解决方案工程师; AI Infra工程师; 大模型算法工程师; 算法工程师; 大数据开发工程师; 服务器工程师; DevOps工程师; 数据分析师; 计算机视觉算法工程师; 推荐算法工程师; C++开发工程师; 运维工程师; Go开发工程师; 热设计工程师; AI Agent应用工程师; 芯片设计工程师; 结构工程师; AI产品经理; 软件架构师,2024-12,2026-07,GEN000162,GEN001954,383,GEN000162; GEN000255; GEN000300; GEN000383; GEN000384; GEN000516; GEN000553; GEN000554; GEN000591; GEN000921; GEN000923; GEN001041; GEN001077; GEN001133; GEN001390; GEN001801; GEN001867; GEN001886; GEN002013; GEN002014; GEN000055; GEN000058; GEN000117; GEN000301; GEN000302; GEN000385; GEN000557; GEN000640; GEN000743; GEN000927; GEN001042; GEN001080; GEN001483; GEN001594; GEN001595; GEN001633; GEN001767; GEN001774; GEN001803; GEN001848; GEN001870; GEN001943; GEN002058; GEN002059; GEN000119; GEN000120; GEN000305; GEN000483; GEN000484; GEN000561; GEN000817; GEN000876; GEN001393; GEN001485; GEN001738; GEN001768; GEN001828; GEN002018; GEN000063; GEN000064; GEN000121; GEN000222; GEN000307; GEN000485; GEN000562; GEN000563; GEN000928; GEN001087; GEN001181; GEN001368; GEN001412; GEN001551; GEN001599; GEN001891; GEN002020; GEN000192; GEN000225; GEN000522; GEN000565; GEN000879; GEN001044; GEN001089; GEN001395; GEN001508; GEN001739; GEN001805; GEN001892; GEN001945; GEN000009; GEN000071; GEN000567; GEN000568; GEN000603; GEN001091; GEN001139; GEN001186; GEN001370; GEN001556; GEN001853; GEN001872; GEN001895; GEN001946; GEN002023; GEN000196; GEN000227; GEN000265; GEN000570; GEN000604; GEN000643; GEN000754; GEN000886; GEN000936; GEN001142; GEN001637; GEN001741; GEN001806; GEN001874; GEN001896; GEN002065; GEN000228; GEN000395; GEN000528; GEN000571; GEN000572; GEN000758; GEN000827; GEN000828; GEN000829; GEN000889; GEN000937; GEN000939; GEN001096; GEN001143; GEN001451; GEN001602; GEN001877; GEN002025; GEN000200; GEN000315; GEN000360; GEN000398; GEN000445; GEN000492; GEN000530; GEN000668; GEN000695; GEN000891; GEN000892; GEN000941; GEN001020; GEN001048; GEN001049; GEN001099; GEN001562; GEN001564; GEN001604; GEN001605; GEN001744; GEN001780; GEN001807; GEN001808; GEN001855; GEN001856; GEN000175; GEN000201; GEN000317; GEN000318; GEN000361; GEN000646; GEN000834; GEN000894; GEN000945; GEN001050; GEN001101; GEN001102; GEN001104; GEN001643; GEN001746; GEN001747; GEN001903; GEN000087; GEN000131; GEN000203; GEN000204; GEN000235; GEN000322; GEN000451; GEN000452; GEN000454; GEN000614; GEN000615; GEN000702; GEN000837; GEN000897; GEN000949; GEN001055; GEN001056; GEN001149; GEN001196; GEN001568; GEN001748; GEN001785; GEN001812; GEN001949; GEN002029; GEN000091; GEN000134; GEN000237; GEN000323; GEN000366; GEN000405; GEN000455; GEN000457; GEN000458; GEN000459; GEN000496; GEN000538; GEN000579; GEN000703; GEN000706; GEN000900; GEN001108; GEN001153; GEN001401; GEN001521; GEN001522; GEN001751; GEN001950; GEN000239; GEN000410; GEN000498; GEN000709; GEN000903; GEN000905; GEN001026; GEN001063; GEN001155; GEN001379; GEN001646; GEN001788; GEN001816; GEN001817; GEN001880; GEN001914; GEN001917; GEN000030; GEN000139; GEN000466; GEN000499; GEN000784; GEN000785; GEN000787; GEN000850; GEN000907; GEN000908; GEN001028; GEN001066; GEN001114; GEN001525; GEN001574; GEN001882; GEN001919; GEN001952; GEN000031; GEN000242; GEN000287; GEN000329; GEN000372; GEN000469; GEN000583; GEN000650; GEN000651; GEN000854; GEN001116; GEN001202; GEN001402; GEN001494; GEN001648; GEN001922; GEN001923; GEN001953; GEN002033; GEN000100; GEN000208; GEN000246; GEN000545; GEN000719; GEN000722; GEN000961; GEN000964; GEN001203; GEN001403; GEN001423; GEN001533; GEN001924; GEN001926; GEN000038; GEN000210; GEN000248; GEN000334; GEN000420; GEN000473; GEN000505; GEN000507; GEN000630; GEN000724; GEN001032; GEN001033; GEN001120; GEN001121; GEN001205; GEN001405; GEN001469; GEN001536; GEN001581; GEN001582; GEN001861; GEN002035; GEN002051; GEN000044; GEN000152; GEN000212; GEN000249; GEN000294; GEN000338; GEN000379; GEN000474; GEN000510; GEN000549; GEN000729; GEN000916; GEN001035; GEN001166; GEN001386; GEN001406; GEN001472; GEN001540; GEN001651; GEN001761; GEN001796; GEN001844; GEN001931; GEN001932; GEN002037; GEN000046; GEN000047; GEN000112; GEN000511; GEN000731; GEN000735; GEN000867; GEN000919; GEN001074; GEN001128; GEN001129; GEN001475; GEN001499; GEN001500; GEN001543; GEN001652; GEN001653; GEN001763; GEN001864; GEN001936; GEN000049; GEN000051; GEN000158; GEN000179; GEN000298; GEN000738; GEN000739; GEN000740; GEN000741; GEN000869; GEN001076; GEN001170; GEN001211; GEN001428; GEN001544; GEN001546; GEN001799; GEN001939; GEN001954,383,base_event_stream,2026-07-24T06:07:21+00:00
JavaScript,编程语言,traditional,AI基础设施; 软件研发; 测试质量; 通信; 基础设施; AI应用; AI安全; 芯片; AI算法,AI Infra工程师; Android开发工程师; 测试开发工程师; 通信工程师; iOS开发工程师; 网络工程师; AI应用工程师; Go开发工程师; AI安全工程师; 嵌入式软件工程师; 芯片验证工程师; 软件架构师; 算法研究员; 客户端开发工程师; Python开发工程师; NLP算法工程师; AI Agent应用工程师; 大模型算法工程师,2024-12,2026-07,GEN000182,GEN002172,76,GEN000182; GEN001077; GEN001079; GEN001549; GEN002057; GEN001081; GEN001082; GEN001134; GEN001803; GEN000120; GEN001014; GEN001088; GEN001551; GEN000168; GEN001553; GEN002063; GEN001139; GEN001140; GEN001217; GEN000125; GEN000196; GEN001093; GEN001141; GEN002158; GEN000127; GEN000666; GEN001046; GEN000997; GEN001020; GEN001098; GEN002070; GEN000998; GEN001148; GEN002073; GEN000322; GEN001021; GEN001022; GEN001056; GEN001150; GEN001519; GEN001569; GEN001108; GEN001109; GEN001813; GEN001814; GEN002078; GEN000674; GEN001064; GEN001574; GEN000140; GEN000142; GEN000330; GEN001115; GEN000144; GEN000145; GEN001820; GEN002165; GEN001004; GEN001032; GEN001033; GEN001535; GEN001582; GEN001583; GEN001005; GEN001006; GEN001075; GEN001541; GEN001542; GEN001588; GEN001822; GEN002169; GEN001039; GEN001170; GEN001172; GEN001590; GEN002172,76,base_event_stream,2026-07-24T06:07:21+00:00
Kafka,数据工程,traditional,软件研发; AI算法; 基础设施; 技术支持; 数据; 算法; 多媒体; AI安全; AI应用; 硬件; 安全,全栈开发工程师; Go开发工程师; 系统软件工程师; 大模型算法工程师; 运维工程师; 解决方案工程师; 机器学习算法工程师; 数据工程师; 数据挖掘算法工程师; 数据仓库工程师; 推荐算法工程师; 驱动开发工程师; 音视频工程师; AI安全工程师; Java开发工程师; 客户端开发工程师; 大模型应用工程师; 技术支持工程师; 数据平台工程师; 硬件工程师; AIGC算法工程师; 算法工程师; AI Agent算法工程师; 安全工程师; AI应用工程师; 软件架构师; 广告算法工程师; 软件开发工程师; 大数据开发工程师,2024-12,2026-07,GEN000873,GEN001428,105,GEN000873; GEN001009; GEN001173; GEN001174; GEN001480; GEN001656; GEN001887; GEN000593; GEN001483; GEN001660; GEN000641; GEN001179; GEN001392; GEN001485; GEN000436; GEN000877; GEN000878; GEN001182; GEN001236; GEN001368; GEN001487; GEN001891; GEN000168; GEN000880; GEN000932; GEN001185; GEN001238; GEN001395; GEN001664; GEN001665; GEN001893; GEN001187; GEN001668; GEN001894; GEN001016; GEN001396; GEN001414; GEN001778; GEN000228; GEN000229; GEN000607; GEN000645; GEN001191; GEN000940; GEN000941; GEN001899; GEN001900; GEN001901; GEN000174; GEN000234; GEN000613; GEN000893; GEN000895; GEN000944; GEN000946; GEN000947; GEN000451; GEN000897; GEN001022; GEN001251; GEN001252; GEN001399; GEN001907; GEN001909; GEN001024; GEN001492; GEN001789; GEN001255; GEN001421; GEN001422; GEN001675; GEN001920; GEN000467; GEN000651; GEN000910; GEN001029; GEN001258; GEN001402; GEN001677; GEN001922; GEN001382; GEN001403; GEN001496; GEN001679; GEN001680; GEN001206; GEN001497; GEN000549; GEN000550; GEN001264; GEN001265; GEN000251; GEN000551; GEN000652; GEN000653; GEN001036; GEN001037; GEN001266; GEN001387; GEN001407; GEN001499; GEN001500; GEN000638; GEN001388; GEN001428,105,base_event_stream,2026-07-24T06:07:21+00:00
Kotlin,编程语言,traditional,通信; 软件研发; AI应用; AI安全; AI算法,通信工程师; 前端开发工程师; AI Agent应用工程师; 全栈开发工程师; AI应用工程师; 大模型应用工程师; AI安全工程师; AI Agent算法工程师,2025-01,2026-07,GEN002059,GEN000871,39,GEN002059; GEN000817; GEN000065; GEN000877; GEN000068; GEN000879; GEN000822; GEN000124; GEN002065; GEN000827; GEN000829; GEN000084; GEN000129; GEN000092; GEN000133; GEN000900; GEN000135; GEN000905; GEN000137; GEN000140; GEN000141; GEN000851; GEN000852; GEN000853; GEN000910; GEN000911; GEN000099; GEN000855; GEN000912; GEN000102; GEN000104; GEN000147; GEN000916; GEN000154; GEN000155; GEN000867; GEN000157; GEN000158; GEN000871,39,base_event_stream,2026-07-24T06:07:21+00:00
Kubernetes,系统与运维,traditional,测试质量; AI基础设施; 软件研发; 基础设施; 数据; AI应用; 自动驾驶; AI算法; AI安全; 通信; 芯片; 技术支持; 产品; 硬件,大模型测试工程师; AI Infra工程师; 全栈开发工程师; Go开发工程师; DevOps工程师; 运维工程师; 数据库工程师; 数据仓库工程师; 服务器工程师; AI应用工程师; 自动驾驶算法工程师; NLP算法工程师; AI安全工程师; 云计算工程师; 通信工程师; 语音算法工程师; 质量工程师; Java开发工程师; 数据平台工程师; 芯片测试工程师; 技术支持工程师; 大模型应用工程师; 算法工程师; 网络工程师; 后端开发工程师; 大模型算法工程师; AI Agent应用工程师; 数据开发工程师; AI产品经理; 机器学习算法工程师; 测试工程师; 硬件工程师; 电源工程师,2024-12,2026-07,GEN000161,GEN001825,145,GEN000161; GEN000182; GEN000183; GEN000872; GEN001009; GEN001632; GEN001656; GEN001657; GEN001826; GEN000185; GEN001391; GEN001849; GEN001870; GEN001974; GEN000061; GEN000119; GEN000163; GEN001393; GEN001506; GEN001634; GEN001697; GEN001698; GEN002061; GEN000387; GEN000928; GEN000929; GEN001699; GEN000122; GEN000169; GEN000389; GEN001015; GEN001395; GEN001508; GEN001635; GEN001703; GEN001850; GEN002063; GEN000171; GEN000881; GEN000882; GEN001636; GEN001704; GEN001853; GEN001873; GEN001669; GEN001833; GEN002066; GEN000078; GEN000126; GEN000394; GEN001018; GEN001834; GEN002068; GEN000080; GEN000892; GEN000941; GEN000943; GEN001415; GEN001514; GEN001515; GEN001641; GEN001710; GEN001711; GEN001807; GEN001808; GEN001835; GEN001810; GEN000087; GEN000203; GEN000204; GEN000896; GEN001022; GEN001715; GEN000092; GEN000133; GEN000134; GEN000703; GEN000900; GEN000952; GEN001023; GEN000409; GEN000903; GEN001026; GEN001673; GEN001674; GEN001718; GEN001719; GEN001858; GEN000139; GEN001028; GEN001526; GEN001647; GEN001676; GEN001819; GEN001841; GEN000095; GEN000416; GEN001029; GEN001859; GEN000143; GEN000209; GEN000417; GEN000721; GEN001403; GEN001404; GEN001424; GEN001531; GEN001532; GEN001649; GEN002292; GEN000102; GEN000103; GEN000105; GEN000177; GEN000915; GEN001032; GEN001033; GEN001405; GEN001534; GEN001726; GEN001728; GEN001861; GEN000211; GEN000423; GEN001862; GEN001863; GEN000110; GEN000111; GEN000428; GEN001426; GEN001685; GEN001687; GEN001730; GEN001823; GEN001845; GEN001864; GEN000113; GEN000114; GEN000160; GEN000180; GEN000181; GEN001689; GEN001690; GEN001731; GEN001825,145,base_event_stream,2026-07-24T06:07:21+00:00
LLM,大模型,new,软件研发; AI应用; 多媒体; 产品; 基础设施; 算法; 测试质量; 通信; AI算法; 芯片; 硬件; 安全; AI安全; 数据; AI基础设施,后端开发工程师; Android开发工程师; iOS开发工程师; 系统软件工程师; 驱动开发工程师; AI应用工程师; 图形图像工程师; AI产品经理; 云计算工程师; 数据挖掘算法工程师; 质量工程师; 测试工程师; 通信工程师; 大模型应用工程师; 推荐算法工程师; Java开发工程师; 语音算法工程师; AI Agent应用工程师; 芯片测试工程师; DevOps工程师; 硬件工程师; 客户端开发工程师; 软件开发工程师; 算法研究员; 芯片验证工程师; 广告算法工程师; AI Agent算法工程师; 网络工程师; 搜索算法工程师; 网络安全工程师; 算法工程师; 大模型算法工程师; 结构工程师; AI安全工程师; 安全工程师; AIGC算法工程师; Go开发工程师; 数据仓库工程师; 机器学习算法工程师; AI Infra工程师,2024-12,2026-07,GEN000432,GEN002335,236,GEN000432; GEN001077; GEN001133; GEN001175; GEN001231; GEN001691; GEN002013; GEN002302; GEN001232; GEN001234; GEN001694; GEN000641; GEN001083; GEN001084; GEN001596; GEN001622; GEN002018; GEN002060; GEN000064; GEN000437; GEN000486; GEN000929; GEN000930; GEN001137; GEN001183; GEN002020; GEN000069; GEN000389; GEN000439; GEN000748; GEN001239; GEN001702; GEN002063; GEN000071; GEN000072; GEN000440; GEN000751; GEN001240; GEN001636; GEN002023; GEN000392; GEN000393; GEN000935; GEN001142; GEN001242; GEN001637; GEN001778; GEN002312; GEN000077; GEN000759; GEN001046; GEN001143; GEN001245; GEN001602; GEN001603; GEN001625; GEN000081; GEN000082; GEN000397; GEN000669; GEN000762; GEN000940; GEN001605; GEN001627; GEN001641; GEN002316; GEN000083; GEN000399; GEN000400; GEN000401; GEN000448; GEN000532; GEN000533; GEN000646; GEN000671; GEN000765; GEN000767; GEN000944; GEN000946; GEN001051; GEN001103; GEN001147; GEN001607; GEN001642; GEN001714; GEN002028; GEN000088; GEN000402; GEN000403; GEN000404; GEN000452; GEN000454; GEN000534; GEN000948; GEN000950; GEN001056; GEN001150; GEN001151; GEN001644; GEN000090; GEN000405; GEN000407; GEN000456; GEN000458; GEN000496; GEN000537; GEN000538; GEN000774; GEN000952; GEN001058; GEN001110; GEN001152; GEN001153; GEN001253; GEN001645; GEN001751; GEN000410; GEN000540; GEN000541; GEN000780; GEN000781; GEN000954; GEN001061; GEN001062; GEN001063; GEN001112; GEN001154; GEN001155; GEN001200; GEN001646; GEN002323; GEN002324; GEN000412; GEN000464; GEN000466; GEN000500; GEN000784; GEN000956; GEN000957; GEN001064; GEN001065; GEN001066; GEN001201; GEN001753; GEN001791; GEN000096; GEN000097; GEN000414; GEN000415; GEN000543; GEN000544; GEN000650; GEN000651; GEN000789; GEN001029; GEN001067; GEN001629; GEN001648; GEN002034; GEN002327; GEN002328; GEN000099; GEN000100; GEN000417; GEN000470; GEN000503; GEN000504; GEN000545; GEN000546; GEN000793; GEN000794; GEN000963; GEN001118; GEN001161; GEN001613; GEN001614; GEN001630; GEN001649; GEN001758; GEN002329; GEN002330; GEN000102; GEN000103; GEN000473; GEN000547; GEN000548; GEN000680; GEN000797; GEN000798; GEN000965; GEN000966; GEN001070; GEN001122; GEN001162; GEN001205; GEN001616; GEN001726; GEN001728; GEN001795; GEN002036; GEN002088; GEN000106; GEN000108; GEN000424; GEN000803; GEN001072; GEN001166; GEN001208; GEN000111; GEN000426; GEN000809; GEN000970; GEN001074; GEN001167; GEN001168; GEN001209; GEN001619; GEN001631; GEN001653; GEN001797; GEN001798; GEN002038; GEN002093; GEN000113; GEN000429; GEN000513; GEN000810; GEN000814; GEN000972; GEN001038; GEN001076; GEN001620; GEN001655; GEN001764; GEN002334; GEN002335,236,base_event_stream,2026-07-24T06:07:21+00:00
LangChain,大模型,new,软件研发; AI应用; AI算法; 通信; 基础设施; AI安全; 芯片; 测试质量; 数据; 技术支持,软件架构师; AI应用工程师; NLP算法工程师; 机器学习算法工程师; 大模型应用工程师; 通信工程师; 云计算工程师; AI安全工程师; 前端开发工程师; Java开发工程师; 芯片设计工程师; 大模型测试工程师; DevOps工程师; 数据平台工程师; 技术支持工程师; 测试工程师; AI Agent应用工程师,2024-12,2026-07,GEN001269,GEN002146,63,GEN001269; GEN001692; GEN000301; GEN000593; GEN001868; GEN002059; GEN002060; GEN001700; GEN000169; GEN000820; GEN002063; GEN000171; GEN000823; GEN000934; GEN002110; GEN000311; GEN001511; GEN001637; GEN001707; GEN001875; GEN002066; GEN002067; GEN002068; GEN000941; GEN000943; GEN001710; GEN001711; GEN000944; GEN000946; GEN001642; GEN002122; GEN002123; GEN002124; GEN000840; GEN002077; GEN002078; GEN000843; GEN001646; GEN001881; GEN000621; GEN000849; GEN000955; GEN002130; GEN001530; GEN001722; GEN001723; GEN002084; GEN002132; GEN001531; GEN002133; GEN002134; GEN002135; GEN001534; GEN001537; GEN001727; GEN001728; GEN002088; GEN002090; GEN000340; GEN002145; GEN000868; GEN000869; GEN002146,63,base_event_stream,2026-07-24T06:07:21+00:00
LangGraph,大模型,new,AI应用; 软件研发; 基础设施; 测试质量,大模型应用工程师; 前端开发工程师; 全栈开发工程师; AI应用工程师; AI Agent应用工程师; 网络工程师; Android开发工程师; 质量工程师; 测试开发工程师,2025-03,2026-07,GEN000063,GEN001591,32,GEN000063; GEN000064; GEN000818; GEN000067; GEN000070; GEN000071; GEN000824; GEN000073; GEN000076; GEN000082; GEN000830; GEN000084; GEN000835; GEN000088; GEN000836; GEN000838; GEN000091; GEN000843; GEN000845; GEN000846; GEN000847; GEN000849; GEN000850; GEN000095; GEN000858; GEN000859; GEN000107; GEN000861; GEN000866; GEN001589; GEN000870; GEN001591,32,base_event_stream,2026-07-24T06:07:21+00:00
Linux,系统与运维,traditional,AI应用; AI算法; 软件研发; 数据; 测试质量; 自动驾驶; 通信; 芯片; AI安全; 算法; 机器人; 基础设施; 技术支持; 硬件; 安全; 产品; 多媒体,AI应用工程师; 多模态算法工程师; 语音算法工程师; 机器学习算法工程师; Go开发工程师; 数据平台工程师; 数据开发工程师; 数据工程师; 质量工程师; 自动驾驶算法工程师; 通信工程师; 芯片设计工程师; AIGC算法工程师; NLP算法工程师; AI安全工程师; 搜索算法工程师; AI Agent算法工程师; 全栈开发工程师; 大模型测试工程师; 机器人软件工程师; 大模型应用工程师; 嵌入式软件工程师; 驱动开发工程师; 运维工程师; 云计算工程师; 网络工程师; 技术支持工程师; AI Agent应用工程师; 计算机视觉算法工程师; 风控算法工程师; Python开发工程师; 软件架构师; 硬件工程师; 大数据开发工程师; 芯片验证工程师; 安全工程师; AI产品经理; 算法工程师; 前端开发工程师; 系统软件工程师; 软件开发工程师; 解决方案工程师; 大模型算法工程师; 推荐算法工程师; 服务器工程师; C++开发工程师; 数据治理工程师; 网络安全工程师; Java开发工程师; DevOps工程师; 算法研究员; 客户端开发工程师; 数据分析师; 测试工程师; 电源工程师; 广告算法工程师; 结构工程师; 芯片测试工程师; 音视频工程师,2024-12,2026-07,GEN000115,GEN002055,343,GEN000115; GEN000255; GEN000383; GEN000591; GEN001009; GEN001270; GEN001307; GEN001443; GEN001593; GEN001691; GEN001972; GEN002057; GEN002097; GEN000117; GEN000218; GEN000303; GEN000385; GEN000481; GEN000482; GEN000592; GEN000593; GEN000685; GEN000874; GEN000976; GEN001176; GEN001177; GEN001215; GEN001232; GEN001233; GEN001234; GEN001504; GEN001595; GEN001633; GEN001659; GEN001694; GEN001695; GEN001802; GEN001868; GEN001869; GEN001975; GEN002059; GEN002102; GEN000059; GEN000220; GEN000347; GEN000349; GEN000484; GEN000559; GEN000560; GEN000561; GEN000989; GEN001273; GEN001274; GEN001367; GEN001663; GEN001697; GEN002060; GEN002061; GEN002153; GEN000064; GEN000222; GEN000307; GEN000485; GEN000486; GEN000598; GEN000687; GEN000818; GEN000819; GEN000877; GEN001183; GEN001236; GEN001237; GEN001317; GEN001507; GEN001891; GEN002106; GEN000006; GEN000007; GEN000068; GEN000069; GEN000308; GEN000353; GEN000438; GEN000488; GEN000663; GEN001369; GEN001508; GEN001850; GEN001851; GEN001893; GEN001979; GEN002156; GEN000354; GEN000390; GEN000391; GEN000441; GEN000523; GEN000980; GEN001188; GEN001217; GEN001279; GEN001705; GEN001852; GEN001853; GEN001872; GEN001981; GEN000311; GEN000356; GEN000443; GEN000570; GEN000935; GEN000983; GEN001190; GEN001218; GEN001323; GEN001371; GEN001637; GEN002112; GEN002158; GEN000077; GEN000229; GEN000312; GEN000358; GEN000394; GEN000666; GEN000693; GEN000827; GEN000829; GEN000887; GEN001017; GEN001018; GEN001045; GEN001451; GEN001625; GEN001626; GEN001638; GEN001708; GEN002067; GEN000360; GEN000396; GEN000398; GEN000445; GEN000492; GEN000574; GEN000669; GEN000831; GEN000891; GEN000997; GEN001193; GEN001248; GEN001284; GEN001329; GEN001373; GEN001640; GEN001711; GEN001807; GEN001856; GEN001899; GEN001901; GEN001984; GEN002070; GEN000016; GEN000233; GEN000319; GEN000400; GEN000450; GEN000531; GEN000611; GEN000833; GEN000894; GEN001052; GEN001195; GEN001250; GEN001333; GEN001454; GEN001643; GEN002122; GEN000320; GEN000403; GEN000452; GEN000578; GEN000673; GEN000837; GEN001001; GEN001054; GEN001197; GEN001336; GEN001338; GEN001644; GEN001906; GEN001908; GEN002074; GEN000091; GEN000323; GEN000406; GEN000496; GEN000579; GEN000617; GEN000901; GEN001023; GEN001289; GEN001522; GEN001717; GEN002126; GEN000024; GEN000408; GEN000409; GEN000460; GEN000463; GEN000497; GEN000844; GEN001061; GEN001523; GEN001674; GEN001915; GEN001917; GEN000411; GEN000412; GEN000466; GEN000710; GEN000712; GEN000850; GEN000956; GEN001027; GEN001421; GEN001422; GEN001918; GEN001919; GEN000032; GEN000096; GEN000330; GEN000371; GEN000416; GEN000623; GEN000624; GEN000717; GEN001029; GEN001068; GEN001202; GEN001257; GEN001258; GEN001612; GEN001629; GEN000035; GEN000101; GEN000246; GEN000419; GEN000625; GEN000627; GEN000677; GEN000721; GEN000856; GEN000962; GEN001002; GEN001030; GEN001031; GEN001259; GEN001296; GEN001467; GEN001681; GEN001924; GEN002085; GEN000038; GEN000376; GEN000422; GEN000548; GEN000680; GEN000724; GEN000725; GEN000915; GEN000966; GEN000968; GEN001004; GEN001070; GEN001205; GEN001261; GEN001535; GEN001616; GEN001861; GEN001929; GEN002089; GEN002137; GEN000149; GEN000150; GEN000152; GEN000250; GEN000425; GEN000475; GEN000509; GEN000549; GEN001073; GEN001207; GEN001263; GEN001300; GEN001301; GEN001425; GEN001539; GEN001933; GEN001934; GEN002092; GEN000045; GEN000155; GEN000296; GEN000476; GEN000477; GEN000635; GEN000732; GEN000733; GEN000735; GEN000918; GEN000971; GEN000986; GEN001209; GEN001210; GEN001267; GEN001302; GEN001303; GEN001476; GEN001631; GEN001652; GEN001864; GEN001935; GEN002144; GEN000158; GEN000160; GEN000341; GEN000430; GEN000513; GEN000738; GEN000739; GEN000920; GEN000973; GEN001211; GEN001268; GEN001427; GEN001479; GEN001544; GEN001654; GEN001655; GEN001688; GEN001939; GEN001940; GEN002055,343,base_event_stream,2026-07-24T06:07:21+00:00
LoRA微调,大模型,new,AI应用; 软件研发,大模型应用工程师; 全栈开发工程师; AI应用工程师; AI Agent应用工程师,2025-01,2026-07,GEN000055,GEN000114,17,GEN000055; GEN000059; GEN000064; GEN000067; GEN000069; GEN000884; GEN000081; GEN000895; GEN000089; GEN000093; GEN000099; GEN000101; GEN000102; GEN000105; GEN000106; GEN000919; GEN000114,17,base_event_stream,2026-07-24T06:07:21+00:00
Lua,编程语言,traditional,测试质量; 软件研发; AI应用; AI算法,测试开发工程师; 客户端开发工程师; 大模型应用工程师; AI Agent应用工程师; 语音算法工程师; Android开发工程师,2024-12,2026-07,GEN001548,GEN000429,25,GEN001548; GEN001042; GEN000064; GEN000065; GEN001043; GEN000388; GEN000389; GEN001554; GEN000072; GEN000078; GEN001045; GEN001046; GEN001050; GEN001053; GEN001055; GEN000091; GEN000407; GEN001058; GEN000094; GEN000096; GEN001067; GEN001068; GEN000107; GEN001075; GEN000429,25,base_event_stream,2026-07-24T06:07:21+00:00
MCP,大模型,new,测试质量; 基础设施; 技术支持; AI安全; 软件研发; AI算法; 数据,大模型测试工程师; 服务器工程师; 测试工程师; 解决方案工程师; 运维工程师; AI安全工程师; 技术支持工程师; 软件开发工程师; iOS开发工程师; Java开发工程师; 大模型算法工程师; 数据开发工程师; Android开发工程师; 大数据开发工程师; 前端开发工程师; 语音算法工程师,2024-12,2026-07,GEN000161,GEN001940,67,GEN000161; GEN001132; GEN001621; GEN001887; GEN001659; GEN000165; GEN001663; GEN001889; GEN000169; GEN001319; GEN001320; GEN001892; GEN001895; GEN001142; GEN001897; GEN001144; GEN001625; GEN001626; GEN000943; GEN001146; GEN000174; GEN001903; GEN001337; GEN001338; GEN001906; GEN001907; GEN001152; GEN001672; GEN001911; GEN001914; GEN001915; GEN000956; GEN001113; GEN001344; GEN001675; GEN001920; GEN001115; GEN001346; GEN001347; GEN001348; GEN001677; GEN001678; GEN001923; GEN001926; GEN000968; GEN001122; GEN001123; GEN001353; GEN001927; GEN001929; GEN001930; GEN001126; GEN001358; GEN001682; GEN001931; GEN000970; GEN001362; GEN001685; GEN001686; GEN001687; GEN001935; GEN001938; GEN000341; GEN001131; GEN001688; GEN001689; GEN001940,67,base_event_stream,2026-07-24T06:07:21+00:00
MCP协议,软件开发,new,AI应用; 测试质量,AI应用工程师; 大模型测试工程师,2025-03,2026-04,GEN001507,GEN001534,5,GEN001507; GEN001514; GEN001523; GEN001529; GEN001534,5,base_event_stream,2026-07-24T06:07:21+00:00
Machine Learning,AI,new,软件研发; 数据; 算法; 产品; AI算法; 机器人; 安全; AI应用; 基础设施; 硬件; 多媒体; 技术支持,C++开发工程师; 系统软件工程师; 数据分析师; 控制算法工程师; AI产品经理; 数据挖掘算法工程师; 算法研究员; 机器人软件工程师; 数据平台工程师; 安全工程师; AI应用工程师; 软件开发工程师; 云计算工程师; 硬件工程师; 机器人算法工程师; Python开发工程师; 服务器工程师; 数据工程师; AI Agent算法工程师; 驱动开发工程师; 大数据开发工程师; 广告算法工程师; 大模型应用工程师; 数据开发工程师; 网络安全工程师; 电源工程师; 图形图像工程师; 前端开发工程师; 技术支持工程师,2024-12,2026-07,GEN000974,GEN002011,125,GEN000974; GEN001173; GEN001174; GEN001442; GEN001990; GEN002302; GEN000639; GEN000657; GEN001176; GEN001408; GEN001734; GEN001775; GEN001991; GEN000641; GEN001311; GEN001313; GEN001314; GEN001410; GEN001411; GEN001696; GEN001956; GEN002267; GEN000661; GEN001944; GEN001318; GEN001320; GEN001945; GEN001992; GEN000994; GEN001321; GEN001852; GEN002274; GEN002310; GEN000643; GEN000665; GEN000983; GEN000995; GEN001993; GEN001994; GEN002275; GEN002312; GEN000645; GEN000667; GEN001779; GEN001947; GEN001996; GEN002276; GEN000668; GEN001247; GEN001330; GEN001331; GEN001416; GEN001710; GEN001997; GEN001998; GEN000647; GEN000670; GEN001713; GEN001948; GEN001999; GEN002280; GEN000673; GEN001337; GEN001785; GEN001949; GEN002000; GEN002001; GEN001199; GEN001339; GEN001341; GEN001419; GEN001750; GEN001751; GEN001950; GEN001965; GEN002286; GEN000984; GEN000985; GEN001343; GEN001718; GEN001858; GEN002002; GEN002324; GEN001201; GEN001952; GEN002003; GEN002288; GEN002326; GEN000650; GEN001347; GEN001722; GEN001860; GEN002327; GEN001002; GEN001350; GEN001351; GEN001352; GEN001423; GEN001725; GEN002329; GEN001353; GEN001356; GEN001728; GEN002006; GEN001358; GEN001425; GEN001761; GEN001862; GEN002008; GEN000681; GEN001267; GEN001361; GEN001363; GEN001426; GEN001864; GEN002010; GEN002300; GEN000682; GEN001365; GEN001427; GEN001428; GEN001764; GEN001954; GEN001971; GEN002011,125,base_event_stream,2026-07-24T06:07:21+00:00
Megatron,大模型,new,AI基础设施; AI算法; 机器人; 软件研发; 算法; 基础设施,AI Infra工程师; 算法工程师; 机器人软件工程师; Python开发工程师; 控制算法工程师; 大模型算法工程师; 网络工程师; NLP算法工程师,2024-12,2026-07,GEN000182,GEN001008,37,GEN000182; GEN000184; GEN000683; GEN001955; GEN001956; GEN001957; GEN000192; GEN001958; GEN000994; GEN000196; GEN000693; GEN000694; GEN001961; GEN001962; GEN001963; GEN000201; GEN001964; GEN000203; GEN000204; GEN000321; GEN000702; GEN000205; GEN000324; GEN000705; GEN000206; GEN000711; GEN000207; GEN001968; GEN000208; GEN000209; GEN000335; GEN000337; GEN001970; GEN000213; GEN000339; GEN000340; GEN001008,37,base_event_stream,2026-07-24T06:07:21+00:00
Memory,大模型,new,软件研发; AI应用; 测试质量,全栈开发工程师; 后端开发工程师; 大模型应用工程师; AI Agent应用工程师; 前端开发工程师; AI应用工程师; 测试开发工程师,2024-12,2026-07,GEN000872,GEN001591,28,GEN000872; GEN000057; GEN000071; GEN000072; GEN000883; GEN000074; GEN000887; GEN000079; GEN000895; GEN000086; GEN000837; GEN000898; GEN000092; GEN000841; GEN000900; GEN000901; GEN000902; GEN000903; GEN000093; GEN000848; GEN000851; GEN000911; GEN000912; GEN000107; GEN000862; GEN000110; GEN000869; GEN001591,28,base_event_stream,2026-07-24T06:07:21+00:00
MongoDB,数据工程,traditional,软件研发; 数据; 基础设施; AI应用; 测试质量; 算法; AI算法; 硬件; 多媒体,软件开发工程师; 数据开发工程师; 运维工程师; AI应用工程师; 网络工程师; 全栈开发工程师; 数据仓库工程师; 云计算工程师; 数据平台工程师; 驱动开发工程师; 测试开发工程师; 搜索算法工程师; 测试工程师; 算法工程师; 计算机视觉算法工程师; AI Agent算法工程师; 硬件工程师; 系统软件工程师; 音视频工程师,2024-12,2026-07,GEN001306,GEN002056,55,GEN001306; GEN001307; GEN001656; GEN001692; GEN001801; GEN000874; GEN001310; GEN000876; GEN001392; GEN001661; GEN001663; GEN001697; GEN001319; GEN001665; GEN001666; GEN000881; GEN000882; GEN001831; GEN001243; GEN001326; GEN001328; GEN000697; GEN000890; GEN001710; GEN001333; GEN001337; GEN001338; GEN001716; GEN001837; GEN000705; GEN000900; GEN000902; GEN001253; GEN001401; GEN001717; GEN000708; GEN000709; GEN000903; GEN001343; GEN001718; GEN001816; GEN001258; GEN000719; GEN000720; GEN001204; GEN001260; GEN001351; GEN001680; GEN000724; GEN001356; GEN000916; GEN000917; GEN001822; GEN001211; GEN002056,55,base_event_stream,2026-07-24T06:07:21+00:00
Multi-Agent,大模型,new,技术支持; 产品; 算法; 基础设施; 数据; AI安全,技术支持工程师; AI产品经理; 搜索算法工程师; 云计算工程师; 解决方案工程师; 数据开发工程师; AI安全工程师; 数据工程师,2025-02,2026-07,GEN001889,GEN001941,22,GEN001889; GEN002305; GEN002308; GEN000487; GEN001706; GEN001898; GEN002311; GEN000173; GEN001708; GEN002316; GEN001713; GEN002317; GEN001715; GEN001717; GEN001916; GEN001917; GEN001720; GEN001721; GEN002326; GEN001723; GEN000507; GEN001941,22,base_event_stream,2026-07-24T06:07:21+00:00
Multimodal AI,大模型,new,AI算法; 软件研发; 数据; 算法,语音算法工程师; 机器学习算法工程师; Python开发工程师; 数据平台工程师; 搜索算法工程师,2024-12,2026-07,GEN000384,GEN000514,15,GEN000384; GEN000386; GEN000988; GEN000400; GEN000999; GEN000410; GEN000412; GEN000504; GEN000422; GEN000507; GEN001004; GEN000424; GEN000509; GEN001005; GEN000514,15,base_event_stream,2026-07-24T06:07:21+00:00
MyBatis,软件开发,traditional,AI应用; 软件研发; 算法,AI应用工程师; Java开发工程师; 嵌入式软件工程师; AI Agent应用工程师; 风控算法工程师,2024-12,2026-07,GEN000115,GEN000972,16,GEN000115; GEN000924; GEN000926; GEN000929; GEN000935; GEN000938; GEN000942; GEN000943; GEN000951; GEN000136; GEN000955; GEN000962; GEN000963; GEN000970; GEN000971; GEN000972,16,base_event_stream,2026-07-24T06:07:21+00:00
MySQL,数据工程,traditional,AI应用; AI算法; 软件研发; 数据; 测试质量; 安全; 基础设施; 多媒体; 算法; 芯片; AI安全,AI应用工程师; 语音算法工程师; 全栈开发工程师; 数据仓库工程师; 测试开发工程师; 信息安全工程师; 数据库工程师; AI Agent算法工程师; 算法研究员; 大模型应用工程师; 运维工程师; 云计算工程师; 网络工程师; 音视频工程师; C++开发工程师; Python开发工程师; 大数据开发工程师; AI Agent应用工程师; 广告算法工程师; Java开发工程师; 网络安全工程师; 数据治理工程师; 芯片测试工程师; Android开发工程师; 机器学习算法工程师; 安全工程师; 数据挖掘算法工程师; 数据工程师; 系统软件工程师; 前端开发工程师; AI安全工程师,2024-12,2026-07,GEN000115,GEN002055,147,GEN000115; GEN000116; GEN000384; GEN000873; GEN001389; GEN001548; GEN001765; GEN001826; GEN000656; GEN000657; GEN001177; GEN001659; GEN001660; GEN001693; GEN001803; GEN002041; GEN000119; GEN000120; GEN000659; GEN000876; GEN000979; GEN000988; GEN001367; GEN001663; GEN001698; GEN001829; GEN000661; GEN000878; GEN000067; GEN000068; GEN000122; GEN000600; GEN000932; GEN001666; GEN001703; GEN001739; GEN000072; GEN000123; GEN000390; GEN000882; GEN000883; GEN000980; GEN001370; GEN001556; GEN001705; GEN000393; GEN000884; GEN000885; GEN000983; GEN001832; GEN002175; GEN002176; GEN000078; GEN000126; GEN000666; GEN000887; GEN000888; GEN000937; GEN000939; GEN001559; GEN001709; GEN000079; GEN000082; GEN000609; GEN001563; GEN001744; GEN001745; GEN000399; GEN000646; GEN000647; GEN001567; GEN001783; GEN001809; GEN001810; GEN000899; GEN000948; GEN000950; GEN001001; GEN001197; GEN000090; GEN000406; GEN000901; GEN000902; GEN001401; GEN001672; GEN001787; GEN001838; GEN000135; GEN000136; GEN000619; GEN000904; GEN000954; GEN000984; GEN000985; GEN001573; GEN001719; GEN002181; GEN000094; GEN000138; GEN000621; GEN001201; GEN001675; GEN001753; GEN002183; GEN000096; GEN000140; GEN000141; GEN001755; GEN002049; GEN000626; GEN000627; GEN001382; GEN001580; GEN001679; GEN001680; GEN001725; GEN001842; GEN000105; GEN000628; GEN000630; GEN000967; GEN000968; GEN001583; GEN001727; GEN000917; GEN001208; GEN001386; GEN001682; GEN001683; GEN001821; GEN001843; GEN000919; GEN000970; GEN000986; GEN001210; GEN001685; GEN001686; GEN001797; GEN001798; GEN001823; GEN002188; GEN000159; GEN000973; GEN001690; GEN001764; GEN001847; GEN002055,147,base_event_stream,2026-07-24T06:07:21+00:00
NLP,大模型,new,AI安全; 测试质量; 数据; 安全; 产品; AI算法; 算法; AI应用; 通信; 软件研发; 硬件; 多媒体; 基础设施; AI基础设施; 技术支持,AI安全工程师; 大模型测试工程师; 数据工程师; 安全工程师; AI产品经理; 多模态算法工程师; 计算机视觉算法工程师; 搜索算法工程师; 风控算法工程师; 数据挖掘算法工程师; AI应用工程师; 通信工程师; NLP算法工程师; 全栈开发工程师; 硬件工程师; 数据平台工程师; 大模型算法工程师; 语音算法工程师; 音视频工程师; C++开发工程师; DevOps工程师; AI Infra工程师; 算法工程师; Java开发工程师; 机器学习算法工程师; AI Agent算法工程师; 控制算法工程师; 技术支持工程师,2024-12,2026-07,GEN000162,GEN002096,160,GEN000162; GEN000300; GEN001481; GEN001773; GEN002303; GEN000256; GEN000346; GEN000482; GEN000556; GEN000640; GEN001482; GEN002059; GEN002304; GEN000305; GEN000347; GEN000641; GEN000875; GEN001274; GEN001411; GEN001484; GEN000259; GEN000350; GEN000387; GEN000486; GEN001412; GEN000169; GEN000261; GEN000309; GEN000388; GEN000487; GEN000488; GEN000009; GEN001413; GEN002310; GEN000011; GEN000264; GEN000266; GEN000490; GEN001414; GEN000267; GEN000268; GEN000312; GEN000358; GEN000491; GEN000644; GEN000645; GEN000889; GEN002067; GEN000271; GEN000314; GEN000316; GEN000359; GEN000397; GEN000398; GEN000492; GEN000697; GEN000016; GEN000273; GEN000274; GEN000317; GEN000319; GEN000494; GEN000646; GEN000647; GEN001417; GEN001418; GEN001643; GEN000020; GEN000203; GEN000275; GEN000276; GEN000277; GEN000701; GEN000702; GEN000898; GEN000899; GEN002320; GEN000279; GEN000280; GEN000324; GEN000405; GEN000406; GEN000703; GEN000705; GEN002322; GEN000281; GEN000282; GEN000283; GEN000368; GEN000408; GEN000409; GEN001420; GEN002080; GEN000027; GEN000206; GEN000710; GEN000711; GEN000712; GEN000207; GEN000284; GEN000285; GEN000371; GEN000415; GEN000501; GEN000582; GEN000583; GEN000650; GEN000716; GEN000373; GEN000374; GEN000417; GEN000504; GEN000719; GEN000720; GEN000721; GEN000912; GEN000913; GEN002329; GEN000038; GEN000178; GEN000292; GEN000293; GEN000334; GEN000376; GEN000420; GEN000422; GEN000505; GEN000723; GEN000724; GEN000042; GEN000295; GEN000337; GEN000423; GEN000424; GEN000425; GEN000509; GEN000726; GEN000730; GEN001425; GEN000047; GEN000296; GEN000381; GEN000426; GEN000427; GEN000428; GEN000587; GEN000588; GEN000733; GEN001426; GEN001500; GEN000050; GEN000051; GEN000214; GEN000513; GEN000514; GEN000589; GEN001304; GEN001427; GEN001800; GEN002096,160,base_event_stream,2026-07-24T06:07:21+00:00
NoSQL,数据工程,traditional,硬件; 软件研发; 基础设施; 数据; 测试质量; AI应用; 算法; 安全,结构工程师; 后端开发工程师; 软件开发工程师; 云计算工程师; Go开发工程师; 大数据开发工程师; 质量工程师; AI应用工程师; 数据库工程师; 推荐算法工程师; 客户端开发工程师; Java开发工程师; 信息安全工程师,2024-12,2026-07,GEN000922,GEN001847,59,GEN000922; GEN000743; GEN001309; GEN001695; GEN001011; GEN001312; GEN001697; GEN001698; GEN000928; GEN001316; GEN001317; GEN000749; GEN001015; GEN001830; GEN000751; GEN000752; GEN000442; GEN001016; GEN000758; GEN000763; GEN000943; GEN001019; GEN000767; GEN000768; GEN001332; GEN000949; GEN001338; GEN001716; GEN000775; GEN000777; GEN001023; GEN001024; GEN001717; GEN000778; GEN000779; GEN001025; GEN001026; GEN001839; GEN000464; GEN000956; GEN001720; GEN000790; GEN001347; GEN000961; GEN000473; GEN001032; GEN001033; GEN001353; GEN001356; GEN000803; GEN000970; GEN001037; GEN001363; GEN001730; GEN000810; GEN000811; GEN000813; GEN000972; GEN001847,59,base_event_stream,2026-07-24T06:07:21+00:00
Node.js,编程语言,traditional,软件研发; 基础设施; 安全; AI应用; AI算法; 数据,C++开发工程师; 运维工程师; 后端开发工程师; 安全工程师; AI应用工程师; NLP算法工程师; 云计算工程师; 前端开发工程师; 大模型应用工程师; 数据平台工程师; 网络工程师,2024-12,2026-07,GEN000974,GEN001731,65,GEN000974; GEN001657; GEN000057; GEN001734; GEN001736; GEN000978; GEN001662; GEN000306; GEN001776; GEN000308; GEN001703; GEN000824; GEN000980; GEN001667; GEN000075; GEN000826; GEN000983; GEN001669; GEN001706; GEN001707; GEN000078; GEN001709; GEN001779; GEN000831; GEN001711; GEN000833; GEN000834; GEN001783; GEN000088; GEN000322; GEN000839; GEN000090; GEN000091; GEN000840; GEN000841; GEN001671; GEN001672; GEN000843; GEN000845; GEN000846; GEN000985; GEN001718; GEN000093; GEN001753; GEN000851; GEN000852; GEN001722; GEN001723; GEN001681; GEN000104; GEN000335; GEN001726; GEN000337; GEN000863; GEN001796; GEN000111; GEN000112; GEN000987; GEN001729; GEN001730; GEN000113; GEN000114; GEN001689; GEN001690; GEN001731,65,base_event_stream,2026-07-24T06:07:21+00:00
Objective-C,编程语言,traditional,软件研发; 测试质量; AI应用; AI算法,iOS开发工程师; 大模型测试工程师; 测试开发工程师; 大模型应用工程师; 语音算法工程师; 全栈开发工程师; 测试工程师; 客户端开发工程师; AI Agent应用工程师; 质量工程师; 大模型算法工程师; AI应用工程师,2025-01,2026-07,GEN001134,GEN001172,42,GEN001134; GEN001135; GEN001504; GEN001137; GEN001551; GEN000069; GEN000070; GEN000391; GEN001139; GEN000885; GEN001141; GEN001557; GEN000887; GEN001513; GEN000397; GEN001048; GEN001145; GEN001563; GEN001627; GEN000401; GEN001050; GEN001517; GEN001053; GEN001054; GEN001152; GEN001153; GEN001571; GEN000408; GEN001061; GEN000907; GEN000908; GEN001064; GEN001527; GEN000095; GEN001068; GEN001161; GEN001580; GEN001070; GEN001536; GEN001169; GEN001589; GEN001172,42,base_event_stream,2026-07-24T06:07:21+00:00
PHP,编程语言,traditional,软件研发; 测试质量; AI算法; 基础设施; 数据; 安全; AI应用,C++开发工程师; Java开发工程师; 大模型测试工程师; 质量工程师; 测试开发工程师; 前端开发工程师; 测试工程师; 语音算法工程师; Go开发工程师; 运维工程师; 数据工程师; 信息安全工程师; AI应用工程师; 网络工程师,2024-12,2026-07,GEN000975,GEN001824,49,GEN000975; GEN000927; GEN000976; GEN001505; GEN000928; GEN000929; GEN000930; GEN001550; GEN000822; GEN000823; GEN001624; GEN000392; GEN000936; GEN001016; GEN001510; GEN001558; GEN001669; GEN001018; GEN000399; GEN000835; GEN000946; GEN001516; GEN000949; GEN000950; GEN001520; GEN001570; GEN001025; GEN001573; GEN001815; GEN001526; GEN001029; GEN001530; GEN001533; GEN001820; GEN000965; GEN000968; GEN001582; GEN001583; GEN000862; GEN001035; GEN001587; GEN000426; GEN000865; GEN001036; GEN001822; GEN001823; GEN000869; GEN001590; GEN001824,49,base_event_stream,2026-07-24T06:07:21+00:00
PLC编程,工业与物联网,traditional,硬件; 软件研发,电源工程师; 驱动开发工程师; 硬件工程师,2024-12,2026-07,GEN002190,GEN001268,20,GEN002190; GEN001234; GEN001236; GEN002191; GEN002193; GEN002194; GEN001250; GEN002195; GEN002198; GEN002199; GEN002200; GEN002201; GEN002202; GEN001263; GEN002203; GEN002204; GEN001266; GEN002205; GEN002206; GEN001268,20,base_event_stream,2026-07-24T06:07:21+00:00
PPO,大模型,new,机器人,机器人软件工程师,2025-11,2025-11,GEN001965,GEN001965,1,GEN001965,1,base_event_stream,2026-07-24T06:07:21+00:00
Perl,编程语言,traditional,基础设施; 芯片; 软件研发; 技术支持; 数据; AI算法; 算法; AI应用,运维工程师; 芯片设计工程师; 芯片验证工程师; 前端开发工程师; Python开发工程师; 后端开发工程师; 解决方案工程师; 系统软件工程师; 驱动开发工程师; 芯片测试工程师; 客户端开发工程师; 数据平台工程师; 大模型算法工程师; 推荐算法工程师; AI Agent应用工程师; 软件开发工程师,2024-12,2026-07,GEN001657,GEN001688,55,GEN001657; GEN002097; GEN002149; GEN000815; GEN002101; GEN000816; GEN000817; GEN000988; GEN001662; GEN001663; GEN000747; GEN000993; GEN001665; GEN001892; GEN001893; GEN002156; GEN000752; GEN001187; GEN001241; GEN002110; GEN002111; GEN002157; GEN001897; GEN000758; GEN001244; GEN000834; GEN000999; GEN001249; GEN001250; GEN002162; GEN000770; GEN000771; GEN001907; GEN000455; GEN000775; GEN001199; GEN001672; GEN001910; GEN000779; GEN001673; GEN001255; GEN000468; GEN001678; GEN000795; GEN002133; GEN002136; GEN000800; GEN001003; GEN002166; GEN001264; GEN000866; GEN001006; GEN001267; GEN001686; GEN001688,55,base_event_stream,2026-07-24T06:07:21+00:00
PostgreSQL,数据工程,traditional,软件研发; AI算法; 测试质量; AI应用; 算法; 基础设施; 技术支持; AI基础设施; 产品; 数据,后端开发工程师; AI Agent算法工程师; Java开发工程师; 软件架构师; Go开发工程师; 测试工程师; 大模型应用工程师; 算法研究员; 软件开发工程师; 广告算法工程师; 大模型算法工程师; 运维工程师; 数据库工程师; 解决方案工程师; AI Infra工程师; AI产品经理; 数据平台工程师,2025-01,2026-07,GEN000057,GEN001847,37,GEN000057; GEN000058; GEN000925; GEN001271; GEN001012; GEN001828; GEN000063; GEN000074; GEN000665; GEN001327; GEN001020; GEN001331; GEN000201; GEN000947; GEN001332; GEN000948; GEN001021; GEN001286; GEN001288; GEN001340; GEN001838; GEN001028; GEN001031; GEN001295; GEN001296; GEN001842; GEN000210; GEN000679; GEN000212; GEN001300; GEN001301; GEN001843; GEN001844; GEN001362; GEN001846; GEN000973; GEN001847,37,base_event_stream,2026-07-24T06:07:21+00:00
PyTorch,AI,traditional,AI算法; 算法; 测试质量; AI应用; 芯片; 硬件; 自动驾驶; 软件研发; 安全; 数据; 多媒体; 通信; 基础设施; 技术支持; AI基础设施; 产品,大模型算法工程师; AIGC算法工程师; 广告算法工程师; 大模型测试工程师; 质量工程师; AI应用工程师; 芯片设计工程师; 硬件工程师; 大模型应用工程师; AI Agent算法工程师; 自动驾驶算法工程师; 多模态算法工程师; NLP算法工程师; 机器学习算法工程师; 算法研究员; Android开发工程师; 软件架构师; 安全工程师; 数据平台工程师; 测试工程师; 网络安全工程师; 音视频工程师; 通信工程师; 推荐算法工程师; Java开发工程师; 云计算工程师; 计算机视觉算法工程师; 后端开发工程师; 风控算法工程师; 解决方案工程师; 数据分析师; 算法工程师; 语音算法工程师; 技术支持工程师; 搜索算法工程师; AI Agent应用工程师; 运维工程师; 数据仓库工程师; 数据工程师; AI Infra工程师; 数据挖掘算法工程师; 前端开发工程师; 结构工程师; AI产品经理; 芯片验证工程师,2024-12,2026-07,GEN000002,GEN001546,250,GEN000002; GEN000215; GEN000343; GEN001480; GEN001503; GEN001592; GEN001692; GEN002097; GEN002262; GEN000056; GEN000058; GEN000187; GEN000256; GEN000301; GEN000302; GEN000592; GEN000594; GEN000657; GEN001081; GEN001082; GEN001272; GEN001482; GEN001736; GEN000304; GEN000520; GEN000595; GEN001411; GEN001484; GEN001506; GEN001597; GEN001622; GEN001738; GEN002043; GEN002061; GEN000306; GEN000437; GEN000485; GEN000521; GEN000599; GEN000930; GEN001275; GEN001412; GEN001598; GEN001700; GEN001977; GEN002045; GEN000122; GEN000224; GEN000308; GEN000309; GEN000352; GEN000353; GEN000438; GEN000439; GEN000565; GEN000601; GEN001278; GEN001448; GEN001739; GEN002272; GEN000262; GEN000441; GEN000524; GEN000602; GEN000664; GEN001279; GEN001413; GEN001624; GEN001704; GEN001980; GEN002274; GEN000125; GEN000266; GEN000392; GEN000525; GEN000604; GEN000643; GEN000665; GEN001281; GEN001450; GEN001874; GEN002275; GEN000076; GEN000269; GEN000313; GEN000357; GEN000395; GEN000491; GEN000528; GEN000571; GEN000939; GEN001095; GEN001283; GEN001512; GEN001513; GEN001626; GEN001877; GEN002068; GEN002116; GEN000200; GEN000230; GEN000271; GEN000315; GEN000316; GEN000530; GEN000573; GEN000574; GEN000608; GEN001285; GEN001514; GEN001628; GEN000201; GEN000234; GEN000272; GEN000317; GEN000319; GEN000448; GEN000449; GEN000493; GEN000576; GEN000671; GEN001101; GEN001516; GEN001606; GEN002121; GEN002280; GEN000203; GEN000235; GEN000236; GEN000277; GEN000402; GEN000454; GEN000534; GEN000535; GEN000649; GEN000672; GEN001286; GEN001608; GEN001715; GEN001716; GEN001749; GEN002074; GEN002075; GEN000457; GEN000537; GEN001289; GEN001750; GEN002077; GEN000026; GEN000136; GEN000281; GEN000410; GEN000580; GEN000619; GEN001111; GEN001290; GEN001610; GEN002079; GEN000137; GEN000206; GEN000370; GEN000411; GEN000464; GEN000465; GEN000621; GEN001114; GEN001463; GEN001527; GEN001720; GEN002129; GEN002130; GEN000242; GEN000243; GEN000414; GEN000467; GEN000501; GEN000544; GEN000622; GEN000623; GEN000650; GEN001528; GEN001612; GEN001756; GEN002049; GEN002132; GEN000245; GEN000290; GEN000584; GEN000625; GEN000962; GEN001119; GEN001423; GEN001531; GEN002086; GEN002136; GEN002291; GEN000039; GEN000247; GEN000376; GEN000629; GEN000679; GEN001298; GEN001471; GEN001759; GEN001760; GEN001985; GEN002090; GEN002137; GEN002138; GEN002294; GEN002296; GEN000151; GEN000212; GEN000249; GEN000250; GEN000378; GEN000424; GEN000550; GEN001300; GEN001425; GEN001472; GEN001539; GEN001618; GEN001884; GEN002092; GEN002140; GEN002298; GEN000047; GEN000251; GEN000252; GEN000340; GEN000551; GEN000587; GEN000635; GEN000652; GEN000653; GEN000681; GEN001426; GEN001619; GEN002094; GEN002144; GEN000114; GEN000160; GEN000253; GEN000297; GEN000431; GEN000637; GEN001479; GEN001501; GEN001546,250,base_event_stream,2026-07-24T06:07:21+00:00
Python,编程语言,traditional,AI算法; AI应用; 测试质量; AI安全; 算法; 软件研发; 数据; 安全; 基础设施; 自动驾驶; 多媒体; 硬件; 技术支持; 机器人; 芯片; 产品; AI基础设施,大模型算法工程师; AI应用工程师; 大模型测试工程师; AI安全工程师; 多模态算法工程师; 风控算法工程师; 机器学习算法工程师; 全栈开发工程师; 数据仓库工程师; 数据治理工程师; 安全工程师; 信息安全工程师; 数据库工程师; 自动驾驶算法工程师; 图形图像工程师; 电源工程师; 热设计工程师; AIGC算法工程师; 计算机视觉算法工程师; 数据挖掘算法工程师; 前端开发工程师; Go开发工程师; iOS开发工程师; 驱动开发工程师; 软件架构师; 云计算工程师; 服务器工程师; 大模型应用工程师; 技术支持工程师; 机器人算法工程师; 音视频工程师; 芯片设计工程师; AI Agent应用工程师; 芯片验证工程师; NLP算法工程师; 推荐算法工程师; AI Agent算法工程师; 算法研究员; 算法工程师; 后端开发工程师; 系统软件工程师; 数据平台工程师; 数据工程师; 质量工程师; 测试工程师; 网络安全工程师; 机器人软件工程师; 硬件工程师; 语音算法工程师; 广告算法工程师; Python开发工程师; AI产品经理; 测试开发工程师; 网络工程师; 解决方案工程师; DevOps工程师; AI Infra工程师; 芯片测试工程师; 客户端开发工程师; C++开发工程师; 控制算法工程师; 数据分析师; Android开发工程师; 运维工程师; 软件开发工程师; 搜索算法工程师; 数据开发工程师,2024-12,2026-07,GEN000001,GEN002301,577,GEN000001; GEN000116; GEN000161; GEN000162; GEN000255; GEN000553; GEN000554; GEN000591; GEN000872; GEN001389; GEN001429; GEN001733; GEN001765; GEN001826; GEN001973; GEN002013; GEN002189; GEN002190; GEN002240; GEN000118; GEN000217; GEN000218; GEN000257; GEN000344; GEN000345; GEN000346; GEN000386; GEN000434; GEN000557; GEN000558; GEN000592; GEN000639; GEN000640; GEN000815; GEN000976; GEN001010; GEN001135; GEN001232; GEN001271; GEN001430; GEN001693; GEN001694; GEN001767; GEN001774; GEN001849; GEN001868; GEN001869; GEN001943; GEN002041; GEN002101; GEN002102; GEN002151; GEN002241; GEN002242; GEN000119; GEN000164; GEN000219; GEN000220; GEN000258; GEN000304; GEN000435; GEN000484; GEN000595; GEN000659; GEN000686; GEN000744; GEN000816; GEN000978; GEN001179; GEN001180; GEN001273; GEN001392; GEN001410; GEN001431; GEN001432; GEN001485; GEN001506; GEN001596; GEN001623; GEN001737; GEN001738; GEN001768; GEN001829; GEN001956; GEN002042; GEN002152; GEN002243; GEN002244; GEN002266; GEN000005; GEN000222; GEN000387; GEN000521; GEN000563; GEN000599; GEN000819; GEN000990; GEN000991; GEN001181; GEN001182; GEN001235; GEN001236; GEN001276; GEN001486; GEN001487; GEN001550; GEN001776; GEN001804; GEN001944; GEN002045; GEN002107; GEN002245; GEN002246; GEN000006; GEN000169; GEN000261; GEN000308; GEN000309; GEN000388; GEN000439; GEN000566; GEN000600; GEN000662; GEN000820; GEN000992; GEN001184; GEN001278; GEN001433; GEN001635; GEN001739; GEN001830; GEN001958; GEN001979; GEN002022; GEN000170; GEN000171; GEN000193; GEN000310; GEN000390; GEN000568; GEN000603; GEN000689; GEN000882; GEN001449; GEN001777; GEN001853; GEN001894; GEN001959; GEN001980; GEN002173; GEN002192; GEN002247; GEN002273; GEN000125; GEN000172; GEN000226; GEN000227; GEN000311; GEN000355; GEN000392; GEN000393; GEN000443; GEN000525; GEN000569; GEN000604; GEN000691; GEN000755; GEN000825; GEN000983; GEN001016; GEN001141; GEN001511; GEN001557; GEN001558; GEN001806; GEN001874; GEN001898; GEN001960; GEN001993; GEN001994; GEN002175; GEN002248; GEN002249; GEN002275; GEN000173; GEN000267; GEN000268; GEN000571; GEN000572; GEN000606; GEN000607; GEN000758; GEN000759; GEN000827; GEN000828; GEN000996; GEN001046; GEN001191; GEN001244; GEN001326; GEN001451; GEN001559; GEN001560; GEN001603; GEN001626; GEN001709; GEN001947; GEN001961; GEN001995; GEN001996; GEN002025; GEN002026; GEN002116; GEN000230; GEN000231; GEN000316; GEN000445; GEN000446; GEN000530; GEN000608; GEN000668; GEN000890; GEN001047; GEN001049; GEN001193; GEN001247; GEN001284; GEN001331; GEN001398; GEN001452; GEN001781; GEN001808; GEN001835; GEN001962; GEN001963; GEN001998; GEN002119; GEN002194; GEN002278; GEN002316; GEN000174; GEN000232; GEN000233; GEN000274; GEN000449; GEN000576; GEN000670; GEN000698; GEN000765; GEN000893; GEN000895; GEN000998; GEN001051; GEN001148; GEN001332; GEN001335; GEN001375; GEN001417; GEN001434; GEN001489; GEN001517; GEN001566; GEN001606; GEN001607; GEN001643; GEN001770; GEN002028; GEN002161; GEN002162; GEN002250; GEN002251; GEN002280; GEN000018; GEN000132; GEN000235; GEN000320; GEN000363; GEN000451; GEN000452; GEN000453; GEN000534; GEN000535; GEN000536; GEN000577; GEN000615; GEN000649; GEN000673; GEN001000; GEN001149; GEN001150; GEN001400; GEN001608; GEN001784; GEN001812; GEN001907; GEN001949; GEN002001; GEN002124; GEN002179; GEN002180; GEN002252; GEN002253; GEN002283; GEN000021; GEN000279; GEN000324; GEN000537; GEN000539; GEN000617; GEN000705; GEN000773; GEN000774; GEN000840; GEN000841; GEN000902; GEN001058; GEN001152; GEN001198; GEN001199; GEN001339; GEN001340; GEN001341; GEN001401; GEN001435; GEN001522; GEN001570; GEN001786; GEN001838; GEN001913; GEN001950; GEN002254; GEN000135; GEN000238; GEN000239; GEN000282; GEN000325; GEN000326; GEN000408; GEN000460; GEN000463; GEN000498; GEN000540; GEN000542; GEN000618; GEN000619; GEN000778; GEN000984; GEN000985; GEN001025; GEN001062; GEN001063; GEN001155; GEN001200; GEN001378; GEN001420; GEN001436; GEN001491; GEN001492; GEN001524; GEN001610; GEN001718; GEN001752; GEN001771; GEN001772; GEN001788; GEN001816; GEN001817; GEN001857; GEN001880; GEN001951; GEN002002; GEN002032; GEN002127; GEN002197; GEN002198; GEN000240; GEN000241; GEN000327; GEN000328; GEN000411; GEN000465; GEN000499; GEN000620; GEN000711; GEN000713; GEN000782; GEN000906; GEN001027; GEN001028; GEN001344; GEN001345; GEN001437; GEN001525; GEN001575; GEN001721; GEN001818; GEN001819; GEN001841; GEN001883; GEN002048; GEN002130; GEN002255; GEN002256; GEN002288; GEN000243; GEN000501; GEN000502; GEN000582; GEN000583; GEN000622; GEN000717; GEN000788; GEN001257; GEN001294; GEN001402; GEN001438; GEN001464; GEN001493; GEN001530; GEN001577; GEN001612; GEN001755; GEN001953; GEN001968; GEN002034; GEN002131; GEN002290; GEN000144; GEN000246; GEN000331; GEN000417; GEN000419; GEN000471; GEN000503; GEN000585; GEN000625; GEN000719; GEN000913; GEN001203; GEN001259; GEN001349; GEN001351; GEN001404; GEN001439; GEN001467; GEN001468; GEN001496; GEN001532; GEN001578; GEN001579; GEN001614; GEN001630; GEN001842; GEN001924; GEN001969; GEN002135; GEN002136; GEN002165; GEN002293; GEN000039; GEN000146; GEN000148; GEN000334; GEN000420; GEN000421; GEN000472; GEN000506; GEN000547; GEN000548; GEN000800; GEN000859; GEN000915; GEN001003; GEN001071; GEN001355; GEN001384; GEN001385; GEN001405; GEN001440; GEN001469; GEN001471; GEN001582; GEN001615; GEN001650; GEN001760; GEN001795; GEN001927; GEN001985; GEN002006; GEN002051; GEN002052; GEN002138; GEN002167; GEN002185; GEN002186; GEN002257; GEN002258; GEN000041; GEN000044; GEN000211; GEN000249; GEN000294; GEN000425; GEN000508; GEN000549; GEN000550; GEN000631; GEN000728; GEN000730; GEN000804; GEN000863; GEN001264; GEN001301; GEN001357; GEN001358; GEN001359; GEN001360; GEN001386; GEN001474; GEN001585; GEN001618; GEN001761; GEN001796; GEN001862; GEN001863; GEN002037; GEN002203; GEN002259; GEN002260; GEN002298; GEN000427; GEN000476; GEN000477; GEN000512; GEN000551; GEN000587; GEN000634; GEN000635; GEN000733; GEN000987; GEN001005; GEN001209; GEN001267; GEN001426; GEN001441; GEN001730; GEN001822; GEN001823; GEN001864; GEN001865; GEN002009; GEN002010; GEN002170; GEN000159; GEN000297; GEN000430; GEN000513; GEN000515; GEN000638; GEN000738; GEN000870; GEN001170; GEN001211; GEN001364; GEN001427; GEN001478; GEN001501; GEN001545; GEN001590; GEN001654; GEN001824; GEN001971; GEN002011; GEN002012; GEN002171; GEN002172; GEN002301,577,base_event_stream,2026-07-24T06:07:21+00:00
RAG,大模型,new,AI算法; 数据; 安全; 算法; 软件研发; 产品; 基础设施; 测试质量; 机器人; 硬件; AI应用,机器学习算法工程师; 数据仓库工程师; 数据分析师; 安全工程师; 风控算法工程师; Java开发工程师; 系统软件工程师; AI产品经理; 网络安全工程师; 信息安全工程师; 云计算工程师; 大模型算法工程师; 搜索算法工程师; 算法工程师; 质量工程师; 数据开发工程师; 数据库工程师; 机器人算法工程师; 测试工程师; 硬件工程师; 大数据开发工程师; 数据工程师; 数据治理工程师; 大模型测试工程师; AI应用工程师; AI Agent算法工程师; 多模态算法工程师,2024-12,2026-07,GEN000555,GEN002335,106,GEN000555; GEN001389; GEN001442; GEN001733; GEN000558; GEN000925; GEN000927; GEN001178; GEN001444; GEN002304; GEN000559; GEN001737; GEN001768; GEN000563; GEN001701; GEN000007; GEN002309; GEN000489; GEN000567; GEN000568; GEN000934; GEN001600; GEN000490; GEN001371; GEN001601; GEN001833; GEN000938; GEN000939; GEN001191; GEN001192; GEN001602; GEN001603; GEN001625; GEN000014; GEN001398; GEN001628; GEN001745; GEN002316; GEN000017; GEN000576; GEN000944; GEN001606; GEN001607; GEN002318; GEN000019; GEN000950; GEN001749; GEN000952; GEN001377; GEN001458; GEN001609; GEN001838; GEN000025; GEN000026; GEN000953; GEN000954; GEN001610; GEN001771; GEN002323; GEN002324; GEN000499; GEN000956; GEN000957; GEN001611; GEN002326; GEN000033; GEN000501; GEN000502; GEN000958; GEN000959; GEN001381; GEN001612; GEN000503; GEN000585; GEN000962; GEN000964; GEN001614; GEN001725; GEN001757; GEN000038; GEN000965; GEN000967; GEN001205; GEN001384; GEN001385; GEN001615; GEN001759; GEN002331; GEN000043; GEN000508; GEN001207; GEN001386; GEN001761; GEN001762; GEN002332; GEN000045; GEN000969; GEN000971; GEN001210; GEN001387; GEN001619; GEN001846; GEN002333; GEN000050; GEN001847; GEN002335,106,base_event_stream,2026-07-24T06:07:21+00:00
RISC-V,系统与运维,traditional,AI基础设施; 芯片; 硬件; AI应用; 测试质量; 自动驾驶; 技术支持; 基础设施; 通信; AI算法; 算法; 产品,AI Infra工程师; 芯片设计工程师; 电源工程师; AI Agent应用工程师; 大模型测试工程师; 芯片验证工程师; 硬件工程师; 自动驾驶算法工程师; 解决方案工程师; 服务器工程师; 技术支持工程师; 通信工程师; 语音算法工程师; 控制算法工程师; 大模型算法工程师; 算法工程师; AI应用工程师; AI产品经理; 网络工程师,2024-12,2026-07,GEN000182,GEN002096,57,GEN000182; GEN002148; GEN001848; GEN002100; GEN002150; GEN002153; GEN002266; GEN000188; GEN000190; GEN001891; GEN002154; GEN002270; GEN002155; GEN001852; GEN001853; GEN001895; GEN002064; GEN002157; GEN002275; GEN000012; GEN000198; GEN000694; GEN002281; GEN000204; GEN000701; GEN002283; GEN002284; GEN000705; GEN001913; GEN002076; GEN002077; GEN002078; GEN001917; GEN002080; GEN000717; GEN001859; GEN001923; GEN002083; GEN002164; GEN000209; GEN002086; GEN002134; GEN002136; GEN002291; GEN002293; GEN002088; GEN002090; GEN001862; GEN000045; GEN001938; GEN002169; GEN002170; GEN000049; GEN000214; GEN001940; GEN002095; GEN002096,57,base_event_stream,2026-07-24T06:07:21+00:00
RLHF,大模型,new,AI算法; 芯片; 算法; AI安全; 数据,机器学习算法工程师; 芯片设计工程师; 风控算法工程师; AI安全工程师; 大模型算法工程师; 数据工程师,2024-12,2026-07,GEN000555,GEN002147,17,GEN000555; GEN002104; GEN000562; GEN000566; GEN002114; GEN002117; GEN000175; GEN001489; GEN001492; GEN001494; GEN001495; GEN002142; GEN000588; GEN001500; GEN000179; GEN002146; GEN002147,17,base_event_stream,2026-07-24T06:07:21+00:00
Ray,AI,traditional,AI应用; 通信; 基础设施; AI算法; 软件研发; 数据; 自动驾驶; AI基础设施; 算法; 测试质量; 芯片; 产品; AI安全; 技术支持,AI应用工程师; 通信工程师; 网络工程师; 多模态算法工程师; 软件架构师; 数据平台工程师; 数据分析师; 数据工程师; 云计算工程师; 大模型算法工程师; AI Agent应用工程师; 自动驾驶算法工程师; AI Infra工程师; 搜索算法工程师; 大模型应用工程师; 算法工程师; 数据开发工程师; AIGC算法工程师; 大数据开发工程师; 大模型测试工程师; 芯片设计工程师; 测试工程师; AI Agent算法工程师; AI产品经理; AI安全工程师; 技术支持工程师,2024-12,2026-07,GEN001692,GEN002095,86,GEN001692; GEN002057; GEN000186; GEN000257; GEN001271; GEN001408; GEN001444; GEN001445; GEN001693; GEN000164; GEN001696; GEN000005; GEN000065; GEN000190; GEN001446; GEN001447; GEN001701; GEN001976; GEN000191; GEN000192; GEN001702; GEN001980; GEN002064; GEN000195; GEN000265; GEN000197; GEN001372; GEN001451; GEN001983; GEN001415; GEN001452; GEN001417; GEN001455; GEN001516; GEN002071; GEN002072; GEN000088; GEN000275; GEN001376; GEN001519; GEN000022; GEN000279; GEN000280; GEN001419; GEN001459; GEN001521; GEN001378; GEN001379; GEN002128; GEN000206; GEN001422; GEN001462; GEN001526; GEN001464; GEN002132; GEN000036; GEN000099; GEN000100; GEN001295; GEN001383; GEN001531; GEN002133; GEN002134; GEN000102; GEN000292; GEN001298; GEN001385; GEN001534; GEN001535; GEN001537; GEN000109; GEN001300; GEN001301; GEN001539; GEN001302; GEN001542; GEN002144; GEN000051; GEN000180; GEN000181; GEN001388; GEN001428; GEN001477; GEN001544; GEN001989; GEN002095,86,base_event_stream,2026-07-24T06:07:21+00:00
React,编程语言,traditional,AI应用; AI算法; 软件研发; 数据; 算法; 技术支持; 通信; 安全; 硬件; 基础设施,AI应用工程师; AIGC算法工程师; 软件开发工程师; 数据开发工程师; 广告算法工程师; 风控算法工程师; Go开发工程师; 大模型应用工程师; 前端开发工程师; 计算机视觉算法工程师; 机器学习算法工程师; 技术支持工程师; 通信工程师; 大模型算法工程师; 全栈开发工程师; 安全工程师; 算法研究员; 数据仓库工程师; AI Agent应用工程师; 软件架构师; 硬件工程师; Android开发工程师; 云计算工程师; 运维工程师,2024-12,2026-07,GEN000115,GEN001689,93,GEN000115; GEN000215; GEN001306; GEN001307; GEN000518; GEN000557; GEN001308; GEN001011; GEN001313; GEN001314; GEN000064; GEN000066; GEN000121; GEN000222; GEN000223; GEN000563; GEN001315; GEN000821; GEN000071; GEN000822; GEN000823; GEN000824; GEN001871; GEN002064; GEN000011; GEN000073; GEN000226; GEN000826; GEN000884; GEN000885; GEN001324; GEN001670; GEN001874; GEN001876; GEN000572; GEN000666; GEN000667; GEN000829; GEN000887; GEN000889; GEN001328; GEN002068; GEN000080; GEN000081; GEN000082; GEN000573; GEN000669; GEN001019; GEN001285; GEN000130; GEN000576; GEN000670; GEN002071; GEN000089; GEN000839; GEN001286; GEN000090; GEN000537; GEN000841; GEN000842; GEN001024; GEN002077; GEN000239; GEN000541; GEN000905; GEN001343; GEN001674; GEN000029; GEN000675; GEN000847; GEN000908; GEN002081; GEN000852; GEN001029; GEN000034; GEN001031; GEN002086; GEN000104; GEN000858; GEN001032; GEN000041; GEN000149; GEN000151; GEN000550; GEN001035; GEN000046; GEN000154; GEN000918; GEN001303; GEN001361; GEN000051; GEN000157; GEN001689,93,base_event_stream,2026-07-24T06:07:21+00:00
React Native,软件开发,traditional,软件研发,客户端开发工程师; Android开发工程师; C++开发工程师; 前端开发工程师,2024-12,2026-07,GEN001041,GEN000869,24,GEN001041; GEN001078; GEN000977; GEN001081; GEN001084; GEN001044; GEN001094; GEN001046; GEN001096; GEN001100; GEN000833; GEN001102; GEN001103; GEN000839; GEN001058; GEN001060; GEN001110; GEN000852; GEN001117; GEN000859; GEN000861; GEN000862; GEN001127; GEN000869,24,base_event_stream,2026-07-24T06:07:21+00:00
Redis,数据工程,traditional,AI应用; AI算法; 基础设施; 安全; 软件研发; 数据; 算法; AI基础设施; 技术支持; 测试质量,AI应用工程师; 语音算法工程师; 运维工程师; 安全工程师; 大模型应用工程师; 网络工程师; 机器学习算法工程师; 软件架构师; 数据仓库工程师; 风控算法工程师; 后端开发工程师; Go开发工程师; AI Infra工程师; 网络安全工程师; 技术支持工程师; 解决方案工程师; 算法工程师; 客户端开发工程师; 测试开发工程师; 大模型算法工程师; Java开发工程师; Python开发工程师; 数据工程师,2024-12,2026-07,GEN000115,GEN001941,115,GEN000115; GEN000383; GEN001657; GEN001773; GEN001886; GEN000186; GEN000385; GEN000386; GEN001272; GEN001391; GEN001734; GEN001735; GEN001736; GEN001774; GEN001888; GEN000744; GEN001662; GEN001663; GEN000598; GEN001014; GEN000748; GEN001277; GEN001805; GEN000193; GEN000390; GEN000603; GEN000753; GEN001740; GEN001895; GEN000392; GEN000393; GEN001742; GEN001896; GEN000607; GEN000758; GEN000759; GEN000610; GEN000764; GEN001019; GEN001398; GEN001562; GEN001743; GEN001901; GEN000612; GEN000765; GEN001567; GEN001747; GEN001905; GEN000770; GEN001022; GEN001749; GEN001784; GEN001785; GEN001811; GEN000205; GEN001288; GEN001570; GEN001571; GEN001671; GEN001911; GEN001913; GEN000409; GEN001290; GEN001673; GEN001815; GEN001915; GEN000621; GEN000784; GEN001028; GEN001292; GEN001818; GEN000415; GEN000790; GEN000792; GEN001402; GEN001576; GEN001577; GEN001677; GEN001921; GEN000419; GEN000625; GEN001030; GEN001296; GEN001403; GEN001404; GEN001681; GEN001794; GEN000797; GEN001297; GEN001384; GEN001928; GEN000423; GEN001034; GEN001299; GEN001406; GEN001682; GEN001683; GEN001762; GEN001932; GEN001933; GEN000426; GEN000634; GEN000807; GEN000808; GEN000809; GEN001036; GEN001937; GEN000157; GEN000430; GEN000813; GEN001007; GEN001038; GEN001388; GEN001688; GEN001941,115,base_event_stream,2026-07-24T06:07:21+00:00
Rust,编程语言,traditional,AI算法; AI基础设施; 测试质量; 软件研发; AI应用; 基础设施; 芯片; 数据; 算法; 技术支持; 产品,大模型算法工程师; AI Infra工程师; NLP算法工程师; 大模型测试工程师; Java开发工程师; C++开发工程师; AI应用工程师; 网络工程师; 芯片设计工程师; 后端开发工程师; 嵌入式软件工程师; iOS开发工程师; 软件开发工程师; 前端开发工程师; 芯片验证工程师; 软件架构师; 云计算工程师; 数据治理工程师; 数据平台工程师; 大模型应用工程师; 全栈开发工程师; 服务器工程师; 搜索算法工程师; 测试开发工程师; 解决方案工程师; 数据仓库工程师; Android开发工程师; AIGC算法工程师; 客户端开发工程师; AI Agent应用工程师; Go开发工程师; AI产品经理,2024-12,2026-07,GEN000001,GEN002146,116,GEN000001; GEN000184; GEN000299; GEN000300; GEN000923; GEN000974; GEN000975; GEN001691; GEN001801; GEN002148; GEN000302; GEN000743; GEN000926; GEN000976; GEN001135; GEN001309; GEN002150; GEN000305; GEN000978; GEN000121; GEN000188; GEN000929; GEN001317; GEN000006; GEN000122; GEN001138; GEN001320; GEN001805; GEN000009; GEN000753; GEN000824; GEN000981; GEN001140; GEN001280; GEN001704; GEN001705; GEN001831; GEN002110; GEN000011; GEN000075; GEN000124; GEN000884; GEN000982; GEN000983; GEN001142; GEN001323; GEN000127; GEN000760; GEN000889; GEN001282; GEN001326; GEN001513; GEN001709; GEN001284; GEN001285; GEN001514; GEN001808; GEN001104; GEN001334; GEN001335; GEN001809; GEN001810; GEN002121; GEN002122; GEN000772; GEN001107; GEN001150; GEN001287; GEN000022; GEN000205; GEN000774; GEN000777; GEN001288; GEN001521; GEN000984; GEN001524; GEN001815; GEN002127; GEN000093; GEN000139; GEN000782; GEN000785; GEN000907; GEN001159; GEN001292; GEN001345; GEN001527; GEN001720; GEN002129; GEN002163; GEN000792; GEN001115; GEN000098; GEN000144; GEN000145; GEN000857; GEN000210; GEN000798; GEN001121; GEN001536; GEN000044; GEN000152; GEN000864; GEN001125; GEN001165; GEN000112; GEN000807; GEN000866; GEN000867; GEN000918; GEN000986; GEN000159; GEN000810; GEN000811; GEN001825; GEN002146,116,base_event_stream,2026-07-24T06:07:21+00:00
SFT,大模型,new,基础设施; 软件研发; 测试质量; AI应用; AI安全; 芯片; AI算法; 算法; 通信; 数据; AI基础设施,网络工程师; 客户端开发工程师; 大模型测试工程师; AI Agent应用工程师; 大模型应用工程师; AI安全工程师; 芯片设计工程师; 前端开发工程师; 机器学习算法工程师; 广告算法工程师; 后端开发工程师; 大模型算法工程师; 语音算法工程师; AIGC算法工程师; 算法工程师; AI应用工程师; 通信工程师; 数据工程师; AI Agent算法工程师; 多模态算法工程师; AI Infra工程师; 控制算法工程师; 芯片测试工程师,2024-12,2026-07,GEN000054,GEN001654,100,GEN000054; GEN001040; GEN001504; GEN002100; GEN000062; GEN000165; GEN002103; GEN000063; GEN000065; GEN000167; GEN000598; GEN001043; GEN000068; GEN000168; GEN000600; GEN000749; GEN000008; GEN000070; GEN000170; GEN000171; GEN002110; GEN000075; GEN001511; GEN000012; GEN000076; GEN000228; GEN000607; GEN001512; GEN002116; GEN000080; GEN000081; GEN000610; GEN002070; GEN000085; GEN000613; GEN001050; GEN001489; GEN001516; GEN002072; GEN000086; GEN000236; GEN000615; GEN000769; GEN000772; GEN000091; GEN000703; GEN001058; GEN002077; GEN000619; GEN000709; GEN001524; GEN000027; GEN000241; GEN000411; GEN000620; GEN002081; GEN002129; GEN000097; GEN001493; GEN000176; GEN000246; GEN001533; GEN000037; GEN000103; GEN000104; GEN000248; GEN000421; GEN000628; GEN000723; GEN000724; GEN001534; GEN001537; GEN000106; GEN000107; GEN000250; GEN000631; GEN000726; GEN000727; GEN000728; GEN000729; GEN000730; GEN000801; GEN001539; GEN001540; GEN000110; GEN000251; GEN000252; GEN000731; GEN001541; GEN001542; GEN000113; GEN000637; GEN000738; GEN000739; GEN000740; GEN000741; GEN000813; GEN001544; GEN001547; GEN001654,100,base_event_stream,2026-07-24T06:07:21+00:00
SGLang,大模型,new,软件研发; AI安全; 算法; AI算法; 硬件; 测试质量,软件架构师; AI安全工程师; 系统软件工程师; 搜索算法工程师; 大模型算法工程师; 结构工程师; 大模型测试工程师,2025-01,2026-07,GEN001271,GEN000181,11,GEN001271; GEN000165; GEN001187; GEN000172; GEN001282; GEN001200; GEN001202; GEN001204; GEN001206; GEN000179; GEN000181,11,base_event_stream,2026-07-24T06:07:21+00:00
SIMD,硬件与芯片,traditional,测试质量; 多媒体; AI算法; 芯片,大模型测试工程师; 音视频工程师; 多模态算法工程师; 芯片设计工程师,2024-12,2026-07,GEN002040,GEN002056,11,GEN002040; GEN002046; GEN002119; GEN002125; GEN002127; GEN002048; GEN002130; GEN002052; GEN002053; GEN002054; GEN002056,11,base_event_stream,2026-07-24T06:07:21+00:00
SRE,系统与运维,traditional,软件研发; AI应用; 安全; 自动驾驶; 基础设施; AI算法; 数据; 技术支持; 芯片; 算法; 测试质量; 产品,全栈开发工程师; 客户端开发工程师; AI应用工程师; 网络安全工程师; 信息安全工程师; 自动驾驶算法工程师; 后端开发工程师; 嵌入式软件工程师; 运维工程师; 安全工程师; 大模型应用工程师; 机器学习算法工程师; 前端开发工程师; 数据开发工程师; 软件架构师; 技术支持工程师; 芯片测试工程师; 解决方案工程师; 语音算法工程师; 广告算法工程师; 搜索算法工程师; 大模型测试工程师; DevOps工程师; 芯片设计工程师; 大数据开发工程师; Java开发工程师; AI产品经理; Android开发工程师; 网络工程师; AI Agent算法工程师; 算法工程师; 大模型算法工程师; 多模态算法工程师,2024-12,2026-07,GEN000873,GEN001546,133,GEN000873; GEN001040; GEN001691; GEN001732; GEN001765; GEN001972; GEN001973; GEN000742; GEN000874; GEN000926; GEN001659; GEN001660; GEN001734; GEN001888; GEN001974; GEN000595; GEN000744; GEN000816; GEN001661; GEN001737; GEN001738; GEN001768; GEN000746; GEN001043; GEN001507; GEN000601; GEN000821; GEN000880; GEN001508; GEN001664; GEN001666; GEN001978; GEN001279; GEN001509; GEN001667; GEN001668; GEN001740; GEN001894; GEN001895; GEN002111; GEN000604; GEN000755; GEN000886; GEN001896; GEN001897; GEN000395; GEN000937; GEN001282; GEN001513; GEN001638; GEN001639; GEN002114; GEN000608; GEN000609; GEN000763; GEN000891; GEN000892; GEN001284; GEN001373; GEN001743; GEN001984; GEN002118; GEN000766; GEN000946; GEN001375; GEN001642; GEN001746; GEN000404; GEN000771; GEN000772; GEN000899; GEN001286; GEN001749; GEN002123; GEN002124; GEN000616; GEN000773; GEN000775; GEN000841; GEN000901; GEN000951; GEN000952; GEN001057; GEN001377; GEN001521; GEN001671; GEN001672; GEN001911; GEN000779; GEN000780; GEN000903; GEN000904; GEN001673; GEN000620; GEN000850; GEN000906; GEN000908; GEN000955; GEN001292; GEN001676; GEN000416; GEN000622; GEN000624; GEN001678; GEN000856; GEN000962; GEN001533; GEN001679; GEN001820; GEN001925; GEN000422; GEN001298; GEN001384; GEN001928; GEN001930; GEN000633; GEN000863; GEN000916; GEN001299; GEN001386; GEN001651; GEN001761; GEN001821; GEN001227; GEN001229; GEN001303; GEN001541; GEN001542; GEN002145; GEN000812; GEN001304; GEN001544; GEN001546,133,base_event_stream,2026-07-24T06:07:21+00:00
Scala,编程语言,traditional,AI算法; 算法; 数据; 软件研发; AI应用,大模型算法工程师; 机器学习算法工程师; 风控算法工程师; 数据挖掘算法工程师; 推荐算法工程师; 广告算法工程师; 数据工程师; 后端开发工程师; 算法工程师; AI应用工程师; 多模态算法工程师; Java开发工程师; 大数据开发工程师; 数据平台工程师; 客户端开发工程师; 数据分析师,2024-12,2026-06,GEN000001,GEN001426,58,GEN000001; GEN000555; GEN000558; GEN000639; GEN000559; GEN000641; GEN000642; GEN001484; GEN000437; GEN000521; GEN001486; GEN001487; GEN000007; GEN000438; GEN000439; GEN000522; GEN000566; GEN000440; GEN000689; GEN001488; GEN000525; GEN000569; GEN000692; GEN000760; GEN000573; GEN001373; GEN001415; GEN001416; GEN000450; GEN001418; GEN000020; GEN000536; GEN000578; GEN000648; GEN001490; GEN000456; GEN000457; GEN000458; GEN000773; GEN000024; GEN000461; GEN000541; GEN001491; GEN000712; GEN001380; GEN001462; GEN000468; GEN000650; GEN000035; GEN001496; GEN000799; GEN000800; GEN001470; GEN001498; GEN000728; GEN000801; GEN001473; GEN001426,58,base_event_stream,2026-07-24T06:07:21+00:00
Shell脚本,编程语言,traditional,软件研发; 数据; 测试质量; 技术支持; 芯片; AI算法; 算法; 机器人; 基础设施; AI应用; AI安全; 安全; 硬件,C++开发工程师; 系统软件工程师; 嵌入式软件工程师; 数据仓库工程师; 质量工程师; 解决方案工程师; 芯片设计工程师; 芯片验证工程师; NLP算法工程师; 数据挖掘算法工程师; 大模型测试工程师; 机器人软件工程师; 网络工程师; AI应用工程师; Python开发工程师; 软件架构师; 软件开发工程师; 语音算法工程师; Go开发工程师; 测试开发工程师; AI安全工程师; 后端开发工程师; 客户端开发工程师; 驱动开发工程师; 数据平台工程师; 芯片测试工程师; 技术支持工程师; 安全工程师; 云计算工程师; 硬件工程师; 数据工程师; 大模型应用工程师; 机器学习算法工程师; 运维工程师; 大模型算法工程师; 结构工程师; AI Agent应用工程师; 网络安全工程师,2024-12,2026-07,GEN000974,GEN001825,153,GEN000974; GEN001174; GEN001213; GEN001389; GEN001390; GEN001593; GEN001887; GEN002148; GEN002149; GEN000303; GEN000640; GEN000976; GEN001176; GEN001178; GEN001214; GEN001391; GEN001802; GEN000164; GEN000988; GEN001273; GEN001314; GEN001596; GEN002105; GEN000387; GEN000990; GEN001013; GEN001316; GEN001394; GEN001550; GEN001552; GEN001598; GEN000168; GEN000748; GEN001185; GEN001239; GEN001318; GEN001320; GEN001369; GEN000390; GEN000994; GEN001187; GEN001217; GEN001322; GEN001555; GEN002111; GEN002157; GEN000311; GEN000995; GEN001219; GEN001242; GEN001243; GEN001875; GEN001897; GEN002158; GEN000312; GEN000996; GEN001017; GEN001191; GEN001221; GEN001245; GEN001397; GEN001708; GEN001877; GEN001879; GEN000315; GEN000997; GEN001247; GEN001398; GEN001628; GEN001712; GEN001807; GEN001808; GEN002117; GEN002118; GEN001195; GEN001417; GEN001418; GEN001565; GEN001567; GEN001714; GEN001904; GEN002120; GEN000402; GEN001001; GEN001400; GEN001568; GEN001784; GEN001811; GEN001908; GEN000091; GEN000092; GEN000406; GEN000776; GEN001340; GEN001570; GEN001814; GEN001910; GEN002125; GEN001291; GEN001789; GEN000328; GEN001255; GEN001345; GEN001421; GEN001525; GEN001575; GEN001721; GEN001790; GEN001791; GEN001882; GEN001883; GEN001920; GEN001202; GEN001226; GEN001402; GEN001576; GEN002132; GEN000176; GEN000793; GEN000796; GEN001352; GEN001424; GEN001580; GEN002133; GEN002136; GEN000177; GEN001534; GEN001581; GEN001583; GEN001726; GEN001727; GEN002137; GEN002139; GEN002166; GEN002167; GEN000338; GEN001406; GEN001586; GEN001587; GEN001796; GEN002140; GEN002142; GEN000428; GEN001005; GEN001036; GEN001037; GEN001631; GEN001763; GEN001823; GEN000810; GEN001038; GEN001731; GEN001825,153,base_event_stream,2026-07-24T06:07:21+00:00
Spark,数据工程,traditional,AI基础设施; 算法; AI算法; 软件研发; 数据; 安全; AI应用; 自动驾驶; 基础设施; 产品; 技术支持; 通信; 芯片; AI安全; 硬件; 机器人,AI Infra工程师; 搜索算法工程师; 机器学习算法工程师; Java开发工程师; 数据治理工程师; 数据工程师; 网络安全工程师; 大模型应用工程师; 自动驾驶算法工程师; 风控算法工程师; AI Agent算法工程师; 后端开发工程师; 数据仓库工程师; 数据平台工程师; 信息安全工程师; 安全工程师; AI应用工程师; NLP算法工程师; 数据挖掘算法工程师; 软件架构师; Go开发工程师; 系统软件工程师; 云计算工程师; 语音算法工程师; AI产品经理; Python开发工程师; 广告算法工程师; 全栈开发工程师; 客户端开发工程师; 数据分析师; 大模型算法工程师; 大数据开发工程师; 算法工程师; 多模态算法工程师; 数据开发工程师; 解决方案工程师; 通信工程师; 技术支持工程师; 网络工程师; 芯片设计工程师; C++开发工程师; AI安全工程师; 结构工程师; 机器人软件工程师,2024-12,2026-07,GEN000183,GEN001825,188,GEN000183; GEN000480; GEN000555; GEN000921; GEN001429; GEN001443; GEN001732; GEN001886; GEN000187; GEN000482; GEN000557; GEN000592; GEN000685; GEN000743; GEN000927; GEN001391; GEN001408; GEN001430; GEN001766; GEN001774; GEN002058; GEN000305; GEN000483; GEN000641; GEN000642; GEN000744; GEN000745; GEN001012; GEN001179; GEN001410; GEN001431; GEN001432; GEN001697; GEN000387; GEN000486; GEN000598; GEN000990; GEN001394; GEN001486; GEN000487; GEN000566; GEN000600; GEN000880; GEN001185; GEN001369; GEN001395; GEN001433; GEN001448; GEN001702; GEN000310; GEN000390; GEN000881; GEN001186; GEN001370; GEN001449; GEN001740; GEN000691; GEN000692; GEN001371; GEN001706; GEN001896; GEN001898; GEN002066; GEN000312; GEN000644; GEN000645; GEN000693; GEN000938; GEN000315; GEN000608; GEN000940; GEN001020; GEN001373; GEN001453; GEN001781; GEN001899; GEN000317; GEN000493; GEN000575; GEN000766; GEN000945; GEN000999; GEN001375; GEN001417; GEN001434; GEN001489; GEN001746; GEN001809; GEN000402; GEN000648; GEN001000; GEN001021; GEN001400; GEN001456; GEN001716; GEN001811; GEN001908; GEN000537; GEN000538; GEN000774; GEN000775; GEN001198; GEN001435; GEN001458; GEN001786; GEN001787; GEN000778; GEN000905; GEN000984; GEN001026; GEN001379; GEN001436; GEN001461; GEN001491; GEN001789; GEN001817; GEN001917; GEN000328; GEN000412; GEN000500; GEN000711; GEN000783; GEN000785; GEN000956; GEN001422; GEN001437; GEN001462; GEN001754; GEN000651; GEN000788; GEN000911; GEN000959; GEN000960; GEN001202; GEN001438; GEN001465; GEN001493; GEN001494; GEN001722; GEN001756; GEN001793; GEN000625; GEN000912; GEN001030; GEN001204; GEN001382; GEN001404; GEN001439; GEN001495; GEN001496; GEN001926; GEN000420; GEN000586; GEN000965; GEN001003; GEN001004; GEN001032; GEN001440; GEN001498; GEN001727; GEN002089; GEN000423; GEN000508; GEN000510; GEN000805; GEN000916; GEN001034; GEN001885; GEN001931; GEN000635; GEN000636; GEN000653; GEN001037; GEN001210; GEN001426; GEN001441; GEN001763; GEN001822; GEN002093; GEN000431; GEN000741; GEN000813; GEN001008; GEN001039; GEN001211; GEN001388; GEN001800; GEN001825,188,base_event_stream,2026-07-24T06:07:21+00:00
Spring,软件开发,traditional,测试质量; 软件研发; 安全,质量工程师; Java开发工程师; 信息安全工程师,2025-03,2026-07,GEN000928,GEN000973,14,GEN000928; GEN000929; GEN000938; GEN000948; GEN000949; GEN000955; GEN000957; GEN000958; GEN000959; GEN000960; GEN000965; GEN000970; GEN000972; GEN000973,14,base_event_stream,2026-07-24T06:07:21+00:00
Spring Boot,软件开发,traditional,软件研发; 硬件; 测试质量; 安全; 数据; AI应用; 技术支持; AI算法; 基础设施,全栈开发工程师; 结构工程师; 嵌入式软件工程师; 软件架构师; 大模型测试工程师; 后端开发工程师; 测试开发工程师; Java开发工程师; 软件开发工程师; 安全工程师; 大数据开发工程师; 客户端开发工程师; AI Agent应用工程师; AI应用工程师; 解决方案工程师; 大模型算法工程师; 数据开发工程师; 数据平台工程师; 云计算工程师; 数据工程师,2024-12,2026-07,GEN000872,GEN001388,82,GEN000872; GEN000922; GEN000926; GEN001272; GEN001504; GEN000744; GEN000745; GEN001505; GEN000878; GEN001275; GEN001552; GEN000750; GEN001277; GEN000881; GEN000934; GEN001321; GEN000884; GEN000885; GEN000886; GEN000935; GEN001324; GEN001510; GEN000888; GEN000761; GEN000890; GEN000940; GEN000942; GEN001330; GEN001562; GEN000765; GEN000766; GEN000944; GEN000946; GEN001332; GEN001517; GEN000769; GEN000896; GEN000948; GEN001519; GEN001568; GEN001909; GEN000776; GEN000951; GEN000952; GEN001911; GEN001912; GEN000904; GEN001378; GEN001524; GEN000784; GEN000785; GEN000906; GEN000907; GEN000955; GEN001344; GEN001919; GEN000789; GEN000790; GEN000910; GEN000959; GEN001347; GEN000794; GEN000913; GEN000963; GEN000964; GEN001349; GEN001352; GEN001579; GEN000914; GEN001534; GEN001584; GEN000916; GEN000917; GEN001585; GEN000807; GEN000919; GEN001302; GEN001361; GEN001543; GEN000810; GEN000814; GEN001388,82,base_event_stream,2026-07-24T06:07:21+00:00
Swift,编程语言,traditional,软件研发; 基础设施; AI应用; AI算法,Android开发工程师; 服务器工程师; 嵌入式软件工程师; Java开发工程师; 软件开发工程师; 全栈开发工程师; 大模型应用工程师; 语音算法工程师; iOS开发工程师; AI应用工程师; 客户端开发工程师,2024-12,2026-07,GEN001078,GEN001364,55,GEN001078; GEN001132; GEN000926; GEN000927; GEN001309; GEN000877; GEN000067; GEN000389; GEN000879; GEN001140; GEN000073; GEN000886; GEN001094; GEN001323; GEN001325; GEN000394; GEN001328; GEN000081; GEN001048; GEN000399; GEN000400; GEN001051; GEN001147; GEN001148; GEN001151; GEN000407; GEN001060; GEN000905; GEN000954; GEN001155; GEN001156; GEN001342; GEN001064; GEN001113; GEN001114; GEN001158; GEN000910; GEN001068; GEN001069; GEN000418; GEN001160; GEN000915; GEN001162; GEN000424; GEN001072; GEN001166; GEN000918; GEN000969; GEN001075; GEN001128; GEN001129; GEN001169; GEN000114; GEN001130; GEN001364,55,base_event_stream,2026-07-24T06:07:21+00:00
TCP/IP,系统与运维,traditional,AI应用; AI算法; 技术支持; 基础设施; 芯片; 软件研发; 安全; 数据; 机器人,AI Agent应用工程师; 计算机视觉算法工程师; 技术支持工程师; AI Agent算法工程师; 网络工程师; 大模型应用工程师; 芯片设计工程师; NLP算法工程师; Python开发工程师; 系统软件工程师; 运维工程师; 安全工程师; 解决方案工程师; DevOps工程师; 嵌入式软件工程师; 云计算工程师; 数据开发工程师; 软件架构师; 机器人软件工程师; 芯片测试工程师,2024-12,2026-07,GEN000053,GEN001825,71,GEN000053; GEN001866; GEN001867; GEN000058; GEN001802; GEN001868; GEN002099; GEN000061; GEN000062; GEN000989; GEN001179; GEN001661; GEN002103; GEN002104; GEN002105; GEN001776; GEN001804; GEN001891; GEN000068; GEN000993; GEN001635; GEN001666; GEN001805; GEN001892; GEN001217; GEN001871; GEN001872; GEN001219; GEN001221; GEN001878; GEN002114; GEN000997; GEN001780; GEN001807; GEN001808; GEN000083; GEN001783; GEN001904; GEN000086; GEN001000; GEN001197; GEN001784; GEN001908; GEN001786; GEN001814; GEN001224; GEN001674; GEN001817; GEN001790; GEN001920; GEN001793; GEN001002; GEN001295; GEN000104; GEN001298; GEN001795; GEN001207; GEN002142; GEN001303; GEN001685; GEN001687; GEN001798; GEN001822; GEN001007; GEN001008; GEN001211; GEN001654; GEN001799; GEN001800; GEN001824; GEN001825,71,base_event_stream,2026-07-24T06:07:21+00:00
TTS,大模型,new,AI算法; 软件研发; AI应用; 基础设施; 测试质量; 数据; 硬件,语音算法工程师; 软件开发工程师; AI应用工程师; 运维工程师; 大模型测试工程师; AI Agent应用工程师; 数据开发工程师; 硬件工程师; 服务器工程师; 机器学习算法工程师; 前端开发工程师; 多模态算法工程师,2025-01,2026-07,GEN000385,GEN001546,54,GEN000385; GEN001314; GEN001506; GEN000389; GEN001319; GEN000393; GEN000395; GEN000396; GEN000398; GEN001515; GEN000399; GEN000400; GEN000401; GEN001333; GEN001334; GEN001335; GEN001517; GEN000402; GEN000403; GEN000404; GEN001337; GEN001519; GEN000405; GEN000407; GEN000408; GEN000409; GEN001343; GEN000411; GEN000412; GEN000413; GEN001344; GEN001526; GEN000414; GEN000415; GEN000416; GEN001348; GEN000417; GEN001352; GEN000420; GEN000422; GEN001355; GEN001537; GEN000151; GEN000423; GEN001358; GEN000153; GEN000427; GEN000428; GEN001362; GEN000430; GEN000431; GEN001544; GEN001545; GEN001546,54,base_event_stream,2026-07-24T06:07:21+00:00
TensorFlow,AI,traditional,AI算法; AI应用; 基础设施; AI基础设施; 算法; 测试质量; 安全; 硬件; 多媒体; 软件研发; 数据; 芯片; 自动驾驶; 通信; 技术支持; 产品,大模型算法工程师; AI Agent应用工程师; 网络工程师; AI应用工程师; AI Infra工程师; AIGC算法工程师; 多模态算法工程师; NLP算法工程师; 计算机视觉算法工程师; 语音算法工程师; 搜索算法工程师; 风控算法工程师; 大模型应用工程师; 大模型测试工程师; 网络安全工程师; 硬件工程师; 机器学习算法工程师; 安全工程师; 音视频工程师; AI Agent算法工程师; 数据挖掘算法工程师; 算法研究员; C++开发工程师; Android开发工程师; 大数据开发工程师; 芯片设计工程师; 自动驾驶算法工程师; 数据工程师; 质量工程师; 通信工程师; 软件开发工程师; 数据分析师; 推荐算法工程师; 数据治理工程师; 算法工程师; 全栈开发工程师; 云计算工程师; 广告算法工程师; 图形图像工程师; 解决方案工程师; 技术支持工程师; 前端开发工程师; AI产品经理; 软件架构师; 后端开发工程师,2024-12,2026-07,GEN000002,GEN001940,238,GEN000002; GEN000053; GEN000054; GEN000115; GEN000182; GEN000183; GEN000184; GEN000216; GEN000255; GEN000299; GEN000342; GEN000384; GEN000479; GEN000554; GEN000654; GEN001503; GEN001732; GEN002262; GEN000055; GEN000056; GEN000185; GEN000218; GEN000345; GEN000346; GEN000434; GEN000593; GEN000594; GEN001736; GEN002041; GEN002264; GEN000059; GEN000060; GEN000061; GEN000120; GEN000220; GEN000221; GEN000348; GEN000349; GEN000483; GEN000484; GEN000642; GEN000659; GEN000979; GEN001085; GEN001312; GEN002103; GEN000189; GEN000190; GEN000259; GEN000387; GEN000562; GEN000661; GEN001447; GEN001486; GEN001487; GEN001598; GEN001699; GEN002062; GEN000224; GEN000225; GEN000261; GEN000353; GEN000488; GEN001320; GEN001448; GEN000009; GEN000123; GEN000193; GEN000263; GEN000391; GEN000441; GEN000602; GEN000603; GEN000664; GEN001705; GEN001980; GEN001981; GEN000073; GEN000227; GEN000311; GEN000605; GEN000982; GEN001324; GEN001706; GEN001742; GEN001982; GEN000126; GEN000269; GEN000313; GEN000358; GEN000395; GEN000527; GEN000528; GEN000571; GEN000645; GEN001983; GEN002068; GEN000082; GEN000200; GEN000231; GEN000396; GEN000492; GEN000529; GEN001099; GEN001453; GEN001743; GEN001744; GEN000234; GEN000273; GEN000361; GEN000533; GEN000670; GEN000671; GEN001103; GEN001489; GEN001903; GEN001905; GEN002121; GEN000131; GEN000203; GEN000236; GEN000275; GEN000404; GEN000672; GEN001105; GEN001456; GEN001457; GEN001906; GEN001907; GEN002075; GEN002124; GEN000280; GEN000456; GEN000459; GEN000538; GEN000617; GEN001520; GEN001522; GEN001609; GEN001911; GEN001912; GEN002125; GEN000026; GEN000239; GEN000408; GEN000541; GEN000580; GEN001342; GEN001460; GEN001491; GEN001752; GEN001881; GEN001916; GEN001917; GEN000030; GEN000137; GEN000139; GEN000370; GEN000413; GEN000499; GEN000675; GEN000097; GEN000207; GEN000371; GEN000501; GEN000543; GEN000544; GEN001116; GEN001464; GEN001466; GEN001722; GEN001755; GEN002290; GEN000100; GEN000143; GEN000145; GEN000245; GEN000289; GEN000374; GEN000417; GEN000418; GEN000504; GEN000626; GEN000627; GEN000678; GEN001119; GEN001349; GEN001614; GEN001758; GEN001924; GEN001926; GEN002087; GEN000247; GEN000293; GEN000473; GEN000505; GEN000507; GEN000630; GEN001356; GEN001471; GEN001759; GEN001760; GEN001930; GEN002294; GEN000040; GEN000044; GEN000150; GEN000151; GEN000379; GEN000423; GEN000508; GEN000549; GEN000550; GEN001762; GEN001933; GEN002053; GEN000046; GEN000154; GEN000339; GEN000340; GEN000381; GEN000428; GEN000652; GEN001127; GEN001128; GEN001361; GEN001476; GEN001499; GEN001763; GEN002094; GEN002143; GEN000382; GEN000478; GEN000513; GEN001364; GEN001365; GEN001939; GEN001940,238,base_event_stream,2026-07-24T06:07:21+00:00
TensorRT,大模型,new,AI基础设施; AI应用; 机器人; 芯片; AI算法; 技术支持; 测试质量; 软件研发; 算法,AI Infra工程师; 大模型应用工程师; 机器人软件工程师; 芯片设计工程师; AI Agent应用工程师; AI应用工程师; 大模型算法工程师; 技术支持工程师; 大模型测试工程师; iOS开发工程师; 解决方案工程师; 推荐算法工程师; 算法工程师,2025-01,2026-07,GEN000185,GEN001547,35,GEN000185; GEN001888; GEN001955; GEN002099; GEN002102; GEN001957; GEN000192; GEN001508; GEN000194; GEN001895; GEN001511; GEN001144; GEN001900; GEN001901; GEN001962; GEN000449; GEN001903; GEN001905; GEN001520; GEN001522; GEN001965; GEN001155; GEN001915; GEN001966; GEN000465; GEN001919; GEN001967; GEN001922; GEN001968; GEN001969; GEN000210; GEN000213; GEN001167; GEN001937; GEN001547,35,base_event_stream,2026-07-24T06:07:21+00:00
TensorRT-LLM,大模型,new,AI基础设施; 软件研发; AI算法; 安全; 产品; 数据,AI Infra工程师; 后端开发工程师; 大模型算法工程师; 安全工程师; 软件开发工程师; AI产品经理; 大数据开发工程师; 数据开发工程师; 数据工程师,2024-12,2026-06,GEN000182,GEN000807,19,GEN000182; GEN000742; GEN000194; GEN001324; GEN000759; GEN001327; GEN001328; GEN002313; GEN001329; GEN001330; GEN002317; GEN001337; GEN002320; GEN001339; GEN000792; GEN001346; GEN000796; GEN001360; GEN000807,19,base_event_stream,2026-07-24T06:07:21+00:00
Tool Use,大模型,new,软件研发; AI应用; 数据; 产品; AI安全; AI算法; AI基础设施,全栈开发工程师; AI应用工程师; 数据仓库工程师; AI产品经理; AI Agent应用工程师; AI安全工程师; 大模型算法工程师; AI Agent算法工程师; AI Infra工程师; 多模态算法工程师,2024-12,2026-07,GEN000873,GEN000051,41,GEN000873; GEN000118; GEN000876; GEN001393; GEN002305; GEN002306; GEN000879; GEN000123; GEN000881; GEN000882; GEN000885; GEN000888; GEN000129; GEN000130; GEN000132; GEN000897; GEN000898; GEN000133; GEN000134; GEN000025; GEN002323; GEN000908; GEN000032; GEN000140; GEN000141; GEN000909; GEN000910; GEN000912; GEN000913; GEN002330; GEN000037; GEN000146; GEN000914; GEN001405; GEN002331; GEN000042; GEN000045; GEN000918; GEN000919; GEN002333; GEN000051,41,base_event_stream,2026-07-24T06:07:21+00:00
Transformer,大模型,new,技术支持; 算法; AI应用; AI算法; 芯片; 数据; 自动驾驶; 软件研发; 测试质量; 硬件; AI安全,技术支持工程师; 控制算法工程师; AI Agent应用工程师; NLP算法工程师; 芯片验证工程师; 数据分析师; 自动驾驶算法工程师; 推荐算法工程师; 前端开发工程师; 数据工程师; 质量工程师; 结构工程师; 大模型应用工程师; 大数据开发工程师; 算法工程师; AI安全工程师,2024-12,2026-07,GEN001867,GEN001989,55,GEN001867; GEN001991; GEN000060; GEN000061; GEN001599; GEN000068; GEN001448; GEN001873; GEN001993; GEN001994; GEN001878; GEN001879; GEN001983; GEN001995; GEN000446; GEN001452; GEN001453; GEN000085; GEN000449; GEN001999; GEN001456; GEN000455; GEN000456; GEN001458; GEN000462; GEN001461; GEN001610; GEN002002; GEN000464; GEN000465; GEN000466; GEN001463; GEN001883; GEN002003; GEN000095; GEN000469; GEN001464; GEN001614; GEN002005; GEN000472; GEN001985; GEN002006; GEN002007; GEN000109; GEN001473; GEN001474; GEN001885; GEN001476; GEN001619; GEN001986; GEN001987; GEN002010; GEN001477; GEN001620; GEN001989,55,base_event_stream,2026-07-24T06:07:21+00:00
Triton,大模型,new,芯片; AI算法,芯片设计工程师; 机器学习算法工程师; 语音算法工程师; 算法工程师,2025-01,2026-07,GEN002099,GEN000637,24,GEN002099; GEN000596; GEN000388; GEN000391; GEN000602; GEN000605; GEN002115; GEN000610; GEN000613; GEN000614; GEN000615; GEN002124; GEN000616; GEN000618; GEN000619; GEN002127; GEN000620; GEN000622; GEN000418; GEN000422; GEN000628; GEN000633; GEN000427; GEN000637,24,base_event_stream,2026-07-24T06:07:21+00:00
TypeScript,编程语言,traditional,基础设施; AI应用; AI算法; 软件研发; 测试质量; AI安全; 技术支持; 芯片; 硬件,网络工程师; AI应用工程师; 大模型应用工程师; AI Agent算法工程师; iOS开发工程师; 系统软件工程师; 大模型测试工程师; 后端开发工程师; NLP算法工程师; 算法研究员; 全栈开发工程师; AI安全工程师; 前端开发工程师; 客户端开发工程师; 技术支持工程师; 芯片设计工程师; AI Agent应用工程师; Android开发工程师; 大模型算法工程师; 结构工程师,2024-12,2026-07,GEN000054,GEN001076,100,GEN000054; GEN000116; GEN000654; GEN000655; GEN001133; GEN001173; GEN001502; GEN000055; GEN000056; GEN000057; GEN000117; GEN000301; GEN000302; GEN000657; GEN000874; GEN001134; GEN001868; GEN000119; GEN000659; GEN000875; GEN000876; GEN001180; GEN000166; GEN000167; GEN000819; GEN001183; GEN001507; GEN000308; GEN000821; GEN001044; GEN001805; GEN000664; GEN000881; GEN001872; GEN000073; GEN000074; GEN000075; GEN000124; GEN000884; GEN001190; GEN000077; GEN000126; GEN000173; GEN001878; GEN000832; GEN000834; GEN000893; GEN001148; GEN001810; GEN000131; GEN000320; GEN000837; GEN001055; GEN001056; GEN000133; GEN000842; GEN000901; GEN001199; GEN000846; GEN000903; GEN001200; GEN001816; GEN000847; GEN000848; GEN001882; GEN000140; GEN000141; GEN000142; GEN000851; GEN000854; GEN000909; GEN001202; GEN000143; GEN000144; GEN000145; GEN000855; GEN000857; GEN000913; GEN000148; GEN000177; GEN000335; GEN000336; GEN000914; GEN001071; GEN001535; GEN000149; GEN000151; GEN000337; GEN000862; GEN000864; GEN001884; GEN000156; GEN000865; GEN000866; GEN001542; GEN001543; GEN000157; GEN000159; GEN000179; GEN001076,100,base_event_stream,2026-07-24T06:07:21+00:00
Unix,系统与运维,traditional,算法; AI应用; 软件研发; AI算法; AI基础设施; 技术支持; 测试质量,广告算法工程师; 大模型应用工程师; Go开发工程师; 大模型算法工程师; AI Infra工程师; 解决方案工程师; 后端开发工程师; 客户端开发工程师; 系统软件工程师; 大模型测试工程师; 风控算法工程师; 搜索算法工程师,2025-01,2026-07,GEN000519,GEN001942,46,GEN000519; GEN001177; GEN000521; GEN001015; GEN000008; GEN001016; GEN000528; GEN001018; GEN000199; GEN001900; GEN000017; GEN000533; GEN000768; GEN001904; GEN001907; GEN000775; GEN000777; GEN001198; GEN001520; GEN001521; GEN001910; GEN000778; GEN000029; GEN001027; GEN001920; GEN000031; GEN000789; GEN000791; GEN001029; GEN001921; GEN001922; GEN000034; GEN000793; GEN001925; GEN001928; GEN000040; GEN000509; GEN000804; GEN001931; GEN001934; GEN000512; GEN000806; GEN000049; GEN001038; GEN001039; GEN001942,46,base_event_stream,2026-07-24T06:07:21+00:00
Unreal Engine,软件开发,traditional,AI算法; 多媒体; AI应用; 软件研发; 测试质量; 基础设施,计算机视觉算法工程师; 图形图像工程师; AI应用工程师; 前端开发工程师; 客户端开发工程师; 大模型算法工程师; AIGC算法工程师; 质量工程师; DevOps工程师; 算法工程师,2024-12,2026-07,GEN000342,GEN002039,50,GEN000342; GEN002013; GEN001633; GEN000347; GEN000348; GEN000817; GEN000350; GEN001043; GEN000352; GEN001044; GEN002023; GEN000011; GEN000355; GEN000825; GEN000357; GEN000360; GEN001047; GEN000233; GEN000362; GEN001050; GEN001052; GEN002028; GEN000236; GEN002029; GEN000237; GEN001058; GEN001645; GEN000368; GEN001061; GEN002031; GEN002032; GEN000030; GEN001065; GEN001066; GEN000242; GEN000853; GEN001067; GEN001069; GEN001648; GEN002033; GEN000245; GEN000374; GEN001070; GEN001071; GEN001650; GEN000378; GEN000048; GEN000380; GEN002038; GEN002039,50,base_event_stream,2026-07-24T06:07:21+00:00
VLA模型,大模型,new,机器人; AI算法; AI应用; 通信; 产品; 测试质量; 数据,机器人算法工程师; NLP算法工程师; AI应用工程师; 大模型算法工程师; 通信工程师; AI Agent应用工程师; AI产品经理; 大模型测试工程师; 数据工程师; 语音算法工程师,2025-01,2026-07,GEN001943,GEN001954,28,GEN001943; GEN000304; GEN001506; GEN001507; GEN000309; GEN000310; GEN002064; GEN002070; GEN001517; GEN001948; GEN002317; GEN000320; GEN001521; GEN002077; GEN000326; GEN001951; GEN000327; GEN001952; GEN002081; GEN002083; GEN002329; GEN000336; GEN002088; GEN001540; GEN000340; GEN000341; GEN001545; GEN001954,28,base_event_stream,2026-07-24T06:07:21+00:00
VLM,大模型,new,AI应用; 产品; 机器人; AI算法; 软件研发; 技术支持; 算法; 数据; 测试质量; 芯片; AI安全; 自动驾驶,大模型应用工程师; AI产品经理; 机器人算法工程师; 机器学习算法工程师; C++开发工程师; 软件开发工程师; 技术支持工程师; 算法工程师; 广告算法工程师; 语音算法工程师; 风控算法工程师; 数据开发工程师; 大模型算法工程师; 质量工程师; 大数据开发工程师; AIGC算法工程师; 解决方案工程师; 芯片验证工程师; 多模态算法工程师; AI安全工程师; 自动驾驶算法工程师,2024-12,2026-07,GEN001886,GEN002334,73,GEN001886; GEN002302; GEN001943; GEN000597; GEN000979; GEN001314; GEN001889; GEN000564; GEN001944; GEN002307; GEN000600; GEN000601; GEN001945; GEN001895; GEN001946; GEN000392; GEN000569; GEN000604; GEN002311; GEN000013; GEN000606; GEN001602; GEN001947; GEN002313; GEN000396; GEN000573; GEN001329; GEN001330; GEN000575; GEN000018; GEN000577; GEN000614; GEN000021; GEN000022; GEN000023; GEN000617; GEN001341; GEN001950; GEN000410; GEN000618; GEN001951; GEN000027; GEN000028; GEN000621; GEN001952; GEN000031; GEN000622; GEN001347; GEN001922; GEN001953; GEN001351; GEN000420; GEN000421; GEN000629; GEN001355; GEN001927; GEN002331; GEN000040; GEN000423; GEN000425; GEN001357; GEN001618; GEN001931; GEN001934; GEN000427; GEN001935; GEN001987; GEN000050; GEN001364; GEN001620; GEN001954; GEN001989; GEN002334,73,base_event_stream,2026-07-24T06:07:21+00:00
Vue.js,编程语言,traditional,软件研发; AI应用; 测试质量; AI安全; 基础设施; AI算法; 算法; 数据,全栈开发工程师; AI应用工程师; 质量工程师; 前端开发工程师; Go开发工程师; iOS开发工程师; AI安全工程师; 云计算工程师; 计算机视觉算法工程师; 推荐算法工程师; 软件架构师; AI Agent应用工程师; AIGC算法工程师; Android开发工程师; 运维工程师; AI Agent算法工程师; 数据平台工程师,2024-12,2026-07,GEN000873,GEN001731,67,GEN000873; GEN001305; GEN001592; GEN000815; GEN001010; GEN001134; GEN001595; GEN000875; GEN001696; GEN000223; GEN000436; GEN000877; GEN000878; GEN000821; GEN000880; GEN000441; GEN000125; GEN000444; GEN000127; GEN000829; GEN000888; GEN000831; GEN000890; GEN001146; GEN000130; GEN000448; GEN000449; GEN000834; GEN001147; GEN001333; GEN001607; GEN000132; GEN000235; GEN000236; GEN000453; GEN000838; GEN000839; GEN000134; GEN000459; GEN000842; GEN001609; GEN000136; GEN000461; GEN001025; GEN000138; GEN000847; GEN000849; GEN001675; GEN001676; GEN000141; GEN000242; GEN000468; GEN000853; GEN000909; GEN000145; GEN000855; GEN000857; GEN001164; GEN001358; GEN001684; GEN000156; GEN000252; GEN001361; GEN001619; GEN001729; GEN001039; GEN001731,67,base_event_stream,2026-07-24T06:07:21+00:00
Web,软件开发,traditional,软件研发,前端开发工程师,2025-04,2026-07,GEN000821,GEN000870,4,GEN000821; GEN000836; GEN000837; GEN000870,4,base_event_stream,2026-07-24T06:07:21+00:00
Webpack,软件开发,traditional,软件研发; 算法; AI应用,嵌入式软件工程师; 前端开发工程师; 广告算法工程师; AI应用工程师,2025-01,2026-07,GEN001215,GEN000871,26,GEN001215; GEN000816; GEN000522; GEN000526; GEN000527; GEN000828; GEN000830; GEN000832; GEN000833; GEN000836; GEN000842; GEN000843; GEN000846; GEN000849; GEN000851; GEN000854; GEN000856; GEN000857; GEN000858; GEN000859; GEN000860; GEN000862; GEN000863; GEN000867; GEN000868; GEN000871,26,base_event_stream,2026-07-24T06:07:21+00:00
Web爬虫,数据工程,traditional,算法; AI算法; 安全; 数据,风控算法工程师; NLP算法工程师; 网络安全工程师; 数据工程师; 大模型算法工程师,2025-01,2026-04,GEN001735,GEN000335,12,GEN001735; GEN000308; GEN001739; GEN000314; GEN000317; GEN000318; GEN001746; GEN000327; GEN001754; GEN000332; GEN000333; GEN000335,12,base_event_stream,2026-07-24T06:07:21+00:00
iOS,软件开发,traditional,软件研发; 基础设施; 数据; 安全; 测试质量; 多媒体; AI算法; AI应用,Android开发工程师; 服务器工程师; iOS开发工程师; 数据开发工程师; 前端开发工程师; 安全工程师; 全栈开发工程师; 测试开发工程师; 音视频工程师; 多模态算法工程师; AI应用工程师; 软件开发工程师; 算法工程师; 客户端开发工程师; 图形图像工程师,2024-12,2026-07,GEN001078,GEN001172,72,GEN001078; GEN001132; GEN001133; GEN001307; GEN000815; GEN001082; GEN001775; GEN000875; GEN001088; GEN001551; GEN002045; GEN000820; GEN001089; GEN001090; GEN001138; GEN000882; GEN001091; GEN001140; GEN002046; GEN000268; GEN000892; GEN001100; GEN001146; GEN001564; GEN001780; GEN000893; GEN000895; GEN001333; GEN001334; GEN001335; GEN000896; GEN000897; GEN001106; GEN001149; GEN001151; GEN001568; GEN001569; GEN000704; GEN000840; GEN000841; GEN001110; GEN001153; GEN001339; GEN001570; GEN000707; GEN001572; GEN001789; GEN000710; GEN000848; GEN000907; GEN001114; GEN001575; GEN001348; GEN001792; GEN000913; GEN001160; GEN001350; GEN000914; GEN001123; GEN001582; GEN000726; GEN001166; GEN001585; GEN000865; GEN001168; GEN001363; GEN001797; GEN001798; GEN000870; GEN000920; GEN001170; GEN001172,72,base_event_stream,2026-07-24T06:07:21+00:00
prompt工程,大模型,new,测试质量; AI算法; 产品; 基础设施; 安全; 技术支持; AI应用; 软件研发; 数据,测试开发工程师; 计算机视觉算法工程师; AI产品经理; 云计算工程师; 信息安全工程师; 技术支持工程师; AI应用工程师; DevOps工程师; 网络安全工程师; Android开发工程师; 前端开发工程师; 数据仓库工程师; 安全工程师; 客户端开发工程师; 数据工程师; 质量工程师; 数据治理工程师,2024-12,2026-07,GEN001548,GEN001591,87,GEN001548; GEN001866; GEN002303; GEN001694; GEN001766; GEN001767; GEN001869; GEN001870; GEN001634; GEN001737; GEN001087; GEN001550; GEN001552; GEN001089; GEN001553; GEN001554; GEN002309; GEN000824; GEN000826; GEN001742; GEN001876; GEN001096; GEN001097; GEN001397; GEN001559; GEN001639; GEN002314; GEN001098; GEN001562; GEN001640; GEN001641; GEN001744; GEN002316; GEN001050; GEN001052; GEN001104; GEN001565; GEN001643; GEN000838; GEN001106; GEN001107; GEN001399; GEN001400; GEN001644; GEN002319; GEN000842; GEN001571; GEN001645; GEN001750; GEN002321; GEN002322; GEN001062; GEN001063; GEN001771; GEN001772; GEN001881; GEN002323; GEN001064; GEN001113; GEN002325; GEN000853; GEN001402; GEN001577; GEN001756; GEN001119; GEN001580; GEN001649; GEN001725; GEN001757; GEN002329; GEN001070; GEN001120; GEN001121; GEN001122; GEN001584; GEN001650; GEN002331; GEN002332; GEN000867; GEN001075; GEN001127; GEN001407; GEN001588; GEN001763; GEN002333; GEN000869; GEN001591,87,base_event_stream,2026-07-24T06:07:21+00:00
上下文工程,大模型,new,硬件; AI算法; 软件研发; 数据; 产品; 技术支持; 算法; 机器人; 自动驾驶; AI应用,结构工程师; 计算机视觉算法工程师; AI Agent算法工程师; 软件架构师; 大数据开发工程师; AI产品经理; 算法工程师; 解决方案工程师; Java开发工程师; 广告算法工程师; 多模态算法工程师; 机器人算法工程师; 数据开发工程师; 技术支持工程师; 自动驾驶算法工程师; 搜索算法工程师; 全栈开发工程师; AI应用工程师,2024-12,2026-07,GEN000922,GEN002335,47,GEN000922; GEN001866; GEN000685; GEN001273; GEN001367; GEN002306; GEN001275; GEN000688; GEN001278; GEN000934; GEN001370; GEN000935; GEN000937; GEN000939; GEN001372; GEN002314; GEN000941; GEN001373; GEN000699; GEN001375; GEN002318; GEN001376; GEN000706; GEN002321; GEN000709; GEN000956; GEN001380; GEN001883; GEN000715; GEN000716; GEN000958; GEN000960; GEN001381; GEN000719; GEN000961; GEN000968; GEN001299; GEN001300; GEN001885; GEN000736; GEN000919; GEN001387; GEN000737; GEN000741; GEN000973; GEN001304; GEN002335,47,base_event_stream,2026-07-24T06:07:21+00:00
世界模型,大模型,new,AI算法; 算法; 数据; AI安全; AI应用; 多媒体,大模型算法工程师; 搜索算法工程师; 数据开发工程师; 语音算法工程师; AIGC算法工程师; AI安全工程师; 多模态算法工程师; 风控算法工程师; AI应用工程师; AI Agent算法工程师; 图形图像工程师,2025-02,2026-07,GEN000004,GEN000515,31,GEN000004; GEN000483; GEN000007; GEN000488; GEN000010; GEN001371; GEN000019; GEN000021; GEN000022; GEN000023; GEN000025; GEN001378; GEN000028; GEN000500; GEN001380; GEN000032; GEN000033; GEN000501; GEN000034; GEN000035; GEN001382; GEN001383; GEN000506; GEN000510; GEN000048; GEN000511; GEN000512; GEN000050; GEN000052; GEN000513; GEN000515,31,base_event_stream,2026-07-24T06:07:21+00:00
云计算,云计算,traditional,算法; 硬件; 软件研发; 基础设施; 安全; AI应用; AI算法; 测试质量; 通信; 芯片; 机器人; 数据; AI安全,搜索算法工程师; 结构工程师; Java开发工程师; C++开发工程师; DevOps工程师; 安全工程师; 云计算工程师; 电源工程师; AI应用工程师; 机器学习算法工程师; Android开发工程师; 客户端开发工程师; 测试开发工程师; 网络工程师; 通信工程师; 语音算法工程师; 广告算法工程师; 网络安全工程师; 硬件工程师; 测试工程师; 芯片测试工程师; 服务器工程师; 机器人软件工程师; 多模态算法工程师; 风控算法工程师; 全栈开发工程师; 算法工程师; 信息安全工程师; 嵌入式软件工程师; 数据开发工程师; 运维工程师; AI安全工程师; AI Agent算法工程师; 软件架构师,2024-12,2026-07,GEN000480,GEN002096,115,GEN000480; GEN000922; GEN000923; GEN000974; GEN001632; GEN001733; GEN001693; GEN001734; GEN001848; GEN002058; GEN000164; GEN000595; GEN000596; GEN001085; GEN001697; GEN000599; GEN001043; GEN001087; GEN001551; GEN001804; GEN002062; GEN000388; GEN000600; GEN000601; GEN000932; GEN001739; GEN002271; GEN002272; GEN000602; GEN000933; GEN001624; GEN001636; GEN001704; GEN001852; GEN000936; GEN001742; GEN001854; GEN001960; GEN002066; GEN000268; GEN000571; GEN000889; GEN001559; GEN000941; GEN001099; GEN001712; GEN000272; GEN000273; GEN000612; GEN001714; GEN001747; GEN001809; GEN000275; GEN000577; GEN000615; GEN000948; GEN000949; GEN001107; GEN001715; GEN001748; GEN001812; GEN000616; GEN000951; GEN001109; GEN001570; GEN001751; GEN001813; GEN000619; GEN001112; GEN001572; GEN001674; GEN001718; GEN002080; GEN001676; GEN001720; GEN001721; GEN001754; GEN001819; GEN001967; GEN002288; GEN000287; GEN001115; GEN001577; GEN001629; GEN001678; GEN002290; GEN000176; GEN000584; GEN001649; GEN001724; GEN001725; GEN001969; GEN000177; GEN000421; GEN000586; GEN000628; GEN000508; GEN001124; GEN001125; GEN001761; GEN001821; GEN001970; GEN000426; GEN000635; GEN000986; GEN001074; GEN001631; GEN001685; GEN001687; GEN001729; GEN001730; GEN001822; GEN000431; GEN001131; GEN002096,115,base_event_stream,2026-07-24T06:07:21+00:00
交互技术,交互体验,traditional,AI算法; 数据; 自动驾驶; AI应用; 软件研发,算法工程师; 数据分析师; 自动驾驶算法工程师; AI应用工程师; 前端开发工程师; 客户端开发工程师; 数据工程师; 计算机视觉算法工程师,2024-12,2026-06,GEN000683,GEN001987,26,GEN000683; GEN000684; GEN001444; GEN001448; GEN001979; GEN001451; GEN000830; GEN001984; GEN000834; GEN000837; GEN000842; GEN001059; GEN001458; GEN000707; GEN000708; GEN000710; GEN001467; GEN000858; GEN000860; GEN001470; GEN001471; GEN001072; GEN000734; GEN000735; GEN001075; GEN001987,26,base_event_stream,2026-07-24T06:07:21+00:00
交通算法,行业应用,traditional,数据; 软件研发; 测试质量; AI算法; 基础设施,数据开发工程师; 后端开发工程师; 软件开发工程师; 测试开发工程师; 语音算法工程师; 客户端开发工程师; 运维工程师,2025-01,2026-05,GEN001310,GEN001359,9,GEN001310; GEN000744; GEN000748; GEN001320; GEN001554; GEN001563; GEN000776; GEN000781; GEN001359,9,base_event_stream,2026-07-24T06:07:21+00:00
人因工程,交互体验,traditional,数据,数据分析师,2024-12,2026-04,GEN001442,GEN001470,4,GEN001442; GEN001444; GEN001450; GEN001470,4,base_event_stream,2026-07-24T06:07:21+00:00
人机交互,交互体验,traditional,AI算法; AI应用; 算法,算法工程师; 大模型应用工程师; 算法研究员; AI Agent应用工程师; 控制算法工程师,2025-03,2026-06,GEN000687,GEN000681,11,GEN000687; GEN000691; GEN000078; GEN000667; GEN000084; GEN000705; GEN000707; GEN000713; GEN000720; GEN000727; GEN000681,11,base_event_stream,2026-07-24T06:07:21+00:00
代价模型,算法与数学,traditional,基础设施; 测试质量; 数据,数据库工程师; 测试工程师; 数据平台工程师,2025-06,2026-05,GEN001833,GEN001844,5,GEN001833; GEN001837; GEN001838; GEN001841; GEN001844,5,base_event_stream,2026-07-24T06:07:21+00:00
仿真技术,科学计算与仿真,traditional,测试质量; AI安全; 软件研发; 安全; 硬件; AI算法; 基础设施; 算法; AI应用; 技术支持; 芯片; 机器人; 产品; 数据,大模型测试工程师; AI安全工程师; 客户端开发工程师; 安全工程师; 电源工程师; 结构工程师; 热设计工程师; AI Agent算法工程师; 服务器工程师; 控制算法工程师; AI应用工程师; 计算机视觉算法工程师; 技术支持工程师; 芯片验证工程师; 硬件工程师; 前端开发工程师; 机器人算法工程师; 机器人软件工程师; 大模型应用工程师; 网络安全工程师; 大模型算法工程师; 测试工程师; Android开发工程师; 解决方案工程师; AI产品经理; 数据平台工程师; 算法工程师,2024-12,2026-07,GEN000161,GEN002239,153,GEN000161; GEN000162; GEN001040; GEN001733; GEN002189; GEN002207; GEN002208; GEN002240; GEN000058; GEN001736; GEN001849; GEN001991; GEN002058; GEN002209; GEN002210; GEN002241; GEN002242; GEN000163; GEN000347; GEN001889; GEN002153; GEN002211; GEN002212; GEN002213; GEN002243; GEN002244; GEN002266; GEN000166; GEN000167; GEN000223; GEN001043; GEN001890; GEN001944; GEN001957; GEN002214; GEN002215; GEN002245; GEN002246; GEN001851; GEN001945; GEN001958; GEN001992; GEN002216; GEN002217; GEN002271; GEN001946; GEN001959; GEN002191; GEN002218; GEN002219; GEN002247; GEN002273; GEN002274; GEN000075; GEN001742; GEN001993; GEN001994; GEN002220; GEN002221; GEN002248; GEN002249; GEN000013; GEN001947; GEN001996; GEN002159; GEN002222; GEN001963; GEN002069; GEN002194; GEN002223; GEN000175; GEN000233; GEN001948; GEN001964; GEN002161; GEN002224; GEN002225; GEN002250; GEN002251; GEN000089; GEN001054; GEN001055; GEN001748; GEN001909; GEN001949; GEN002000; GEN002001; GEN002195; GEN002226; GEN002227; GEN002252; GEN002253; GEN000023; GEN001911; GEN001950; GEN001965; GEN002076; GEN002254; GEN002286; GEN000025; GEN001062; GEN001951; GEN001966; GEN002002; GEN002079; GEN000027; GEN001952; GEN002163; GEN002255; GEN002256; GEN000031; GEN000371; GEN001068; GEN001069; GEN001859; GEN002004; GEN002083; GEN002200; GEN002228; GEN002229; GEN001758; GEN002005; GEN002230; GEN002231; GEN000376; GEN001861; GEN002007; GEN002202; GEN002232; GEN002233; GEN002257; GEN002258; GEN000040; GEN000378; GEN001863; GEN002234; GEN002235; GEN002259; GEN002260; GEN000380; GEN001074; GEN001937; GEN001938; GEN002010; GEN002206; GEN002236; GEN002237; GEN000179; GEN001939; GEN001954; GEN002011; GEN002012; GEN002239,153,base_event_stream,2026-07-24T06:07:21+00:00
位姿图优化,机器人与自动驾驶,new,AI算法; 机器人; 自动驾驶; 算法,算法工程师; 机器人算法工程师; 自动驾驶算法工程师; 搜索算法工程师,2025-08,2026-07,GEN000696,GEN000737,12,GEN000696; GEN000699; GEN000711; GEN000714; GEN000715; GEN000716; GEN000718; GEN000722; GEN000723; GEN000726; GEN000732; GEN000737,12,base_event_stream,2026-07-24T06:07:21+00:00
信号处理,硬件与芯片,traditional,AI应用; 算法; AI算法; 软件研发; 测试质量; 技术支持; 硬件; 芯片; 数据; 机器人; 多媒体,AI应用工程师; 广告算法工程师; 算法工程师; 驱动开发工程师; 质量工程师; 解决方案工程师; 硬件工程师; 多模态算法工程师; 热设计工程师; 语音算法工程师; 芯片验证工程师; Python开发工程师; C++开发工程师; 技术支持工程师; 数据平台工程师; 计算机视觉算法工程师; 客户端开发工程师; 大模型算法工程师; 机器人算法工程师; 音视频工程师; 机器学习算法工程师; 数据工程师; 大模型测试工程师; 风控算法工程师; 机器人软件工程师,2024-12,2026-07,GEN000116,GEN001008,86,GEN000116; GEN000343; GEN000683; GEN001231; GEN001593; GEN001887; GEN002262; GEN000257; GEN002263; GEN002264; GEN000258; GEN001597; GEN002268; GEN000387; GEN001237; GEN001599; GEN000688; GEN000992; GEN001238; GEN000689; GEN000980; GEN001241; GEN001894; GEN000982; GEN000995; GEN001243; GEN001896; GEN001898; GEN000358; GEN000395; GEN000996; GEN002277; GEN000397; GEN000695; GEN001047; GEN001604; GEN001899; GEN001901; GEN001902; GEN002278; GEN000016; GEN000399; GEN000699; GEN000999; GEN001905; GEN000276; GEN000277; GEN000363; GEN000614; GEN000700; GEN001001; GEN000406; GEN001910; GEN001911; GEN001912; GEN000410; GEN000618; GEN001914; GEN000412; GEN000620; GEN000712; GEN000285; GEN000414; GEN000416; GEN000624; GEN000714; GEN001258; GEN001612; GEN000034; GEN000288; GEN000627; GEN001613; GEN001003; GEN001928; GEN002294; GEN000423; GEN002297; GEN002298; GEN000634; GEN000736; GEN001006; GEN001267; GEN000298; GEN000429; GEN000430; GEN001008,86,base_event_stream,2026-07-24T06:07:21+00:00
信号完整性,硬件与芯片,traditional,测试质量; 硬件; 技术支持,质量工程师; 电源工程师; 硬件工程师; 热设计工程师; 解决方案工程师; 技术支持工程师,2024-12,2026-06,GEN001593,GEN002300,29,GEN001593; GEN002190; GEN002263; GEN002265; GEN001596; GEN001597; GEN002268; GEN002272; GEN002192; GEN002273; GEN002275; GEN001602; GEN001604; GEN002278; GEN002281; GEN002283; GEN001911; GEN002286; GEN002200; GEN001614; GEN001925; GEN002201; GEN001927; GEN002295; GEN002203; GEN002297; GEN002298; GEN002205; GEN002300,29,base_event_stream,2026-07-24T06:07:21+00:00
信息安全,安全,traditional,AI算法; 软件研发; 安全; AI应用; 算法; 数据; 技术支持; 测试质量; 基础设施,AI Agent算法工程师; Java开发工程师; 软件开发工程师; 网络安全工程师; 信息安全工程师; 大模型应用工程师; 风控算法工程师; Python开发工程师; AI应用工程师; 大数据开发工程师; 技术支持工程师; 质量工程师; 解决方案工程师; iOS开发工程师; 运维工程师; 数据工程师; 测试开发工程师; 数据开发工程师; 数据平台工程师; 前端开发工程师; 安全工程师; 服务器工程师,2024-12,2026-07,GEN000655,GEN001941,64,GEN000655; GEN000923; GEN001306; GEN001732; GEN001765; GEN001886; GEN000656; GEN000559; GEN000988; GEN001311; GEN001312; GEN001313; GEN001738; GEN001889; GEN000928; GEN001890; GEN001891; GEN000566; GEN000992; GEN000993; GEN001138; GEN001318; GEN001319; GEN001739; GEN000933; GEN001139; GEN001449; GEN001556; GEN001371; GEN001414; GEN002311; GEN000996; GEN000128; GEN000574; GEN001902; GEN000575; GEN000948; GEN001338; GEN001748; GEN002319; GEN001152; GEN001377; GEN000137; GEN000957; GEN001157; GEN001158; GEN001753; GEN001754; GEN001756; GEN001382; GEN001423; GEN001757; GEN000148; GEN000966; GEN001471; GEN001760; GEN000151; GEN001358; GEN001762; GEN001167; GEN001936; GEN001171; GEN001172; GEN001941,64,base_event_stream,2026-07-24T06:07:21+00:00
信息检索,AI,traditional,软件研发; 算法; AI算法; 基础设施; AI应用; 技术支持; 数据,后端开发工程师; 推荐算法工程师; 广告算法工程师; NLP算法工程师; 搜索算法工程师; 运维工程师; 云计算工程师; AI应用工程师; 大模型算法工程师; 技术支持工程师; 数据开发工程师; 数据平台工程师; 数据挖掘算法工程师; 算法工程师; AIGC算法工程师,2024-12,2026-07,GEN000432,GEN000514,55,GEN000432; GEN000433; GEN000516; GEN000303; GEN000482; GEN000519; GEN001658; GEN001695; GEN000435; GEN001662; GEN000521; GEN001700; GEN000488; GEN001702; GEN000310; GEN000441; GEN000489; GEN001873; GEN001670; GEN001706; GEN001707; GEN000013; GEN000491; GEN000527; GEN001709; GEN000445; GEN000447; GEN000016; GEN000531; GEN000532; GEN000535; GEN000648; GEN000495; GEN000538; GEN001671; GEN000461; GEN000463; GEN000498; GEN000540; GEN000542; GEN000027; GEN000465; GEN000469; GEN001723; GEN000331; GEN000547; GEN001728; GEN000250; GEN001885; GEN000477; GEN000512; GEN001729; GEN001730; GEN000478; GEN000514,55,base_event_stream,2026-07-24T06:07:21+00:00
信息论,算法与数学,traditional,测试质量; 多媒体,大模型测试工程师; 音视频工程师,2024-12,2026-07,GEN002040,GEN002056,9,GEN002040; GEN002045; GEN002046; GEN002049; GEN002052; GEN002053; GEN002054; GEN002055; GEN002056,9,base_event_stream,2026-07-24T06:07:21+00:00
健康算法,行业应用,traditional,AI算法; 软件研发,算法工程师; 驱动开发工程师; 计算机视觉算法工程师,2025-02,2025-12,GEN000686,GEN000708,6,GEN000686; GEN000688; GEN000690; GEN001240; GEN001250; GEN000708,6,base_event_stream,2026-07-24T06:07:21+00:00
充电系统,硬件与芯片,traditional,软件研发; 硬件; 通信; AI应用,驱动开发工程师; 电源工程师; 通信工程师; AI应用工程师; 硬件工程师; 软件开发工程师,2024-12,2026-06,GEN001230,GEN002093,30,GEN001230; GEN001231; GEN002190; GEN002061; GEN002062; GEN001238; GEN001241; GEN002192; GEN001242; GEN002065; GEN002193; GEN002067; GEN002194; GEN002072; GEN002195; GEN002196; GEN002076; GEN002078; GEN001256; GEN002081; GEN002083; GEN002086; GEN002201; GEN001262; GEN002202; GEN001264; GEN002203; GEN002204; GEN001266; GEN002093,30,base_event_stream,2026-07-24T06:07:21+00:00
光学技术,硬件与芯片,traditional,软件研发; 多媒体; 硬件; AI算法; AI应用,嵌入式软件工程师; 图形图像工程师; 结构工程师; 硬件工程师; 计算机视觉算法工程师; AI应用工程师; 算法工程师,2024-12,2026-07,GEN001213,GEN002239,58,GEN001213; GEN002014; GEN002016; GEN002209; GEN002210; GEN002263; GEN000347; GEN002212; GEN000350; GEN002214; GEN002216; GEN002217; GEN000354; GEN001216; GEN002218; GEN002219; GEN000356; GEN001219; GEN002220; GEN002221; GEN000358; GEN002223; GEN002279; GEN002224; GEN002225; GEN000363; GEN002029; GEN002226; GEN002227; GEN002284; GEN000365; GEN000366; GEN002030; GEN002285; GEN000368; GEN002031; GEN002032; GEN002287; GEN002033; GEN002228; GEN002229; GEN002290; GEN002230; GEN002231; GEN002232; GEN002233; GEN002295; GEN002234; GEN002235; GEN001228; GEN001229; GEN002038; GEN002236; GEN002237; GEN002300; GEN002039; GEN002238; GEN002239,58,base_event_stream,2026-07-24T06:07:21+00:00
内存管理,软件工程,traditional,软件研发; 芯片; 基础设施; AI应用; 数据; 测试质量; 硬件; 算法; 机器人; 安全; AI基础设施; AI算法; 技术支持; 通信,系统软件工程师; 芯片设计工程师; 网络工程师; 大模型应用工程师; 驱动开发工程师; 软件开发工程师; 数据开发工程师; 测试工程师; 前端开发工程师; 硬件工程师; 推荐算法工程师; 数据库工程师; AI应用工程师; 机器人算法工程师; AI Agent应用工程师; Java开发工程师; iOS开发工程师; 客户端开发工程师; 安全工程师; AI Infra工程师; 算法工程师; Android开发工程师; 解决方案工程师; 通信工程师; 结构工程师,2024-12,2026-07,GEN001174,GEN002147,75,GEN001174; GEN002098; GEN000186; GEN001177; GEN001233; GEN001234; GEN001308; GEN001309; GEN001310; GEN001623; GEN000818; GEN000819; GEN001315; GEN002109; GEN002270; GEN001239; GEN001318; GEN002272; GEN000443; GEN001832; GEN002113; GEN001192; GEN002116; GEN000943; GEN001048; GEN001628; GEN002069; GEN000765; GEN001783; GEN001836; GEN000203; GEN000700; GEN001054; GEN001055; GEN001338; GEN001908; GEN001909; GEN002074; GEN002283; GEN001910; GEN001912; GEN001061; GEN001063; GEN001915; GEN001916; GEN000466; GEN000847; GEN001201; GEN001255; GEN001920; GEN002129; GEN000207; GEN001347; GEN001793; GEN002289; GEN000470; GEN001349; GEN001630; GEN001926; GEN002291; GEN000965; GEN001261; GEN001354; GEN001795; GEN002296; GEN000726; GEN002297; GEN000866; GEN001209; GEN001210; GEN001846; GEN001937; GEN002144; GEN000741; GEN002147,75,base_event_stream,2026-07-24T06:07:21+00:00
分布式存储,数据工程,traditional,AI算法; 算法; AI应用; 基础设施; 软件研发; 数据; 产品; 技术支持; AI基础设施; 安全; 芯片,大模型算法工程师; 广告算法工程师; AI应用工程师; 运维工程师; 软件架构师; 机器学习算法工程师; 大数据开发工程师; 软件开发工程师; AI Agent算法工程师; AI产品经理; 后端开发工程师; 解决方案工程师; AI Infra工程师; 多模态算法工程师; 数据平台工程师; 安全工程师; DevOps工程师; 搜索算法工程师; 数据开发工程师; 芯片设计工程师; Python开发工程师; 客户端开发工程师; 数据工程师; 算法工程师,2024-12,2026-07,GEN000002,GEN002147,74,GEN000002; GEN000516; GEN001305; GEN001657; GEN001271; GEN001660; GEN000520; GEN000596; GEN001311; GEN001312; GEN001313; GEN000485; GEN000521; GEN001276; GEN001317; GEN000007; GEN000522; GEN000750; GEN001278; GEN001318; GEN000008; GEN000193; GEN000263; GEN001322; GEN001488; GEN000196; GEN000264; GEN001324; GEN000763; GEN001640; GEN001333; GEN000615; GEN001287; GEN001490; GEN001644; GEN000495; GEN000616; GEN000283; GEN000497; GEN000618; GEN001290; GEN001673; GEN001344; GEN001345; GEN000623; GEN001293; GEN001493; GEN002131; GEN000626; GEN001002; GEN001295; GEN000293; GEN000506; GEN000548; GEN000628; GEN000799; GEN001297; GEN001497; GEN001498; GEN000633; GEN000803; GEN000634; GEN000636; GEN000806; GEN000808; GEN001302; GEN001500; GEN001652; GEN002143; GEN000811; GEN000812; GEN001501; GEN001690; GEN002147,74,base_event_stream,2026-07-24T06:07:21+00:00
分布式系统,软件工程,traditional,算法; 软件研发; AI算法; 基础设施; AI应用; 数据; 测试质量; 芯片; 硬件; 产品; 机器人; 多媒体; 通信; 技术支持; AI基础设施; 安全,推荐算法工程师; 全栈开发工程师; Go开发工程师; 驱动开发工程师; 软件架构师; 机器学习算法工程师; 算法工程师; 云计算工程师; 数据库工程师; AI应用工程师; 大模型应用工程师; 广告算法工程师; 数据平台工程师; 测试工程师; 芯片设计工程师; 硬件工程师; 热设计工程师; AI产品经理; 数据工程师; 机器人算法工程师; 音视频工程师; 通信工程师; 风控算法工程师; 解决方案工程师; 芯片测试工程师; AI Infra工程师; 数据分析师; 安全工程师; NLP算法工程师; 机器人软件工程师; 数据仓库工程师; 多模态算法工程师; 软件开发工程师; 大模型测试工程师; 大数据开发工程师; 服务器工程师; 质量工程师; AI Agent应用工程师; AI Agent算法工程师; 大模型算法工程师; 运维工程师,2024-12,2026-07,GEN000433,GEN001954,171,GEN000433; GEN000872; GEN001009; GEN001230; GEN001231; GEN001269; GEN000592; GEN001409; GEN001694; GEN001695; GEN001827; GEN002058; GEN000059; GEN000520; GEN001011; GEN001411; GEN001697; GEN001698; GEN001828; GEN002103; GEN002104; GEN002266; GEN002268; GEN002305; GEN000877; GEN001013; GEN001447; GEN001699; GEN001700; GEN001701; GEN001944; GEN002044; GEN002062; GEN000566; GEN001239; GEN001278; GEN001703; GEN001830; GEN001945; GEN002309; GEN000568; GEN002111; GEN002310; GEN000444; GEN000526; GEN000605; GEN001242; GEN002065; GEN002275; GEN002312; GEN000076; GEN000198; GEN000527; GEN000528; GEN000606; GEN000607; GEN000888; GEN001017; GEN001451; GEN001779; GEN001947; GEN002276; GEN000082; GEN000199; GEN000314; GEN000447; GEN000529; GEN001246; GEN001284; GEN001285; GEN001416; GEN002315; GEN000202; GEN000273; GEN000449; GEN000531; GEN000533; GEN001418; GEN001454; GEN001713; GEN001714; GEN001948; GEN002317; GEN002318; GEN000320; GEN000452; GEN000615; GEN001338; GEN001457; GEN001715; GEN001716; GEN001949; GEN002319; GEN000205; GEN000323; GEN000457; GEN000900; GEN000902; GEN001419; GEN002078; GEN002126; GEN000325; GEN000460; GEN000903; GEN001025; GEN001343; GEN001420; GEN001461; GEN001789; GEN001839; GEN001858; GEN001951; GEN000465; GEN000581; GEN001027; GEN001256; GEN001721; GEN002288; GEN000095; GEN000330; GEN000467; GEN000582; GEN001466; GEN001722; GEN001793; GEN001859; GEN000208; GEN000913; GEN001259; GEN001351; GEN001842; GEN002133; GEN002291; GEN002293; GEN000103; GEN000335; GEN001297; GEN001298; GEN001356; GEN002051; GEN002090; GEN000107; GEN000109; GEN000211; GEN000212; GEN000475; GEN000632; GEN000916; GEN001034; GEN001263; GEN001264; GEN001265; GEN001299; GEN001359; GEN001843; GEN001863; GEN002091; GEN000635; GEN001266; GEN001362; GEN001475; GEN001845; GEN001846; GEN000638; GEN001038; GEN001364; GEN001365; GEN001477; GEN001799; GEN001847; GEN001954,171,base_event_stream,2026-07-24T06:07:21+00:00
分布式计算,数据工程,traditional,AI算法; 算法; AI安全; 数据; 通信; 软件研发; AI应用; 基础设施; 多媒体; 硬件; 产品; 技术支持,AIGC算法工程师; 多模态算法工程师; 推荐算法工程师; 风控算法工程师; 算法工程师; AI安全工程师; 数据挖掘算法工程师; 机器学习算法工程师; 大模型算法工程师; 数据工程师; 通信工程师; 后端开发工程师; 广告算法工程师; Python开发工程师; 数据平台工程师; AI应用工程师; 搜索算法工程师; 服务器工程师; 音视频工程师; 大数据开发工程师; 热设计工程师; 数据开发工程师; AI产品经理; 解决方案工程师; 软件架构师; 控制算法工程师,2024-12,2026-07,GEN000215,GEN001501,92,GEN000215; GEN000255; GEN000433; GEN000553; GEN000554; GEN000684; GEN000217; GEN000481; GEN000640; GEN000559; GEN000596; GEN001484; GEN000436; GEN000563; GEN000564; GEN000599; GEN001486; GEN002062; GEN000224; GEN000439; GEN000600; GEN000992; GEN001850; GEN000262; GEN000440; GEN000568; GEN000753; GEN001488; GEN002064; GEN000442; GEN000444; GEN000490; GEN001854; GEN000228; GEN000267; GEN000572; GEN000644; GEN002067; GEN000609; GEN000697; GEN000761; GEN001373; GEN001855; GEN000274; GEN000493; GEN000768; GEN000235; GEN000454; GEN001376; GEN000456; GEN000496; GEN000025; GEN000580; GEN000619; GEN000028; GEN000029; GEN000240; GEN000031; GEN000033; GEN000284; GEN000285; GEN000286; GEN000467; GEN000469; GEN000622; GEN000623; GEN001493; GEN001494; GEN001859; GEN000036; GEN000627; GEN000719; GEN000722; GEN001296; GEN001495; GEN002087; GEN000038; GEN000291; GEN000473; GEN000586; GEN001004; GEN001297; GEN001497; GEN000295; GEN000474; GEN000510; GEN000730; GEN000046; GEN000476; GEN001387; GEN000478; GEN001501,92,base_event_stream,2026-07-24T06:07:21+00:00
分布式训练,大模型,new,AI算法; 软件研发; 数据; 机器人; AI应用; 通信; 自动驾驶,AIGC算法工程师; 软件开发工程师; 数据工程师; 机器人软件工程师; AI Agent算法工程师; AI应用工程师; 通信工程师; 计算机视觉算法工程师; 算法研究员; 自动驾驶算法工程师; 大模型应用工程师; 数据分析师; 大模型算法工程师; 算法工程师,2024-12,2026-07,GEN000216,GEN002096,56,GEN000216; GEN001309; GEN001445; GEN001483; GEN001955; GEN000219; GEN000221; GEN000658; GEN001311; GEN001313; GEN001956; GEN002061; GEN000223; GEN000661; GEN001315; GEN001486; GEN000662; GEN001958; GEN001980; GEN000226; GEN000227; GEN001325; GEN001960; GEN000667; GEN000230; GEN001962; GEN001964; GEN002072; GEN000235; GEN000673; GEN001456; GEN001459; GEN002078; GEN000238; GEN000674; GEN000240; GEN000241; GEN001967; GEN002082; GEN000676; GEN001968; GEN002083; GEN000244; GEN000678; GEN001969; GEN002087; GEN000248; GEN001470; GEN002090; GEN000251; GEN001500; GEN001987; GEN000253; GEN001501; GEN001988; GEN002096,56,base_event_stream,2026-07-24T06:07:21+00:00
功能安全,安全,traditional,软件研发; 芯片; 硬件; 安全; AI算法; AI应用,系统软件工程师; 芯片设计工程师; 硬件工程师; 安全工程师; 多模态算法工程师; 大模型算法工程师; AI Agent应用工程师,2024-12,2026-06,GEN001173,GEN002145,17,GEN001173; GEN002097; GEN001178; GEN002269; GEN002271; GEN001191; GEN001193; GEN002281; GEN001199; GEN001787; GEN002126; GEN001200; GEN002131; GEN002133; GEN001207; GEN001209; GEN002145,17,base_event_stream,2026-07-24T06:07:21+00:00
动作捕捉,计算机视觉与图形,traditional,AI算法; 算法,计算机视觉算法工程师; 算法工程师; 搜索算法工程师,2024-12,2026-05,GEN000342,GEN000379,10,GEN000342; GEN000693; GEN000695; GEN000697; GEN000705; GEN000369; GEN000712; GEN000717; GEN000377; GEN000379,10,base_event_stream,2026-07-24T06:07:21+00:00
动态分析,软件工程,traditional,软件研发,iOS开发工程师; 客户端开发工程师; Android开发工程师,2025-06,2025-11,GEN001142,GEN001153,8,GEN001142; GEN001143; GEN001047; GEN001146; GEN001053; GEN001054; GEN001057; GEN001153,8,base_event_stream,2026-07-24T06:07:21+00:00
动画技术,计算机视觉与图形,traditional,测试质量; 软件研发; 数据; AI算法,测试开发工程师; Android开发工程师; 前端开发工程师; iOS开发工程师; 数据平台工程师; 多模态算法工程师; 大数据开发工程师,2024-12,2026-07,GEN001548,GEN001130,35,GEN001548; GEN001082; GEN000817; GEN001083; GEN001136; GEN001090; GEN001322; GEN000265; GEN001142; GEN001095; GEN001097; GEN001144; GEN001099; GEN001145; GEN000835; GEN001101; GEN001566; GEN000836; GEN000280; GEN001109; GEN001110; GEN001153; GEN000281; GEN000844; GEN001111; GEN001113; GEN000852; GEN001346; GEN001118; GEN001120; GEN001586; GEN000297; GEN000298; GEN000868; GEN001130,35,base_event_stream,2026-07-24T06:07:21+00:00
协同系统,软件开发,traditional,软件研发,Java开发工程师,2024-12,2026-03,GEN000921,GEN000964,5,GEN000921; GEN000923; GEN000931; GEN000950; GEN000964,5,base_event_stream,2026-07-24T06:07:21+00:00
即时通信,通信与网络,traditional,软件研发,后端开发工程师,2025-09,2025-12,GEN000767,GEN000781,2,GEN000767; GEN000781,2,base_event_stream,2026-07-24T06:07:21+00:00
参数估计,算法与数学,traditional,AI应用; 硬件,AI应用工程师; 电源工程师; AI Agent应用工程师,2024-12,2026-05,GEN000116,GEN000149,3,GEN000116; GEN002202; GEN000149,3,base_event_stream,2026-07-24T06:07:21+00:00
可靠性设计,系统与运维,traditional,芯片,芯片验证工程师,2025-03,2025-03,GEN002154,GEN002154,1,GEN002154,1,base_event_stream,2026-07-24T06:07:21+00:00
向量数据库,数据工程,new,软件研发; 数据; 基础设施; 技术支持; AI算法; 测试质量; 算法,软件架构师; 数据平台工程师; 后端开发工程师; 数据库工程师; 解决方案工程师; 算法工程师; 客户端开发工程师; 数据仓库工程师; 大模型算法工程师; 测试工程师; 控制算法工程师,2024-12,2026-06,GEN001269,GEN000807,36,GEN001269; GEN001270; GEN000743; GEN001273; GEN001829; GEN001275; GEN001277; GEN001280; GEN000754; GEN000756; GEN001281; GEN000693; GEN000757; GEN000758; GEN000762; GEN000763; GEN000764; GEN001285; GEN000770; GEN000779; GEN001840; GEN000790; GEN000792; GEN000796; GEN001842; GEN000723; GEN000797; GEN000798; GEN000799; GEN000800; GEN000726; GEN000727; GEN000728; GEN000729; GEN000733; GEN000807,36,base_event_stream,2026-07-24T06:07:21+00:00
向量计算,数据工程,new,AI算法,算法研究员,2025-04,2025-04,GEN000662,GEN000662,1,GEN000662,1,base_event_stream,2026-07-24T06:07:21+00:00
因果推断,算法与数学,new,算法; AI算法; 数据; 机器人; 自动驾驶; 软件研发,推荐算法工程师; 广告算法工程师; 算法工程师; 控制算法工程师; 数据分析师; 机器人算法工程师; 数据工程师; AI Agent算法工程师; 自动驾驶算法工程师; 搜索算法工程师; 软件架构师; 大数据开发工程师,2024-12,2026-07,GEN000433,GEN001477,54,GEN000433; GEN000517; GEN000518; GEN000519; GEN000686; GEN000523; GEN000526; GEN000691; GEN000693; GEN000694; GEN001453; GEN000531; GEN000698; GEN000699; GEN001454; GEN001455; GEN000535; GEN000700; GEN000702; GEN001457; GEN000537; GEN000703; GEN000705; GEN000706; GEN001458; GEN001459; GEN000709; GEN001461; GEN000711; GEN000712; GEN000713; GEN001462; GEN000714; GEN000715; GEN000716; GEN001464; GEN001465; GEN001466; GEN000721; GEN000473; GEN000548; GEN000724; GEN001470; GEN000549; GEN000726; GEN000728; GEN001472; GEN001473; GEN001475; GEN001476; GEN000552; GEN000739; GEN000741; GEN001477,54,base_event_stream,2026-07-24T06:07:21+00:00
国产化适配,系统与运维,traditional,AI算法; 硬件; 基础设施; AI基础设施; 产品,大模型算法工程师; 硬件工程师; 服务器工程师; AI Infra工程师; 算法工程师; AI产品经理; 多模态算法工程师; 电源工程师,2024-12,2026-06,GEN000001,GEN001865,23,GEN000001; GEN002261; GEN001849; GEN002267; GEN002270; GEN000191; GEN001851; GEN002273; GEN002274; GEN000196; GEN001854; GEN002281; GEN000703; GEN002285; GEN000024; GEN001859; GEN000037; GEN001861; GEN001862; GEN002297; GEN000734; GEN001864; GEN001865,23,base_event_stream,2026-07-24T06:07:21+00:00
图像图形技术,计算机视觉与图形,traditional,AI算法; 算法; 软件研发; 数据; 测试质量; 多媒体; 芯片; AI应用; 通信; 技术支持,AIGC算法工程师; 计算机视觉算法工程师; 广告算法工程师; 语音算法工程师; 算法工程师; 驱动开发工程师; 数据工程师; 大模型测试工程师; 大模型算法工程师; 多模态算法工程师; 图形图像工程师; 芯片设计工程师; AI Agent应用工程师; Android开发工程师; 大模型应用工程师; 音视频工程师; AI Agent算法工程师; AI应用工程师; 机器学习算法工程师; 芯片测试工程师; 全栈开发工程师; 算法研究员; 通信工程师; 技术支持工程师; 控制算法工程师; iOS开发工程师; 后端开发工程师; 客户端开发工程师; 风控算法工程师; 软件架构师,2024-12,2026-07,GEN000216,GEN002056,150,GEN000216; GEN000342; GEN000343; GEN000384; GEN000683; GEN000684; GEN001231; GEN001481; GEN001502; GEN000003; GEN000218; GEN000256; GEN000257; GEN000344; GEN002015; GEN002016; GEN002101; GEN000060; GEN000221; GEN000347; GEN000348; GEN001085; GEN002017; GEN002104; GEN000005; GEN000064; GEN000065; GEN000066; GEN000223; GEN000259; GEN000260; GEN000351; GEN001086; GEN002044; GEN000006; GEN000261; GEN000352; GEN000663; GEN001089; GEN001238; GEN001508; GEN002021; GEN000009; GEN000070; GEN000263; GEN000602; GEN001091; GEN002024; GEN002111; GEN000073; GEN000075; GEN000355; GEN000356; GEN000665; GEN000691; GEN001093; GEN002065; GEN000013; GEN000269; GEN000357; GEN000358; GEN000693; GEN001878; GEN001995; GEN000014; GEN000360; GEN001048; GEN001098; GEN002117; GEN000232; GEN000362; GEN000401; GEN000611; GEN000612; GEN000670; GEN001103; GEN001249; GEN001999; GEN000087; GEN000275; GEN000535; GEN000673; GEN002000; GEN000278; GEN000405; GEN000406; GEN000537; GEN001058; GEN002030; GEN000025; GEN000026; GEN000367; GEN000409; GEN002032; GEN002047; GEN000028; GEN000029; GEN000093; GEN000240; GEN001113; GEN002130; GEN000286; GEN000543; GEN001115; GEN001258; GEN001529; GEN002034; GEN000034; GEN000288; GEN000289; GEN000374; GEN000546; GEN000719; GEN000720; GEN000722; GEN001533; GEN002050; GEN000680; GEN001121; GEN002035; GEN002139; GEN000042; GEN000043; GEN000249; GEN000250; GEN000379; GEN000549; GEN000550; GEN000729; GEN000730; GEN001124; GEN001540; GEN002053; GEN002054; GEN002142; GEN000296; GEN000380; GEN000428; GEN000551; GEN000681; GEN000731; GEN000734; GEN002009; GEN002010; GEN000049; GEN000382; GEN000740; GEN000741; GEN002039; GEN002056,150,base_event_stream,2026-07-24T06:07:21+00:00
在线服务,软件开发,traditional,算法; 软件研发; AI应用; AI算法; 测试质量; 硬件; 数据,搜索算法工程师; Java开发工程师; 后端开发工程师; 大模型应用工程师; 机器学习算法工程师; 风控算法工程师; 软件开发工程师; 语音算法工程师; 大模型算法工程师; 推荐算法工程师; AI Agent应用工程师; 大模型测试工程师; 嵌入式软件工程师; 硬件工程师; 广告算法工程师; 算法工程师; 大数据开发工程师,2024-12,2026-07,GEN000479,GEN001365,44,GEN000479; GEN000480; GEN000921; GEN000057; GEN000924; GEN000059; GEN000560; GEN000561; GEN000439; GEN000931; GEN001320; GEN000569; GEN000012; GEN000938; GEN000015; GEN000447; GEN000016; GEN000448; GEN000450; GEN000493; GEN000947; GEN001517; GEN000020; GEN000452; GEN001518; GEN000458; GEN000951; GEN000952; GEN001343; GEN001523; GEN000957; GEN001525; GEN001526; GEN000096; GEN001530; GEN000470; GEN000545; GEN000963; GEN000586; GEN001538; GEN000047; GEN001543; GEN000514; GEN001365,44,base_event_stream,2026-07-24T06:07:21+00:00
地图算法,行业应用,traditional,自动驾驶; AI算法; 软件研发; 通信; 多媒体,自动驾驶算法工程师; 计算机视觉算法工程师; iOS开发工程师; 大模型算法工程师; 多模态算法工程师; 通信工程师; 图形图像工程师; AI Agent算法工程师; 算法工程师,2024-12,2026-07,GEN001972,GEN001989,31,GEN001972; GEN000346; GEN001974; GEN001975; GEN000351; GEN000353; GEN001139; GEN000010; GEN000692; GEN002065; GEN002067; GEN000361; GEN000362; GEN000364; GEN001149; GEN000365; GEN000366; GEN000369; GEN002084; GEN001164; GEN000042; GEN000379; GEN002092; GEN000733; GEN000734; GEN001986; GEN002094; GEN001170; GEN001172; GEN001988; GEN001989,31,base_event_stream,2026-07-24T06:07:21+00:00
域控制器,硬件与芯片,traditional,技术支持,技术支持工程师,2025-05,2026-05,GEN001873,GEN001885,3,GEN001873; GEN001883; GEN001885,3,base_event_stream,2026-07-24T06:07:21+00:00
多任务学习,AI,new,算法,广告算法工程师,2025-01,2025-07,GEN000518,GEN000528,4,GEN000518; GEN000519; GEN000522; GEN000528,4,base_event_stream,2026-07-24T06:07:21+00:00
多模态,大模型,new,算法; 软件研发; AI算法; 技术支持; 测试质量; 通信; 芯片; AI应用; 数据; 多媒体; 硬件; 机器人; 产品; 安全,广告算法工程师; 驱动开发工程师; 大模型算法工程师; 技术支持工程师; 大模型测试工程师; 通信工程师; 芯片设计工程师; AIGC算法工程师; 质量工程师; AI应用工程师; 数据工程师; 音视频工程师; 全栈开发工程师; 算法工程师; 硬件工程师; 搜索算法工程师; 机器人软件工程师; 芯片验证工程师; 控制算法工程师; AI Agent算法工程师; 数据挖掘算法工程师; AI产品经理; 前端开发工程师; 安全工程师; iOS开发工程师; 数据开发工程师; 结构工程师; 计算机视觉算法工程师; 机器学习算法工程师,2024-12,2026-07,GEN000516,GEN002301,141,GEN000516; GEN001230; GEN001480; GEN001867; GEN002040; GEN002057; GEN002097; GEN000217; GEN000518; GEN001594; GEN002058; GEN002059; GEN000220; GEN001485; GEN001597; GEN002042; GEN002043; GEN002060; GEN002061; GEN000878; GEN001487; GEN002107; GEN000224; GEN000688; GEN000879; GEN002063; GEN000690; GEN001871; GEN001873; GEN002046; GEN000226; GEN000227; GEN000643; GEN000691; GEN001242; GEN001243; GEN002112; GEN000527; GEN000888; GEN001602; GEN001879; GEN002067; GEN002115; GEN002276; GEN000230; GEN000697; GEN001246; GEN001248; GEN001605; GEN001998; GEN002279; GEN000234; GEN000647; GEN001250; GEN001375; GEN001489; GEN001607; GEN001999; GEN002120; GEN002121; GEN000236; GEN000536; GEN000701; GEN000702; GEN000838; GEN001252; GEN001490; GEN001784; GEN001785; GEN000237; GEN000539; GEN000842; GEN000900; GEN000901; GEN001253; GEN002076; GEN002125; GEN002285; GEN000239; GEN000540; GEN000845; GEN001491; GEN001492; GEN001880; GEN001881; GEN000240; GEN000710; GEN000712; GEN001256; GEN001790; GEN001882; GEN002048; GEN002081; GEN000243; GEN000716; GEN000717; GEN002084; GEN002289; GEN000244; GEN000245; GEN000246; GEN000718; GEN001161; GEN001260; GEN001383; GEN002135; GEN000724; GEN001262; GEN001385; GEN001615; GEN002006; GEN002007; GEN002296; GEN000249; GEN000727; GEN000728; GEN000729; GEN001386; GEN001884; GEN001885; GEN002091; GEN002142; GEN000551; GEN000731; GEN000732; GEN000733; GEN000734; GEN000735; GEN001500; GEN002010; GEN002145; GEN000552; GEN000738; GEN000920; GEN001501; GEN001800; GEN002012; GEN002056; GEN002096; GEN002147; GEN002301,141,base_event_stream,2026-07-24T06:07:21+00:00
多目标优化,算法与数学,traditional,AI算法; 算法; AI应用,大模型算法工程师; 机器学习算法工程师; 推荐算法工程师; 算法工程师; 搜索算法工程师; 广告算法工程师; 数据挖掘算法工程师; 大模型应用工程师,2025-01,2026-06,GEN000434,GEN000736,20,GEN000434; GEN000595; GEN000438; GEN000688; GEN000606; GEN000611; GEN000698; GEN000702; GEN000495; GEN000539; GEN000706; GEN000624; GEN000650; GEN000098; GEN000718; GEN000721; GEN000550; GEN000729; GEN000732; GEN000736,20,base_event_stream,2026-07-24T06:07:21+00:00
多租户架构,系统与运维,traditional,AI安全; 软件研发; 基础设施,AI安全工程师; 系统软件工程师; 后端开发工程师; 嵌入式软件工程师; 客户端开发工程师; 软件开发工程师; 云计算工程师,2025-02,2026-07,GEN000165,GEN000812,27,GEN000165; GEN001179; GEN001180; GEN001181; GEN000168; GEN000169; GEN000748; GEN000752; GEN001187; GEN001188; GEN001189; GEN000175; GEN000766; GEN001332; GEN000769; GEN000777; GEN001719; GEN000785; GEN000176; GEN001206; GEN001726; GEN001357; GEN000807; GEN001209; GEN001729; GEN000180; GEN000812,27,base_event_stream,2026-07-24T06:07:21+00:00
多语言开发,软件开发,traditional,AI算法; 算法,算法工程师; 控制算法工程师,2025-05,2026-06,GEN000690,GEN000733,6,GEN000690; GEN000694; GEN000701; GEN000711; GEN000728; GEN000733,6,base_event_stream,2026-07-24T06:07:21+00:00
大模型后训练,大模型,new,AI应用; AI安全,AI应用工程师; AI Agent应用工程师; AI安全工程师,2025-05,2026-07,GEN000123,GEN000158,9,GEN000123; GEN000128; GEN000131; GEN000138; GEN000145; GEN000148; GEN000154; GEN000156; GEN000158,9,base_event_stream,2026-07-24T06:07:21+00:00
大模型安全,大模型,new,软件研发; 技术支持; 测试质量,Android开发工程师; 技术支持工程师; 测试开发工程师,2025-03,2026-07,GEN001088,GEN001590,9,GEN001088; GEN001094; GEN001109; GEN001882; GEN001576; GEN001587; GEN001128; GEN001130; GEN001590,9,base_event_stream,2026-07-24T06:07:21+00:00
大模型应用,大模型,new,产品; 基础设施; 算法; AI应用; 软件研发; 硬件; 安全; 技术支持; 数据; 测试质量,AI产品经理; 运维工程师; 风控算法工程师; AI应用工程师; 后端开发工程师; 软件架构师; Java开发工程师; iOS开发工程师; 硬件工程师; 安全工程师; 技术支持工程师; 客户端开发工程师; 解决方案工程师; 数据工程师; 网络安全工程师; 数据平台工程师; 数据分析师; 数据仓库工程师; AI Agent应用工程师; 大模型测试工程师,2024-12,2026-07,GEN002303,GEN002335,72,GEN002303; GEN001658; GEN001735; GEN000120; GEN000744; GEN000745; GEN000930; GEN001138; GEN001665; GEN002271; GEN001139; GEN000754; GEN000756; GEN000936; GEN001142; GEN000761; GEN000763; GEN001744; GEN001902; GEN000129; GEN000765; GEN000945; GEN000946; GEN000947; GEN001147; GEN001905; GEN002318; GEN000769; GEN001151; GEN001906; GEN002319; GEN001154; GEN001752; GEN000787; GEN001157; GEN001159; GEN001754; GEN002325; GEN000791; GEN000960; GEN001465; GEN001755; GEN002328; GEN000794; GEN001160; GEN000797; GEN000800; GEN001164; GEN001760; GEN002294; GEN000150; GEN000152; GEN000801; GEN002332; GEN000156; GEN000806; GEN001167; GEN001475; GEN001763; GEN001935; GEN001936; GEN001938; GEN002333; GEN000158; GEN000160; GEN000812; GEN000813; GEN001479; GEN001939; GEN001940; GEN001941; GEN002335,72,base_event_stream,2026-07-24T06:07:21+00:00
大模型强化,大模型,new,软件研发; AI应用,全栈开发工程师; 软件架构师; Java开发工程师; AI Agent应用工程师; AI应用工程师,2025-01,2026-07,GEN000874,GEN000159,11,GEN000874; GEN000882; GEN000127; GEN000888; GEN000897; GEN000899; GEN000134; GEN000143; GEN000912; GEN000147; GEN000159,11,base_event_stream,2026-07-24T06:07:21+00:00
大模型微调,大模型,new,软件研发; 测试质量; AI应用; AI算法; AI安全,软件架构师; 测试开发工程师; AI应用工程师; 语音算法工程师; 前端开发工程师; AI安全工程师; AI Agent应用工程师; 多模态算法工程师,2024-12,2026-07,GEN001269,GEN000297,21,GEN001269; GEN001556; GEN000126; GEN000128; GEN001561; GEN001562; GEN001563; GEN001564; GEN001566; GEN001569; GEN001570; GEN000135; GEN000138; GEN001580; GEN000149; GEN000295; GEN000153; GEN000155; GEN001303; GEN001588; GEN000297,21,base_event_stream,2026-07-24T06:07:21+00:00
大模型训练,大模型,new,算法; 多媒体; 基础设施; 技术支持; 数据; AI应用; AI算法,搜索算法工程师; 广告算法工程师; 音视频工程师; 运维工程师; 技术支持工程师; 数据开发工程师; 数据挖掘算法工程师; AI应用工程师; AI Agent算法工程师,2024-12,2026-07,GEN000480,GEN001690,24,GEN000480; GEN000516; GEN002041; GEN001666; GEN001873; GEN000525; GEN001670; GEN000647; GEN001671; GEN001880; GEN001883; GEN000502; GEN000651; GEN000504; GEN000546; GEN001680; GEN000505; GEN001682; GEN001684; GEN001884; GEN000511; GEN000653; GEN001689; GEN001690,24,base_event_stream,2026-07-24T06:07:21+00:00
大模型评测,大模型,new,AI应用; 测试质量; AI算法,AI应用工程师; 大模型测试工程师; 测试工程师; 质量工程师; 大模型算法工程师; 算法工程师; 多模态算法工程师,2025-02,2026-07,GEN001506,GEN001546,17,GEN001506; GEN001509; GEN001512; GEN001626; GEN001515; GEN001604; GEN001609; GEN001525; GEN001532; GEN001613; GEN001536; GEN001537; GEN001615; GEN001616; GEN001538; GEN001543; GEN001546,17,base_event_stream,2026-07-24T06:07:21+00:00
大模型调优,大模型,new,测试质量; 多媒体,大模型测试工程师; 音视频工程师,2024-12,2026-05,GEN002040,GEN002054,7,GEN002040; GEN002046; GEN002047; GEN002050; GEN002052; GEN002053; GEN002054,7,base_event_stream,2026-07-24T06:07:21+00:00
大模型预训练,大模型,new,软件研发; AI基础设施; AI算法,全栈开发工程师; AI Infra工程师; 大模型算法工程师,2024-12,2026-07,GEN000872,GEN000920,11,GEN000872; GEN000879; GEN000193; GEN000883; GEN000198; GEN000892; GEN000204; GEN000205; GEN000206; GEN000912; GEN000920,11,base_event_stream,2026-07-24T06:07:21+00:00
封装EDA,硬件与芯片,traditional,通信; 芯片,通信工程师; 芯片测试工程师,2024-12,2026-06,GEN002057,GEN002188,13,GEN002057; GEN002060; GEN002173; GEN002174; GEN002181; GEN002182; GEN002183; GEN002184; GEN002185; GEN002186; GEN002093; GEN002187; GEN002188,13,base_event_stream,2026-07-24T06:07:21+00:00
小模型,大模型,new,软件研发,软件架构师,2025-01,2025-04,GEN001272,GEN001277,2,GEN001272; GEN001277,2,base_event_stream,2026-07-24T06:07:21+00:00
工业自动化,工业与物联网,traditional,自动驾驶; 硬件; AI算法; AI应用; 芯片; 算法,自动驾驶算法工程师; 结构工程师; 计算机视觉算法工程师; AI应用工程师; 算法工程师; 芯片测试工程师; 电源工程师; 硬件工程师; 控制算法工程师,2024-12,2026-07,GEN001972,GEN002239,66,GEN001972; GEN002207; GEN002208; GEN000346; GEN001975; GEN002209; GEN002211; GEN002212; GEN002213; GEN000350; GEN000351; GEN002214; GEN002215; GEN000688; GEN002216; GEN002217; GEN001981; GEN002173; GEN002174; GEN002192; GEN002218; GEN002219; GEN002176; GEN002193; GEN002220; GEN002221; GEN001983; GEN002222; GEN002178; GEN002194; GEN002223; GEN002224; GEN002225; GEN002179; GEN002180; GEN002226; GEN002227; GEN000366; GEN002182; GEN002198; GEN002183; GEN002184; GEN002199; GEN002200; GEN002228; GEN002229; GEN000721; GEN002230; GEN002231; GEN002186; GEN002233; GEN000726; GEN000730; GEN002204; GEN002235; GEN000380; GEN000736; GEN002187; GEN002188; GEN002205; GEN002206; GEN002236; GEN002237; GEN000382; GEN002238; GEN002239,66,base_event_stream,2026-07-24T06:07:21+00:00
序列建模,AI,new,AI算法; 软件研发; 芯片,大模型算法工程师; 系统软件工程师; 嵌入式软件工程师; 芯片设计工程师,2025-03,2026-06,GEN001182,GEN001210,10,GEN001182; GEN001183; GEN001189; GEN001194; GEN001195; GEN001196; GEN001205; GEN001208; GEN001209; GEN001210,10,base_event_stream,2026-07-24T06:07:21+00:00
异常检测,软件工程,new,软件研发; 安全; 芯片; 数据; 基础设施; AI应用,系统软件工程师; 安全工程师; Python开发工程师; 芯片测试工程师; 信息安全工程师; 数据平台工程师; 数据库工程师; DevOps工程师; AI应用工程师,2024-12,2026-07,GEN001173,GEN001427,25,GEN001173; GEN001175; GEN001178; GEN001776; GEN000994; GEN001636; GEN001769; GEN000998; GEN001418; GEN001782; GEN001783; GEN001836; GEN001644; GEN001785; GEN001838; GEN001422; GEN001648; GEN001204; GEN001424; GEN001794; GEN001650; GEN001207; GEN001653; GEN001846; GEN001427,25,base_event_stream,2026-07-24T06:07:21+00:00
异构计算,硬件与芯片,new,AI基础设施; AI应用; 硬件; 基础设施; 自动驾驶; 软件研发; AI算法; 安全; 技术支持; 测试质量; 算法,AI Infra工程师; 大模型应用工程师; 硬件工程师; 网络工程师; 自动驾驶算法工程师; Python开发工程师; 大模型算法工程师; 嵌入式软件工程师; 安全工程师; 解决方案工程师; 算法工程师; 测试工程师; 搜索算法工程师; 技术支持工程师; AI Agent算法工程师; 计算机视觉算法工程师,2024-12,2026-07,GEN000183,GEN002301,61,GEN000183; GEN000184; GEN001886; GEN002262; GEN000185; GEN000186; GEN000188; GEN000190; GEN000991; GEN002270; GEN000191; GEN000192; GEN001216; GEN001777; GEN000196; GEN001219; GEN001778; GEN001897; GEN000693; GEN001625; GEN001626; GEN002277; GEN000697; GEN001628; GEN001899; GEN001900; GEN001902; GEN000698; GEN000998; GEN001903; GEN001904; GEN002280; GEN001785; GEN001909; GEN001912; GEN000709; GEN001225; GEN000710; GEN001790; GEN001918; GEN000714; GEN000715; GEN000717; GEN001629; GEN002289; GEN001002; GEN001794; GEN002293; GEN001929; GEN002295; GEN001931; GEN001933; GEN001934; GEN000735; GEN001006; GEN001227; GEN001937; GEN001007; GEN001939; GEN001942; GEN002301,61,base_event_stream,2026-07-24T06:07:21+00:00
引擎开发,软件开发,traditional,多媒体; AI算法; 数据,图形图像工程师; 计算机视觉算法工程师; 数据平台工程师,2024-12,2026-04,GEN002014,GEN000375,18,GEN002014; GEN002015; GEN002016; GEN002019; GEN002020; GEN002023; GEN002026; GEN002027; GEN000363; GEN000364; GEN000365; GEN002030; GEN001422; GEN000372; GEN002033; GEN002034; GEN001424; GEN000375,18,base_event_stream,2026-07-24T06:07:21+00:00
弱网优化,系统与运维,traditional,软件研发; AI算法,iOS开发工程师; AI Agent算法工程师,2024-12,2026-05,GEN001133,GEN001165,9,GEN001133; GEN001138; GEN001143; GEN001145; GEN001147; GEN001159; GEN000146; GEN001164; GEN001165,9,base_event_stream,2026-07-24T06:07:21+00:00
归因分析,软件工程,traditional,产品; 算法; 数据,AI产品经理; 数据挖掘算法工程师; 数据分析师; 数据工程师; 数据仓库工程师,2024-12,2026-04,GEN002302,GEN001471,26,GEN002302; GEN002303; GEN000639; GEN002304; GEN002305; GEN002306; GEN002308; GEN001448; GEN002310; GEN000644; GEN000645; GEN002315; GEN002316; GEN000647; GEN001454; GEN002318; GEN001456; GEN002319; GEN001459; GEN002321; GEN002322; GEN001462; GEN001463; GEN000651; GEN002328; GEN001471,26,base_event_stream,2026-07-24T06:07:21+00:00
录制回放,软件工程,traditional,机器人; 软件研发,机器人软件工程师; 系统软件工程师,2025-04,2025-05,GEN001184,GEN001187,2,GEN001184; GEN001187,2,base_event_stream,2026-07-24T06:07:21+00:00
形式化验证,软件工程,traditional,芯片; 软件研发,芯片验证工程师; 软件架构师,2025-01,2026-06,GEN002151,GEN002170,8,GEN002151; GEN002152; GEN002156; GEN002160; GEN002168; GEN001303; GEN002169; GEN002170,8,base_event_stream,2026-07-24T06:07:21+00:00
微服务安全,系统与运维,traditional,安全; AI安全; 测试质量,信息安全工程师; AI安全工程师; 大模型测试工程师,2025-02,2026-07,GEN001768,GEN000181,4,GEN001768; GEN000168; GEN001772; GEN000181,4,base_event_stream,2026-07-24T06:07:21+00:00
微服务架构,软件工程,traditional,软件研发; 基础设施; AI算法; AI应用; 数据,Java开发工程师; Go开发工程师; 运维工程师; 大模型算法工程师; 嵌入式软件工程师; 软件架构师; AI应用工程师; DevOps工程师; 全栈开发工程师; 语音算法工程师; AIGC算法工程师; 多模态算法工程师; 数据平台工程师,2024-12,2026-07,GEN000921,GEN001689,45,GEN000921; GEN001009; GEN001656; GEN000003; GEN000926; GEN001272; GEN001633; GEN001658; GEN001273; GEN001634; GEN000929; GEN000932; GEN001015; GEN000881; GEN000885; GEN001016; GEN001637; GEN000938; GEN001017; GEN001018; GEN001283; GEN000940; GEN001019; GEN000894; GEN000018; GEN000899; GEN001021; GEN000021; GEN000022; GEN000904; GEN000953; GEN001292; GEN001647; GEN000031; GEN001293; GEN000036; GEN000037; GEN001650; GEN000917; GEN001034; GEN001301; GEN000969; GEN001036; GEN001302; GEN001689,45,base_event_stream,2026-07-24T06:07:21+00:00
性能优化,软件工程,traditional,AI基础设施; 基础设施; 软件研发; 硬件; AI算法; AI应用; 算法; 自动驾驶; 多媒体; 技术支持; 数据; 测试质量; 芯片,AI Infra工程师; 服务器工程师; 系统软件工程师; 嵌入式软件工程师; iOS开发工程师; 电源工程师; NLP算法工程师; 大模型应用工程师; 数据库工程师; 广告算法工程师; 自动驾驶算法工程师; 图形图像工程师; 全栈开发工程师; Go开发工程师; 客户端开发工程师; 解决方案工程师; 数据开发工程师; 大模型算法工程师; 前端开发工程师; 数据平台工程师; 搜索算法工程师; 数据分析师; 技术支持工程师; 测试开发工程师; 网络工程师; 芯片设计工程师; 数据工程师; 算法工程师,2024-12,2026-07,GEN000184,GEN001847,85,GEN000184; GEN001132; GEN001173; GEN001212; GEN001134; GEN001135; GEN001214; GEN001848; GEN000061; GEN000062; GEN001829; GEN000066; GEN000521; GEN001137; GEN001977; GEN002020; GEN000879; GEN001015; GEN001185; GEN001893; GEN001978; GEN001979; GEN000194; GEN000822; GEN000824; GEN001188; GEN001831; GEN000195; GEN000826; GEN001833; GEN002025; GEN000079; GEN001145; GEN001453; GEN001835; GEN001899; GEN001901; GEN002027; GEN000085; GEN001147; GEN001567; GEN001836; GEN000088; GEN000204; GEN000837; GEN000838; GEN001022; GEN001196; GEN002029; GEN000205; GEN000842; GEN001571; GEN001154; GEN001155; GEN001200; GEN001224; GEN001917; GEN001159; GEN001462; GEN001575; GEN001841; GEN002033; GEN000100; GEN001030; GEN001578; GEN001842; GEN000915; GEN001584; GEN001929; GEN002035; GEN002036; GEN000212; GEN001034; GEN001166; GEN001585; GEN001843; GEN001931; GEN000111; GEN000919; GEN001167; GEN001476; GEN001987; GEN001170; GEN001171; GEN001847,85,base_event_stream,2026-07-24T06:07:21+00:00
感知算法,AI,new,测试质量; 自动驾驶; 硬件,质量工程师; 自动驾驶算法工程师; 电源工程师; 结构工程师,2024-12,2026-06,GEN001593,GEN002206,23,GEN001593; GEN001972; GEN002189; GEN002207; GEN002208; GEN002209; GEN002210; GEN002216; GEN002217; GEN001980; GEN002218; GEN002219; GEN001601; GEN002193; GEN001603; GEN002223; GEN002224; GEN002225; GEN001610; GEN002232; GEN002234; GEN002235; GEN002206,23,base_event_stream,2026-07-24T06:07:21+00:00
持续学习,AI,new,芯片; AI应用,芯片设计工程师; AI Agent应用工程师,2024-12,2025-07,GEN002098,GEN002116,6,GEN002098; GEN002103; GEN002104; GEN002108; GEN002112; GEN002116,6,base_event_stream,2026-07-24T06:07:21+00:00
推理优化,大模型,new,AI算法; 算法; 软件研发; 测试质量; 技术支持; AI应用; 多媒体; 产品,大模型算法工程师; 搜索算法工程师; 计算机视觉算法工程师; 软件开发工程师; 质量工程师; 技术支持工程师; 语音算法工程师; AI应用工程师; 风控算法工程师; 图形图像工程师; 多模态算法工程师; 大模型测试工程师; AI Agent算法工程师; AI产品经理,2024-12,2026-07,GEN000001,GEN000515,41,GEN000001; GEN000480; GEN001866; GEN001321; GEN001601; GEN001876; GEN000012; GEN001328; GEN001877; GEN001329; GEN001333; GEN001334; GEN001335; GEN001339; GEN001341; GEN000025; GEN000497; GEN001881; GEN000027; GEN000032; GEN000034; GEN001350; GEN001351; GEN000037; GEN000038; GEN000039; GEN001353; GEN001615; GEN000043; GEN000044; GEN000509; GEN001357; GEN001360; GEN001884; GEN000048; GEN000512; GEN000049; GEN000050; GEN000051; GEN000513; GEN000515,41,base_event_stream,2026-07-24T06:07:21+00:00
推荐算法,AI,traditional,算法; AI算法; 数据; AI安全; 软件研发; AI应用; 安全; 多媒体,广告算法工程师; 搜索算法工程师; 算法工程师; 大模型算法工程师; 数据工程师; AI Agent算法工程师; AI安全工程师; AIGC算法工程师; 推荐算法工程师; 驱动开发工程师; AI应用工程师; 算法研究员; 后端开发工程师; 安全工程师; 计算机视觉算法工程师; NLP算法工程师; 客户端开发工程师; 机器学习算法工程师; 大模型应用工程师; 软件架构师; Java开发工程师; 图形图像工程师,2024-12,2026-07,GEN000343,GEN000682,77,GEN000343; GEN000479; GEN000684; GEN001480; GEN001481; GEN000482; GEN000519; GEN000685; GEN001483; GEN000165; GEN000219; GEN000520; GEN000166; GEN000436; GEN001235; GEN001236; GEN001237; GEN000007; GEN000662; GEN000170; GEN000523; GEN000751; GEN000226; GEN000526; GEN001242; GEN000013; GEN000312; GEN000358; GEN000491; GEN001244; GEN000316; GEN000446; GEN000668; GEN001247; GEN000017; GEN000450; GEN000767; GEN001249; GEN000019; GEN000236; GEN000023; GEN000456; GEN000457; GEN000538; GEN000704; GEN000367; GEN000368; GEN000462; GEN000498; GEN000708; GEN001492; GEN000786; GEN000243; GEN000467; GEN000788; GEN000036; GEN000625; GEN000677; GEN000718; GEN000796; GEN000177; GEN000041; GEN000549; GEN000729; GEN000803; GEN000804; GEN001263; GEN001265; GEN000046; GEN000732; GEN000735; GEN000809; GEN001542; GEN000052; GEN000478; GEN000552; GEN000682,77,base_event_stream,2026-07-24T06:07:21+00:00
搜索算法,AI,traditional,AI算法; 测试质量; 算法; 软件研发; 多媒体; AI应用; 芯片; 技术支持; 基础设施; 数据; 机器人; 硬件; AI安全,大模型算法工程师; AIGC算法工程师; 大模型测试工程师; 搜索算法工程师; 广告算法工程师; 风控算法工程师; 计算机视觉算法工程师; 后端开发工程师; 多模态算法工程师; NLP算法工程师; 推荐算法工程师; 数据挖掘算法工程师; 算法工程师; 音视频工程师; AI应用工程师; 驱动开发工程师; 芯片测试工程师; 技术支持工程师; DevOps工程师; C++开发工程师; 数据分析师; 机器人算法工程师; 大数据开发工程师; 数据工程师; 结构工程师; AI安全工程师; 数据开发工程师; 语音算法工程师; 机器学习算法工程师,2024-12,2026-07,GEN000001,GEN001479,119,GEN000001; GEN000002; GEN000216; GEN000300; GEN000479; GEN000517; GEN000554; GEN001866; GEN000003; GEN000218; GEN000434; GEN000558; GEN000742; GEN000258; GEN000304; GEN000435; GEN000642; GEN001484; GEN000223; GEN000306; GEN000437; GEN000687; GEN000747; GEN001368; GEN000008; GEN000310; GEN000664; GEN001241; GEN001636; GEN000010; GEN000356; GEN000692; GEN001874; GEN000228; GEN000229; GEN000269; GEN000313; GEN000357; GEN000528; GEN001372; GEN001639; GEN001877; GEN000270; GEN000271; GEN000359; GEN000360; GEN000446; GEN000447; GEN000492; GEN000696; GEN001247; GEN001453; GEN001641; GEN000232; GEN000317; GEN000494; GEN000532; GEN000699; GEN000277; GEN000452; GEN000453; GEN000534; GEN000535; GEN000649; GEN000700; GEN001252; GEN000704; GEN000706; GEN001254; GEN001377; GEN000282; GEN000460; GEN000542; GEN000580; GEN001461; GEN000370; GEN000464; GEN000500; GEN001255; GEN001380; GEN001463; GEN001883; GEN000285; GEN000330; GEN000543; GEN000583; GEN000716; GEN000791; GEN001258; GEN001381; GEN001648; GEN000332; GEN000718; GEN000721; GEN001468; GEN000375; GEN000472; GEN000547; GEN000725; GEN001262; GEN000294; GEN000378; GEN000509; GEN000510; GEN000726; GEN000728; GEN000477; GEN000731; GEN000732; GEN000734; GEN000735; GEN001387; GEN000298; GEN000341; GEN000738; GEN000739; GEN000740; GEN001477; GEN001479,119,base_event_stream,2026-07-24T06:07:21+00:00
操作系统,系统与运维,traditional,软件研发; 数据; 测试质量; AI应用; 基础设施; 安全; 硬件; 产品; 技术支持; 多媒体; 通信; AI算法; AI安全; 芯片; 算法,C++开发工程师; 软件架构师; 数据平台工程师; 测试开发工程师; AI应用工程师; 数据库工程师; Java开发工程师; 客户端开发工程师; 系统软件工程师; 云计算工程师; 安全工程师; 硬件工程师; Go开发工程师; Android开发工程师; iOS开发工程师; 数据仓库工程师; 测试工程师; AI产品经理; 解决方案工程师; 音视频工程师; 通信工程师; 后端开发工程师; 全栈开发工程师; 大模型算法工程师; AI安全工程师; 芯片设计工程师; 技术支持工程师; 语音算法工程师; 大数据开发工程师; 广告算法工程师; 大模型应用工程师,2024-12,2026-07,GEN000975,GEN001942,151,GEN000975; GEN001269; GEN001270; GEN001548; GEN001549; GEN001692; GEN001826; GEN000118; GEN000925; GEN001042; GEN001178; GEN001695; GEN001774; GEN002265; GEN000978; GEN001012; GEN001084; GEN001085; GEN001136; GEN001179; GEN001393; GEN001828; GEN002267; GEN001013; GEN001087; GEN001276; GEN001550; GEN001552; GEN001700; GEN001701; GEN001776; GEN001891; GEN002044; GEN002062; GEN000749; GEN000750; GEN000879; GEN001044; GEN001277; GEN001892; GEN000009; GEN000123; GEN001280; GEN000172; GEN000756; GEN000885; GEN001190; GEN001281; GEN001396; GEN001557; GEN001707; GEN001876; GEN001896; GEN001898; GEN002065; GEN001017; GEN001095; GEN001879; GEN000014; GEN000397; GEN000761; GEN000762; GEN001049; GEN001145; GEN001146; GEN001780; GEN001781; GEN002069; GEN002279; GEN001050; GEN001052; GEN001101; GEN001148; GEN002071; GEN002280; GEN000132; GEN000896; GEN001056; GEN001400; GEN000407; GEN000900; GEN001023; GEN001060; GEN001110; GEN001152; GEN001289; GEN001419; GEN001717; GEN002285; GEN000410; GEN000542; GEN000985; GEN001062; GEN001111; GEN001154; GEN001718; GEN001719; GEN001789; GEN001839; GEN002047; GEN000138; GEN000783; GEN000785; GEN000787; GEN000906; GEN000907; GEN000908; GEN001065; GEN001157; GEN001158; GEN001201; GEN001721; GEN001918; GEN000033; GEN000792; GEN000959; GEN001067; GEN001069; GEN000963; GEN000964; GEN001031; GEN001117; GEN001204; GEN001580; GEN001724; GEN001725; GEN002050; GEN002085; GEN001163; GEN001164; GEN002051; GEN000041; GEN000424; GEN000802; GEN001126; GEN001165; GEN001586; GEN002053; GEN002298; GEN000428; GEN000807; GEN000969; GEN001938; GEN000049; GEN000180; GEN000811; GEN001039; GEN001131; GEN001172; GEN001941; GEN001942,151,base_event_stream,2026-07-24T06:07:21+00:00
数字人技术,AI,new,AI应用; 技术支持; AI算法; 多媒体,大模型应用工程师; 技术支持工程师; 算法研究员; 解决方案工程师; AI应用工程师; AI Agent算法工程师; 音视频工程师,2025-01,2026-07,GEN001888,GEN000113,24,GEN001888; GEN001889; GEN000662; GEN001897; GEN000081; GEN000669; GEN001900; GEN000671; GEN000086; GEN001906; GEN001916; GEN001917; GEN002048; GEN000676; GEN001921; GEN000099; GEN001925; GEN001928; GEN001930; GEN002051; GEN002053; GEN001935; GEN001938; GEN000113,24,base_event_stream,2026-07-24T06:07:21+00:00
数字取证,安全,traditional,算法,风控算法工程师,2025-01,2025-01,GEN001735,GEN001735,1,GEN001735,1,base_event_stream,2026-07-24T06:07:21+00:00
数据工程,数据工程,traditional,算法; 硬件; 软件研发; 数据; 测试质量; 基础设施; 安全; 技术支持; AI应用; 自动驾驶; AI算法; 产品; 通信; 芯片; AI安全; 多媒体,广告算法工程师; 风控算法工程师; 结构工程师; C++开发工程师; Go开发工程师; 驱动开发工程师; 数据仓库工程师; 数据治理工程师; 数据工程师; 测试开发工程师; 质量工程师; 运维工程师; 信息安全工程师; 数据库工程师; 技术支持工程师; 大模型应用工程师; 自动驾驶算法工程师; 后端开发工程师; 机器学习算法工程师; 数据挖掘算法工程师; Java开发工程师; iOS开发工程师; AI应用工程师; 电源工程师; 大模型测试工程师; 推荐算法工程师; 软件架构师; 测试工程师; 网络安全工程师; 硬件工程师; 热设计工程师; AI产品经理; 安全工程师; Python开发工程师; 数据分析师; 客户端开发工程师; 数据开发工程师; 通信工程师; 多模态算法工程师; 算法工程师; 芯片验证工程师; 系统软件工程师; 大模型算法工程师; AI安全工程师; 数据平台工程师; 音视频工程师; 前端开发工程师; 全栈开发工程师; 芯片设计工程师; AI Agent应用工程师; NLP算法工程师; 解决方案工程师; 嵌入式软件工程师; 云计算工程师; 服务器工程师; 搜索算法工程师; AI Agent算法工程师; 大数据开发工程师,2024-12,2026-07,GEN000517,GEN002334,346,GEN000517; GEN000553; GEN000922; GEN000974; GEN001009; GEN001230; GEN001231; GEN001390; GEN001429; GEN001443; GEN001548; GEN001593; GEN001656; GEN001765; GEN001826; GEN001867; GEN001886; GEN001973; GEN000056; GEN000057; GEN000557; GEN000594; GEN000639; GEN000742; GEN000927; GEN001134; GEN001233; GEN001391; GEN001430; GEN001482; GEN001735; GEN001766; GEN001767; GEN001848; GEN002150; GEN000435; GEN000561; GEN000745; GEN000978; GEN000979; GEN001136; GEN001273; GEN001392; GEN001393; GEN001431; GEN001432; GEN001622; GEN001738; GEN001828; GEN001829; GEN002267; GEN002268; GEN002305; GEN000307; GEN000562; GEN000563; GEN000747; GEN000928; GEN000930; GEN000991; GEN001013; GEN001276; GEN001394; GEN001446; GEN001976; GEN002269; GEN002307; GEN002308; GEN000067; GEN000438; GEN000748; GEN000993; GEN001185; GEN001433; GEN001702; GEN001830; GEN001978; GEN002063; GEN000071; GEN000262; GEN000441; GEN000524; GEN000567; GEN000689; GEN000753; GEN000933; GEN000981; GEN001186; GEN001188; GEN001280; GEN001600; GEN001705; GEN000010; GEN000172; GEN000265; GEN000444; GEN000525; GEN000526; GEN000691; GEN000754; GEN000935; GEN000995; GEN001396; GEN001414; GEN001558; GEN001670; GEN001707; GEN001741; GEN001778; GEN001833; GEN001874; GEN002311; GEN000267; GEN000527; GEN000528; GEN000571; GEN000572; GEN000693; GEN000937; GEN000938; GEN001017; GEN001143; GEN001560; GEN001626; GEN001878; GEN002277; GEN000079; GEN000271; GEN000529; GEN000530; GEN000573; GEN000696; GEN000831; GEN000832; GEN000891; GEN000942; GEN000943; GEN001019; GEN001146; GEN001193; GEN001398; GEN001416; GEN001452; GEN001564; GEN001605; GEN001781; GEN001899; GEN001984; GEN002315; GEN002316; GEN000083; GEN000174; GEN000274; GEN000448; GEN000450; GEN000575; GEN000576; GEN000698; GEN000768; GEN000894; GEN000998; GEN000999; GEN001418; GEN001434; GEN001714; GEN001782; GEN001836; GEN002071; GEN002073; GEN002317; GEN002318; GEN000018; GEN000277; GEN000320; GEN000322; GEN000453; GEN000577; GEN000578; GEN000769; GEN000771; GEN000836; GEN000838; GEN000949; GEN000950; GEN001022; GEN001151; GEN001400; GEN001456; GEN001457; GEN001568; GEN001908; GEN002074; GEN002075; GEN000278; GEN000455; GEN000457; GEN000579; GEN000951; GEN000952; GEN001198; GEN001288; GEN001435; GEN001570; GEN001717; GEN001750; GEN001786; GEN002286; GEN000282; GEN000462; GEN000540; GEN000541; GEN000618; GEN000845; GEN000984; GEN000985; GEN001025; GEN001291; GEN001379; GEN001436; GEN001460; GEN001610; GEN001719; GEN001752; GEN001771; GEN001857; GEN001880; GEN001915; GEN000620; GEN000849; GEN000850; GEN000955; GEN001027; GEN001157; GEN001158; GEN001292; GEN001437; GEN001575; GEN001841; GEN001882; GEN001918; GEN001920; GEN002081; GEN002082; GEN002163; GEN000330; GEN000543; GEN000544; GEN000651; GEN000714; GEN000716; GEN000854; GEN001293; GEN001438; GEN001464; GEN001465; GEN001629; GEN001722; GEN001755; GEN001921; GEN002083; GEN002084; GEN002327; GEN000036; GEN000290; GEN000331; GEN000545; GEN000584; GEN000795; GEN000855; GEN000961; GEN000964; GEN001030; GEN001296; GEN001404; GEN001423; GEN001424; GEN001439; GEN001468; GEN001579; GEN001794; GEN001924; GEN002087; GEN002292; GEN002329; GEN000291; GEN000334; GEN000586; GEN000725; GEN000858; GEN000965; GEN000966; GEN001032; GEN001162; GEN001405; GEN001440; GEN001616; GEN001929; GEN002088; GEN002166; GEN002167; GEN002331; GEN000043; GEN000107; GEN000109; GEN000338; GEN000549; GEN000729; GEN000802; GEN000805; GEN000861; GEN000916; GEN001208; GEN001406; GEN001425; GEN001473; GEN001796; GEN001932; GEN001933; GEN002168; GEN000551; GEN000867; GEN001441; GEN001475; GEN001619; GEN001797; GEN001864; GEN001865; GEN001936; GEN001937; GEN001938; GEN001986; GEN000181; GEN000638; GEN000737; GEN000739; GEN000813; GEN000814; GEN001007; GEN001038; GEN001388; GEN001477; GEN001478; GEN001479; GEN001689; GEN001800; GEN002334,346,base_event_stream,2026-07-24T06:07:21+00:00
时钟设计,硬件与芯片,traditional,软件研发; 数据; AI应用; 硬件,前端开发工程师; 数据分析师; AI应用工程师; 硬件工程师,2025-04,2026-05,GEN000821,GEN001472,11,GEN000821; GEN000822; GEN001450; GEN001451; GEN000830; GEN002279; GEN000835; GEN002284; GEN001460; GEN000849; GEN001472,11,base_event_stream,2026-07-24T06:07:21+00:00
时间同步,系统与运维,traditional,测试质量,测试开发工程师,2025-04,2026-03,GEN001553,GEN001579,4,GEN001553; GEN001561; GEN001564; GEN001579,4,base_event_stream,2026-07-24T06:07:21+00:00
时间序列算法,算法与数学,traditional,AI算法; 软件研发; 芯片; 自动驾驶; 算法; AI应用; 多媒体; 通信; AI基础设施,多模态算法工程师; 计算机视觉算法工程师; 嵌入式软件工程师; 芯片设计工程师; 自动驾驶算法工程师; 风控算法工程师; 机器学习算法工程师; AI Agent算法工程师; 算法研究员; AI Agent应用工程师; 算法工程师; 图形图像工程师; 控制算法工程师; 搜索算法工程师; 语音算法工程师; 通信工程师; AI Infra工程师,2024-12,2026-07,GEN000254,GEN000740,72,GEN000254; GEN000342; GEN001213; GEN002097; GEN000187; GEN000556; GEN000558; GEN000592; GEN000656; GEN000657; GEN000685; GEN002100; GEN002103; GEN002105; GEN000190; GEN000564; GEN002108; GEN000352; GEN000688; GEN000262; GEN000266; GEN000355; GEN000356; GEN000357; GEN000607; GEN000694; GEN000270; GEN000359; GEN000697; GEN000272; GEN000361; GEN000612; GEN002120; GEN000403; GEN001222; GEN000278; GEN000405; GEN000407; GEN000704; GEN000705; GEN000706; GEN002126; GEN000282; GEN000410; GEN000707; GEN000709; GEN002127; GEN002128; GEN000370; GEN000413; GEN000621; GEN002081; GEN002130; GEN000207; GEN000284; GEN000416; GEN000715; GEN001226; GEN000718; GEN000375; GEN000376; GEN000420; GEN002137; GEN002141; GEN000381; GEN000428; GEN000588; GEN001229; GEN002094; GEN000637; GEN000737; GEN000740,72,base_event_stream,2026-07-24T06:07:21+00:00
机器人与自动驾驶,机器人与自动驾驶,new,AI算法; 软件研发; 算法; 硬件; 产品; 数据; AI应用; 机器人; 芯片; 多媒体; AI基础设施,计算机视觉算法工程师; C++开发工程师; 控制算法工程师; 结构工程师; 多模态算法工程师; AI产品经理; Python开发工程师; 电源工程师; 嵌入式软件工程师; 数据开发工程师; AI Agent应用工程师; 机器人软件工程师; 芯片设计工程师; 数据平台工程师; 音视频工程师; 数据工程师; 硬件工程师; 驱动开发工程师; 数据仓库工程师; AI Infra工程师,2024-12,2026-07,GEN000342,GEN002239,75,GEN000342; GEN000974; GEN001990; GEN002207; GEN002208; GEN000346; GEN002210; GEN000259; GEN000261; GEN001992; GEN002309; GEN000994; GEN002191; GEN000264; GEN000983; GEN001219; GEN001993; GEN001994; GEN002193; GEN002220; GEN002221; GEN002311; GEN002312; GEN001221; GEN002116; GEN002222; GEN001246; GEN001998; GEN002118; GEN000272; GEN000998; GEN000999; GEN002122; GEN000276; GEN001001; GEN001222; GEN002123; GEN002195; GEN000366; GEN000281; GEN000282; GEN002198; GEN002324; GEN001255; GEN002326; GEN002004; GEN002199; GEN002200; GEN002327; GEN002328; GEN001259; GEN002005; GEN002136; GEN002330; GEN000375; GEN001004; GEN002006; GEN002202; GEN000294; GEN002008; GEN002142; GEN002203; GEN002332; GEN001266; GEN001267; GEN002144; GEN002205; GEN002237; GEN002333; GEN000297; GEN001008; GEN001268; GEN002012; GEN002238; GEN002239,75,base_event_stream,2026-07-24T06:07:21+00:00
机器学习,AI,traditional,AI安全; 算法; AI算法; 软件研发; 数据; 测试质量; 安全; 芯片; 硬件; 产品; AI应用; 自动驾驶; 技术支持; 机器人; 多媒体; 基础设施; AI基础设施,AI安全工程师; 广告算法工程师; 搜索算法工程师; 风控算法工程师; 机器学习算法工程师; AI Agent算法工程师; Java开发工程师; 数据工程师; 测试开发工程师; 安全工程师; 芯片设计工程师; 电源工程师; 硬件工程师; AI产品经理; 大模型应用工程师; 多模态算法工程师; NLP算法工程师; 自动驾驶算法工程师; AI Agent应用工程师; 计算机视觉算法工程师; 数据挖掘算法工程师; 大模型算法工程师; 前端开发工程师; AIGC算法工程师; 推荐算法工程师; 算法工程师; Go开发工程师; AI应用工程师; 数据分析师; 语音算法工程师; 算法研究员; 控制算法工程师; 芯片测试工程师; 大模型测试工程师; 网络安全工程师; 技术支持工程师; Android开发工程师; 软件开发工程师; 机器人算法工程师; 大数据开发工程师; 数据开发工程师; 数据平台工程师; 客户端开发工程师; 图形图像工程师; 服务器工程师; 数据仓库工程师; AI Infra工程师; 后端开发工程师,2024-12,2026-07,GEN000162,GEN002011,304,GEN000162; GEN000343; GEN000480; GEN000517; GEN000553; GEN000555; GEN000655; GEN000921; GEN000923; GEN001481; GEN001549; GEN001773; GEN002098; GEN002189; GEN002190; GEN002261; GEN002302; GEN000055; GEN000256; GEN000257; GEN000301; GEN000303; GEN000481; GEN000518; GEN000656; GEN000685; GEN001445; GEN001774; GEN001974; GEN001975; GEN002099; GEN002100; GEN000062; GEN000163; GEN000165; GEN000348; GEN000483; GEN000595; GEN000641; GEN000642; GEN001484; GEN002103; GEN002104; GEN002105; GEN000063; GEN000167; GEN000222; GEN000306; GEN000307; GEN000351; GEN000437; GEN000485; GEN000486; GEN000521; GEN000563; GEN000687; GEN000930; GEN001014; GEN001316; GEN001446; GEN001551; GEN002106; GEN002109; GEN000225; GEN000261; GEN000352; GEN000353; GEN000388; GEN000566; GEN000662; GEN001992; GEN000070; GEN000072; GEN000263; GEN000523; GEN000568; GEN000664; GEN001449; GEN001981; GEN002173; GEN002174; GEN002191; GEN002192; GEN000227; GEN000392; GEN000604; GEN001510; GEN001558; GEN001741; GEN001742; GEN001875; GEN001982; GEN002175; GEN000269; GEN000313; GEN000395; GEN000528; GEN000645; GEN000667; GEN001451; GEN001513; GEN001559; GEN001996; GEN002115; GEN000015; GEN000230; GEN000316; GEN000396; GEN000445; GEN000446; GEN000447; GEN000529; GEN000696; GEN001329; GEN001452; GEN001515; GEN001743; GEN001744; GEN001997; GEN001998; GEN002177; GEN002178; GEN002315; GEN000234; GEN000319; GEN000531; GEN000532; GEN000533; GEN000576; GEN000611; GEN000646; GEN000671; GEN000699; GEN001374; GEN001455; GEN001516; GEN001517; GEN001747; GEN001999; GEN002318; GEN000235; GEN000403; GEN000578; GEN000700; GEN001376; GEN001456; GEN001749; GEN002000; GEN002001; GEN002124; GEN002179; GEN002319; GEN000405; GEN000457; GEN000495; GEN000496; GEN000538; GEN000539; GEN000617; GEN000704; GEN000952; GEN001023; GEN001024; GEN001419; GEN001520; GEN001522; GEN001571; GEN000238; GEN000283; GEN000326; GEN000462; GEN000580; GEN000707; GEN001379; GEN001460; GEN001572; GEN001789; GEN002002; GEN002181; GEN002182; GEN000027; GEN000030; GEN000094; GEN000327; GEN000369; GEN000412; GEN000413; GEN000581; GEN000675; GEN000713; GEN001421; GEN001463; GEN001575; GEN001754; GEN001790; GEN002003; GEN000097; GEN000243; GEN000329; GEN000372; GEN000414; GEN000415; GEN000467; GEN000544; GEN000623; GEN000717; GEN001348; GEN001493; GEN001528; GEN001529; GEN001755; GEN002004; GEN000101; GEN000244; GEN000289; GEN000333; GEN000373; GEN000417; GEN000418; GEN000503; GEN000584; GEN000626; GEN000678; GEN000719; GEN000722; GEN000961; GEN000962; GEN001349; GEN001403; GEN001404; GEN001423; GEN001532; GEN001579; GEN002005; GEN002201; GEN002293; GEN002330; GEN000038; GEN000103; GEN000334; GEN000376; GEN000377; GEN000586; GEN000679; GEN000725; GEN001469; GEN001471; GEN001497; GEN001985; GEN002137; GEN002138; GEN002185; GEN002186; GEN002202; GEN000040; GEN000108; GEN000425; GEN000509; GEN000510; GEN000631; GEN000633; GEN000726; GEN000730; GEN001357; GEN001406; GEN001425; GEN001538; GEN001586; GEN002008; GEN000476; GEN000477; GEN000551; GEN000588; GEN000735; GEN000736; GEN000970; GEN001037; GEN001407; GEN001426; GEN001475; GEN001500; GEN001797; GEN001798; GEN002009; GEN002145; GEN002187; GEN002188; GEN002299; GEN000180; GEN000431; GEN000478; GEN000514; GEN000682; GEN000740; GEN000972; GEN000973; GEN001038; GEN001039; GEN001427; GEN001428; GEN001477; GEN001799; GEN001800; GEN002011,304,base_event_stream,2026-07-24T06:07:21+00:00
查询优化,数据工程,traditional,数据; AI应用; 软件研发; 测试质量; AI算法; 基础设施; 算法; 芯片,数据平台工程师; AI应用工程师; 软件开发工程师; 数据开发工程师; 测试工程师; 软件架构师; 多模态算法工程师; 数据库工程师; 广告算法工程师; 大数据开发工程师; 芯片设计工程师; 大模型算法工程师; 数据工程师; 运维工程师,2024-12,2026-07,GEN001270,GEN002146,29,GEN001270; GEN001305; GEN001306; GEN001307; GEN001366; GEN001308; GEN001310; GEN001314; GEN001828; GEN001280; GEN001372; GEN001834; GEN001329; GEN001331; GEN001374; GEN002120; GEN001287; GEN001337; GEN001379; GEN002128; GEN001345; GEN001380; GEN001841; GEN001354; GEN001385; GEN002139; GEN001359; GEN002143; GEN002146,29,base_event_stream,2026-07-24T06:07:21+00:00
标定校准,机器人与自动驾驶,traditional,技术支持,技术支持工程师; 解决方案工程师,2025-03,2026-06,GEN001890,GEN001936,8,GEN001890; GEN001893; GEN001897; GEN001898; GEN001900; GEN001916; GEN001921; GEN001936,8,base_event_stream,2026-07-24T06:07:21+00:00
模型压缩,大模型,new,算法; 软件研发; 通信; AI应用; AI算法; 多媒体,广告算法工程师; 嵌入式软件工程师; 通信工程师; 后端开发工程师; 推荐算法工程师; 大模型应用工程师; 计算机视觉算法工程师; 大模型算法工程师; 图形图像工程师; AI Agent应用工程师; AI应用工程师; 算法工程师,2024-12,2026-07,GEN000343,GEN000382,40,GEN000343; GEN001212; GEN002061; GEN000439; GEN000440; GEN000442; GEN002068; GEN000359; GEN002070; GEN000362; GEN000449; GEN000454; GEN001223; GEN000366; GEN000455; GEN000457; GEN000462; GEN002079; GEN002080; GEN000369; GEN000466; GEN002081; GEN000372; GEN000468; GEN001226; GEN000471; GEN002085; GEN002086; GEN000472; GEN000473; GEN000149; GEN000151; GEN000378; GEN000474; GEN002091; GEN002092; GEN000380; GEN001227; GEN002093; GEN000382,40,base_event_stream,2026-07-24T06:07:21+00:00
模型安全,大模型,new,AI算法; 安全,大模型算法工程师; 安全工程师; 算法工程师; 语音算法工程师,2025-01,2026-04,GEN000003,GEN001795,14,GEN000003; GEN001775; GEN000006; GEN000354; GEN000010; GEN000012; GEN000015; GEN001780; GEN001783; GEN000021; GEN001790; GEN001791; GEN001794; GEN001795,14,base_event_stream,2026-07-24T06:07:21+00:00
模型对齐,大模型,new,AI算法; 软件研发; AI应用,AIGC算法工程师; 软件架构师; AI Agent应用工程师; AI应用工程师,2025-06,2026-07,GEN000227,GEN000160,8,GEN000227; GEN000127; GEN000228; GEN000139; GEN000153; GEN000156; GEN000159; GEN000160,8,base_event_stream,2026-07-24T06:07:21+00:00
模型工程,大模型,new,硬件; 算法; AI算法,电源工程师; 数据挖掘算法工程师; AIGC算法工程师; 硬件工程师,2025-05,2026-06,GEN002192,GEN002206,13,GEN002192; GEN002194; GEN000647; GEN002195; GEN002196; GEN002197; GEN000240; GEN002199; GEN002201; GEN000249; GEN002204; GEN002205; GEN002206,13,base_event_stream,2026-07-24T06:07:21+00:00
模型并行,大模型,new,AI算法,大模型算法工程师; 机器学习算法工程师; 算法工程师,2024-12,2026-06,GEN000001,GEN000048,18,GEN000001; GEN000590; GEN000594; GEN000004; GEN000601; GEN000010; GEN000011; GEN000013; GEN000609; GEN000016; GEN000030; GEN000031; GEN000038; GEN000629; GEN000630; GEN000633; GEN000045; GEN000048,18,base_event_stream,2026-07-24T06:07:21+00:00
模型微调,大模型,new,AI算法; AI应用; 软件研发; 数据; 通信; 产品; 技术支持; 算法; 测试质量,AIGC算法工程师; AI应用工程师; 大模型算法工程师; 后端开发工程师; 客户端开发工程师; 大数据开发工程师; 通信工程师; 大模型应用工程师; iOS开发工程师; AI产品经理; Android开发工程师; 数据开发工程师; 解决方案工程师; 风控算法工程师; 大模型测试工程师,2024-12,2026-07,GEN000216,GEN001942,73,GEN000216; GEN001366; GEN000005; GEN000007; GEN000224; GEN000750; GEN001044; GEN001369; GEN000008; GEN000009; GEN000752; GEN001370; GEN002064; GEN000010; GEN000011; GEN000226; GEN000757; GEN001045; GEN001046; GEN002068; GEN000230; GEN000231; GEN001048; GEN000017; GEN000765; GEN000766; GEN001050; GEN001051; GEN001375; GEN000236; GEN000770; GEN001054; GEN001055; GEN001376; GEN002075; GEN000023; GEN001059; GEN001060; GEN000024; GEN000026; GEN000239; GEN000778; GEN001062; GEN001063; GEN000027; GEN000029; GEN000030; GEN000783; GEN000032; GEN000033; GEN000243; GEN001921; GEN001922; GEN002084; GEN000034; GEN000245; GEN001383; GEN001925; GEN002085; GEN000039; GEN000798; GEN001384; GEN002090; GEN000044; GEN001072; GEN001933; GEN000047; GEN000252; GEN001387; GEN001938; GEN000049; GEN001940; GEN001942,73,base_event_stream,2026-07-24T06:07:21+00:00
模型推理,大模型,new,软件研发; 产品; AI应用; AI算法; 数据; 算法,客户端开发工程师; AI产品经理; AI应用工程师; 软件开发工程师; 多模态算法工程师; 大数据开发工程师; 广告算法工程师; 后端开发工程师; 数据平台工程师; 数据工程师,2024-12,2026-07,GEN001040,GEN000298,36,GEN001040; GEN002304; GEN001316; GEN001317; GEN002307; GEN002309; GEN000263; GEN001325; GEN002312; GEN000270; GEN001330; GEN001331; GEN000273; GEN000274; GEN001334; GEN000772; GEN000776; GEN000777; GEN002322; GEN000780; GEN001062; GEN000787; GEN002326; GEN000285; GEN000286; GEN000794; GEN000291; GEN000799; GEN002331; GEN000801; GEN000803; GEN001072; GEN001073; GEN001357; GEN000296; GEN000298,36,base_event_stream,2026-07-24T06:07:21+00:00
模型服务化,大模型,new,软件研发; 多媒体; 数据,前端开发工程师; 软件开发工程师; 图形图像工程师; 大数据开发工程师,2025-04,2026-07,GEN000820,GEN001365,6,GEN000820; GEN001321; GEN000848; GEN001350; GEN001354; GEN001365,6,base_event_stream,2026-07-24T06:07:21+00:00
模型训练,大模型,new,AI算法; 测试质量; 产品; 算法; 数据; 机器人; AI应用; 安全; 多媒体,多模态算法工程师; 大模型测试工程师; AI产品经理; 风控算法工程师; 数据挖掘算法工程师; 数据仓库工程师; 算法工程师; 数据分析师; 数据平台工程师; 机器人算法工程师; NLP算法工程师; AI应用工程师; 网络安全工程师; 数据工程师; 音视频工程师; 广告算法工程师; 大数据开发工程师; 语音算法工程师; 安全工程师,2024-12,2026-07,GEN000254,GEN002334,71,GEN000254; GEN002040; GEN002302; GEN002303; GEN000559; GEN000561; GEN000642; GEN001392; GEN002306; GEN000564; GEN001446; GEN002307; GEN002308; GEN001413; GEN001946; GEN000311; GEN000569; GEN000643; GEN001741; GEN002313; GEN000270; GEN002315; GEN002317; GEN000320; GEN001748; GEN001949; GEN002319; GEN001458; GEN001459; GEN001950; GEN002321; GEN000283; GEN001420; GEN001461; GEN001752; GEN001951; GEN002047; GEN000327; GEN000581; GEN001421; GEN001952; GEN000284; GEN000582; GEN001466; GEN001953; GEN002049; GEN002327; GEN000288; GEN001467; GEN001757; GEN000292; GEN000293; GEN001471; GEN002331; GEN000294; GEN000295; GEN000337; GEN000338; GEN001406; GEN001473; GEN001474; GEN001762; GEN000587; GEN001476; GEN000297; GEN000341; GEN000589; GEN001764; GEN001954; GEN002055; GEN002334,71,base_event_stream,2026-07-24T06:07:21+00:00
模型评测,大模型,new,AI应用; AI安全; 算法; 机器人; 产品; AI算法; 多媒体; 芯片; 软件研发; 硬件; 测试质量; 数据; AI基础设施,大模型应用工程师; AI安全工程师; 搜索算法工程师; AI应用工程师; 机器人算法工程师; AI产品经理; 大模型算法工程师; 机器人软件工程师; 音视频工程师; 多模态算法工程师; 芯片设计工程师; AI Agent应用工程师; 算法研究员; 芯片测试工程师; 后端开发工程师; 硬件工程师; 质量工程师; 数据工程师; 测试工程师; AI Infra工程师; 大数据开发工程师,2024-12,2026-07,GEN000654,GEN002335,96,GEN000654; GEN000481; GEN000482; GEN001482; GEN001943; GEN002304; GEN000059; GEN000483; GEN001484; GEN001956; GEN000066; GEN001944; GEN001957; GEN002044; GEN002106; GEN002108; GEN000068; GEN000069; GEN000662; GEN001945; GEN000070; GEN001488; GEN001946; GEN001959; GEN002111; GEN000074; GEN001960; GEN002312; GEN000491; GEN002115; GEN002116; GEN002313; GEN002314; GEN001962; GEN000272; GEN000493; GEN001375; GEN001948; GEN000087; GEN000277; GEN000672; GEN001949; GEN000090; GEN000091; GEN000279; GEN000280; GEN000495; GEN001965; GEN000281; GEN000497; GEN002323; GEN002324; GEN000093; GEN001380; GEN001952; GEN002048; GEN002129; GEN002130; GEN002325; GEN000095; GEN000284; GEN001494; GEN001953; GEN001968; GEN002049; GEN002132; GEN002327; GEN000098; GEN000678; GEN001496; GEN001630; GEN002050; GEN002329; GEN002330; GEN000103; GEN000104; GEN000105; GEN000291; GEN000506; GEN000679; GEN000680; GEN001384; GEN000295; GEN001970; GEN002054; GEN000110; GEN000296; GEN001387; GEN001631; GEN002143; GEN000113; GEN000514; GEN001954; GEN001971; GEN002147; GEN002335,96,base_event_stream,2026-07-24T06:07:21+00:00
模型调优,大模型,new,软件研发; 数据; AI算法; 机器人; 算法; 技术支持; AI应用,后端开发工程师; 数据平台工程师; 算法工程师; 机器人算法工程师; 推荐算法工程师; 解决方案工程师; 大数据开发工程师; AI应用工程师; 技术支持工程师,2024-12,2026-07,GEN000432,GEN001428,28,GEN000432; GEN001408; GEN001409; GEN001943; GEN001412; GEN000439; GEN000440; GEN001946; GEN001414; GEN001416; GEN000452; GEN001909; GEN001419; GEN001910; GEN001911; GEN000461; GEN000462; GEN001420; GEN001914; GEN000465; GEN001424; GEN000475; GEN001932; GEN001933; GEN000476; GEN001935; GEN001937; GEN001428,28,base_event_stream,2026-07-24T06:07:21+00:00
模型部署,大模型,new,AI算法; 软件研发; 数据; 自动驾驶; 技术支持; 算法; 芯片; AI应用,AI Agent算法工程师; 算法工程师; 系统软件工程师; 数据开发工程师; 自动驾驶算法工程师; 软件架构师; 嵌入式软件工程师; 解决方案工程师; 广告算法工程师; 芯片设计工程师; 大模型算法工程师; AI应用工程师; 控制算法工程师; AI Agent应用工程师,2025-01,2026-07,GEN000685,GEN001304,39,GEN000685; GEN000686; GEN001183; GEN001978; GEN001979; GEN000690; GEN001279; GEN001189; GEN001191; GEN001283; GEN001284; GEN001984; GEN000535; GEN000536; GEN001196; GEN000704; GEN001200; GEN000140; GEN000715; GEN000546; GEN000718; GEN001203; GEN001295; GEN000148; GEN000723; GEN000725; GEN001985; GEN000549; GEN000727; GEN000730; GEN001207; GEN001208; GEN000155; GEN001209; GEN001210; GEN000160; GEN000737; GEN000740; GEN001304,39,base_event_stream,2026-07-24T06:07:21+00:00
模式识别,AI,new,软件研发,嵌入式软件工程师,2025-01,2026-06,GEN001215,GEN001229,3,GEN001215; GEN001220; GEN001229,3,base_event_stream,2026-07-24T06:07:21+00:00
模拟电路设计,硬件与芯片,traditional,测试质量; 多媒体; 硬件; 芯片; AI应用; AI安全,质量工程师; 图形图像工程师; 电源工程师; 芯片验证工程师; 测试开发工程师; 硬件工程师; AI应用工程师; AI安全工程师,2024-12,2026-07,GEN001592,GEN002172,36,GEN001592; GEN002014; GEN002189; GEN002151; GEN002152; GEN001552; GEN001598; GEN001599; GEN002019; GEN002155; GEN001600; GEN002023; GEN001603; GEN001605; GEN001606; GEN002161; GEN002195; GEN002196; GEN002197; GEN002198; GEN002163; GEN002033; GEN002034; GEN001578; GEN002036; GEN002167; GEN001617; GEN002037; GEN002203; GEN001589; GEN002169; GEN002205; GEN001590; GEN001620; GEN002039; GEN002172,36,base_event_stream,2026-07-24T06:07:21+00:00
汇编语言,编程语言,traditional,AI算法; 软件研发; 硬件; 芯片; 测试质量; 基础设施; 产品,大模型算法工程师; Android开发工程师; 电源工程师; 芯片设计工程师; 大模型测试工程师; 计算机视觉算法工程师; 芯片验证工程师; 服务器工程师; 语音算法工程师; 软件开发工程师; DevOps工程师; AIGC算法工程师; AI产品经理,2024-12,2026-06,GEN000002,GEN001865,38,GEN000002; GEN001082; GEN001848; GEN002099; GEN002150; GEN000223; GEN002108; GEN002155; GEN002156; GEN001852; GEN001853; GEN002110; GEN000010; GEN000012; GEN001245; GEN001638; GEN002117; GEN002160; GEN000232; GEN000020; GEN001644; GEN002125; GEN000238; GEN001646; GEN001858; GEN000029; GEN002163; GEN001115; GEN001859; GEN002131; GEN000036; GEN002134; GEN000039; GEN002166; GEN000044; GEN001126; GEN001862; GEN001865,38,base_event_stream,2026-07-24T06:07:21+00:00
汽车电子,行业应用,traditional,硬件; 机器人; 自动驾驶; AI算法,硬件工程师; 机器人软件工程师; 自动驾驶算法工程师; 算法工程师; 电源工程师,2024-12,2026-07,GEN002262,GEN002301,25,GEN002262; GEN001955; GEN002264; GEN002266; GEN002269; GEN002270; GEN001979; GEN002271; GEN001981; GEN002192; GEN002274; GEN002193; GEN002277; GEN002195; GEN002196; GEN002283; GEN002285; GEN002286; GEN002287; GEN002199; GEN002200; GEN002297; GEN002206; GEN002300; GEN002301,25,base_event_stream,2026-07-24T06:07:21+00:00
流式计算,数据工程,traditional,AI算法; 算法; 数据; 软件研发; 安全; 基础设施; AI应用,NLP算法工程师; 搜索算法工程师; 数据仓库工程师; 软件开发工程师; AI Agent算法工程师; 后端开发工程师; 风控算法工程师; 大模型算法工程师; 算法工程师; 安全工程师; Java开发工程师; Python开发工程师; 信息安全工程师; 云计算工程师; 客户端开发工程师; 机器学习算法工程师; 数据工程师; 大模型应用工程师,2024-12,2026-07,GEN000299,GEN001501,45,GEN000299; GEN000479; GEN001390; GEN000482; GEN001308; GEN001391; GEN000484; GEN001393; GEN000306; GEN000747; GEN001394; GEN000488; GEN000565; GEN000310; GEN000567; GEN000752; GEN001324; GEN001325; GEN000313; GEN000760; GEN000996; GEN000997; GEN000318; GEN000576; GEN001770; GEN000770; GEN001000; GEN000773; GEN000776; GEN001401; GEN000325; GEN001491; GEN000327; GEN001493; GEN001349; GEN001403; GEN000336; GEN001405; GEN000802; GEN001360; GEN000340; GEN000806; GEN000809; GEN001006; GEN001501,45,base_event_stream,2026-07-24T06:07:21+00:00
流程自动化,软件工程,traditional,安全; 多媒体,安全工程师; 网络安全工程师; 图形图像工程师,2025-01,2026-05,GEN001734,GEN001761,8,GEN001734; GEN001738; GEN002023; GEN001745; GEN002027; GEN001752; GEN002036; GEN001761,8,base_event_stream,2026-07-24T06:07:21+00:00
消息队列,数据工程,traditional,基础设施; AI应用; AI安全; 软件研发; 数据; 机器人; 芯片; 算法; AI算法; 测试质量; 技术支持; 安全,网络工程师; AI应用工程师; AI安全工程师; Java开发工程师; 数据仓库工程师; 后端开发工程师; Go开发工程师; 机器人软件工程师; 云计算工程师; 芯片设计工程师; AI Agent应用工程师; 大模型应用工程师; 软件架构师; 大数据开发工程师; 搜索算法工程师; 算法工程师; 系统软件工程师; 大模型算法工程师; AI Agent算法工程师; 测试开发工程师; 算法研究员; 控制算法工程师; 机器人算法工程师; 解决方案工程师; 技术支持工程师; 信息安全工程师; 计算机视觉算法工程师; 多模态算法工程师; 风控算法工程师,2024-12,2026-07,GEN000054,GEN001591,131,GEN000054; GEN000115; GEN000162; GEN000921; GEN001366; GEN001390; GEN000057; GEN000118; GEN000924; GEN000925; GEN000927; GEN001010; GEN001176; GEN001694; GEN002099; GEN002100; GEN002102; GEN000062; GEN000119; GEN000745; GEN001367; GEN000660; GEN000687; GEN000930; GEN001013; GEN001014; GEN001181; GEN001182; GEN001699; GEN000122; GEN000663; GEN000931; GEN001015; GEN000070; GEN000072; GEN000751; GEN000753; GEN001704; GEN000124; GEN000935; GEN001558; GEN000666; GEN000694; GEN001192; GEN000762; GEN000763; GEN001398; GEN001807; GEN001900; GEN001902; GEN000175; GEN000947; GEN001195; GEN001565; GEN001567; GEN001810; GEN001904; GEN000087; GEN000088; GEN000089; GEN000701; GEN000770; GEN000771; GEN000949; GEN001021; GEN001569; GEN001811; GEN000704; GEN001198; GEN001199; GEN001814; GEN001913; GEN000674; GEN000708; GEN000780; GEN000953; GEN001379; GEN001572; GEN001573; GEN001816; GEN000094; GEN000139; GEN000782; GEN000783; GEN000784; GEN000957; GEN001201; GEN001380; GEN000096; GEN000717; GEN000789; GEN000790; GEN000791; GEN000792; GEN000959; GEN001402; GEN001921; GEN001923; GEN000793; GEN000796; GEN001030; GEN001404; GEN001578; GEN001579; GEN002136; GEN000798; GEN000800; GEN001032; GEN001033; GEN001927; GEN001930; GEN002139; GEN000107; GEN000802; GEN000805; GEN001585; GEN001586; GEN001587; GEN001931; GEN000110; GEN000111; GEN000155; GEN000732; GEN000806; GEN000971; GEN001588; GEN001938; GEN000114; GEN000158; GEN000812; GEN001591,131,base_event_stream,2026-07-24T06:07:21+00:00
深度学习,AI,traditional,AI算法; 测试质量; 数据; AI应用; 安全; 自动驾驶; 硬件; 产品; 算法; 多媒体; 芯片; 软件研发,大模型算法工程师; AIGC算法工程师; NLP算法工程师; 大模型测试工程师; 数据平台工程师; AI应用工程师; 数据工程师; 测试工程师; 网络安全工程师; 安全工程师; 自动驾驶算法工程师; 电源工程师; AI产品经理; 大模型应用工程师; 计算机视觉算法工程师; 广告算法工程师; 机器学习算法工程师; 数据挖掘算法工程师; 质量工程师; 信息安全工程师; 控制算法工程师; 图形图像工程师; 芯片设计工程师; 搜索算法工程师; 风控算法工程师; 数据分析师; 音视频工程师; 推荐算法工程师; 算法工程师; 软件架构师; 芯片测试工程师; 多模态算法工程师; 数据开发工程师; 数据仓库工程师; AI Agent应用工程师; 系统软件工程师; 大数据开发工程师; 硬件工程师,2024-12,2026-07,GEN000002,GEN002039,204,GEN000002; GEN000216; GEN000299; GEN000300; GEN001270; GEN001366; GEN001480; GEN001481; GEN001621; GEN001732; GEN001733; GEN001972; GEN002190; GEN002303; GEN000056; GEN000301; GEN000344; GEN000345; GEN000518; GEN000593; GEN000639; GEN001594; GEN001766; GEN001974; GEN001991; GEN002015; GEN002101; GEN000059; GEN000221; GEN000483; GEN000596; GEN000597; GEN001597; GEN001622; GEN001623; GEN001737; GEN001768; GEN002017; GEN000005; GEN000064; GEN000066; GEN000486; GEN000521; GEN000562; GEN001446; GEN002044; GEN002045; GEN002108; GEN002109; GEN002307; GEN002308; GEN000225; GEN000308; GEN000438; GEN000487; GEN000565; GEN000601; GEN002022; GEN000354; GEN000441; GEN000523; GEN000603; GEN001280; GEN001449; GEN002024; GEN002110; GEN002173; GEN002310; GEN000011; GEN000074; GEN000264; GEN000266; GEN000356; GEN000444; GEN000526; GEN000569; GEN000605; GEN001371; GEN001601; GEN001994; GEN002113; GEN002175; GEN002193; GEN000229; GEN000312; GEN000313; GEN000527; GEN000645; GEN001283; GEN001626; GEN001995; GEN002115; GEN000360; GEN000574; GEN000609; GEN001285; GEN001627; GEN001997; GEN002027; GEN002177; GEN002178; GEN000083; GEN000084; GEN000450; GEN000494; GEN000646; GEN001454; GEN001746; GEN002028; GEN002318; GEN000020; GEN000648; GEN001197; GEN001286; GEN001748; GEN001749; GEN002001; GEN002179; GEN002180; GEN002320; GEN000279; GEN000324; GEN000537; GEN000538; GEN000616; GEN001198; GEN001377; GEN002321; GEN002322; GEN000238; GEN000282; GEN000325; GEN000326; GEN000462; GEN000497; GEN002002; GEN002032; GEN002181; GEN002182; GEN002197; GEN002198; GEN000240; GEN000370; GEN000620; GEN001292; GEN002048; GEN002183; GEN000032; GEN000242; GEN000286; GEN000468; GEN000502; GEN000623; GEN001294; GEN001629; GEN002004; GEN002131; GEN002184; GEN000244; GEN000245; GEN000289; GEN000331; GEN000333; GEN000373; GEN000470; GEN000503; GEN000504; GEN000546; GEN000625; GEN001495; GEN001758; GEN002134; GEN000102; GEN000105; GEN000247; GEN000291; GEN000293; GEN000376; GEN000472; GEN000505; GEN000548; GEN000628; GEN002185; GEN002186; GEN000510; GEN001386; GEN001473; GEN001617; GEN002008; GEN000587; GEN000652; GEN001302; GEN001987; GEN002187; GEN002188; GEN002206; GEN000515; GEN001304; GEN001478; GEN001479; GEN001988; GEN001989; GEN002011; GEN002039,204,base_event_stream,2026-07-24T06:07:21+00:00
深度学习框架,AI,traditional,AI算法; 算法; 多媒体; 芯片; 软件研发; 数据; 技术支持,AIGC算法工程师; 推荐算法工程师; 图形图像工程师; 计算机视觉算法工程师; 芯片设计工程师; 大模型算法工程师; 音视频工程师; 多模态算法工程师; 机器学习算法工程师; NLP算法工程师; 后端开发工程师; AI Agent算法工程师; 软件架构师; 数据平台工程师; 算法研究员; 解决方案工程师; 数据挖掘算法工程师,2024-12,2026-07,GEN000215,GEN002039,58,GEN000215; GEN000433; GEN002014; GEN000217; GEN000218; GEN000346; GEN002015; GEN002101; GEN000004; GEN000221; GEN002017; GEN002043; GEN000260; GEN002019; GEN000309; GEN000601; GEN002022; GEN000008; GEN000264; GEN000606; GEN002025; GEN000015; GEN000315; GEN000609; GEN000764; GEN000017; GEN000234; GEN000317; GEN000318; GEN000449; GEN000450; GEN002028; GEN000235; GEN000364; GEN000771; GEN001286; GEN001287; GEN002029; GEN000278; GEN002030; GEN000026; GEN000326; GEN000460; GEN000462; GEN002031; GEN002032; GEN000676; GEN000789; GEN000245; GEN000333; GEN001296; GEN000335; GEN000376; GEN000629; GEN000337; GEN000652; GEN000813; GEN002039,58,base_event_stream,2026-07-24T06:07:21+00:00
混沌工程,软件工程,traditional,软件研发; 基础设施,软件架构师; DevOps工程师,2025-01,2026-01,GEN001271,GEN001647,5,GEN001271; GEN001642; GEN001291; GEN001646; GEN001647,5,base_event_stream,2026-07-24T06:07:21+00:00
游戏与图形开发,游戏与图形,traditional,软件研发; AI应用; AI算法; 多媒体; 算法; 测试质量; 机器人; 数据; 通信,C++开发工程师; 嵌入式软件工程师; AI应用工程师; 大模型算法工程师; Android开发工程师; 图形图像工程师; 搜索算法工程师; 算法工程师; 软件开发工程师; 测试工程师; 数据挖掘算法工程师; 机器人算法工程师; 算法研究员; AI Agent应用工程师; 数据工程师; 通信工程师,2024-12,2026-07,GEN000975,GEN001131,58,GEN000975; GEN001212; GEN001213; GEN001305; GEN001480; GEN000977; GEN001082; GEN001214; GEN002015; GEN000120; GEN000978; GEN002017; GEN000660; GEN001086; GEN002019; GEN002020; GEN000122; GEN001090; GEN002021; GEN002022; GEN000123; GEN000664; GEN000690; GEN001092; GEN001325; GEN001221; GEN002026; GEN000695; GEN002027; GEN002069; GEN000129; GEN000647; GEN000699; GEN001223; GEN002029; GEN000706; GEN001110; GEN000674; GEN002031; GEN002079; GEN000710; GEN000142; GEN000676; GEN000143; GEN000145; GEN001118; GEN001496; GEN002087; GEN000679; GEN000680; GEN000723; GEN001355; GEN001497; GEN000150; GEN001126; GEN001228; GEN000682; GEN001131,58,base_event_stream,2026-07-24T06:07:21+00:00
版图设计,硬件与芯片,traditional,多媒体; 芯片; AI算法,图形图像工程师; 芯片设计工程师; 多模态算法工程师,2024-12,2026-07,GEN002013,GEN002147,19,GEN002013; GEN002014; GEN002016; GEN002017; GEN002018; GEN002019; GEN002021; GEN002024; GEN002025; GEN002114; GEN002115; GEN002027; GEN002118; GEN002119; GEN002123; GEN002034; GEN002135; GEN002035; GEN002147,19,base_event_stream,2026-07-24T06:07:21+00:00
物联网,工业与物联网,new,软件研发; 基础设施; 测试质量,嵌入式软件工程师; 数据库工程师; 测试工程师,2024-12,2026-06,GEN001212,GEN001845,7,GEN001212; GEN001829; GEN001836; GEN001837; GEN001839; GEN001840; GEN001845,7,base_event_stream,2026-07-24T06:07:21+00:00
特征工程,数据工程,traditional,算法; 软件研发; 数据; 产品; AI安全; AI算法; 安全; AI应用,搜索算法工程师; Java开发工程师; 风控算法工程师; 数据工程师; 软件开发工程师; AI产品经理; AI安全工程师; 机器学习算法工程师; 信息安全工程师; 数据分析师; 算法工程师; 大模型应用工程师,2024-12,2026-07,GEN000479,GEN000514,32,GEN000479; GEN000923; GEN000558; GEN000924; GEN001445; GEN001313; GEN002306; GEN000166; GEN000563; GEN000489; GEN001449; GEN001769; GEN001328; GEN000573; GEN000943; GEN001334; GEN001454; GEN002322; GEN000497; GEN001460; GEN001461; GEN002323; GEN000581; GEN000582; GEN000585; GEN000105; GEN000505; GEN000506; GEN001474; GEN002332; GEN000512; GEN000514,32,base_event_stream,2026-07-24T06:07:21+00:00
知识图谱,知识图谱,new,AI算法; AI应用; 基础设施; 测试质量; 数据; 算法; 安全; 芯片; 软件研发; AI基础设施; 产品; 多媒体; 机器人; 技术支持,大模型算法工程师; AI Agent应用工程师; 网络工程师; 机器学习算法工程师; AI Agent算法工程师; 大模型应用工程师; 测试工程师; 数据仓库工程师; 广告算法工程师; 运维工程师; 数据平台工程师; 信息安全工程师; 芯片设计工程师; 软件架构师; 推荐算法工程师; 风控算法工程师; Python开发工程师; 多模态算法工程师; AI Infra工程师; 算法工程师; AI产品经理; 芯片测试工程师; 图形图像工程师; 后端开发工程师; 机器人软件工程师; AI应用工程师; 技术支持工程师,2024-12,2026-07,GEN000001,GEN001428,92,GEN000001; GEN000053; GEN000054; GEN000590; GEN000058; GEN000594; GEN000059; GEN000596; GEN000597; GEN001623; GEN000065; GEN000066; GEN001394; GEN000600; GEN001665; GEN000008; GEN000071; GEN001667; GEN000011; GEN001414; GEN001669; GEN000078; GEN001625; GEN000079; GEN000080; GEN000082; GEN000609; GEN001627; GEN000017; GEN000084; GEN000611; GEN000613; GEN001770; GEN002122; GEN000018; GEN000019; GEN000086; GEN000089; GEN001400; GEN000023; GEN000090; GEN000617; GEN001401; GEN000024; GEN000026; GEN001291; GEN000028; GEN000029; GEN000094; GEN000466; GEN001421; GEN001422; GEN001675; GEN002129; GEN000031; GEN000096; GEN000034; GEN000098; GEN000099; GEN000101; GEN001002; GEN000037; GEN000038; GEN000102; GEN000103; GEN000105; GEN001003; GEN002137; GEN000041; GEN000042; GEN000043; GEN000108; GEN000474; GEN000631; GEN001300; GEN002141; GEN000047; GEN000048; GEN000110; GEN000112; GEN001407; GEN001426; GEN001631; GEN000050; GEN000051; GEN000052; GEN000113; GEN000114; GEN000478; GEN001008; GEN001304; GEN001428,92,base_event_stream,2026-07-24T06:07:21+00:00
研发效能,软件工程,traditional,基础设施; 软件研发; 测试质量; 安全; 硬件; AI应用; 芯片; 数据,DevOps工程师; 软件开发工程师; 质量工程师; 安全工程师; 硬件工程师; 测试开发工程师; AI应用工程师; 运维工程师; 芯片验证工程师; 大数据开发工程师,2024-12,2026-07,GEN001632,GEN001800,30,GEN001632; GEN001309; GEN001597; GEN001324; GEN001778; GEN001326; GEN001327; GEN001639; GEN001779; GEN001641; GEN001642; GEN001568; GEN001570; GEN001646; GEN001345; GEN001647; GEN001792; GEN001579; GEN001354; GEN001355; GEN001584; GEN001359; GEN001618; GEN001588; GEN001589; GEN001653; GEN001798; GEN001365; GEN001655; GEN001800,30,base_event_stream,2026-07-24T06:07:21+00:00
硬件开发,硬件与芯片,traditional,AI算法; 软件研发; 测试质量; 芯片; 硬件; AI应用; 技术支持; 多媒体; 安全; 算法; 数据; 基础设施; 自动驾驶,多模态算法工程师; 嵌入式软件工程师; 质量工程师; 芯片设计工程师; 芯片验证工程师; 结构工程师; 热设计工程师; Android开发工程师; 大模型应用工程师; 技术支持工程师; AI Agent应用工程师; 大模型测试工程师; 计算机视觉算法工程师; 机器学习算法工程师; Python开发工程师; 音视频工程师; 硬件工程师; 安全工程师; 广告算法工程师; AI应用工程师; 数据平台工程师; 算法工程师; 语音算法工程师; 电源工程师; 图形图像工程师; 客户端开发工程师; 服务器工程师; Java开发工程师; 自动驾驶算法工程师; 后端开发工程师; 大模型算法工程师; Go开发工程师; 测试工程师,2024-12,2026-07,GEN000254,GEN002301,182,GEN000254; GEN001212; GEN001213; GEN001592; GEN001593; GEN002148; GEN002149; GEN002208; GEN002240; GEN000256; GEN001080; GEN001214; GEN001215; GEN001868; GEN001869; GEN002099; GEN002100; GEN002102; GEN002150; GEN002209; GEN002241; GEN002242; GEN000349; GEN000596; GEN000597; GEN000988; GEN000989; GEN001596; GEN001597; GEN002042; GEN002211; GEN002212; GEN002243; GEN002244; GEN002267; GEN000991; GEN001086; GEN001776; GEN002044; GEN002106; GEN002107; GEN002108; GEN002214; GEN002215; GEN002245; GEN002246; GEN002270; GEN000352; GEN000600; GEN000992; GEN000993; GEN001508; GEN001850; GEN002155; GEN002217; GEN000354; GEN000391; GEN001217; GEN001777; GEN002157; GEN002192; GEN002218; GEN002219; GEN002247; GEN002274; GEN000355; GEN000393; GEN000605; GEN000755; GEN001218; GEN001219; GEN001511; GEN001854; GEN001874; GEN002112; GEN002113; GEN002193; GEN002220; GEN002248; GEN002249; GEN000268; GEN000269; GEN000606; GEN000760; GEN001512; GEN000608; GEN000610; GEN001780; GEN001855; GEN002119; GEN002194; GEN002223; GEN000401; GEN000999; GEN001101; GEN001104; GEN002120; GEN002224; GEN002225; GEN002250; GEN002251; GEN000276; GEN000363; GEN001106; GEN001784; GEN001785; GEN002196; GEN002226; GEN002227; GEN002252; GEN002253; GEN000773; GEN000774; GEN002254; GEN002286; GEN000779; GEN001880; GEN001881; GEN002287; GEN000027; GEN000782; GEN000784; GEN001114; GEN001525; GEN001791; GEN001882; GEN002255; GEN002256; GEN002288; GEN000414; GEN000415; GEN000624; GEN000788; GEN001116; GEN002228; GEN002229; GEN002290; GEN000373; GEN000419; GEN000795; GEN000796; GEN001002; GEN001613; GEN001630; GEN002135; GEN002201; GEN002230; GEN002231; GEN002293; GEN001121; GEN001123; GEN002138; GEN002166; GEN002232; GEN002257; GEN002258; GEN002295; GEN000041; GEN000801; GEN001863; GEN002140; GEN002142; GEN002168; GEN002203; GEN002234; GEN002235; GEN002259; GEN002260; GEN002297; GEN000045; GEN001127; GEN001129; GEN002205; GEN002236; GEN002237; GEN002299; GEN000429; GEN001545; GEN002147; GEN002238; GEN002239; GEN002301,182,base_event_stream,2026-07-24T06:07:21+00:00
神经符号推理,AI,new,AI算法,算法工程师,2026-02,2026-02,GEN000714,GEN000714,1,GEN000714,1,base_event_stream,2026-07-24T06:07:21+00:00
科学计算,科学计算与仿真,traditional,AI算法; 软件研发,机器学习算法工程师; 算法工程师; 驱动开发工程师,2024-12,2026-07,GEN000591,GEN001268,28,GEN000591; GEN000684; GEN001233; GEN001234; GEN000686; GEN001235; GEN001236; GEN000602; GEN000690; GEN001241; GEN001243; GEN000609; GEN000614; GEN000615; GEN000621; GEN001255; GEN001256; GEN000722; GEN001259; GEN001260; GEN000629; GEN001261; GEN000631; GEN000633; GEN001263; GEN000635; GEN000636; GEN001268,28,base_event_stream,2026-07-24T06:07:21+00:00
稀疏计算,硬件与芯片,new,AI基础设施; AI应用; AI算法,AI Infra工程师; AI应用工程师; 大模型算法工程师,2024-12,2025-10,GEN000183,GEN000204,3,GEN000183; GEN000200; GEN000204,3,base_event_stream,2026-07-24T06:07:21+00:00
空间智能,AI,new,自动驾驶; AI算法; 软件研发; 数据; AI应用; 多媒体,自动驾驶算法工程师; 计算机视觉算法工程师; 前端开发工程师; 数据开发工程师; AI应用工程师; 图形图像工程师; 算法工程师,2025-01,2026-07,GEN001975,GEN000870,26,GEN001975; GEN000347; GEN000816; GEN001978; GEN000357; GEN000830; GEN000834; GEN000364; GEN000365; GEN000841; GEN000368; GEN000846; GEN000848; GEN000371; GEN000372; GEN000852; GEN000853; GEN000854; GEN000373; GEN000856; GEN000375; GEN000377; GEN000860; GEN001985; GEN000379; GEN000870,26,base_event_stream,2026-07-24T06:07:21+00:00
端到端系统,软件开发,traditional,AI算法; AI应用; 自动驾驶; 软件研发; 硬件,AIGC算法工程师; 大模型应用工程师; 自动驾驶算法工程师; Android开发工程师; AI Agent算法工程师; 算法研究员; 全栈开发工程师; 硬件工程师; AI应用工程师; 软件架构师,2024-12,2026-07,GEN000215,GEN000682,28,GEN000215; GEN000654; GEN001972; GEN000218; GEN001080; GEN000658; GEN000659; GEN000661; GEN001977; GEN000224; GEN000225; GEN001090; GEN000226; GEN000891; GEN000234; GEN001103; GEN001104; GEN000672; GEN001106; GEN000907; GEN000908; GEN000911; GEN001116; GEN001122; GEN001985; GEN001125; GEN001129; GEN000682,28,base_event_stream,2026-07-24T06:07:21+00:00
算法工程,算法与数学,traditional,AI算法; 数据; 硬件; 算法; 产品; 软件研发; AI应用; 多媒体; AI基础设施; 安全; 通信; AI安全,AIGC算法工程师; 多模态算法工程师; 机器学习算法工程师; 算法工程师; 数据分析师; 数据工程师; 热设计工程师; NLP算法工程师; 风控算法工程师; 数据挖掘算法工程师; AI产品经理; 大模型算法工程师; 全栈开发工程师; 大模型应用工程师; AI应用工程师; 推荐算法工程师; 搜索算法工程师; 图形图像工程师; 数据开发工程师; 语音算法工程师; AI Infra工程师; 音视频工程师; 算法研究员; 软件架构师; 安全工程师; 通信工程师; 硬件工程师; Java开发工程师; AI安全工程师; 前端开发工程师; AI Agent算法工程师; 广告算法工程师; 数据仓库工程师; 计算机视觉算法工程师; 控制算法工程师,2024-12,2026-07,GEN000215,GEN002095,136,GEN000215; GEN000255; GEN000590; GEN000683; GEN001442; GEN001443; GEN002240; GEN000302; GEN000558; GEN000639; GEN000640; GEN001445; GEN002241; GEN002242; GEN002304; GEN000004; GEN000258; GEN000560; GEN000686; GEN000876; GEN002243; GEN002244; GEN002305; GEN000189; GEN000350; GEN000436; GEN000660; GEN001276; GEN002245; GEN002246; GEN002308; GEN000191; GEN001448; GEN000603; GEN000689; GEN000882; GEN000883; GEN002247; GEN000010; GEN000355; GEN000442; GEN001371; GEN002248; GEN002249; GEN000012; GEN000198; GEN000267; GEN000666; GEN001283; GEN002314; GEN000271; GEN000610; GEN000696; GEN001452; GEN000016; GEN000273; GEN001455; GEN001783; GEN002072; GEN002250; GEN002251; GEN000020; GEN000321; GEN000322; GEN000451; GEN000578; GEN000649; GEN000672; GEN000700; GEN000899; GEN001457; GEN002252; GEN002253; GEN000133; GEN000278; GEN000280; GEN000706; GEN000900; GEN000902; GEN002254; GEN000135; GEN000326; GEN000709; GEN001460; GEN002323; GEN000137; GEN000138; GEN000710; GEN001463; GEN002255; GEN002256; GEN000207; GEN000284; GEN000329; GEN000330; GEN000468; GEN000583; GEN001466; GEN002328; GEN000036; GEN000246; GEN000288; GEN000331; GEN000585; GEN000678; GEN000720; GEN001383; GEN002050; GEN000377; GEN000472; GEN000586; GEN000630; GEN000723; GEN001795; GEN002088; GEN002089; GEN002257; GEN002258; GEN000250; GEN000727; GEN000729; GEN000730; GEN001472; GEN002092; GEN002259; GEN002260; GEN000156; GEN000340; GEN000380; GEN000381; GEN000734; GEN000052; GEN000739; GEN000740; GEN001388; GEN002095,136,base_event_stream,2026-07-24T06:07:21+00:00
系统开发,系统与运维,traditional,软件研发; 测试质量; AI应用; 芯片; 硬件; 数据; 基础设施; 产品; AI算法; 技术支持; 机器人; AI安全; 算法,Android开发工程师; 系统软件工程师; 驱动开发工程师; 大模型测试工程师; 质量工程师; AI应用工程师; 芯片设计工程师; 硬件工程师; 大模型应用工程师; 嵌入式软件工程师; 软件开发工程师; 数据分析师; 运维工程师; 云计算工程师; AI产品经理; 算法工程师; 测试工程师; 语音算法工程师; 客户端开发工程师; 技术支持工程师; 多模态算法工程师; 机器人软件工程师; AIGC算法工程师; 服务器工程师; 数据开发工程师; AI安全工程师; 大数据开发工程师; 电源工程师; 解决方案工程师; AI Agent应用工程师; 数据库工程师; 芯片验证工程师; 后端开发工程师; 数据工程师; 结构工程师; 控制算法工程师; 软件架构师,2024-12,2026-07,GEN001077,GEN002146,165,GEN001077; GEN001174; GEN001175; GEN001230; GEN001231; GEN001503; GEN001592; GEN001691; GEN002098; GEN002261; GEN001080; GEN001081; GEN001082; GEN001177; GEN001214; GEN001232; GEN001234; GEN001308; GEN001444; GEN001594; GEN001660; GEN001693; GEN001888; GEN002264; GEN002304; GEN000686; GEN001083; GEN001179; GEN001180; GEN001311; GEN001505; GEN001696; GEN001828; GEN002266; GEN002267; GEN002305; GEN002306; GEN000387; GEN001043; GEN001086; GEN001181; GEN001236; GEN001316; GEN001699; GEN001890; GEN002106; GEN002107; GEN002109; GEN002270; GEN001184; GEN001239; GEN001702; GEN002272; GEN002110; GEN000227; GEN001094; GEN001218; GEN001219; GEN001323; GEN001706; GEN002112; GEN002311; GEN000173; GEN001045; GEN001046; GEN001327; GEN001708; GEN001879; GEN001099; GEN001193; GEN001330; GEN001514; GEN001515; GEN001604; GEN001856; GEN001899; GEN001901; GEN001902; GEN002119; GEN001051; GEN001102; GEN001250; GEN001454; GEN001517; GEN001836; GEN001903; GEN001904; GEN001905; GEN002120; GEN002161; GEN002280; GEN002282; GEN001222; GEN001223; GEN001251; GEN001252; GEN001837; GEN001060; GEN001108; GEN001109; GEN001198; GEN001521; GEN001910; GEN002285; GEN002286; GEN000410; GEN001063; GEN001111; GEN001224; GEN001225; GEN001343; GEN001718; GEN001840; GEN001857; GEN001914; GEN000786; GEN001114; GEN001345; GEN001919; GEN002326; GEN001226; GEN001257; GEN001348; GEN001677; GEN001722; GEN002327; GEN001119; GEN001203; GEN001724; GEN002134; GEN002293; GEN000422; GEN000724; GEN000798; GEN001120; GEN001354; GEN001616; GEN001928; GEN001929; GEN002296; GEN002331; GEN000424; GEN000727; GEN000801; GEN001125; GEN001265; GEN001357; GEN001539; GEN001843; GEN001885; GEN001932; GEN001933; GEN001934; GEN001686; GEN001936; GEN001937; GEN002333; GEN000179; GEN000181; GEN000253; GEN000741; GEN000810; GEN001365; GEN001942; GEN002146,165,base_event_stream,2026-07-24T06:07:21+00:00
编程语言,编程语言,traditional,AI算法; 软件研发; 基础设施; 测试质量; 自动驾驶; 安全; 硬件; AI应用; 机器人; 算法; 数据; 芯片; AI安全,多模态算法工程师; 机器学习算法工程师; Android开发工程师; 服务器工程师; 系统软件工程师; 测试开发工程师; 自动驾驶算法工程师; 安全工程师; 电源工程师; NLP算法工程师; 大模型应用工程师; AIGC算法工程师; 质量工程师; 机器人软件工程师; AI Agent应用工程师; 算法研究员; 搜索算法工程师; 广告算法工程师; 数据开发工程师; 芯片验证工程师; 芯片设计工程师; 运维工程师; 计算机视觉算法工程师; 前端开发工程师; AI安全工程师; iOS开发工程师; 算法工程师,2024-12,2026-07,GEN000255,GEN002172,110,GEN000255; GEN000591; GEN001077; GEN001132; GEN001175; GEN001549; GEN001972; GEN000256; GEN001080; GEN001082; GEN001775; GEN001848; GEN001849; GEN000061; GEN000062; GEN000220; GEN000221; GEN001083; GEN001180; GEN001596; GEN001956; GEN000065; GEN000661; GEN001086; GEN001957; GEN001976; GEN001977; GEN000488; GEN000600; GEN001553; GEN001554; GEN001978; GEN000262; GEN000981; GEN001092; GEN001555; GEN001959; GEN002157; GEN000075; GEN001190; GEN001560; GEN001779; GEN001983; GEN002159; GEN000270; GEN000271; GEN000530; GEN000669; GEN001100; GEN001194; GEN001962; GEN001963; GEN000233; GEN000611; GEN001195; GEN001606; GEN001964; GEN000235; GEN001105; GEN001196; GEN001608; GEN001784; GEN000495; GEN000537; GEN001609; GEN000239; GEN000674; GEN000845; GEN001966; GEN000240; GEN000241; GEN000500; GEN001574; GEN000243; GEN001968; GEN000246; GEN000546; GEN000678; GEN001117; GEN001204; GEN001794; GEN000505; GEN000629; GEN000679; GEN001121; GEN001162; GEN001205; GEN001581; GEN000631; GEN000633; GEN001165; GEN001166; GEN001207; GEN001585; GEN001587; GEN002168; GEN000111; GEN000635; GEN000681; GEN000865; GEN001167; GEN001588; GEN001986; GEN001987; GEN000253; GEN001170; GEN001171; GEN001591; GEN001988; GEN002172,110,base_event_stream,2026-07-24T06:07:21+00:00
编解码技术,音视频技术,traditional,多媒体,音视频工程师,2025-01,2026-05,GEN002041,GEN002054,3,GEN002041; GEN002053; GEN002054,3,base_event_stream,2026-07-24T06:07:21+00:00
网络协议,系统与运维,traditional,软件研发; 数据; 安全; AI应用; AI安全; 基础设施; 算法,驱动开发工程师; 数据平台工程师; 安全工程师; AI应用工程师; AI安全工程师; 服务器工程师; iOS开发工程师; 搜索算法工程师; 软件架构师,2024-12,2026-05,GEN001230,GEN001862,23,GEN001230; GEN001270; GEN001773; GEN001234; GEN000164; GEN000166; GEN001237; GEN000169; GEN001241; GEN001852; GEN001141; GEN001282; GEN001146; GEN001247; GEN000175; GEN001249; GEN001290; GEN001157; GEN001257; GEN001294; GEN001166; GEN001265; GEN001862,23,base_event_stream,2026-07-24T06:07:21+00:00
网络技术,通信与网络,traditional,软件研发; 基础设施; 技术支持; 硬件; AI应用; 自动驾驶; AI算法; 多媒体; 数据; 安全; 产品; 芯片; AI基础设施; 算法; 测试质量; 通信,系统软件工程师; 软件架构师; 运维工程师; 网络工程师; 解决方案工程师; 硬件工程师; AI应用工程师; 自动驾驶算法工程师; 机器学习算法工程师; 嵌入式软件工程师; 驱动开发工程师; 音视频工程师; Android开发工程师; 数据仓库工程师; 信息安全工程师; 热设计工程师; 前端开发工程师; AI产品经理; 技术支持工程师; 芯片验证工程师; AI Infra工程师; C++开发工程师; 服务器工程师; 数据库工程师; 软件开发工程师; 推荐算法工程师; 数据分析师; AI Agent应用工程师; 测试工程师; 客户端开发工程师; 大模型算法工程师; 广告算法工程师; AI Agent算法工程师; 通信工程师; 结构工程师; 大模型测试工程师,2024-12,2026-07,GEN001173,GEN002301,138,GEN001173; GEN001269; GEN001657; GEN001801; GEN001887; GEN002261; GEN000118; GEN000187; GEN000593; GEN001178; GEN001214; GEN001234; GEN001659; GEN002041; GEN001084; GEN001180; GEN001274; GEN001392; GEN001663; GEN001768; GEN002042; GEN002043; GEN002266; GEN002268; GEN000121; GEN000598; GEN001276; GEN001890; GEN002044; GEN002045; GEN002154; GEN002269; GEN001893; GEN000193; GEN000980; GEN001216; GEN001667; GEN001852; GEN001853; GEN000196; GEN001094; GEN001218; GEN001669; GEN001832; GEN001898; GEN001245; GEN002159; GEN002277; GEN000199; GEN000200; GEN000446; GEN000610; GEN001098; GEN001194; GEN001398; GEN001452; GEN002160; GEN000129; GEN000130; GEN000613; GEN001103; GEN001455; GEN001770; GEN000452; GEN000453; GEN001197; GEN001222; GEN001837; GEN002284; GEN001058; GEN001109; GEN001254; GEN001672; GEN001813; GEN001814; GEN001912; GEN000463; GEN000618; GEN000985; GEN001111; GEN001673; GEN001917; GEN002079; GEN000465; GEN001819; GEN000140; GEN001226; GEN001258; GEN001294; GEN001464; GEN001466; GEN001922; GEN002164; GEN000627; GEN001119; GEN001679; GEN001680; GEN001681; GEN001924; GEN002165; GEN001121; GEN001122; GEN001205; GEN001262; GEN001297; GEN001298; GEN002088; GEN002294; GEN002296; GEN000475; GEN000631; GEN001124; GEN001125; GEN001301; GEN001472; GEN001684; GEN001933; GEN002053; GEN002092; GEN002298; GEN000153; GEN000155; GEN000636; GEN001129; GEN001227; GEN001475; GEN001686; GEN001822; GEN001865; GEN002170; GEN002299; GEN001211; GEN001688; GEN001690; GEN001940; GEN002055; GEN002056; GEN002301,138,base_event_stream,2026-07-24T06:07:21+00:00
网络编程,软件工程,traditional,软件研发; 基础设施; AI安全; AI算法; 算法; 数据,Android开发工程师; 嵌入式软件工程师; 运维工程师; AI安全工程师; 数据库工程师; AI Agent算法工程师; 后端开发工程师; 搜索算法工程师; 机器学习算法工程师; 客户端开发工程师; 数据挖掘算法工程师; 数据开发工程师; 语音算法工程师,2024-12,2026-07,GEN001078,GEN000430,39,GEN001078; GEN001212; GEN001213; GEN001656; GEN000481; GEN001081; GEN001827; GEN000484; GEN000744; GEN001083; GEN001087; GEN000487; GEN001090; GEN000754; GEN001093; GEN001832; GEN001833; GEN001096; GEN001097; GEN001834; GEN000613; GEN000766; GEN000649; GEN001105; GEN001223; GEN000616; GEN001110; GEN000498; GEN000779; GEN001111; GEN001224; GEN001674; GEN000422; GEN001120; GEN001121; GEN001123; GEN001228; GEN001846; GEN000430,39,base_event_stream,2026-07-24T06:07:21+00:00
自动化技术,系统与运维,traditional,AI安全; 测试质量; 算法; 硬件; 软件研发; AI应用; 技术支持; AI算法; 安全; 数据; 产品; 基础设施; 芯片,AI安全工程师; 大模型测试工程师; 控制算法工程师; 结构工程师; 客户端开发工程师; AI应用工程师; 技术支持工程师; AI Agent应用工程师; 多模态算法工程师; 大模型算法工程师; 安全工程师; 数据工程师; 信息安全工程师; AI产品经理; DevOps工程师; 芯片设计工程师; 前端开发工程师; AI Agent算法工程师; 数据仓库工程师; 后端开发工程师,2024-12,2026-07,GEN000162,GEN002334,100,GEN000162; GEN001502; GEN001503; GEN001990; GEN002207; GEN002208; GEN001042; GEN001633; GEN001869; GEN002102; GEN002209; GEN002210; GEN000163; GEN001505; GEN002211; GEN002212; GEN002213; GEN000166; GEN001507; GEN002106; GEN002214; GEN002215; GEN000006; GEN001044; GEN002216; GEN002217; GEN000170; GEN001777; GEN001871; GEN002218; GEN002219; GEN002310; GEN001510; GEN001769; GEN001876; GEN002220; GEN002221; GEN002312; GEN000126; GEN001638; GEN001779; GEN001877; GEN001995; GEN001996; GEN001515; GEN001997; GEN001998; GEN002223; GEN002316; GEN000175; GEN001782; GEN001999; GEN002224; GEN000018; GEN000131; GEN002001; GEN002226; GEN002227; GEN002319; GEN002320; GEN001059; GEN001786; GEN002322; GEN000135; GEN001524; GEN001880; GEN000028; GEN001525; GEN001791; GEN002003; GEN002325; GEN000141; GEN002004; GEN002228; GEN002229; GEN002328; GEN000035; GEN000795; GEN001532; GEN002005; GEN002230; GEN002231; GEN000178; GEN001071; GEN002006; GEN002007; GEN002232; GEN002233; GEN001539; GEN002008; GEN002234; GEN002332; GEN001798; GEN002009; GEN002010; GEN002236; GEN002237; GEN001547; GEN001655; GEN002334,100,base_event_stream,2026-07-24T06:07:21+00:00
自动化测试,软件开发,traditional,AI应用; AI算法; 软件研发; AI安全; 技术支持; 测试质量; 多媒体; 基础设施; 算法; 自动驾驶; 安全; 芯片,AI应用工程师; 计算机视觉算法工程师; Python开发工程师; 前端开发工程师; AI安全工程师; 解决方案工程师; 测试开发工程师; 图形图像工程师; 网络工程师; 搜索算法工程师; 测试工程师; 自动驾驶算法工程师; 云计算工程师; 安全工程师; AI Agent应用工程师; 软件架构师; 算法工程师; AI Agent算法工程师; 芯片测试工程师,2025-01,2026-06,GEN001633,GEN001823,55,GEN001633; GEN000347; GEN000349; GEN000988; GEN000989; GEN000121; GEN000990; GEN000169; GEN000352; GEN001278; GEN001554; GEN000123; GEN000125; GEN000355; GEN001557; GEN001806; GEN000357; GEN000996; GEN001282; GEN001560; GEN001625; GEN001983; GEN000128; GEN001565; GEN001782; GEN001809; GEN000131; GEN001000; GEN001286; GEN001568; GEN001569; GEN000365; GEN001571; GEN001572; GEN001815; GEN000137; GEN000138; GEN000371; GEN000372; GEN001576; GEN000373; GEN000374; GEN001578; GEN001820; GEN000146; GEN000178; GEN001301; GEN001585; GEN001587; GEN000380; GEN001589; GEN001631; GEN001653; GEN001798; GEN001823,55,base_event_stream,2026-07-24T06:07:21+00:00
自动化算法,系统与运维,traditional,算法; 软件研发; 数据; 基础设施; AI算法,风控算法工程师; 软件开发工程师; 数据平台工程师; 服务器工程师; 算法工程师; 云计算工程师,2025-01,2026-07,GEN000556,GEN000589,8,GEN000556; GEN001318; GEN001322; GEN001323; GEN000576; GEN000585; GEN001361; GEN000589,8,base_event_stream,2026-07-24T06:07:21+00:00
自动化运维,系统与运维,traditional,数据; 基础设施; 软件研发; AI应用; AI算法,数据开发工程师; 网络工程师; 数据库工程师; 后端开发工程师; 软件开发工程师; AI应用工程师; AI Agent算法工程师,2024-12,2026-07,GEN001307,GEN001824,20,GEN001307; GEN001801; GEN001826; GEN000742; GEN001802; GEN001827; GEN001314; GEN000750; GEN001830; GEN000756; GEN000126; GEN001834; GEN001808; GEN001816; GEN001817; GEN001819; GEN000141; GEN000791; GEN001822; GEN001824,20,base_event_stream,2026-07-24T06:07:21+00:00
自然语言处理,AI,traditional,AI算法; 软件研发; AI应用; 算法,AIGC算法工程师; 后端开发工程师; AI Agent算法工程师; AI应用工程师; 广告算法工程师; 推荐算法工程师; 算法工程师; 风控算法工程师; 机器学习算法工程师; NLP算法工程师; 算法研究员; 大模型算法工程师,2024-12,2026-06,GEN000215,GEN000476,32,GEN000215; GEN000432; GEN000655; GEN000118; GEN000518; GEN000219; GEN000220; GEN000435; GEN000520; GEN000524; GEN000124; GEN000444; GEN000229; GEN000446; GEN000578; GEN000579; GEN000325; GEN000326; GEN000460; GEN000541; GEN000674; GEN001378; GEN000675; GEN000469; GEN000544; GEN000470; GEN000545; GEN001382; GEN000336; GEN000548; GEN001386; GEN000476,32,base_event_stream,2026-07-24T06:07:21+00:00
触觉技术,交互体验,traditional,机器人; 通信; AI应用,机器人软件工程师; 通信工程师; AI应用工程师,2025-05,2026-06,GEN001959,GEN002094,11,GEN001959; GEN001960; GEN001961; GEN002072; GEN002076; GEN002078; GEN002080; GEN002082; GEN001969; GEN002089; GEN002094,11,base_event_stream,2026-07-24T06:07:21+00:00
计算机体系结构,硬件与芯片,traditional,AI算法; 算法; 软件研发; 测试质量; AI应用; 基础设施; 自动驾驶; 硬件; AI基础设施; 芯片; 技术支持; 多媒体; 数据,多模态算法工程师; 推荐算法工程师; 客户端开发工程师; 测试开发工程师; AI应用工程师; 网络工程师; 大模型应用工程师; 自动驾驶算法工程师; 硬件工程师; AI Infra工程师; 计算机视觉算法工程师; 语音算法工程师; 大模型测试工程师; 驱动开发工程师; 软件架构师; 芯片验证工程师; Android开发工程师; 大模型算法工程师; 服务器工程师; 技术支持工程师; 算法工程师; 图形图像工程师; C++开发工程师; 解决方案工程师; 音视频工程师; 嵌入式软件工程师; 搜索算法工程师; 数据仓库工程师; 热设计工程师; AI Agent算法工程师; AI Agent应用工程师; 广告算法工程师; 前端开发工程师; AIGC算法工程师; 云计算工程师; 后端开发工程师,2024-12,2026-07,GEN000254,GEN002171,131,GEN000254; GEN000433; GEN001040; GEN001548; GEN001691; GEN001801; GEN001886; GEN001973; GEN002262; GEN000117; GEN000185; GEN000186; GEN000344; GEN000385; GEN000976; GEN001232; GEN001271; GEN001803; GEN002151; GEN002264; GEN000435; GEN001084; GEN001085; GEN002152; GEN000188; GEN000189; GEN000190; GEN001236; GEN001976; GEN001977; GEN002154; GEN000388; GEN002155; GEN000194; GEN000391; GEN000440; GEN000981; GEN001279; GEN001556; GEN001853; GEN001871; GEN001981; GEN000124; GEN000266; GEN000355; GEN000983; GEN001281; GEN001557; GEN001982; GEN000197; GEN000267; GEN000269; GEN001220; GEN001244; GEN001282; GEN001283; GEN001877; GEN000397; GEN000447; GEN001285; GEN001855; GEN000234; GEN001567; GEN001809; GEN001903; GEN002161; GEN002280; GEN001053; GEN001105; GEN001106; GEN001107; GEN001223; GEN001569; GEN001906; GEN002283; GEN000134; GEN000205; GEN000455; GEN000539; GEN001058; GEN001060; GEN001253; GEN001288; GEN001814; GEN001913; GEN002285; GEN000135; GEN000281; GEN000283; GEN000367; GEN000460; GEN000463; GEN000540; GEN001063; GEN001857; GEN002287; GEN001114; GEN001256; GEN001818; GEN000243; GEN000287; GEN000371; GEN001068; GEN002289; GEN001259; GEN001260; GEN001295; GEN001925; GEN001926; GEN000210; GEN000547; GEN001123; GEN001298; GEN000150; GEN000152; GEN000294; GEN001126; GEN001585; GEN001885; GEN001934; GEN001267; GEN001729; GEN002169; GEN000157; GEN000158; GEN000214; GEN000478; GEN001304; GEN001940; GEN001988; GEN002171,131,base_event_stream,2026-07-24T06:07:21+00:00
计算机网络,通信与网络,traditional,AI应用; 安全; 芯片; AI算法; 软件研发; 基础设施; 数据; AI基础设施; 测试质量; 硬件,AI应用工程师; 网络安全工程师; 芯片设计工程师; 大模型算法工程师; 大模型应用工程师; 客户端开发工程师; Android开发工程师; 云计算工程师; AI Agent应用工程师; DevOps工程师; 前端开发工程师; 数据平台工程师; AI Infra工程师; 运维工程师; 服务器工程师; 后端开发工程师; iOS开发工程师; 信息安全工程师; 测试开发工程师; 网络工程师; 热设计工程师; 多模态算法工程师; 质量工程师; 电源工程师; Java开发工程师,2024-12,2026-07,GEN001691,GEN001171,109,GEN001691; GEN001732; GEN002098; GEN000003; GEN000056; GEN001042; GEN001080; GEN001693; GEN000060; GEN001634; GEN001698; GEN001737; GEN000818; GEN001087; GEN001088; GEN001412; GEN000192; GEN001090; GEN001635; GEN001665; GEN001702; GEN001850; GEN001851; GEN000751; GEN001667; GEN001704; GEN000196; GEN001142; GEN001707; GEN001769; GEN001854; GEN000076; GEN000757; GEN000759; GEN000828; GEN000829; GEN001096; GEN001143; GEN001144; GEN001560; GEN001709; GEN000199; GEN000761; GEN001710; GEN001712; GEN001807; GEN001855; GEN002118; GEN002119; GEN000202; GEN000767; GEN001101; GEN001102; GEN001417; GEN001566; GEN001713; GEN002121; GEN002122; GEN000087; GEN000769; GEN001105; GEN001644; GEN001716; GEN000773; GEN000775; GEN001057; GEN001059; GEN001060; GEN001645; GEN001672; GEN001813; GEN000781; GEN000844; GEN000845; GEN000846; GEN001752; GEN001816; GEN000206; GEN000784; GEN000786; GEN000787; GEN001113; GEN001647; GEN001720; GEN001721; GEN001818; GEN000095; GEN000851; GEN000853; GEN001069; GEN001648; GEN001678; GEN001756; GEN001860; GEN000796; GEN001120; GEN001162; GEN001727; GEN000804; GEN000805; GEN000863; GEN001863; GEN000808; GEN000809; GEN001730; GEN000814; GEN000869; GEN000871; GEN001171,109,base_event_stream,2026-07-24T06:07:21+00:00
计算机视觉,计算机视觉与图形,new,自动驾驶; AI算法; 软件研发; 数据; 算法; 硬件; 多媒体; AI应用; 安全; AI基础设施,自动驾驶算法工程师; 算法研究员; 嵌入式软件工程师; 数据工程师; 控制算法工程师; 硬件工程师; 搜索算法工程师; 风控算法工程师; 图形图像工程师; AI应用工程师; 算法工程师; 网络安全工程师; AI Agent算法工程师; AI Infra工程师; 驱动开发工程师; 大模型算法工程师; 结构工程师; 软件架构师,2025-01,2026-07,GEN000187,GEN002012,77,GEN000187; GEN000657; GEN001215; GEN001483; GEN001991; GEN000659; GEN001274; GEN000660; GEN001977; GEN000565; GEN000662; GEN002021; GEN001488; GEN001981; GEN000195; GEN000570; GEN000665; GEN001994; GEN001995; GEN001996; GEN002026; GEN002276; GEN000574; GEN000668; GEN000669; GEN001628; GEN001984; GEN001997; GEN000575; GEN000671; GEN001999; GEN002028; GEN000203; GEN001223; GEN001251; GEN001490; GEN002001; GEN002029; GEN000205; GEN000674; GEN000581; GEN000675; GEN002003; GEN000207; GEN000582; GEN001493; GEN002289; GEN000208; GEN000584; GEN002005; GEN000210; GEN000680; GEN002006; GEN002007; GEN002035; GEN002036; GEN002296; GEN000211; GEN001299; GEN002008; GEN000213; GEN000587; GEN000588; GEN000681; GEN001227; GEN001228; GEN001229; GEN001500; GEN001986; GEN002009; GEN002010; GEN002038; GEN002300; GEN001304; GEN001501; GEN002011; GEN002012,77,base_event_stream,2026-07-24T06:07:21+00:00
设备安全,安全,traditional,算法; AI算法; 软件研发; 安全; 基础设施; 数据,风控算法工程师; 机器学习算法工程师; 软件开发工程师; Android开发工程师; 安全工程师; 网络安全工程师; 运维工程师; 大数据开发工程师; 算法工程师; 前端开发工程师,2024-12,2026-05,GEN000553,GEN001358,20,GEN000553; GEN000556; GEN000560; GEN001313; GEN000565; GEN001089; GEN001318; GEN001777; GEN000570; GEN001095; GEN001781; GEN001109; GEN001340; GEN001787; GEN001346; GEN001792; GEN000584; GEN001122; GEN001355; GEN001358,20,base_event_stream,2026-07-24T06:07:21+00:00
设计验证,软件工程,traditional,芯片,芯片设计工程师,2024-12,2026-01,GEN002098,GEN002129,3,GEN002098; GEN002118; GEN002129,3,base_event_stream,2026-07-24T06:07:21+00:00
误差分析,算法与数学,traditional,AI应用; 测试质量,AI应用工程师; 大模型测试工程师,2025-05,2026-06,GEN001509,GEN001543,2,GEN001509; GEN001543,2,base_event_stream,2026-07-24T06:07:21+00:00
调试工具,软件工程,traditional,软件研发; 安全; AI应用; 自动驾驶; AI算法; 测试质量,C++开发工程师; 网络安全工程师; 大模型应用工程师; 自动驾驶算法工程师; AI Agent应用工程师; 多模态算法工程师; 安全工程师; 算法工程师; 测试开发工程师,2024-12,2026-07,GEN000974,GEN001764,23,GEN000974; GEN001738; GEN000066; GEN001977; GEN000068; GEN001740; GEN000692; GEN000982; GEN001982; GEN000080; GEN001743; GEN001746; GEN001748; GEN000704; GEN000706; GEN001750; GEN001751; GEN000712; GEN001754; GEN001755; GEN001759; GEN001586; GEN001764,23,base_event_stream,2026-07-24T06:07:21+00:00
跨平台开发,软件开发,traditional,AI应用; 软件研发,AI应用工程师; 前端开发工程师; 嵌入式软件工程师,2024-12,2026-07,GEN000116,GEN000868,18,GEN000116; GEN000816; GEN000818; GEN000823; GEN000826; GEN001218; GEN001220; GEN000831; GEN000832; GEN000837; GEN000840; GEN000849; GEN000855; GEN000864; GEN000153; GEN000866; GEN001227; GEN000868,18,base_event_stream,2026-07-24T06:07:21+00:00
跨语言技术,软件开发,traditional,AI算法; AI安全; AI应用; 测试质量; 多媒体; 算法,NLP算法工程师; 语音算法工程师; AI安全工程师; AI Agent算法工程师; 大模型应用工程师; 大模型算法工程师; AI应用工程师; 质量工程师; AIGC算法工程师; 多模态算法工程师; 大模型测试工程师; 图形图像工程师; 搜索算法工程师,2024-12,2026-07,GEN000299,GEN000513,30,GEN000299; GEN000383; GEN000301; GEN000481; GEN000304; GEN000484; GEN000063; GEN000066; GEN000389; GEN000310; GEN000077; GEN000395; GEN000081; GEN000396; GEN000018; GEN000091; GEN000095; GEN000097; GEN000416; GEN000332; GEN000419; GEN000037; GEN000039; GEN000421; GEN000041; GEN000043; GEN000424; GEN000048; GEN000052; GEN000513,30,base_event_stream,2026-07-24T06:07:21+00:00
身份认证,安全,traditional,AI安全; 测试质量; 技术支持; 软件研发; 安全; 算法; AI应用; 芯片; 数据,AI安全工程师; 质量工程师; 技术支持工程师; 软件架构师; 网络安全工程师; 风控算法工程师; 大模型应用工程师; 芯片验证工程师; AI应用工程师; 解决方案工程师; 数据平台工程师,2025-01,2026-07,GEN001595,GEN000180,27,GEN001595; GEN001596; GEN001890; GEN001280; GEN001894; GEN001895; GEN000570; GEN001601; GEN000572; GEN002068; GEN001604; GEN001605; GEN000576; GEN001607; GEN000579; GEN001289; GEN001609; GEN001913; GEN001610; GEN000581; GEN000582; GEN001616; GEN001617; GEN001931; GEN000587; GEN001302; GEN000180,27,base_event_stream,2026-07-24T06:07:21+00:00
软件工程,软件工程,traditional,软件研发; 算法; AI应用; 数据; 测试质量; 产品; AI算法; 基础设施; 机器人; 通信; 硬件; AI基础设施; 技术支持,后端开发工程师; 推荐算法工程师; 搜索算法工程师; 大模型应用工程师; 数据工程师; 测试开发工程师; AI产品经理; NLP算法工程师; 大模型算法工程师; AI Agent算法工程师; 算法研究员; 数据平台工程师; DevOps工程师; 机器人软件工程师; Python开发工程师; iOS开发工程师; 数据分析师; 通信工程师; 客户端开发工程师; 服务器工程师; 算法工程师; 嵌入式软件工程师; 硬件工程师; 测试工程师; AI Infra工程师; 云计算工程师; 大模型测试工程师; 机器学习算法工程师; 技术支持工程师; 电源工程师; AI应用工程师; 控制算法工程师; 大数据开发工程师; 数据库工程师,2024-12,2026-07,GEN000432,GEN002335,128,GEN000432; GEN000433; GEN000479; GEN000654; GEN001443; GEN001549; GEN002303; GEN000303; GEN000434; GEN000685; GEN000305; GEN000659; GEN001410; GEN001634; GEN001956; GEN000660; GEN000990; GEN001137; GEN001446; GEN001447; GEN001957; GEN002062; GEN001044; GEN001138; GEN001554; GEN001635; GEN001851; GEN001958; GEN000690; GEN001140; GEN001216; GEN001555; GEN001556; GEN001853; GEN001959; GEN002273; GEN000311; GEN000444; GEN001450; GEN000197; GEN000491; GEN001220; GEN001961; GEN002067; GEN002277; GEN000668; GEN001049; GEN001415; GEN001561; GEN001963; GEN002069; GEN002070; GEN002278; GEN002279; GEN000202; GEN000448; GEN001147; GEN001148; GEN001565; GEN001566; GEN002073; GEN002281; GEN000453; GEN001149; GEN001223; GEN001644; GEN001837; GEN000323; GEN000455; GEN000496; GEN001458; GEN000325; GEN000326; GEN000463; GEN000618; GEN001154; GEN001155; GEN001156; GEN001880; GEN002079; GEN000328; GEN001574; GEN001883; GEN002325; GEN002326; GEN000207; GEN000624; GEN001068; GEN001465; GEN001576; GEN001577; GEN001859; GEN001860; GEN002083; GEN002084; GEN000208; GEN000332; GEN000627; GEN001161; GEN001969; GEN002086; GEN002291; GEN000628; GEN000680; GEN001162; GEN001861; GEN002088; GEN000338; GEN000474; GEN000730; GEN001073; GEN001473; GEN001885; GEN001970; GEN000213; GEN000681; GEN001006; GEN001169; GEN001229; GEN001845; GEN001865; GEN002299; GEN001007; GEN001172; GEN001847; GEN001971; GEN002096; GEN002335,128,base_event_stream,2026-07-24T06:07:21+00:00
软件开发,软件开发,traditional,软件研发; 测试质量; 基础设施; 安全; 芯片; 多媒体; AI应用; AI安全; 数据; 技术支持; 硬件; AI算法; 算法; AI基础设施; 产品,全栈开发工程师; Java开发工程师; iOS开发工程师; 大模型测试工程师; DevOps工程师; 安全工程师; 数据库工程师; 芯片验证工程师; 信息安全工程师; 图形图像工程师; 芯片设计工程师; AI Agent应用工程师; AI安全工程师; AI应用工程师; 大数据开发工程师; 测试工程师; 技术支持工程师; 硬件工程师; 后端开发工程师; 软件架构师; 云计算工程师; 大模型算法工程师; 前端开发工程师; 嵌入式软件工程师; 芯片测试工程师; 搜索算法工程师; 解决方案工程师; 大模型应用工程师; AI Infra工程师; 客户端开发工程师; Android开发工程师; 推荐算法工程师; 软件开发工程师; 结构工程师; 网络工程师; AI产品经理; 数据平台工程师,2024-12,2026-07,GEN000872,GEN002171,192,GEN000872; GEN000873; GEN000921; GEN001133; GEN001503; GEN001632; GEN001773; GEN001826; GEN002149; GEN000924; GEN001134; GEN001767; GEN001775; GEN002015; GEN002099; GEN002102; GEN002150; GEN000163; GEN000165; GEN001136; GEN001311; GEN001312; GEN001622; GEN001623; GEN001889; GEN002018; GEN002267; GEN000746; GEN000929; GEN001275; GEN001890; GEN002019; GEN002020; GEN000169; GEN000880; GEN001635; GEN001703; GEN001830; GEN000171; GEN000194; GEN000751; GEN000822; GEN001139; GEN001140; GEN001216; GEN001280; GEN001704; GEN002174; GEN000195; GEN000884; GEN001778; GEN001897; GEN002175; GEN002176; GEN000197; GEN000198; GEN000760; GEN000887; GEN000939; GEN001143; GEN001221; GEN001625; GEN001709; GEN001834; GEN002026; GEN002276; GEN000761; GEN000890; GEN000892; GEN000942; GEN001047; GEN001627; GEN001640; GEN001901; GEN002118; GEN002177; GEN002178; GEN002278; GEN000768; GEN000835; GEN000945; GEN001051; GEN001147; GEN001148; GEN001770; GEN000769; GEN000770; GEN000771; GEN000897; GEN000898; GEN000949; GEN000950; GEN001053; GEN001055; GEN001151; GEN002179; GEN002180; GEN002283; GEN000459; GEN000773; GEN000775; GEN000842; GEN000901; GEN001057; GEN001153; GEN001288; GEN001341; GEN001521; GEN001786; GEN001912; GEN001061; GEN001225; GEN001523; GEN001646; GEN001840; GEN001916; GEN002128; GEN002181; GEN002182; GEN000464; GEN000783; GEN000784; GEN000908; GEN000957; GEN001065; GEN001527; GEN002183; GEN000789; GEN000854; GEN000910; GEN000911; GEN001068; GEN001226; GEN001293; GEN001648; GEN001792; GEN001793; GEN002033; GEN002184; GEN002290; GEN000209; GEN000471; GEN000963; GEN001296; GEN001531; GEN001725; GEN001794; GEN002292; GEN000798; GEN000914; GEN000915; GEN000967; GEN001162; GEN001297; GEN001535; GEN001536; GEN001795; GEN001927; GEN001928; GEN002137; GEN002185; GEN002186; GEN000475; GEN000863; GEN000917; GEN001072; GEN001300; GEN001360; GEN001843; GEN001844; GEN000477; GEN000806; GEN000809; GEN001074; GEN001075; GEN001169; GEN001229; GEN001363; GEN001542; GEN001653; GEN001730; GEN002187; GEN002188; GEN000181; GEN000868; GEN000871; GEN001170; GEN001545; GEN001799; GEN001940; GEN001941; GEN002171,192,base_event_stream,2026-07-24T06:07:21+00:00
软件测试,软件测试,traditional,AI基础设施; AI算法; 软件研发; 测试质量; 基础设施; 自动驾驶; AI安全; 技术支持; AI应用; 芯片; 数据,AI Infra工程师; 计算机视觉算法工程师; 客户端开发工程师; 质量工程师; 运维工程师; 自动驾驶算法工程师; AI安全工程师; 服务器工程师; 技术支持工程师; AI应用工程师; 芯片验证工程师; 大模型应用工程师; 数据平台工程师; 算法工程师; 嵌入式软件工程师; 测试工程师; 芯片测试工程师; 大模型测试工程师; iOS开发工程师; AI Agent应用工程师; 前端开发工程师; 软件架构师; 大模型算法工程师,2024-12,2026-07,GEN000183,GEN001988,81,GEN000183; GEN000342; GEN001040; GEN001592; GEN001657; GEN001972; GEN000344; GEN000345; GEN001042; GEN001595; GEN001849; GEN001869; GEN001870; GEN001974; GEN001596; GEN001599; GEN001664; GEN001850; GEN000690; GEN001217; GEN001509; GEN001600; GEN001624; GEN001667; GEN001873; GEN002173; GEN001510; GEN001669; GEN001876; GEN002176; GEN001877; GEN001878; GEN001983; GEN001048; GEN001514; GEN002177; GEN000130; GEN001051; GEN001606; GEN000363; GEN000700; GEN001054; GEN001223; GEN001287; GEN001518; GEN002180; GEN000365; GEN000703; GEN001289; GEN000135; GEN000368; GEN001524; GEN001858; GEN000369; GEN001066; GEN001611; GEN002183; GEN000371; GEN001294; GEN001528; GEN001530; GEN002184; GEN000143; GEN000208; GEN000373; GEN001613; GEN001679; GEN000375; GEN002186; GEN001301; GEN001617; GEN000153; GEN000154; GEN001541; GEN001542; GEN001543; GEN002187; GEN002188; GEN000158; GEN001547; GEN001988,81,base_event_stream,2026-07-24T06:07:21+00:00
软硬件协同,硬件与芯片,traditional,测试质量; 技术支持; 芯片; 软件研发; 数据; 基础设施; AI应用; 硬件; AI算法; 安全; AI基础设施,质量工程师; 技术支持工程师; 芯片设计工程师; 嵌入式软件工程师; 大模型测试工程师; 软件开发工程师; 数据平台工程师; 系统软件工程师; 服务器工程师; 芯片验证工程师; AI应用工程师; 电源工程师; 多模态算法工程师; 网络安全工程师; AI Infra工程师,2024-12,2026-07,GEN001592,GEN002171,42,GEN001592; GEN001867; GEN002148; GEN001214; GEN001869; GEN002150; GEN001597; GEN001317; GEN001598; GEN001850; GEN001186; GEN001188; GEN001189; GEN001219; GEN001601; GEN001854; GEN001875; GEN001220; GEN001603; GEN001878; GEN002159; GEN000200; GEN001856; GEN000274; GEN001336; GEN001341; GEN001342; GEN001611; GEN001347; GEN001612; GEN002164; GEN000288; GEN000290; GEN001613; GEN000210; GEN001353; GEN001356; GEN001615; GEN001864; GEN000297; GEN001364; GEN002171,42,base_event_stream,2026-07-24T06:07:21+00:00
通信技术,通信与网络,traditional,AI算法; 软件研发; 测试质量; 芯片; AI应用; 硬件; 技术支持; 通信; 基础设施; 机器人; AI基础设施; 数据,NLP算法工程师; Android开发工程师; 系统软件工程师; 测试开发工程师; 芯片设计工程师; 大模型测试工程师; C++开发工程师; 驱动开发工程师; AI Agent应用工程师; 芯片验证工程师; 硬件工程师; 技术支持工程师; 通信工程师; 云计算工程师; 大模型算法工程师; 机器人软件工程师; 解决方案工程师; 芯片测试工程师; 电源工程师; 嵌入式软件工程师; 机器人算法工程师; AI Infra工程师; 测试工程师; 数据平台工程师; 数据工程师; 多模态算法工程师; 机器学习算法工程师; 运维工程师,2024-12,2026-07,GEN000299,GEN002172,119,GEN000299; GEN001078; GEN001173; GEN001174; GEN001549; GEN002148; GEN000976; GEN000977; GEN001232; GEN002100; GEN002151; GEN002265; GEN001084; GEN001180; GEN001889; GEN002061; GEN001183; GEN001701; GEN002062; GEN002108; GEN000191; GEN001184; GEN001553; GEN001892; GEN001893; GEN002155; GEN002156; GEN000310; GEN001187; GEN001240; GEN002173; GEN002174; GEN002191; GEN000311; GEN001189; GEN001558; GEN001898; GEN002066; GEN002176; GEN002193; GEN001096; GEN001192; GEN002114; GEN002159; GEN000199; GEN001564; GEN001899; GEN001902; GEN002069; GEN002178; GEN002279; GEN000999; GEN001102; GEN002071; GEN002072; GEN000321; GEN001001; GEN001251; GEN001252; GEN001568; GEN002180; GEN002195; GEN002284; GEN000323; GEN001910; GEN002126; GEN000325; GEN000985; GEN001111; GEN001719; GEN001915; GEN002181; GEN002182; GEN002197; GEN002198; GEN002081; GEN002082; GEN002163; GEN001116; GEN001677; GEN002164; GEN002199; GEN002200; GEN000332; GEN002135; GEN002201; GEN002293; GEN001205; GEN001261; GEN001262; GEN001584; GEN001929; GEN002088; GEN002089; GEN002167; GEN000211; GEN001124; GEN001207; GEN001585; GEN001682; GEN002168; GEN002203; GEN002204; GEN002298; GEN000986; GEN000987; GEN002093; GEN002145; GEN002169; GEN002170; GEN002187; GEN002206; GEN002300; GEN001131; GEN001590; GEN001942; GEN002095; GEN002096; GEN002172,119,base_event_stream,2026-07-24T06:07:21+00:00
音视频技术,音视频技术,traditional,AI算法; 硬件; 产品; 测试质量; 芯片; 软件研发; 数据; AI应用,语音算法工程师; 结构工程师; AI产品经理; 测试开发工程师; AI Agent算法工程师; 多模态算法工程师; 芯片验证工程师; Android开发工程师; 数据开发工程师; 算法研究员; 大模型应用工程师; AI应用工程师,2024-12,2026-07,GEN000384,GEN002239,63,GEN000384; GEN002207; GEN002208; GEN002209; GEN002210; GEN002211; GEN002212; GEN002213; GEN002306; GEN001552; GEN002214; GEN002215; GEN000663; GEN002216; GEN000262; GEN000263; GEN000390; GEN000981; GEN002219; GEN001093; GEN002220; GEN002221; GEN002311; GEN002312; GEN002222; GEN000270; GEN000669; GEN001098; GEN002223; GEN000670; GEN002224; GEN002225; GEN000403; GEN001105; GEN001106; GEN002226; GEN002227; GEN001108; GEN001571; GEN000283; GEN000412; GEN001113; GEN000415; GEN001115; GEN002228; GEN002229; GEN002327; GEN000677; GEN001118; GEN002230; GEN002231; GEN000421; GEN001581; GEN001584; GEN002232; GEN002234; GEN002235; GEN001129; GEN001589; GEN002236; GEN000429; GEN002238; GEN002239,63,base_event_stream,2026-07-24T06:07:21+00:00
高性能计算,硬件与芯片,new,软件研发; AI应用; 多媒体; 产品; AI算法; 基础设施; 测试质量; 机器人; 芯片; 数据,C++开发工程师; AI应用工程师; 图形图像工程师; AI产品经理; 多模态算法工程师; 云计算工程师; 计算机视觉算法工程师; 系统软件工程师; 大模型测试工程师; 语音算法工程师; 机器人软件工程师; Android开发工程师; 驱动开发工程师; 机器人算法工程师; 测试开发工程师; 芯片设计工程师; 数据工程师; 大模型算法工程师; 机器学习算法工程师; 软件架构师; 软件开发工程师; 算法工程师,2024-12,2026-07,GEN000975,GEN001211,89,GEN000975; GEN001691; GEN002013; GEN002014; GEN002303; GEN000256; GEN001693; GEN000348; GEN001180; GEN001505; GEN000351; GEN001181; GEN001183; GEN001699; GEN001700; GEN000389; GEN001184; GEN000980; GEN001091; GEN001186; GEN001240; GEN001241; GEN002024; GEN000265; GEN000982; GEN001242; GEN001510; GEN001192; GEN002314; GEN000360; GEN001194; GEN001561; GEN001712; GEN001101; GEN001102; GEN002317; GEN001196; GEN001252; GEN001518; GEN002029; GEN002319; GEN000278; GEN001108; GEN001110; GEN001199; GEN001112; GEN001200; GEN001201; GEN001256; GEN002325; GEN002326; GEN000372; GEN001116; GEN001257; GEN000288; GEN000417; GEN001117; GEN001119; GEN001203; GEN001578; GEN000291; GEN000377; GEN001120; GEN001122; GEN001534; GEN001726; GEN002035; GEN002036; GEN000378; GEN000379; GEN000425; GEN001125; GEN001263; GEN001264; GEN001538; GEN001587; GEN000296; GEN000380; GEN000381; GEN000427; GEN000987; GEN001541; GEN001543; GEN001588; GEN001730; GEN000297; GEN000429; GEN000430; GEN001211,89,base_event_stream,2026-07-24T06:07:21+00:00
高性能通信,通信与网络,traditional,芯片; AI算法; AI应用; 基础设施; 硬件; 软件研发; 数据,芯片验证工程师; AI Agent算法工程师; 大模型应用工程师; 云计算工程师; 电源工程师; 算法研究员; 系统软件工程师; AI应用工程师; 服务器工程师; 数据治理工程师; 芯片测试工程师; 网络工程师; 多模态算法工程师; 芯片设计工程师; 数据平台工程师,2024-12,2026-07,GEN002149,GEN002172,44,GEN002149; GEN000656; GEN001177; GEN001693; GEN001848; GEN000659; GEN001179; GEN002152; GEN001183; GEN001699; GEN001851; GEN001705; GEN002111; GEN001706; GEN001806; GEN002113; GEN000666; GEN001708; GEN002159; GEN002119; GEN001809; GEN002120; GEN002122; GEN001197; GEN002123; GEN001813; GEN002126; GEN000674; GEN001817; GEN000675; GEN001860; GEN002131; GEN000678; GEN001725; GEN001820; GEN002134; GEN001728; GEN002137; GEN002138; GEN001211; GEN001731; GEN001825; GEN002146; GEN002172,44,base_event_stream,2026-07-24T06:07:21+00:00
高速接口,硬件与芯片,traditional,硬件; AI应用; 测试质量; 软件研发; 通信; 芯片; 数据,电源工程师; AI应用工程师; 大模型测试工程师; 硬件工程师; Python开发工程师; 通信工程师; 芯片验证工程师; 数据工程师,2024-12,2026-07,GEN002189,GEN002171,26,GEN002189; GEN002058; GEN002150; GEN002263; GEN002265; GEN000989; GEN002060; GEN002061; GEN000990; GEN000992; GEN002191; GEN002158; GEN002070; GEN002160; GEN002194; GEN002073; GEN002161; GEN001001; GEN002075; GEN002287; GEN002202; GEN002168; GEN002203; GEN002204; GEN002095; GEN002171,26,base_event_stream,2026-07-24T06:07:21+00:00
