new_skill,occurrence_rows,source_files
100B大模型训练,3,job_bigcompany_final.csv; job_update_event_stream.csv; job_skill_monthly_frequency.csv
10B+模型训练,6,job_bigcompany_final.csv; job_update_event_stream.csv; job_skill_monthly_frequency.csv
10B模型训练,3,job_bigcompany_final.csv; job_update_event_stream.csv; job_skill_monthly_frequency.csv
2D AIGC,3,job_bigcompany_final.csv; job_update_event_stream.csv; job_skill_monthly_frequency.csv
2D计算机视觉,3,job_bigcompany_final.csv; job_update_event_stream.csv; job_skill_monthly_frequency.csv
3D AIGC,9,job_bigcompany_final.csv; job_update_event_stream.csv; job_skill_monthly_frequency.csv
3D Diffusion,3,job_bigcompany_final.csv; job_update_event_stream.csv; job_skill_monthly_frequency.csv
3D-AIGC,3,job_bigcompany_final.csv; job_update_event_stream.csv; job_skill_monthly_frequency.csv
3D大模型,6,job_bigcompany_final.csv; job_update_event_stream.csv; job_skill_monthly_frequency.csv
3D生成大模型,3,job_bigcompany_final.csv; job_update_event_stream.csv; job_skill_monthly_frequency.csv
3D计算机视觉,15,job_bigcompany_final.csv; job_update_event_stream.csv; job_skill_monthly_frequency.csv
Action-Conditioned World Model,3,job_bigcompany_final.csv; job_update_event_stream.csv; job_skill_monthly_frequency.csv
Agent,1143,job_bigcompany_final.csv; job_update_event_stream.csv; job_skill_monthly_frequency.csv
Agent Benchmark,17,job_bigcompany_final.csv; job_update_event_stream.csv; job_skill_monthly_frequency.csv
Agent Cache池化,6,job_bigcompany_final.csv; job_update_event_stream.csv; job_skill_monthly_frequency.csv
Agent CLI,3,job_bigcompany_final.csv; job_update_event_stream.csv; job_skill_monthly_frequency.csv
Agent Co-Scientist,3,job_bigcompany_final.csv; job_update_event_stream.csv; job_skill_monthly_frequency.csv
Agent Coding,3,job_bigcompany_final.csv; job_update_event_stream.csv; job_skill_monthly_frequency.csv
Agent CUI,3,job_bigcompany_final.csv; job_update_event_stream.csv; job_skill_monthly_frequency.csv
Agent Environment,3,job_bigcompany_final.csv; job_update_event_stream.csv; job_skill_monthly_frequency.csv
Agent Evaluation,3,job_bigcompany_final.csv; job_update_event_stream.csv; job_skill_monthly_frequency.csv
Agent Executor,3,job_bigcompany_final.csv; job_update_event_stream.csv; job_skill_monthly_frequency.csv
Agent Executors,6,job_bigcompany_final.csv; job_update_event_stream.csv; job_skill_monthly_frequency.csv
Agent Fine-tuning,15,job_bigcompany_final.csv; job_update_event_stream.csv; job_skill_monthly_frequency.csv
Agent Fleet,3,job_bigcompany_final.csv; job_update_event_stream.csv; job_skill_monthly_frequency.csv
Agent Framework,15,job_bigcompany_final.csv; job_update_event_stream.csv; job_skill_monthly_frequency.csv
Agent Host训练优化,3,job_bigcompany_final.csv; job_update_event_stream.csv; job_skill_monthly_frequency.csv
Agent IDE,8,job_bigcompany_final.csv; job_update_event_stream.csv; job_skill_monthly_frequency.csv
Agent Infra,63,job_bigcompany_final.csv; job_update_event_stream.csv; job_skill_monthly_frequency.csv
Agent Lightning,6,job_bigcompany_final.csv; job_update_event_stream.csv; job_skill_monthly_frequency.csv
Agent Memory,27,job_bigcompany_final.csv; job_update_event_stream.csv; job_skill_monthly_frequency.csv
Agent Native工程,3,job_bigcompany_final.csv; job_update_event_stream.csv; job_skill_monthly_frequency.csv
Agent Orchestration,3,job_bigcompany_final.csv; job_update_event_stream.csv; job_skill_monthly_frequency.csv
Agent Planning,15,job_bigcompany_final.csv; job_update_event_stream.csv; job_skill_monthly_frequency.csv
Agent Platform,3,job_bigcompany_final.csv; job_update_event_stream.csv; job_skill_monthly_frequency.csv
Agent Prompt,3,job_bigcompany_final.csv; job_update_event_stream.csv; job_skill_monthly_frequency.csv
Agent Replay,3,job_bigcompany_final.csv; job_update_event_stream.csv; job_skill_monthly_frequency.csv
Agent Reward Model,3,job_bigcompany_final.csv; job_update_event_stream.csv; job_skill_monthly_frequency.csv
Agent RL,46,job_bigcompany_final.csv; job_update_event_stream.csv; job_skill_monthly_frequency.csv
Agent Runtime,45,job_bigcompany_final.csv; job_update_event_stream.csv; job_skill_monthly_frequency.csv
Agent Safety,6,job_bigcompany_final.csv; job_update_event_stream.csv; job_skill_monthly_frequency.csv
Agent Sandbox,40,job_bigcompany_final.csv; job_update_event_stream.csv; job_skill_monthly_frequency.csv
Agent SDK,3,job_bigcompany_final.csv; job_update_event_stream.csv; job_skill_monthly_frequency.csv
Agent Skill,32,job_bigcompany_final.csv; job_update_event_stream.csv; job_skill_monthly_frequency.csv
Agent Swarm,3,job_bigcompany_final.csv; job_update_event_stream.csv; job_skill_monthly_frequency.csv
Agent System,12,job_bigcompany_final.csv; job_update_event_stream.csv; job_skill_monthly_frequency.csv
Agent Teams,3,job_bigcompany_final.csv; job_update_event_stream.csv; job_skill_monthly_frequency.csv
Agent Test-Time-Scaling,3,job_bigcompany_final.csv; job_update_event_stream.csv; job_skill_monthly_frequency.csv
Agent Tool Abuse,3,job_bigcompany_final.csv; job_update_event_stream.csv; job_skill_monthly_frequency.csv
Agent Tooling,3,job_bigcompany_final.csv; job_update_event_stream.csv; job_skill_monthly_frequency.csv
Agent Trajectory数据,3,job_bigcompany_final.csv; job_update_event_stream.csv; job_skill_monthly_frequency.csv
Agent Workflow,27,job_bigcompany_final.csv; job_update_event_stream.csv; job_skill_monthly_frequency.csv
Agentic AI,99,job_bigcompany_final.csv; job_update_event_stream.csv; job_skill_monthly_frequency.csv
Agentic AI安全,3,job_bigcompany_final.csv; job_update_event_stream.csv; job_skill_monthly_frequency.csv
Agentic Coding,30,job_bigcompany_final.csv; job_update_event_stream.csv; job_skill_monthly_frequency.csv
Agentic Foundation Model,17,job_bigcompany_final.csv; job_update_event_stream.csv; job_skill_monthly_frequency.csv
Agentic Harness,9,job_bigcompany_final.csv; job_update_event_stream.csv; job_skill_monthly_frequency.csv
Agentic Lakehouse,3,job_bigcompany_final.csv; job_update_event_stream.csv; job_skill_monthly_frequency.csv
Agentic Loop,3,job_bigcompany_final.csv; job_update_event_stream.csv; job_skill_monthly_frequency.csv
Agentic Model,3,job_bigcompany_final.csv; job_update_event_stream.csv; job_skill_monthly_frequency.csv
Agentic Post-training,3,job_bigcompany_final.csv; job_update_event_stream.csv; job_skill_monthly_frequency.csv
Agentic RAG,21,job_bigcompany_final.csv; job_update_event_stream.csv; job_skill_monthly_frequency.csv
Agentic Recommendation,3,job_bigcompany_final.csv; job_update_event_stream.csv; job_skill_monthly_frequency.csv
Agentic RecSys,3,job_bigcompany_final.csv; job_update_event_stream.csv; job_skill_monthly_frequency.csv
Agentic Reward Model,3,job_bigcompany_final.csv; job_update_event_stream.csv; job_skill_monthly_frequency.csv
Agentic RL,169,job_bigcompany_final.csv; job_update_event_stream.csv; job_skill_monthly_frequency.csv
Agentic Search,15,job_bigcompany_final.csv; job_update_event_stream.csv; job_skill_monthly_frequency.csv
Agentic System,9,job_bigcompany_final.csv; job_update_event_stream.csv; job_skill_monthly_frequency.csv
Agentic Training,6,job_bigcompany_final.csv; job_update_event_stream.csv; job_skill_monthly_frequency.csv
Agentic Workflow,54,job_bigcompany_final.csv; job_update_event_stream.csv; job_skill_monthly_frequency.csv
Agentic产品,3,job_bigcompany_final.csv; job_update_event_stream.csv; job_skill_monthly_frequency.csv
Agentic应用,3,job_bigcompany_final.csv; job_update_event_stream.csv; job_skill_monthly_frequency.csv
Agentic技术,3,job_bigcompany_final.csv; job_update_event_stream.csv; job_skill_monthly_frequency.csv
Agentic数据处理,3,job_bigcompany_final.csv; job_update_event_stream.csv; job_skill_monthly_frequency.csv
Agentic数据构造,3,job_bigcompany_final.csv; job_update_event_stream.csv; job_skill_monthly_frequency.csv
Agentic架构,12,job_bigcompany_final.csv; job_update_event_stream.csv; job_skill_monthly_frequency.csv
Agentic框架,8,job_bigcompany_final.csv; job_update_event_stream.csv; job_skill_monthly_frequency.csv
Agentic研究,3,job_bigcompany_final.csv; job_update_event_stream.csv; job_skill_monthly_frequency.csv
Agentic算法,3,job_bigcompany_final.csv; job_update_event_stream.csv; job_skill_monthly_frequency.csv
Agentic系统,6,job_bigcompany_final.csv; job_update_event_stream.csv; job_skill_monthly_frequency.csv
Agentic视觉生成,3,job_bigcompany_final.csv; job_update_event_stream.csv; job_skill_monthly_frequency.csv
Agentic训练,3,job_bigcompany_final.csv; job_update_event_stream.csv; job_skill_monthly_frequency.csv
Agentic评测,3,job_bigcompany_final.csv; job_update_event_stream.csv; job_skill_monthly_frequency.csv
Agentic轨迹评估,6,job_bigcompany_final.csv; job_update_event_stream.csv; job_skill_monthly_frequency.csv
Agent工具调用链,3,job_bigcompany_final.csv; job_update_event_stream.csv; job_skill_monthly_frequency.csv
Agent智能体,3,job_bigcompany_final.csv; job_update_event_stream.csv; job_skill_monthly_frequency.csv
Agent模型训练,3,job_bigcompany_final.csv; job_update_event_stream.csv; job_skill_monthly_frequency.csv
AI,274,job_bigcompany_final.csv; job_update_event_stream.csv; job_skill_monthly_frequency.csv
AI Accelerator,3,job_bigcompany_final.csv; job_update_event_stream.csv; job_skill_monthly_frequency.csv
AI AF,3,job_bigcompany_final.csv; job_update_event_stream.csv; job_skill_monthly_frequency.csv
AI Agent,2190,job_bigcompany_final.csv; job_update_event_stream.csv; job_skill_monthly_frequency.csv
AI Agent Skill开发,3,job_bigcompany_final.csv; job_update_event_stream.csv; job_skill_monthly_frequency.csv
AI Agent System,3,job_bigcompany_final.csv; job_update_event_stream.csv; job_skill_monthly_frequency.csv
AI Agent Workflow,3,job_bigcompany_final.csv; job_update_event_stream.csv; job_skill_monthly_frequency.csv
AI Agentic,3,job_bigcompany_final.csv; job_update_event_stream.csv; job_skill_monthly_frequency.csv
AI Agents,6,job_bigcompany_final.csv; job_update_event_stream.csv; job_skill_monthly_frequency.csv
AI Agent产品,3,job_bigcompany_final.csv; job_update_event_stream.csv; job_skill_monthly_frequency.csv
AI Agent产品开发,3,job_bigcompany_final.csv; job_update_event_stream.csv; job_skill_monthly_frequency.csv
AI Agent任务拆解,3,job_bigcompany_final.csv; job_update_event_stream.csv; job_skill_monthly_frequency.csv
AI Agent任务链编排,3,job_bigcompany_final.csv; job_update_event_stream.csv; job_skill_monthly_frequency.csv
AI Agent优化,3,job_bigcompany_final.csv; job_update_event_stream.csv; job_skill_monthly_frequency.csv
AI Agent前端,6,job_bigcompany_final.csv; job_update_event_stream.csv; job_skill_monthly_frequency.csv
AI Agent前端交互,15,job_bigcompany_final.csv; job_update_event_stream.csv; job_skill_monthly_frequency.csv
AI Agent前端集成,3,job_bigcompany_final.csv; job_update_event_stream.csv; job_skill_monthly_frequency.csv
AI Agent协同开发,3,job_bigcompany_final.csv; job_update_event_stream.csv; job_skill_monthly_frequency.csv
AI Agent基础设施,3,job_bigcompany_final.csv; job_update_event_stream.csv; job_skill_monthly_frequency.csv
AI Agent安全,27,job_bigcompany_final.csv; job_update_event_stream.csv; job_skill_monthly_frequency.csv
AI Agent工具,15,job_bigcompany_final.csv; job_update_event_stream.csv; job_skill_monthly_frequency.csv
AI Agent工程化,3,job_bigcompany_final.csv; job_update_event_stream.csv; job_skill_monthly_frequency.csv
AI Agent平台,3,job_bigcompany_final.csv; job_update_event_stream.csv; job_skill_monthly_frequency.csv
AI Agent应用,21,job_bigcompany_final.csv; job_update_event_stream.csv; job_skill_monthly_frequency.csv
AI Agent应用开发,9,job_bigcompany_final.csv; job_update_event_stream.csv; job_skill_monthly_frequency.csv
AI Agent开发,72,job_bigcompany_final.csv; job_update_event_stream.csv; job_skill_monthly_frequency.csv
AI Agent开发框架,6,job_bigcompany_final.csv; job_update_event_stream.csv; job_skill_monthly_frequency.csv
AI Agent推理,3,job_bigcompany_final.csv; job_update_event_stream.csv; job_skill_monthly_frequency.csv
AI Agent攻防,3,job_bigcompany_final.csv; job_update_event_stream.csv; job_skill_monthly_frequency.csv
AI Agent数据处理,3,job_bigcompany_final.csv; job_update_event_stream.csv; job_skill_monthly_frequency.csv
AI Agent数据安全治理,3,job_bigcompany_final.csv; job_update_event_stream.csv; job_skill_monthly_frequency.csv
AI Agent数据支撑,3,job_bigcompany_final.csv; job_update_event_stream.csv; job_skill_monthly_frequency.csv
AI Agent架构,39,job_bigcompany_final.csv; job_update_event_stream.csv; job_skill_monthly_frequency.csv
AI Agent框架,69,job_bigcompany_final.csv; job_update_event_stream.csv; job_skill_monthly_frequency.csv
AI Agent框架平台化,3,job_bigcompany_final.csv; job_update_event_stream.csv; job_skill_monthly_frequency.csv
AI Agent测评,3,job_bigcompany_final.csv; job_update_event_stream.csv; job_skill_monthly_frequency.csv
AI Agent测试,9,job_bigcompany_final.csv; job_update_event_stream.csv; job_skill_monthly_frequency.csv
AI Agent研究,3,job_bigcompany_final.csv; job_update_event_stream.csv; job_skill_monthly_frequency.csv
AI Agent系统,3,job_bigcompany_final.csv; job_update_event_stream.csv; job_skill_monthly_frequency.csv
AI Agent系统开发,3,job_bigcompany_final.csv; job_update_event_stream.csv; job_skill_monthly_frequency.csv
AI Agent编排,15,job_bigcompany_final.csv; job_update_event_stream.csv; job_skill_monthly_frequency.csv
AI Agent编码,3,job_bigcompany_final.csv; job_update_event_stream.csv; job_skill_monthly_frequency.csv
AI Agent网关,3,job_bigcompany_final.csv; job_update_event_stream.csv; job_skill_monthly_frequency.csv
AI Agent落地,3,job_bigcompany_final.csv; job_update_event_stream.csv; job_skill_monthly_frequency.csv
AI Agent规划,3,job_bigcompany_final.csv; job_update_event_stream.csv; job_skill_monthly_frequency.csv
AI Agent训练,12,job_bigcompany_final.csv; job_update_event_stream.csv; job_skill_monthly_frequency.csv
AI Agent设计,3,job_bigcompany_final.csv; job_update_event_stream.csv; job_skill_monthly_frequency.csv
AI Agent评测,12,job_bigcompany_final.csv; job_update_event_stream.csv; job_skill_monthly_frequency.csv
AI Agent部署,3,job_bigcompany_final.csv; job_update_event_stream.csv; job_skill_monthly_frequency.csv
AI Agent配置,3,job_bigcompany_final.csv; job_update_event_stream.csv; job_skill_monthly_frequency.csv
AI Agent长期记忆,3,job_bigcompany_final.csv; job_update_event_stream.csv; job_skill_monthly_frequency.csv
AI Alignment,3,job_bigcompany_final.csv; job_update_event_stream.csv; job_skill_monthly_frequency.csv
AI API,3,job_bigcompany_final.csv; job_update_event_stream.csv; job_skill_monthly_frequency.csv
AI ASIC,3,job_bigcompany_final.csv; job_update_event_stream.csv; job_skill_monthly_frequency.csv
AI Bot,6,job_bigcompany_final.csv; job_update_event_stream.csv; job_skill_monthly_frequency.csv
AI Builder,3,job_bigcompany_final.csv; job_update_event_stream.csv; job_skill_monthly_frequency.csv
AI Chat,3,job_bigcompany_final.csv; job_update_event_stream.csv; job_skill_monthly_frequency.csv
AI ChatBot,3,job_bigcompany_final.csv; job_update_event_stream.csv; job_skill_monthly_frequency.csv
AI Code Review,9,job_bigcompany_final.csv; job_update_event_stream.csv; job_skill_monthly_frequency.csv
AI Codec,6,job_bigcompany_final.csv; job_update_event_stream.csv; job_skill_monthly_frequency.csv
AI Codec优化,6,job_bigcompany_final.csv; job_update_event_stream.csv; job_skill_monthly_frequency.csv
AI Coder,3,job_bigcompany_final.csv; job_update_event_stream.csv; job_skill_monthly_frequency.csv
AI Coding,766,job_bigcompany_final.csv; job_update_event_stream.csv; job_skill_monthly_frequency.csv
AI Coding Agent,3,job_bigcompany_final.csv; job_update_event_stream.csv; job_skill_monthly_frequency.csv
AI Coding Tool,3,job_bigcompany_final.csv; job_update_event_stream.csv; job_skill_monthly_frequency.csv
AI Coding工具,131,job_bigcompany_final.csv; job_update_event_stream.csv; job_skill_monthly_frequency.csv
AI Coding护栏,3,job_bigcompany_final.csv; job_update_event_stream.csv; job_skill_monthly_frequency.csv
AI Coding模型,3,job_bigcompany_final.csv; job_update_event_stream.csv; job_skill_monthly_frequency.csv
AI Compiler,12,job_bigcompany_final.csv; job_update_event_stream.csv; job_skill_monthly_frequency.csv
AI Copilot,21,job_bigcompany_final.csv; job_update_event_stream.csv; job_skill_monthly_frequency.csv
AI Core,6,job_bigcompany_final.csv; job_update_event_stream.csv; job_skill_monthly_frequency.csv
AI Core物理设计,3,job_bigcompany_final.csv; job_update_event_stream.csv; job_skill_monthly_frequency.csv
AI DevOps,6,job_bigcompany_final.csv; job_update_event_stream.csv; job_skill_monthly_frequency.csv
AI Driven IDE,3,job_bigcompany_final.csv; job_update_event_stream.csv; job_skill_monthly_frequency.csv
AI DSA,9,job_bigcompany_final.csv; job_update_event_stream.csv; job_skill_monthly_frequency.csv
AI DSL,3,job_bigcompany_final.csv; job_update_event_stream.csv; job_skill_monthly_frequency.csv
AI DSL生成,6,job_bigcompany_final.csv; job_update_event_stream.csv; job_skill_monthly_frequency.csv
AI Engineering,12,job_bigcompany_final.csv; job_update_event_stream.csv; job_skill_monthly_frequency.csv
AI for Code,3,job_bigcompany_final.csv; job_update_event_stream.csv; job_skill_monthly_frequency.csv
AI for Coding,3,job_bigcompany_final.csv; job_update_event_stream.csv; job_skill_monthly_frequency.csv
AI for DB,6,job_bigcompany_final.csv; job_update_event_stream.csv; job_skill_monthly_frequency.csv
AI for Engineering,6,job_bigcompany_final.csv; job_update_event_stream.csv; job_skill_monthly_frequency.csv
AI for Infra,6,job_bigcompany_final.csv; job_update_event_stream.csv; job_skill_monthly_frequency.csv
AI for Materials,3,job_bigcompany_final.csv; job_update_event_stream.csv; job_skill_monthly_frequency.csv
AI for Network,3,job_bigcompany_final.csv; job_update_event_stream.csv; job_skill_monthly_frequency.csv
AI for Optimization,3,job_bigcompany_final.csv; job_update_event_stream.csv; job_skill_monthly_frequency.csv
AI for PHY,3,job_bigcompany_final.csv; job_update_event_stream.csv; job_skill_monthly_frequency.csv
AI for Research,3,job_bigcompany_final.csv; job_update_event_stream.csv; job_skill_monthly_frequency.csv
AI for Science,15,job_bigcompany_final.csv; job_update_event_stream.csv; job_skill_monthly_frequency.csv
AI for SE,3,job_bigcompany_final.csv; job_update_event_stream.csv; job_skill_monthly_frequency.csv
AI for Security,6,job_bigcompany_final.csv; job_update_event_stream.csv; job_skill_monthly_frequency.csv
AI for数仓,3,job_bigcompany_final.csv; job_update_event_stream.csv; job_skill_monthly_frequency.csv
AI Friendly架构,9,job_bigcompany_final.csv; job_update_event_stream.csv; job_skill_monthly_frequency.csv
AI Function,3,job_bigcompany_final.csv; job_update_event_stream.csv; job_skill_monthly_frequency.csv
AI Gateway,3,job_bigcompany_final.csv; job_update_event_stream.csv; job_skill_monthly_frequency.csv
AI Guardrails,3,job_bigcompany_final.csv; job_update_event_stream.csv; job_skill_monthly_frequency.csv
AI Harness,6,job_bigcompany_final.csv; job_update_event_stream.csv; job_skill_monthly_frequency.csv
AI Harness Engineering,3,job_bigcompany_final.csv; job_update_event_stream.csv; job_skill_monthly_frequency.csv
AI Harness平台,6,job_bigcompany_final.csv; job_update_event_stream.csv; job_skill_monthly_frequency.csv
AI IDE,24,job_bigcompany_final.csv; job_update_event_stream.csv; job_skill_monthly_frequency.csv
AI Infra,217,job_bigcompany_final.csv; job_update_event_stream.csv; job_skill_monthly_frequency.csv
AI Infrastructure,70,job_bigcompany_final.csv; job_update_event_stream.csv; job_skill_monthly_frequency.csv
AI Infra漏洞,3,job_bigcompany_final.csv; job_update_event_stream.csv; job_skill_monthly_frequency.csv
AI Infra运维,3,job_bigcompany_final.csv; job_update_event_stream.csv; job_skill_monthly_frequency.csv
AI Infra集群管理,3,job_bigcompany_final.csv; job_update_event_stream.csv; job_skill_monthly_frequency.csv
AI IP验证,3,job_bigcompany_final.csv; job_update_event_stream.csv; job_skill_monthly_frequency.csv
AI ISP,6,job_bigcompany_final.csv; job_update_event_stream.csv; job_skill_monthly_frequency.csv
AI Memory,3,job_bigcompany_final.csv; job_update_event_stream.csv; job_skill_monthly_frequency.csv
AI Native,93,job_bigcompany_final.csv; job_update_event_stream.csv; job_skill_monthly_frequency.csv
AI Native Workflow,3,job_bigcompany_final.csv; job_update_event_stream.csv; job_skill_monthly_frequency.csv
AI Native产品,6,job_bigcompany_final.csv; job_update_event_stream.csv; job_skill_monthly_frequency.csv
AI Native工程,3,job_bigcompany_final.csv; job_update_event_stream.csv; job_skill_monthly_frequency.csv
AI Native应用,12,job_bigcompany_final.csv; job_update_event_stream.csv; job_skill_monthly_frequency.csv
AI Native应用开发,3,job_bigcompany_final.csv; job_update_event_stream.csv; job_skill_monthly_frequency.csv
AI Native数据基础设施,3,job_bigcompany_final.csv; job_update_event_stream.csv; job_skill_monthly_frequency.csv
AI Native数据平台,3,job_bigcompany_final.csv; job_update_event_stream.csv; job_skill_monthly_frequency.csv
AI Native研发,9,job_bigcompany_final.csv; job_update_event_stream.csv; job_skill_monthly_frequency.csv
AI Native研发工作流,3,job_bigcompany_final.csv; job_update_event_stream.csv; job_skill_monthly_frequency.csv
AI Ops,9,job_bigcompany_final.csv; job_update_event_stream.csv; job_skill_monthly_frequency.csv
AI Ranking,3,job_bigcompany_final.csv; job_update_event_stream.csv; job_skill_monthly_frequency.csv
AI Ready数据,3,job_bigcompany_final.csv; job_update_event_stream.csv; job_skill_monthly_frequency.csv
AI Red Teaming,3,job_bigcompany_final.csv; job_update_event_stream.csv; job_skill_monthly_frequency.csv
AI Risk Analyse,3,job_bigcompany_final.csv; job_update_event_stream.csv; job_skill_monthly_frequency.csv
AI Runtime,3,job_bigcompany_final.csv; job_update_event_stream.csv; job_skill_monthly_frequency.csv
AI SaaS,3,job_bigcompany_final.csv; job_update_event_stream.csv; job_skill_monthly_frequency.csv
AI SaaS平台,3,job_bigcompany_final.csv; job_update_event_stream.csv; job_skill_monthly_frequency.csv
AI Safety,9,job_bigcompany_final.csv; job_update_event_stream.csv; job_skill_monthly_frequency.csv
AI Scientist,15,job_bigcompany_final.csv; job_update_event_stream.csv; job_skill_monthly_frequency.csv
AI Search,3,job_bigcompany_final.csv; job_update_event_stream.csv; job_skill_monthly_frequency.csv
AI Security,3,job_bigcompany_final.csv; job_update_event_stream.csv; job_skill_monthly_frequency.csv
AI Serving,3,job_bigcompany_final.csv; job_update_event_stream.csv; job_skill_monthly_frequency.csv
AI Skill,6,job_bigcompany_final.csv; job_update_event_stream.csv; job_skill_monthly_frequency.csv
AI SoC,24,job_bigcompany_final.csv; job_update_event_stream.csv; job_skill_monthly_frequency.csv
AI SoC架构,3,job_bigcompany_final.csv; job_update_event_stream.csv; job_skill_monthly_frequency.csv
AI SQL生成,3,job_bigcompany_final.csv; job_update_event_stream.csv; job_skill_monthly_frequency.csv
AI Stack,3,job_bigcompany_final.csv; job_update_event_stream.csv; job_skill_monthly_frequency.csv
AI Studio,3,job_bigcompany_final.csv; job_update_event_stream.csv; job_skill_monthly_frequency.csv
AI Test,6,job_bigcompany_final.csv; job_update_event_stream.csv; job_skill_monthly_frequency.csv
AI Testing,6,job_bigcompany_final.csv; job_update_event_stream.csv; job_skill_monthly_frequency.csv
AI Tuning,3,job_bigcompany_final.csv; job_update_event_stream.csv; job_skill_monthly_frequency.csv
AI Tutor,3,job_bigcompany_final.csv; job_update_event_stream.csv; job_skill_monthly_frequency.csv
AI Vibe Coding,9,job_bigcompany_final.csv; job_update_event_stream.csv; job_skill_monthly_frequency.csv
AI Workflow,15,job_bigcompany_final.csv; job_update_event_stream.csv; job_skill_monthly_frequency.csv
AI Workload,9,job_bigcompany_final.csv; job_update_event_stream.csv; job_skill_monthly_frequency.csv
AI Workloads,3,job_bigcompany_final.csv; job_update_event_stream.csv; job_skill_monthly_frequency.csv
AI+SE,6,job_bigcompany_final.csv; job_update_event_stream.csv; job_skill_monthly_frequency.csv
AI-Coding,3,job_bigcompany_final.csv; job_update_event_stream.csv; job_skill_monthly_frequency.csv
AI-driven IDE,3,job_bigcompany_final.csv; job_update_event_stream.csv; job_skill_monthly_frequency.csv
AI-Friendly Schema,3,job_bigcompany_final.csv; job_update_event_stream.csv; job_skill_monthly_frequency.csv
AI-ISP,6,job_bigcompany_final.csv; job_update_event_stream.csv; job_skill_monthly_frequency.csv
AI-Native应用开发,3,job_bigcompany_final.csv; job_update_event_stream.csv; job_skill_monthly_frequency.csv
AI/ML,3,job_bigcompany_final.csv; job_update_event_stream.csv; job_skill_monthly_frequency.csv
AI/ML Infra,3,job_bigcompany_final.csv; job_update_event_stream.csv; job_skill_monthly_frequency.csv
AI/ML工程,3,job_bigcompany_final.csv; job_update_event_stream.csv; job_skill_monthly_frequency.csv
AI/ML模型评估,6,job_bigcompany_final.csv; job_update_event_stream.csv; job_skill_monthly_frequency.csv
AI/ML系统,3,job_bigcompany_final.csv; job_update_event_stream.csv; job_skill_monthly_frequency.csv
AI4DB,24,job_bigcompany_final.csv; job_update_event_stream.csv; job_skill_monthly_frequency.csv
AI4S,3,job_bigcompany_final.csv; job_update_event_stream.csv; job_skill_monthly_frequency.csv
AI4SE,3,job_bigcompany_final.csv; job_update_event_stream.csv; job_skill_monthly_frequency.csv
AI4Sec,3,job_bigcompany_final.csv; job_update_event_stream.csv; job_skill_monthly_frequency.csv
AI4S性能优化,3,job_bigcompany_final.csv; job_update_event_stream.csv; job_skill_monthly_frequency.csv
AIDC,15,job_bigcompany_final.csv; job_update_event_stream.csv; job_skill_monthly_frequency.csv
AIDD,3,job_bigcompany_final.csv; job_update_event_stream.csv; job_skill_monthly_frequency.csv
AIDE,6,job_bigcompany_final.csv; job_update_event_stream.csv; job_skill_monthly_frequency.csv
Aider,6,job_bigcompany_final.csv; job_update_event_stream.csv; job_skill_monthly_frequency.csv
AIDL,3,job_bigcompany_final.csv; job_update_event_stream.csv; job_skill_monthly_frequency.csv
AIGB,9,job_bigcompany_final.csv; job_update_event_stream.csv; job_skill_monthly_frequency.csv
AIGC,948,job_bigcompany_final.csv; job_update_event_stream.csv; job_skill_monthly_frequency.csv
AIGC for Image,3,job_bigcompany_final.csv; job_update_event_stream.csv; job_skill_monthly_frequency.csv
AIGC-3D,3,job_bigcompany_final.csv; job_update_event_stream.csv; job_skill_monthly_frequency.csv
AIGC产品开发,3,job_bigcompany_final.csv; job_update_event_stream.csv; job_skill_monthly_frequency.csv
AIGC内容安全,3,job_bigcompany_final.csv; job_update_event_stream.csv; job_skill_monthly_frequency.csv
AIGC内容生成,9,job_bigcompany_final.csv; job_update_event_stream.csv; job_skill_monthly_frequency.csv
AIGC内容编辑,9,job_bigcompany_final.csv; job_update_event_stream.csv; job_skill_monthly_frequency.csv
AIGC内容评估,3,job_bigcompany_final.csv; job_update_event_stream.csv; job_skill_monthly_frequency.csv
AIGC内容识别,3,job_bigcompany_final.csv; job_update_event_stream.csv; job_skill_monthly_frequency.csv
AIGC创意生成,3,job_bigcompany_final.csv; job_update_event_stream.csv; job_skill_monthly_frequency.csv
AIGC合规检测,3,job_bigcompany_final.csv; job_update_event_stream.csv; job_skill_monthly_frequency.csv
AIGC图像生成,3,job_bigcompany_final.csv; job_update_event_stream.csv; job_skill_monthly_frequency.csv
AIGC图片生成,3,job_bigcompany_final.csv; job_update_event_stream.csv; job_skill_monthly_frequency.csv
AIGC工具,9,job_bigcompany_final.csv; job_update_event_stream.csv; job_skill_monthly_frequency.csv
AIGC工具链,3,job_bigcompany_final.csv; job_update_event_stream.csv; job_skill_monthly_frequency.csv
AIGC平台,3,job_bigcompany_final.csv; job_update_event_stream.csv; job_skill_monthly_frequency.csv
AIGC应用,3,job_bigcompany_final.csv; job_update_event_stream.csv; job_skill_monthly_frequency.csv
AIGC应用开发,3,job_bigcompany_final.csv; job_update_event_stream.csv; job_skill_monthly_frequency.csv
AIGC性能优化,3,job_bigcompany_final.csv; job_update_event_stream.csv; job_skill_monthly_frequency.csv
AIGC推理优化,12,job_bigcompany_final.csv; job_update_event_stream.csv; job_skill_monthly_frequency.csv
AIGC攻防,3,job_bigcompany_final.csv; job_update_event_stream.csv; job_skill_monthly_frequency.csv
AIGC数据中心,3,job_bigcompany_final.csv; job_update_event_stream.csv; job_skill_monthly_frequency.csv
AIGC数据后台,3,job_bigcompany_final.csv; job_update_event_stream.csv; job_skill_monthly_frequency.csv
AIGC数据处理,3,job_bigcompany_final.csv; job_update_event_stream.csv; job_skill_monthly_frequency.csv
AIGC数据工程,3,job_bigcompany_final.csv; job_update_event_stream.csv; job_skill_monthly_frequency.csv
AIGC数据标注,3,job_bigcompany_final.csv; job_update_event_stream.csv; job_skill_monthly_frequency.csv
AIGC服务端,3,job_bigcompany_final.csv; job_update_event_stream.csv; job_skill_monthly_frequency.csv
AIGC模型,3,job_bigcompany_final.csv; job_update_event_stream.csv; job_skill_monthly_frequency.csv
AIGC模型加速,6,job_bigcompany_final.csv; job_update_event_stream.csv; job_skill_monthly_frequency.csv
AIGC模型工程化,5,job_bigcompany_final.csv; job_update_event_stream.csv; job_skill_monthly_frequency.csv
AIGC模型训练,32,job_bigcompany_final.csv; job_update_event_stream.csv; job_skill_monthly_frequency.csv
AIGC模型调优,6,job_bigcompany_final.csv; job_update_event_stream.csv; job_skill_monthly_frequency.csv
AIGC测试,6,job_bigcompany_final.csv; job_update_event_stream.csv; job_skill_monthly_frequency.csv
AIGC生图,6,job_bigcompany_final.csv; job_update_event_stream.csv; job_skill_monthly_frequency.csv
AIGC算法,25,job_bigcompany_final.csv; job_update_event_stream.csv; job_skill_monthly_frequency.csv
AIGC编辑任务,3,job_bigcompany_final.csv; job_update_event_stream.csv; job_skill_monthly_frequency.csv
AIGC视频,3,job_bigcompany_final.csv; job_update_event_stream.csv; job_skill_monthly_frequency.csv
AIGC视频生成,3,job_bigcompany_final.csv; job_update_event_stream.csv; job_skill_monthly_frequency.csv
AIGC设计工具,3,job_bigcompany_final.csv; job_update_event_stream.csv; job_skill_monthly_frequency.csv
AIGC评测,6,job_bigcompany_final.csv; job_update_event_stream.csv; job_skill_monthly_frequency.csv
AIGP,6,job_bigcompany_final.csv; job_update_event_stream.csv; job_skill_monthly_frequency.csv
Aime,3,job_bigcompany_final.csv; job_update_event_stream.csv; job_skill_monthly_frequency.csv
AIMET,3,job_bigcompany_final.csv; job_update_event_stream.csv; job_skill_monthly_frequency.csv
AIOps,188,job_bigcompany_final.csv; job_update_event_stream.csv; job_skill_monthly_frequency.csv
AIOps平台,6,job_bigcompany_final.csv; job_update_event_stream.csv; job_skill_monthly_frequency.csv
AIOps系统架构,3,job_bigcompany_final.csv; job_update_event_stream.csv; job_skill_monthly_frequency.csv
AIOS,6,job_bigcompany_final.csv; job_update_event_stream.csv; job_skill_monthly_frequency.csv
AIOS数据结构,3,job_bigcompany_final.csv; job_update_event_stream.csv; job_skill_monthly_frequency.csv
AIoT,12,job_bigcompany_final.csv; job_update_event_stream.csv; job_skill_monthly_frequency.csv
AIoT平台,3,job_bigcompany_final.csv; job_update_event_stream.csv; job_skill_monthly_frequency.csv
Air LOG,3,job_bigcompany_final.csv; job_update_event_stream.csv; job_skill_monthly_frequency.csv
AirDrop,3,job_bigcompany_final.csv; job_update_event_stream.csv; job_skill_monthly_frequency.csv
Airflow,39,job_bigcompany_final.csv; job_update_event_stream.csv; job_skill_monthly_frequency.csv
Airtable,3,job_bigcompany_final.csv; job_update_event_stream.csv; job_skill_monthly_frequency.csv
Airtest,3,job_bigcompany_final.csv; job_update_event_stream.csv; job_skill_monthly_frequency.csv
AI一体机,3,job_bigcompany_final.csv; job_update_event_stream.csv; job_skill_monthly_frequency.csv
AI专业工具,32,job_bigcompany_final.csv; job_update_event_stream.csv; job_skill_monthly_frequency.csv
AI业务内核支持,3,job_bigcompany_final.csv; job_update_event_stream.csv; job_skill_monthly_frequency.csv
AI业务开发,3,job_bigcompany_final.csv; job_update_event_stream.csv; job_skill_monthly_frequency.csv
AI业务落地,3,job_bigcompany_final.csv; job_update_event_stream.csv; job_skill_monthly_frequency.csv
AI中台,15,job_bigcompany_final.csv; job_update_event_stream.csv; job_skill_monthly_frequency.csv
AI云,3,job_bigcompany_final.csv; job_update_event_stream.csv; job_skill_monthly_frequency.csv
AI云原生基础设施,3,job_bigcompany_final.csv; job_update_event_stream.csv; job_skill_monthly_frequency.csv
AI互联,15,job_bigcompany_final.csv; job_update_event_stream.csv; job_skill_monthly_frequency.csv
AI交互架构,3,job_bigcompany_final.csv; job_update_event_stream.csv; job_skill_monthly_frequency.csv
AI产品,63,job_bigcompany_final.csv; job_update_event_stream.csv; job_skill_monthly_frequency.csv
AI产品功能,3,job_bigcompany_final.csv; job_update_event_stream.csv; job_skill_monthly_frequency.csv
AI产品安全,3,job_bigcompany_final.csv; job_update_event_stream.csv; job_skill_monthly_frequency.csv
AI产品开发,6,job_bigcompany_final.csv; job_update_event_stream.csv; job_skill_monthly_frequency.csv
AI产品测试,11,job_bigcompany_final.csv; job_update_event_stream.csv; job_skill_monthly_frequency.csv
AI产品测试开发,3,job_bigcompany_final.csv; job_update_event_stream.csv; job_skill_monthly_frequency.csv
AI产品测试技术,3,job_bigcompany_final.csv; job_update_event_stream.csv; job_skill_monthly_frequency.csv
AI产品设计,6,job_bigcompany_final.csv; job_update_event_stream.csv; job_skill_monthly_frequency.csv
AI产品评测,9,job_bigcompany_final.csv; job_update_event_stream.csv; job_skill_monthly_frequency.csv
AI产品质量保障,3,job_bigcompany_final.csv; job_update_event_stream.csv; job_skill_monthly_frequency.csv
AI产品运营,3,job_bigcompany_final.csv; job_update_event_stream.csv; job_skill_monthly_frequency.csv
AI人力资源应用,3,job_bigcompany_final.csv; job_update_event_stream.csv; job_skill_monthly_frequency.csv
AI代码助手,6,job_bigcompany_final.csv; job_update_event_stream.csv; job_skill_monthly_frequency.csv
AI代码安全审计,3,job_bigcompany_final.csv; job_update_event_stream.csv; job_skill_monthly_frequency.csv
AI代码审查,3,job_bigcompany_final.csv; job_update_event_stream.csv; job_skill_monthly_frequency.csv
AI代码生成,6,job_bigcompany_final.csv; job_update_event_stream.csv; job_skill_monthly_frequency.csv
AI代码补全,3,job_bigcompany_final.csv; job_update_event_stream.csv; job_skill_monthly_frequency.csv
AI任务容错,6,job_bigcompany_final.csv; job_update_event_stream.csv; job_skill_monthly_frequency.csv
AI企业落地,3,job_bigcompany_final.csv; job_update_event_stream.csv; job_skill_monthly_frequency.csv
AI优化流水线,3,job_bigcompany_final.csv; job_update_event_stream.csv; job_skill_monthly_frequency.csv
AI传输协议,3,job_bigcompany_final.csv; job_update_event_stream.csv; job_skill_monthly_frequency.csv
AI伦理,6,job_bigcompany_final.csv; job_update_event_stream.csv; job_skill_monthly_frequency.csv
AI全栈分析,3,job_bigcompany_final.csv; job_update_event_stream.csv; job_skill_monthly_frequency.csv
AI全栈开发,9,job_bigcompany_final.csv; job_update_event_stream.csv; job_skill_monthly_frequency.csv
AI全栈测试,3,job_bigcompany_final.csv; job_update_event_stream.csv; job_skill_monthly_frequency.csv
AI全链路,3,job_bigcompany_final.csv; job_update_event_stream.csv; job_skill_monthly_frequency.csv
AI关卡编辑,3,job_bigcompany_final.csv; job_update_event_stream.csv; job_skill_monthly_frequency.csv
AI内存带宽,3,job_bigcompany_final.csv; job_update_event_stream.csv; job_skill_monthly_frequency.csv
AI内容安全,3,job_bigcompany_final.csv; job_update_event_stream.csv; job_skill_monthly_frequency.csv
AI写评,3,job_bigcompany_final.csv; job_update_event_stream.csv; job_skill_monthly_frequency.csv
AI分发机制,3,job_bigcompany_final.csv; job_update_event_stream.csv; job_skill_monthly_frequency.csv
AI分析工具,6,job_bigcompany_final.csv; job_update_event_stream.csv; job_skill_monthly_frequency.csv
AI创作,3,job_bigcompany_final.csv; job_update_event_stream.csv; job_skill_monthly_frequency.csv
AI前沿技术研究,6,job_bigcompany_final.csv; job_update_event_stream.csv; job_skill_monthly_frequency.csv
AI前端,6,job_bigcompany_final.csv; job_update_event_stream.csv; job_skill_monthly_frequency.csv
AI前端交互集成,3,job_bigcompany_final.csv; job_update_event_stream.csv; job_skill_monthly_frequency.csv
AI前端产品,3,job_bigcompany_final.csv; job_update_event_stream.csv; job_skill_monthly_frequency.csv
AI前端应用,6,job_bigcompany_final.csv; job_update_event_stream.csv; job_skill_monthly_frequency.csv
AI功能优化,3,job_bigcompany_final.csv; job_update_event_stream.csv; job_skill_monthly_frequency.csv
AI功能调试,3,job_bigcompany_final.csv; job_update_event_stream.csv; job_skill_monthly_frequency.csv
AI加速,6,job_bigcompany_final.csv; job_update_event_stream.csv; job_skill_monthly_frequency.csv
AI加速卡,6,job_bigcompany_final.csv; job_update_event_stream.csv; job_skill_monthly_frequency.csv
AI加速卡PCBA工艺,3,job_bigcompany_final.csv; job_update_event_stream.csv; job_skill_monthly_frequency.csv
AI加速卡硬件,3,job_bigcompany_final.csv; job_update_event_stream.csv; job_skill_monthly_frequency.csv
AI加速卡评测,3,job_bigcompany_final.csv; job_update_event_stream.csv; job_skill_monthly_frequency.csv
AI加速器,81,job_bigcompany_final.csv; job_update_event_stream.csv; job_skill_monthly_frequency.csv
AI加速器架构,3,job_bigcompany_final.csv; job_update_event_stream.csv; job_skill_monthly_frequency.csv
AI加速器编程,3,job_bigcompany_final.csv; job_update_event_stream.csv; job_skill_monthly_frequency.csv
AI加速器访存子系统,3,job_bigcompany_final.csv; job_update_event_stream.csv; job_skill_monthly_frequency.csv
AI加速器驱动开发,3,job_bigcompany_final.csv; job_update_event_stream.csv; job_skill_monthly_frequency.csv
AI加速器验证,9,job_bigcompany_final.csv; job_update_event_stream.csv; job_skill_monthly_frequency.csv
AI加速平台测试,3,job_bigcompany_final.csv; job_update_event_stream.csv; job_skill_monthly_frequency.csv
AI加速库,3,job_bigcompany_final.csv; job_update_event_stream.csv; job_skill_monthly_frequency.csv
AI加速硬件,32,job_bigcompany_final.csv; job_update_event_stream.csv; job_skill_monthly_frequency.csv
AI加速芯片,11,job_bigcompany_final.csv; job_update_event_stream.csv; job_skill_monthly_frequency.csv
AI助手,21,job_bigcompany_final.csv; job_update_event_stream.csv; job_skill_monthly_frequency.csv
AI助手产品质量,3,job_bigcompany_final.csv; job_update_event_stream.csv; job_skill_monthly_frequency.csv
AI助理,3,job_bigcompany_final.csv; job_update_event_stream.csv; job_skill_monthly_frequency.csv
AI医疗器械,3,job_bigcompany_final.csv; job_update_event_stream.csv; job_skill_monthly_frequency.csv
AI协作,3,job_bigcompany_final.csv; job_update_event_stream.csv; job_skill_monthly_frequency.csv
AI协同,3,job_bigcompany_final.csv; job_update_event_stream.csv; job_skill_monthly_frequency.csv
AI协同分析,3,job_bigcompany_final.csv; job_update_event_stream.csv; job_skill_monthly_frequency.csv
AI原生,3,job_bigcompany_final.csv; job_update_event_stream.csv; job_skill_monthly_frequency.csv
AI原生TDD,3,job_bigcompany_final.csv; job_update_event_stream.csv; job_skill_monthly_frequency.csv
AI原生产品,6,job_bigcompany_final.csv; job_update_event_stream.csv; job_skill_monthly_frequency.csv
AI原生产品开发,3,job_bigcompany_final.csv; job_update_event_stream.csv; job_skill_monthly_frequency.csv
AI原生应用,33,job_bigcompany_final.csv; job_update_event_stream.csv; job_skill_monthly_frequency.csv
AI原生开发,3,job_bigcompany_final.csv; job_update_event_stream.csv; job_skill_monthly_frequency.csv
AI原生架构,3,job_bigcompany_final.csv; job_update_event_stream.csv; job_skill_monthly_frequency.csv
AI原生系统,3,job_bigcompany_final.csv; job_update_event_stream.csv; job_skill_monthly_frequency.csv
AI原生编码,3,job_bigcompany_final.csv; job_update_event_stream.csv; job_skill_monthly_frequency.csv
AI友好工程架构,3,job_bigcompany_final.csv; job_update_event_stream.csv; job_skill_monthly_frequency.csv
AI可观测性,3,job_bigcompany_final.csv; job_update_event_stream.csv; job_skill_monthly_frequency.csv
AI可靠性,6,job_bigcompany_final.csv; job_update_event_stream.csv; job_skill_monthly_frequency.csv
AI合规,9,job_bigcompany_final.csv; job_update_event_stream.csv; job_skill_monthly_frequency.csv
AI后端接口,3,job_bigcompany_final.csv; job_update_event_stream.csv; job_skill_monthly_frequency.csv
AI后端服务,3,job_bigcompany_final.csv; job_update_event_stream.csv; job_skill_monthly_frequency.csv
AI后端研发,3,job_bigcompany_final.csv; job_update_event_stream.csv; job_skill_monthly_frequency.csv
AI后端融合,3,job_bigcompany_final.csv; job_update_event_stream.csv; job_skill_monthly_frequency.csv
AI后训练,3,job_bigcompany_final.csv; job_update_event_stream.csv; job_skill_monthly_frequency.csv
AI图像处理,3,job_bigcompany_final.csv; job_update_event_stream.csv; job_skill_monthly_frequency.csv
AI图像生成,6,job_bigcompany_final.csv; job_update_event_stream.csv; job_skill_monthly_frequency.csv
AI图像画质增强,6,job_bigcompany_final.csv; job_update_event_stream.csv; job_skill_monthly_frequency.csv
AI图像算法评估,3,job_bigcompany_final.csv; job_update_event_stream.csv; job_skill_monthly_frequency.csv
AI在线推理,3,job_bigcompany_final.csv; job_update_event_stream.csv; job_skill_monthly_frequency.csv
AI场景孵化,3,job_bigcompany_final.csv; job_update_event_stream.csv; job_skill_monthly_frequency.csv
AI场景应用,3,job_bigcompany_final.csv; job_update_event_stream.csv; job_skill_monthly_frequency.csv
AI场景落地,3,job_bigcompany_final.csv; job_update_event_stream.csv; job_skill_monthly_frequency.csv
AI培训,3,job_bigcompany_final.csv; job_update_event_stream.csv; job_skill_monthly_frequency.csv
AI基础,3,job_bigcompany_final.csv; job_update_event_stream.csv; job_skill_monthly_frequency.csv
AI基础原理,3,job_bigcompany_final.csv; job_update_event_stream.csv; job_skill_monthly_frequency.csv
AI基础工具,3,job_bigcompany_final.csv; job_update_event_stream.csv; job_skill_monthly_frequency.csv
AI基础架构,3,job_bigcompany_final.csv; job_update_event_stream.csv; job_skill_monthly_frequency.csv
AI基础知识,6,job_bigcompany_final.csv; job_update_event_stream.csv; job_skill_monthly_frequency.csv
AI基础硬件,5,job_bigcompany_final.csv; job_update_event_stream.csv; job_skill_monthly_frequency.csv
AI基础设施,103,job_bigcompany_final.csv; job_update_event_stream.csv; job_skill_monthly_frequency.csv
AI基础设施底层软件,3,job_bigcompany_final.csv; job_update_event_stream.csv; job_skill_monthly_frequency.csv
AI基础设施开源项目,3,job_bigcompany_final.csv; job_update_event_stream.csv; job_skill_monthly_frequency.csv
AI基础设施软件架构,3,job_bigcompany_final.csv; job_update_event_stream.csv; job_skill_monthly_frequency.csv
AI基础设施运维,6,job_bigcompany_final.csv; job_update_event_stream.csv; job_skill_monthly_frequency.csv
AI增强开发,3,job_bigcompany_final.csv; job_update_event_stream.csv; job_skill_monthly_frequency.csv
AI处理器,3,job_bigcompany_final.csv; job_update_event_stream.csv; job_skill_monthly_frequency.csv
AI外呼,3,job_bigcompany_final.csv; job_update_event_stream.csv; job_skill_monthly_frequency.csv
AI多模态交互,3,job_bigcompany_final.csv; job_update_event_stream.csv; job_skill_monthly_frequency.csv
AI多模态预处理,3,job_bigcompany_final.csv; job_update_event_stream.csv; job_skill_monthly_frequency.csv
AI大数据分析,3,job_bigcompany_final.csv; job_update_event_stream.csv; job_skill_monthly_frequency.csv
AI大数据平台,3,job_bigcompany_final.csv; job_update_event_stream.csv; job_skill_monthly_frequency.csv
AI大模型,100,job_bigcompany_final.csv; job_update_event_stream.csv; job_skill_monthly_frequency.csv
AI大模型工程化,3,job_bigcompany_final.csv; job_update_event_stream.csv; job_skill_monthly_frequency.csv
AI大模型工程落地,3,job_bigcompany_final.csv; job_update_event_stream.csv; job_skill_monthly_frequency.csv
AI大模型应用,23,job_bigcompany_final.csv; job_update_event_stream.csv; job_skill_monthly_frequency.csv
AI大模型应用开发,3,job_bigcompany_final.csv; job_update_event_stream.csv; job_skill_monthly_frequency.csv
AI大模型推理,6,job_bigcompany_final.csv; job_update_event_stream.csv; job_skill_monthly_frequency.csv
AI大模型攻击,3,job_bigcompany_final.csv; job_update_event_stream.csv; job_skill_monthly_frequency.csv
AI大模型服务,3,job_bigcompany_final.csv; job_update_event_stream.csv; job_skill_monthly_frequency.csv
AI大模型服务端集成,3,job_bigcompany_final.csv; job_update_event_stream.csv; job_skill_monthly_frequency.csv
AI大模型架构,6,job_bigcompany_final.csv; job_update_event_stream.csv; job_skill_monthly_frequency.csv
AI大模型端侧应用,3,job_bigcompany_final.csv; job_update_event_stream.csv; job_skill_monthly_frequency.csv
AI大模型训练,3,job_bigcompany_final.csv; job_update_event_stream.csv; job_skill_monthly_frequency.csv
AI大模型评测,3,job_bigcompany_final.csv; job_update_event_stream.csv; job_skill_monthly_frequency.csv
AI大模型部署,3,job_bigcompany_final.csv; job_update_event_stream.csv; job_skill_monthly_frequency.csv
AI子系统,9,job_bigcompany_final.csv; job_update_event_stream.csv; job_skill_monthly_frequency.csv
AI存储需求,3,job_bigcompany_final.csv; job_update_event_stream.csv; job_skill_monthly_frequency.csv
AI安全,162,job_bigcompany_final.csv; job_update_event_stream.csv; job_skill_monthly_frequency.csv
AI安全分析工具,3,job_bigcompany_final.csv; job_update_event_stream.csv; job_skill_monthly_frequency.csv
AI安全合规,6,job_bigcompany_final.csv; job_update_event_stream.csv; job_skill_monthly_frequency.csv
AI安全威胁,3,job_bigcompany_final.csv; job_update_event_stream.csv; job_skill_monthly_frequency.csv
AI安全审计,3,job_bigcompany_final.csv; job_update_event_stream.csv; job_skill_monthly_frequency.csv
AI安全对齐,6,job_bigcompany_final.csv; job_update_event_stream.csv; job_skill_monthly_frequency.csv
AI安全工具,3,job_bigcompany_final.csv; job_update_event_stream.csv; job_skill_monthly_frequency.csv
AI安全工具链,3,job_bigcompany_final.csv; job_update_event_stream.csv; job_skill_monthly_frequency.csv
AI安全应用,6,job_bigcompany_final.csv; job_update_event_stream.csv; job_skill_monthly_frequency.csv
AI安全挑战赛,6,job_bigcompany_final.csv; job_update_event_stream.csv; job_skill_monthly_frequency.csv
AI安全攻防,3,job_bigcompany_final.csv; job_update_event_stream.csv; job_skill_monthly_frequency.csv
AI安全标准,3,job_bigcompany_final.csv; job_update_event_stream.csv; job_skill_monthly_frequency.csv
AI安全框架,6,job_bigcompany_final.csv; job_update_event_stream.csv; job_skill_monthly_frequency.csv
AI安全竞赛,3,job_bigcompany_final.csv; job_update_event_stream.csv; job_skill_monthly_frequency.csv
AI安全网关,6,job_bigcompany_final.csv; job_update_event_stream.csv; job_skill_monthly_frequency.csv
AI安全认证,3,job_bigcompany_final.csv; job_update_event_stream.csv; job_skill_monthly_frequency.csv
AI安全风险,6,job_bigcompany_final.csv; job_update_event_stream.csv; job_skill_monthly_frequency.csv
AI实践,6,job_bigcompany_final.csv; job_update_event_stream.csv; job_skill_monthly_frequency.csv
AI实验分析,3,job_bigcompany_final.csv; job_update_event_stream.csv; job_skill_monthly_frequency.csv
AI审计,3,job_bigcompany_final.csv; job_update_event_stream.csv; job_skill_monthly_frequency.csv
AI客服,3,job_bigcompany_final.csv; job_update_event_stream.csv; job_skill_monthly_frequency.csv
AI客服工程化,3,job_bigcompany_final.csv; job_update_event_stream.csv; job_skill_monthly_frequency.csv
AI客服系统,3,job_bigcompany_final.csv; job_update_event_stream.csv; job_skill_monthly_frequency.csv
AI对抗,3,job_bigcompany_final.csv; job_update_event_stream.csv; job_skill_monthly_frequency.csv
AI对抗攻防,3,job_bigcompany_final.csv; job_update_event_stream.csv; job_skill_monthly_frequency.csv
AI对抗样本,3,job_bigcompany_final.csv; job_update_event_stream.csv; job_skill_monthly_frequency.csv
AI对话产品,3,job_bigcompany_final.csv; job_update_event_stream.csv; job_skill_monthly_frequency.csv
AI对齐,3,job_bigcompany_final.csv; job_update_event_stream.csv; job_skill_monthly_frequency.csv
AI导购系统架构,3,job_bigcompany_final.csv; job_update_event_stream.csv; job_skill_monthly_frequency.csv
AI工作流,23,job_bigcompany_final.csv; job_update_event_stream.csv; job_skill_monthly_frequency.csv
AI工作负载,3,job_bigcompany_final.csv; job_update_event_stream.csv; job_skill_monthly_frequency.csv
AI工作负载调度,3,job_bigcompany_final.csv; job_update_event_stream.csv; job_skill_monthly_frequency.csv
AI工具,338,job_bigcompany_final.csv; job_update_event_stream.csv; job_skill_monthly_frequency.csv
AI工具二次开发,3,job_bigcompany_final.csv; job_update_event_stream.csv; job_skill_monthly_frequency.csv
AI工具使用,6,job_bigcompany_final.csv; job_update_event_stream.csv; job_skill_monthly_frequency.csv
AI工具安全,3,job_bigcompany_final.csv; job_update_event_stream.csv; job_skill_monthly_frequency.csv
AI工具定制化开发,3,job_bigcompany_final.csv; job_update_event_stream.csv; job_skill_monthly_frequency.csv
AI工具建设,3,job_bigcompany_final.csv; job_update_event_stream.csv; job_skill_monthly_frequency.csv
AI工具开发,9,job_bigcompany_final.csv; job_update_event_stream.csv; job_skill_monthly_frequency.csv
AI工具栈,3,job_bigcompany_final.csv; job_update_event_stream.csv; job_skill_monthly_frequency.csv
AI工具研发,3,job_bigcompany_final.csv; job_update_event_stream.csv; job_skill_monthly_frequency.csv
AI工具编排,3,job_bigcompany_final.csv; job_update_event_stream.csv; job_skill_monthly_frequency.csv
AI工具链,21,job_bigcompany_final.csv; job_update_event_stream.csv; job_skill_monthly_frequency.csv
AI工具链测试,3,job_bigcompany_final.csv; job_update_event_stream.csv; job_skill_monthly_frequency.csv
AI工具链集成,3,job_bigcompany_final.csv; job_update_event_stream.csv; job_skill_monthly_frequency.csv
AI工程,39,job_bigcompany_final.csv; job_update_event_stream.csv; job_skill_monthly_frequency.csv
AI工程优化,3,job_bigcompany_final.csv; job_update_event_stream.csv; job_skill_monthly_frequency.csv
AI工程化,103,job_bigcompany_final.csv; job_update_event_stream.csv; job_skill_monthly_frequency.csv
AI工程实践,3,job_bigcompany_final.csv; job_update_event_stream.csv; job_skill_monthly_frequency.csv
AI工程工作流,3,job_bigcompany_final.csv; job_update_event_stream.csv; job_skill_monthly_frequency.csv
AI工程平台,9,job_bigcompany_final.csv; job_update_event_stream.csv; job_skill_monthly_frequency.csv
AI工程应用,6,job_bigcompany_final.csv; job_update_event_stream.csv; job_skill_monthly_frequency.csv
AI工程技术,3,job_bigcompany_final.csv; job_update_event_stream.csv; job_skill_monthly_frequency.csv
AI工程提效,3,job_bigcompany_final.csv; job_update_event_stream.csv; job_skill_monthly_frequency.csv
AI工程架构,3,job_bigcompany_final.csv; job_update_event_stream.csv; job_skill_monthly_frequency.csv
AI工程框架,3,job_bigcompany_final.csv; job_update_event_stream.csv; job_skill_monthly_frequency.csv
AI工程系统优化,6,job_bigcompany_final.csv; job_update_event_stream.csv; job_skill_monthly_frequency.csv
AI工程系统架构,3,job_bigcompany_final.csv; job_update_event_stream.csv; job_skill_monthly_frequency.csv
AI工程落地,12,job_bigcompany_final.csv; job_update_event_stream.csv; job_skill_monthly_frequency.csv
AI工程规范,3,job_bigcompany_final.csv; job_update_event_stream.csv; job_skill_monthly_frequency.csv
AI平台,68,job_bigcompany_final.csv; job_update_event_stream.csv; job_skill_monthly_frequency.csv
AI平台开发,3,job_bigcompany_final.csv; job_update_event_stream.csv; job_skill_monthly_frequency.csv
AI平台搭建,3,job_bigcompany_final.csv; job_update_event_stream.csv; job_skill_monthly_frequency.csv
AI平台服务端,3,job_bigcompany_final.csv; job_update_event_stream.csv; job_skill_monthly_frequency.csv
AI平台架构,6,job_bigcompany_final.csv; job_update_event_stream.csv; job_skill_monthly_frequency.csv
AI平台研发,6,job_bigcompany_final.csv; job_update_event_stream.csv; job_skill_monthly_frequency.csv
AI应用,200,job_bigcompany_final.csv; job_update_event_stream.csv; job_skill_monthly_frequency.csv
AI应用产品,3,job_bigcompany_final.csv; job_update_event_stream.csv; job_skill_monthly_frequency.csv
AI应用前端,3,job_bigcompany_final.csv; job_update_event_stream.csv; job_skill_monthly_frequency.csv
AI应用原型,3,job_bigcompany_final.csv; job_update_event_stream.csv; job_skill_monthly_frequency.csv
AI应用后端,3,job_bigcompany_final.csv; job_update_event_stream.csv; job_skill_monthly_frequency.csv
AI应用商店,3,job_bigcompany_final.csv; job_update_event_stream.csv; job_skill_monthly_frequency.csv
AI应用基础设施,3,job_bigcompany_final.csv; job_update_event_stream.csv; job_skill_monthly_frequency.csv
AI应用安全,9,job_bigcompany_final.csv; job_update_event_stream.csv; job_skill_monthly_frequency.csv
AI应用工程,6,job_bigcompany_final.csv; job_update_event_stream.csv; job_skill_monthly_frequency.csv
AI应用平台,6,job_bigcompany_final.csv; job_update_event_stream.csv; job_skill_monthly_frequency.csv
AI应用开发,198,job_bigcompany_final.csv; job_update_event_stream.csv; job_skill_monthly_frequency.csv
AI应用开发平台,3,job_bigcompany_final.csv; job_update_event_stream.csv; job_skill_monthly_frequency.csv
AI应用性能调优,3,job_bigcompany_final.csv; job_update_event_stream.csv; job_skill_monthly_frequency.csv
AI应用搭建,3,job_bigcompany_final.csv; job_update_event_stream.csv; job_skill_monthly_frequency.csv
AI应用数据,6,job_bigcompany_final.csv; job_update_event_stream.csv; job_skill_monthly_frequency.csv
AI应用构建,3,job_bigcompany_final.csv; job_update_event_stream.csv; job_skill_monthly_frequency.csv
AI应用架构,24,job_bigcompany_final.csv; job_update_event_stream.csv; job_skill_monthly_frequency.csv
AI应用架构模式,3,job_bigcompany_final.csv; job_update_event_stream.csv; job_skill_monthly_frequency.csv
AI应用框架,9,job_bigcompany_final.csv; job_update_event_stream.csv; job_skill_monthly_frequency.csv
AI应用测试,36,job_bigcompany_final.csv; job_update_event_stream.csv; job_skill_monthly_frequency.csv
AI应用监控,3,job_bigcompany_final.csv; job_update_event_stream.csv; job_skill_monthly_frequency.csv
AI应用研发,12,job_bigcompany_final.csv; job_update_event_stream.csv; job_skill_monthly_frequency.csv
AI应用落地,3,job_bigcompany_final.csv; job_update_event_stream.csv; job_skill_monthly_frequency.csv
AI应用评估,3,job_bigcompany_final.csv; job_update_event_stream.csv; job_skill_monthly_frequency.csv
AI应用评测,3,job_bigcompany_final.csv; job_update_event_stream.csv; job_skill_monthly_frequency.csv
AI应用调优,3,job_bigcompany_final.csv; job_update_event_stream.csv; job_skill_monthly_frequency.csv
AI应用质量保障,3,job_bigcompany_final.csv; job_update_event_stream.csv; job_skill_monthly_frequency.csv
AI应用部署平台,3,job_bigcompany_final.csv; job_update_event_stream.csv; job_skill_monthly_frequency.csv
AI应用集成,3,job_bigcompany_final.csv; job_update_event_stream.csv; job_skill_monthly_frequency.csv
AI建站,6,job_bigcompany_final.csv; job_update_event_stream.csv; job_skill_monthly_frequency.csv
AI开发,18,job_bigcompany_final.csv; job_update_event_stream.csv; job_skill_monthly_frequency.csv
AI开发工具,82,job_bigcompany_final.csv; job_update_event_stream.csv; job_skill_monthly_frequency.csv
AI开发平台,3,job_bigcompany_final.csv; job_update_event_stream.csv; job_skill_monthly_frequency.csv
AI开发框架,6,job_bigcompany_final.csv; job_update_event_stream.csv; job_skill_monthly_frequency.csv
AI开发模型,3,job_bigcompany_final.csv; job_update_event_stream.csv; job_skill_monthly_frequency.csv
AI开发者平台,6,job_bigcompany_final.csv; job_update_event_stream.csv; job_skill_monthly_frequency.csv
AI开放平台,3,job_bigcompany_final.csv; job_update_event_stream.csv; job_skill_monthly_frequency.csv
AI开源,3,job_bigcompany_final.csv; job_update_event_stream.csv; job_skill_monthly_frequency.csv
AI影像,6,job_bigcompany_final.csv; job_update_event_stream.csv; job_skill_monthly_frequency.csv
AI影像算法,3,job_bigcompany_final.csv; job_update_event_stream.csv; job_skill_monthly_frequency.csv
AI微调,3,job_bigcompany_final.csv; job_update_event_stream.csv; job_skill_monthly_frequency.csv
AI性能测试,3,job_bigcompany_final.csv; job_update_event_stream.csv; job_skill_monthly_frequency.csv
AI性能调优,6,job_bigcompany_final.csv; job_update_event_stream.csv; job_skill_monthly_frequency.csv
AI总结,3,job_bigcompany_final.csv; job_update_event_stream.csv; job_skill_monthly_frequency.csv
AI感知,9,job_bigcompany_final.csv; job_update_event_stream.csv; job_skill_monthly_frequency.csv
AI手机,6,job_bigcompany_final.csv; job_update_event_stream.csv; job_skill_monthly_frequency.csv
AI技术,70,job_bigcompany_final.csv; job_update_event_stream.csv; job_skill_monthly_frequency.csv
AI技术原理,3,job_bigcompany_final.csv; job_update_event_stream.csv; job_skill_monthly_frequency.csv
AI技术实践,6,job_bigcompany_final.csv; job_update_event_stream.csv; job_skill_monthly_frequency.csv
AI技术应用,6,job_bigcompany_final.csv; job_update_event_stream.csv; job_skill_monthly_frequency.csv
AI技术建设,3,job_bigcompany_final.csv; job_update_event_stream.csv; job_skill_monthly_frequency.csv
AI技术框架,3,job_bigcompany_final.csv; job_update_event_stream.csv; job_skill_monthly_frequency.csv
AI技术生态,3,job_bigcompany_final.csv; job_update_event_stream.csv; job_skill_monthly_frequency.csv
AI技术落地,3,job_bigcompany_final.csv; job_update_event_stream.csv; job_skill_monthly_frequency.csv
AI护栏,3,job_bigcompany_final.csv; job_update_event_stream.csv; job_skill_monthly_frequency.csv
AI推理,71,job_bigcompany_final.csv; job_update_event_stream.csv; job_skill_monthly_frequency.csv
AI推理IO,3,job_bigcompany_final.csv; job_update_event_stream.csv; job_skill_monthly_frequency.csv
AI推理优化,9,job_bigcompany_final.csv; job_update_event_stream.csv; job_skill_monthly_frequency.csv
AI推理加速,3,job_bigcompany_final.csv; job_update_event_stream.csv; job_skill_monthly_frequency.csv
AI推理存储,6,job_bigcompany_final.csv; job_update_event_stream.csv; job_skill_monthly_frequency.csv
AI推理存储加速,3,job_bigcompany_final.csv; job_update_event_stream.csv; job_skill_monthly_frequency.csv
AI推理工程,3,job_bigcompany_final.csv; job_update_event_stream.csv; job_skill_monthly_frequency.csv
AI推理平台,6,job_bigcompany_final.csv; job_update_event_stream.csv; job_skill_monthly_frequency.csv
AI推理引擎,6,job_bigcompany_final.csv; job_update_event_stream.csv; job_skill_monthly_frequency.csv
AI推理性能分析,9,job_bigcompany_final.csv; job_update_event_stream.csv; job_skill_monthly_frequency.csv
AI推理服务,3,job_bigcompany_final.csv; job_update_event_stream.csv; job_skill_monthly_frequency.csv
AI推理框架,24,job_bigcompany_final.csv; job_update_event_stream.csv; job_skill_monthly_frequency.csv
AI推理框架驱动层适配,3,job_bigcompany_final.csv; job_update_event_stream.csv; job_skill_monthly_frequency.csv
AI推理网关,3,job_bigcompany_final.csv; job_update_event_stream.csv; job_skill_monthly_frequency.csv
AI推理网络,6,job_bigcompany_final.csv; job_update_event_stream.csv; job_skill_monthly_frequency.csv
AI推理网络优化,6,job_bigcompany_final.csv; job_update_event_stream.csv; job_skill_monthly_frequency.csv
AI推理网络调优,3,job_bigcompany_final.csv; job_update_event_stream.csv; job_skill_monthly_frequency.csv
AI推理芯片,6,job_bigcompany_final.csv; job_update_event_stream.csv; job_skill_monthly_frequency.csv
AI推理通信,3,job_bigcompany_final.csv; job_update_event_stream.csv; job_skill_monthly_frequency.csv
AI推理验证,12,job_bigcompany_final.csv; job_update_event_stream.csv; job_skill_monthly_frequency.csv
AI推荐,9,job_bigcompany_final.csv; job_update_event_stream.csv; job_skill_monthly_frequency.csv
AI提效,6,job_bigcompany_final.csv; job_update_event_stream.csv; job_skill_monthly_frequency.csv
AI插帧,3,job_bigcompany_final.csv; job_update_event_stream.csv; job_skill_monthly_frequency.csv
AI搜索,63,job_bigcompany_final.csv; job_update_event_stream.csv; job_skill_monthly_frequency.csv
AI搜索算法,12,job_bigcompany_final.csv; job_update_event_stream.csv; job_skill_monthly_frequency.csv
AI搭建平台,3,job_bigcompany_final.csv; job_update_event_stream.csv; job_skill_monthly_frequency.csv
AI攻防,6,job_bigcompany_final.csv; job_update_event_stream.csv; job_skill_monthly_frequency.csv
AI效果偏差分析,3,job_bigcompany_final.csv; job_update_event_stream.csv; job_skill_monthly_frequency.csv
AI效果评估,3,job_bigcompany_final.csv; job_update_event_stream.csv; job_skill_monthly_frequency.csv
AI教育应用,3,job_bigcompany_final.csv; job_update_event_stream.csv; job_skill_monthly_frequency.csv
AI数字员工,3,job_bigcompany_final.csv; job_update_event_stream.csv; job_skill_monthly_frequency.csv
AI数据,12,job_bigcompany_final.csv; job_update_event_stream.csv; job_skill_monthly_frequency.csv
AI数据产品,9,job_bigcompany_final.csv; job_update_event_stream.csv; job_skill_monthly_frequency.csv
AI数据体系,3,job_bigcompany_final.csv; job_update_event_stream.csv; job_skill_monthly_frequency.csv
AI数据分析,6,job_bigcompany_final.csv; job_update_event_stream.csv; job_skill_monthly_frequency.csv
AI数据分析工具,6,job_bigcompany_final.csv; job_update_event_stream.csv; job_skill_monthly_frequency.csv
AI数据加速,3,job_bigcompany_final.csv; job_update_event_stream.csv; job_skill_monthly_frequency.csv
AI数据合成,3,job_bigcompany_final.csv; job_update_event_stream.csv; job_skill_monthly_frequency.csv
AI数据基建平台,3,job_bigcompany_final.csv; job_update_event_stream.csv; job_skill_monthly_frequency.csv
AI数据处理,3,job_bigcompany_final.csv; job_update_event_stream.csv; job_skill_monthly_frequency.csv
AI数据工程,15,job_bigcompany_final.csv; job_update_event_stream.csv; job_skill_monthly_frequency.csv
AI数据平台,6,job_bigcompany_final.csv; job_update_event_stream.csv; job_skill_monthly_frequency.csv
AI数据开发,6,job_bigcompany_final.csv; job_update_event_stream.csv; job_skill_monthly_frequency.csv
AI数据开发平台,3,job_bigcompany_final.csv; job_update_event_stream.csv; job_skill_monthly_frequency.csv
AI数据技术,3,job_bigcompany_final.csv; job_update_event_stream.csv; job_skill_monthly_frequency.csv
AI数据标准,3,job_bigcompany_final.csv; job_update_event_stream.csv; job_skill_monthly_frequency.csv
AI数据治理,15,job_bigcompany_final.csv; job_update_event_stream.csv; job_skill_monthly_frequency.csv
AI数据消费体系,3,job_bigcompany_final.csv; job_update_event_stream.csv; job_skill_monthly_frequency.csv
AI数据湖,3,job_bigcompany_final.csv; job_update_event_stream.csv; job_skill_monthly_frequency.csv
AI数据管道,3,job_bigcompany_final.csv; job_update_event_stream.csv; job_skill_monthly_frequency.csv
AI数据统计,3,job_bigcompany_final.csv; job_update_event_stream.csv; job_skill_monthly_frequency.csv
AI文档安全编辑,3,job_bigcompany_final.csv; job_update_event_stream.csv; job_skill_monthly_frequency.csv
AI文档理解,3,job_bigcompany_final.csv; job_update_event_stream.csv; job_skill_monthly_frequency.csv
AI显示功能,3,job_bigcompany_final.csv; job_update_event_stream.csv; job_skill_monthly_frequency.csv
AI智能体,12,job_bigcompany_final.csv; job_update_event_stream.csv; job_skill_monthly_frequency.csv
AI智能体应用,3,job_bigcompany_final.csv; job_update_event_stream.csv; job_skill_monthly_frequency.csv
AI智能体应用开发,3,job_bigcompany_final.csv; job_update_event_stream.csv; job_skill_monthly_frequency.csv
AI智能分析平台,3,job_bigcompany_final.csv; job_update_event_stream.csv; job_skill_monthly_frequency.csv
AI智能办公,3,job_bigcompany_final.csv; job_update_event_stream.csv; job_skill_monthly_frequency.csv
AI智能助手,3,job_bigcompany_final.csv; job_update_event_stream.csv; job_skill_monthly_frequency.csv
AI智能化产品,3,job_bigcompany_final.csv; job_update_event_stream.csv; job_skill_monthly_frequency.csv
AI智能化改造,3,job_bigcompany_final.csv; job_update_event_stream.csv; job_skill_monthly_frequency.csv
AI智能测试,3,job_bigcompany_final.csv; job_update_event_stream.csv; job_skill_monthly_frequency.csv
AI智能硬件,3,job_bigcompany_final.csv; job_update_event_stream.csv; job_skill_monthly_frequency.csv
AI智能编码,3,job_bigcompany_final.csv; job_update_event_stream.csv; job_skill_monthly_frequency.csv
AI智能辅助,3,job_bigcompany_final.csv; job_update_event_stream.csv; job_skill_monthly_frequency.csv
AI智能运维,6,job_bigcompany_final.csv; job_update_event_stream.csv; job_skill_monthly_frequency.csv
AI服务化,3,job_bigcompany_final.csv; job_update_event_stream.csv; job_skill_monthly_frequency.csv
AI服务器,48,job_bigcompany_final.csv; job_update_event_stream.csv; job_skill_monthly_frequency.csv
AI服务器架构,3,job_bigcompany_final.csv; job_update_event_stream.csv; job_skill_monthly_frequency.csv
AI服务器硬件,3,job_bigcompany_final.csv; job_update_event_stream.csv; job_skill_monthly_frequency.csv
AI服务落地,3,job_bigcompany_final.csv; job_update_event_stream.csv; job_skill_monthly_frequency.csv
AI服务计费,3,job_bigcompany_final.csv; job_update_event_stream.csv; job_skill_monthly_frequency.csv
AI服务部署,6,job_bigcompany_final.csv; job_update_event_stream.csv; job_skill_monthly_frequency.csv
AI本地化部署,3,job_bigcompany_final.csv; job_update_event_stream.csv; job_skill_monthly_frequency.csv
AI架构,42,job_bigcompany_final.csv; job_update_event_stream.csv; job_skill_monthly_frequency.csv
AI标注,3,job_bigcompany_final.csv; job_update_event_stream.csv; job_skill_monthly_frequency.csv
AI框架,63,job_bigcompany_final.csv; job_update_event_stream.csv; job_skill_monthly_frequency.csv
AI框架内核,3,job_bigcompany_final.csv; job_update_event_stream.csv; job_skill_monthly_frequency.csv
AI框架开发,3,job_bigcompany_final.csv; job_update_event_stream.csv; job_skill_monthly_frequency.csv
AI框架集成,3,job_bigcompany_final.csv; job_update_event_stream.csv; job_skill_monthly_frequency.csv
AI模块,11,job_bigcompany_final.csv; job_update_event_stream.csv; job_skill_monthly_frequency.csv
AI模块服务化部署,3,job_bigcompany_final.csv; job_update_event_stream.csv; job_skill_monthly_frequency.csv
AI模块验证,9,job_bigcompany_final.csv; job_update_event_stream.csv; job_skill_monthly_frequency.csv
AI模型,56,job_bigcompany_final.csv; job_update_event_stream.csv; job_skill_monthly_frequency.csv
AI模型优化,20,job_bigcompany_final.csv; job_update_event_stream.csv; job_skill_monthly_frequency.csv
AI模型原理,3,job_bigcompany_final.csv; job_update_event_stream.csv; job_skill_monthly_frequency.csv
AI模型可视化,3,job_bigcompany_final.csv; job_update_event_stream.csv; job_skill_monthly_frequency.csv
AI模型安全加固,3,job_bigcompany_final.csv; job_update_event_stream.csv; job_skill_monthly_frequency.csv
AI模型工程,12,job_bigcompany_final.csv; job_update_event_stream.csv; job_skill_monthly_frequency.csv
AI模型工程化,9,job_bigcompany_final.csv; job_update_event_stream.csv; job_skill_monthly_frequency.csv
AI模型开发,18,job_bigcompany_final.csv; job_update_event_stream.csv; job_skill_monthly_frequency.csv
AI模型性能优化,3,job_bigcompany_final.csv; job_update_event_stream.csv; job_skill_monthly_frequency.csv
AI模型性能数据分析,3,job_bigcompany_final.csv; job_update_event_stream.csv; job_skill_monthly_frequency.csv
AI模型推理,3,job_bigcompany_final.csv; job_update_event_stream.csv; job_skill_monthly_frequency.csv
AI模型服务化,6,job_bigcompany_final.csv; job_update_event_stream.csv; job_skill_monthly_frequency.csv
AI模型端侧落地,3,job_bigcompany_final.csv; job_update_event_stream.csv; job_skill_monthly_frequency.csv
AI模型算法,3,job_bigcompany_final.csv; job_update_event_stream.csv; job_skill_monthly_frequency.csv
AI模型精度验证,3,job_bigcompany_final.csv; job_update_event_stream.csv; job_skill_monthly_frequency.csv
AI模型落地,3,job_bigcompany_final.csv; job_update_event_stream.csv; job_skill_monthly_frequency.csv
AI模型训练,15,job_bigcompany_final.csv; job_update_event_stream.csv; job_skill_monthly_frequency.csv
AI模型访存,3,job_bigcompany_final.csv; job_update_event_stream.csv; job_skill_monthly_frequency.csv
AI模型评测,11,job_bigcompany_final.csv; job_update_event_stream.csv; job_skill_monthly_frequency.csv
AI模型调优,3,job_bigcompany_final.csv; job_update_event_stream.csv; job_skill_monthly_frequency.csv
AI模型路由,3,job_bigcompany_final.csv; job_update_event_stream.csv; job_skill_monthly_frequency.csv
AI模型部署,9,job_bigcompany_final.csv; job_update_event_stream.csv; job_skill_monthly_frequency.csv
AI模型集成,6,job_bigcompany_final.csv; job_update_event_stream.csv; job_skill_monthly_frequency.csv
AI治理,9,job_bigcompany_final.csv; job_update_event_stream.csv; job_skill_monthly_frequency.csv
AI测评,3,job_bigcompany_final.csv; job_update_event_stream.csv; job_skill_monthly_frequency.csv
AI测试,49,job_bigcompany_final.csv; job_update_event_stream.csv; job_skill_monthly_frequency.csv
AI测试Skill,3,job_bigcompany_final.csv; job_update_event_stream.csv; job_skill_monthly_frequency.csv
AI测试体系,3,job_bigcompany_final.csv; job_update_event_stream.csv; job_skill_monthly_frequency.csv
AI测试工具,31,job_bigcompany_final.csv; job_update_event_stream.csv; job_skill_monthly_frequency.csv
AI测试工程化,3,job_bigcompany_final.csv; job_update_event_stream.csv; job_skill_monthly_frequency.csv
AI测试平台,6,job_bigcompany_final.csv; job_update_event_stream.csv; job_skill_monthly_frequency.csv
AI测试开发,9,job_bigcompany_final.csv; job_update_event_stream.csv; job_skill_monthly_frequency.csv
AI测试用例生成,3,job_bigcompany_final.csv; job_update_event_stream.csv; job_skill_monthly_frequency.csv
AI测试系统,3,job_bigcompany_final.csv; job_update_event_stream.csv; job_skill_monthly_frequency.csv
AI测试辅助,3,job_bigcompany_final.csv; job_update_event_stream.csv; job_skill_monthly_frequency.csv
AI消息生成,3,job_bigcompany_final.csv; job_update_event_stream.csv; job_skill_monthly_frequency.csv
AI深度学习工程化,3,job_bigcompany_final.csv; job_update_event_stream.csv; job_skill_monthly_frequency.csv
AI游戏应用,3,job_bigcompany_final.csv; job_update_event_stream.csv; job_skill_monthly_frequency.csv
AI游戏开发,9,job_bigcompany_final.csv; job_update_event_stream.csv; job_skill_monthly_frequency.csv
AI漏洞挖掘,6,job_bigcompany_final.csv; job_update_event_stream.csv; job_skill_monthly_frequency.csv
AI特效,14,job_bigcompany_final.csv; job_update_event_stream.csv; job_skill_monthly_frequency.csv
AI理论,3,job_bigcompany_final.csv; job_update_event_stream.csv; job_skill_monthly_frequency.csv
AI生产力工具,3,job_bigcompany_final.csv; job_update_event_stream.csv; job_skill_monthly_frequency.csv
AI生成,3,job_bigcompany_final.csv; job_update_event_stream.csv; job_skill_monthly_frequency.csv
AI生成代码审查,3,job_bigcompany_final.csv; job_update_event_stream.csv; job_skill_monthly_frequency.csv
AI生成图片,3,job_bigcompany_final.csv; job_update_event_stream.csv; job_skill_monthly_frequency.csv
AI生成模型,6,job_bigcompany_final.csv; job_update_event_stream.csv; job_skill_monthly_frequency.csv
AI生成测试用例,6,job_bigcompany_final.csv; job_update_event_stream.csv; job_skill_monthly_frequency.csv
AI用例生成,3,job_bigcompany_final.csv; job_update_event_stream.csv; job_skill_monthly_frequency.csv
AI画质提升,3,job_bigcompany_final.csv; job_update_event_stream.csv; job_skill_monthly_frequency.csv
AI界面生成,3,job_bigcompany_final.csv; job_update_event_stream.csv; job_skill_monthly_frequency.csv
AI监控,6,job_bigcompany_final.csv; job_update_event_stream.csv; job_skill_monthly_frequency.csv
AI直播,3,job_bigcompany_final.csv; job_update_event_stream.csv; job_skill_monthly_frequency.csv
AI相关原理,3,job_bigcompany_final.csv; job_update_event_stream.csv; job_skill_monthly_frequency.csv
AI眼镜,18,job_bigcompany_final.csv; job_update_event_stream.csv; job_skill_monthly_frequency.csv
AI眼镜硬件,3,job_bigcompany_final.csv; job_update_event_stream.csv; job_skill_monthly_frequency.csv
AI眼镜硬件测试,3,job_bigcompany_final.csv; job_update_event_stream.csv; job_skill_monthly_frequency.csv
AI知识,3,job_bigcompany_final.csv; job_update_event_stream.csv; job_skill_monthly_frequency.csv
AI知识库,15,job_bigcompany_final.csv; job_update_event_stream.csv; job_skill_monthly_frequency.csv
AI知识管理,3,job_bigcompany_final.csv; job_update_event_stream.csv; job_skill_monthly_frequency.csv
AI短视频,3,job_bigcompany_final.csv; job_update_event_stream.csv; job_skill_monthly_frequency.csv
AI研发,18,job_bigcompany_final.csv; job_update_event_stream.csv; job_skill_monthly_frequency.csv
AI研发工具,12,job_bigcompany_final.csv; job_update_event_stream.csv; job_skill_monthly_frequency.csv
AI研发应用,3,job_bigcompany_final.csv; job_update_event_stream.csv; job_skill_monthly_frequency.csv
AI研发成本优化,3,job_bigcompany_final.csv; job_update_event_stream.csv; job_skill_monthly_frequency.csv
AI研发效能,3,job_bigcompany_final.csv; job_update_event_stream.csv; job_skill_monthly_frequency.csv
AI研发效能工具,3,job_bigcompany_final.csv; job_update_event_stream.csv; job_skill_monthly_frequency.csv
AI研发模式,3,job_bigcompany_final.csv; job_update_event_stream.csv; job_skill_monthly_frequency.csv
AI研究,3,job_bigcompany_final.csv; job_update_event_stream.csv; job_skill_monthly_frequency.csv
AI硬件,26,job_bigcompany_final.csv; job_update_event_stream.csv; job_skill_monthly_frequency.csv
AI硬件加速器,30,job_bigcompany_final.csv; job_update_event_stream.csv; job_skill_monthly_frequency.csv
AI硬件调优,3,job_bigcompany_final.csv; job_update_event_stream.csv; job_skill_monthly_frequency.csv
AI离线数据加工,8,job_bigcompany_final.csv; job_update_event_stream.csv; job_skill_monthly_frequency.csv
AI私有化部署,3,job_bigcompany_final.csv; job_update_event_stream.csv; job_skill_monthly_frequency.csv
AI科研工作流,3,job_bigcompany_final.csv; job_update_event_stream.csv; job_skill_monthly_frequency.csv
AI移动端,3,job_bigcompany_final.csv; job_update_event_stream.csv; job_skill_monthly_frequency.csv
AI移动端落地,3,job_bigcompany_final.csv; job_update_event_stream.csv; job_skill_monthly_frequency.csv
AI移动端集成,3,job_bigcompany_final.csv; job_update_event_stream.csv; job_skill_monthly_frequency.csv
AI端侧应用,6,job_bigcompany_final.csv; job_update_event_stream.csv; job_skill_monthly_frequency.csv
AI算力,6,job_bigcompany_final.csv; job_update_event_stream.csv; job_skill_monthly_frequency.csv
AI算力优化,3,job_bigcompany_final.csv; job_update_event_stream.csv; job_skill_monthly_frequency.csv
AI算力基础设施,3,job_bigcompany_final.csv; job_update_event_stream.csv; job_skill_monthly_frequency.csv
AI算力芯片,3,job_bigcompany_final.csv; job_update_event_stream.csv; job_skill_monthly_frequency.csv
AI算力调度,3,job_bigcompany_final.csv; job_update_event_stream.csv; job_skill_monthly_frequency.csv
AI算力集群,3,job_bigcompany_final.csv; job_update_event_stream.csv; job_skill_monthly_frequency.csv
AI算子优化,6,job_bigcompany_final.csv; job_update_event_stream.csv; job_skill_monthly_frequency.csv
AI算子开发,15,job_bigcompany_final.csv; job_update_event_stream.csv; job_skill_monthly_frequency.csv
AI算法,131,job_bigcompany_final.csv; job_update_event_stream.csv; job_skill_monthly_frequency.csv
AI算法代码实现,3,job_bigcompany_final.csv; job_update_event_stream.csv; job_skill_monthly_frequency.csv
AI算法加速,3,job_bigcompany_final.csv; job_update_event_stream.csv; job_skill_monthly_frequency.csv
AI算法嵌入式端适配,3,job_bigcompany_final.csv; job_update_event_stream.csv; job_skill_monthly_frequency.csv
AI算法工程化,3,job_bigcompany_final.csv; job_update_event_stream.csv; job_skill_monthly_frequency.csv
AI算法应用,3,job_bigcompany_final.csv; job_update_event_stream.csv; job_skill_monthly_frequency.csv
AI算法开发,3,job_bigcompany_final.csv; job_update_event_stream.csv; job_skill_monthly_frequency.csv
AI算法映射,9,job_bigcompany_final.csv; job_update_event_stream.csv; job_skill_monthly_frequency.csv
AI算法模型,3,job_bigcompany_final.csv; job_update_event_stream.csv; job_skill_monthly_frequency.csv
AI算法测试,9,job_bigcompany_final.csv; job_update_event_stream.csv; job_skill_monthly_frequency.csv
AI算法研发,3,job_bigcompany_final.csv; job_update_event_stream.csv; job_skill_monthly_frequency.csv
AI算法硬件协同优化,3,job_bigcompany_final.csv; job_update_event_stream.csv; job_skill_monthly_frequency.csv
AI算法竞赛,3,job_bigcompany_final.csv; job_update_event_stream.csv; job_skill_monthly_frequency.csv
AI算法训练,6,job_bigcompany_final.csv; job_update_event_stream.csv; job_skill_monthly_frequency.csv
AI算法评测,3,job_bigcompany_final.csv; job_update_event_stream.csv; job_skill_monthly_frequency.csv
AI算法部署,6,job_bigcompany_final.csv; job_update_event_stream.csv; job_skill_monthly_frequency.csv
AI系统,29,job_bigcompany_final.csv; job_update_event_stream.csv; job_skill_monthly_frequency.csv
AI系统交互,3,job_bigcompany_final.csv; job_update_event_stream.csv; job_skill_monthly_frequency.csv
AI系统优化,6,job_bigcompany_final.csv; job_update_event_stream.csv; job_skill_monthly_frequency.csv
AI系统保护,3,job_bigcompany_final.csv; job_update_event_stream.csv; job_skill_monthly_frequency.csv
AI系统合规评估,3,job_bigcompany_final.csv; job_update_event_stream.csv; job_skill_monthly_frequency.csv
AI系统安全,9,job_bigcompany_final.csv; job_update_event_stream.csv; job_skill_monthly_frequency.csv
AI系统工程,3,job_bigcompany_final.csv; job_update_event_stream.csv; job_skill_monthly_frequency.csv
AI系统应用,6,job_bigcompany_final.csv; job_update_event_stream.csv; job_skill_monthly_frequency.csv
AI系统开发,9,job_bigcompany_final.csv; job_update_event_stream.csv; job_skill_monthly_frequency.csv
AI系统性能分析,3,job_bigcompany_final.csv; job_update_event_stream.csv; job_skill_monthly_frequency.csv
AI系统架构,18,job_bigcompany_final.csv; job_update_event_stream.csv; job_skill_monthly_frequency.csv
AI系统测试,6,job_bigcompany_final.csv; job_update_event_stream.csv; job_skill_monthly_frequency.csv
AI系统漏洞挖掘,3,job_bigcompany_final.csv; job_update_event_stream.csv; job_skill_monthly_frequency.csv
AI系统研发,6,job_bigcompany_final.csv; job_update_event_stream.csv; job_skill_monthly_frequency.csv
AI系统设计,3,job_bigcompany_final.csv; job_update_event_stream.csv; job_skill_monthly_frequency.csv
AI系统部署,3,job_bigcompany_final.csv; job_update_event_stream.csv; job_skill_monthly_frequency.csv
AI系统验证,6,job_bigcompany_final.csv; job_update_event_stream.csv; job_skill_monthly_frequency.csv
AI红队,3,job_bigcompany_final.csv; job_update_event_stream.csv; job_skill_monthly_frequency.csv
AI组件库,3,job_bigcompany_final.csv; job_update_event_stream.csv; job_skill_monthly_frequency.csv
AI组件攻防,3,job_bigcompany_final.csv; job_update_event_stream.csv; job_skill_monthly_frequency.csv
AI绘画,3,job_bigcompany_final.csv; job_update_event_stream.csv; job_skill_monthly_frequency.csv
AI综合研发,3,job_bigcompany_final.csv; job_update_event_stream.csv; job_skill_monthly_frequency.csv
AI编排,3,job_bigcompany_final.csv; job_update_event_stream.csv; job_skill_monthly_frequency.csv
AI编码,8,job_bigcompany_final.csv; job_update_event_stream.csv; job_skill_monthly_frequency.csv
AI编码Agent,3,job_bigcompany_final.csv; job_update_event_stream.csv; job_skill_monthly_frequency.csv
AI编码产品,3,job_bigcompany_final.csv; job_update_event_stream.csv; job_skill_monthly_frequency.csv
AI编码助手,3,job_bigcompany_final.csv; job_update_event_stream.csv; job_skill_monthly_frequency.csv
AI编码工具,24,job_bigcompany_final.csv; job_update_event_stream.csv; job_skill_monthly_frequency.csv
AI编程,27,job_bigcompany_final.csv; job_update_event_stream.csv; job_skill_monthly_frequency.csv
AI编程Agent,3,job_bigcompany_final.csv; job_update_event_stream.csv; job_skill_monthly_frequency.csv
AI编程产品,9,job_bigcompany_final.csv; job_update_event_stream.csv; job_skill_monthly_frequency.csv
AI编程助手,15,job_bigcompany_final.csv; job_update_event_stream.csv; job_skill_monthly_frequency.csv
AI编程工具,141,job_bigcompany_final.csv; job_update_event_stream.csv; job_skill_monthly_frequency.csv
AI编程范式,3,job_bigcompany_final.csv; job_update_event_stream.csv; job_skill_monthly_frequency.csv
AI编译,6,job_bigcompany_final.csv; job_update_event_stream.csv; job_skill_monthly_frequency.csv
AI编译优化,3,job_bigcompany_final.csv; job_update_event_stream.csv; job_skill_monthly_frequency.csv
AI编译器,59,job_bigcompany_final.csv; job_update_event_stream.csv; job_skill_monthly_frequency.csv
AI编译器测试,3,job_bigcompany_final.csv; job_update_event_stream.csv; job_skill_monthly_frequency.csv
AI编译栈,3,job_bigcompany_final.csv; job_update_event_stream.csv; job_skill_monthly_frequency.csv
AI编辑器架构,6,job_bigcompany_final.csv; job_update_event_stream.csv; job_skill_monthly_frequency.csv
AI缺陷分析,3,job_bigcompany_final.csv; job_update_event_stream.csv; job_skill_monthly_frequency.csv
AI网关,12,job_bigcompany_final.csv; job_update_event_stream.csv; job_skill_monthly_frequency.csv
AI网络,12,job_bigcompany_final.csv; job_update_event_stream.csv; job_skill_monthly_frequency.csv
AI网络优化,32,job_bigcompany_final.csv; job_update_event_stream.csv; job_skill_monthly_frequency.csv
AI网络故障定位,3,job_bigcompany_final.csv; job_update_event_stream.csv; job_skill_monthly_frequency.csv
AI网络模型,3,job_bigcompany_final.csv; job_update_event_stream.csv; job_skill_monthly_frequency.csv
AI翻译,3,job_bigcompany_final.csv; job_update_event_stream.csv; job_skill_monthly_frequency.csv
AI能力,3,job_bigcompany_final.csv; job_update_event_stream.csv; job_skill_monthly_frequency.csv
AI能力测试,3,job_bigcompany_final.csv; job_update_event_stream.csv; job_skill_monthly_frequency.csv
AI能力集成,6,job_bigcompany_final.csv; job_update_event_stream.csv; job_skill_monthly_frequency.csv
AI能效优化,3,job_bigcompany_final.csv; job_update_event_stream.csv; job_skill_monthly_frequency.csv
AI脚本生成,3,job_bigcompany_final.csv; job_update_event_stream.csv; job_skill_monthly_frequency.csv
AI自动化工作流,9,job_bigcompany_final.csv; job_update_event_stream.csv; job_skill_monthly_frequency.csv
AI自动化攻防,3,job_bigcompany_final.csv; job_update_event_stream.csv; job_skill_monthly_frequency.csv
AI自动化流程,6,job_bigcompany_final.csv; job_update_event_stream.csv; job_skill_monthly_frequency.csv
AI自动化测试,15,job_bigcompany_final.csv; job_update_event_stream.csv; job_skill_monthly_frequency.csv
AI自适应速度规划,3,job_bigcompany_final.csv; job_update_event_stream.csv; job_skill_monthly_frequency.csv
AI色彩影调,3,job_bigcompany_final.csv; job_update_event_stream.csv; job_skill_monthly_frequency.csv
AI芯片,121,job_bigcompany_final.csv; job_update_event_stream.csv; job_skill_monthly_frequency.csv
AI芯片Cache验证,3,job_bigcompany_final.csv; job_update_event_stream.csv; job_skill_monthly_frequency.csv
AI芯片HBM带宽,3,job_bigcompany_final.csv; job_update_event_stream.csv; job_skill_monthly_frequency.csv
AI芯片互联,3,job_bigcompany_final.csv; job_update_event_stream.csv; job_skill_monthly_frequency.csv
AI芯片内存带宽,3,job_bigcompany_final.csv; job_update_event_stream.csv; job_skill_monthly_frequency.csv
AI芯片内存系统,3,job_bigcompany_final.csv; job_update_event_stream.csv; job_skill_monthly_frequency.csv
AI芯片功能验证,3,job_bigcompany_final.csv; job_update_event_stream.csv; job_skill_monthly_frequency.csv
AI芯片加速指令集,3,job_bigcompany_final.csv; job_update_event_stream.csv; job_skill_monthly_frequency.csv
AI芯片存储架构,3,job_bigcompany_final.csv; job_update_event_stream.csv; job_skill_monthly_frequency.csv
AI芯片性能优化,3,job_bigcompany_final.csv; job_update_event_stream.csv; job_skill_monthly_frequency.csv
AI芯片架构,45,job_bigcompany_final.csv; job_update_event_stream.csv; job_skill_monthly_frequency.csv
AI芯片流片,8,job_bigcompany_final.csv; job_update_event_stream.csv; job_skill_monthly_frequency.csv
AI芯片测试,9,job_bigcompany_final.csv; job_update_event_stream.csv; job_skill_monthly_frequency.csv
AI芯片热设计,3,job_bigcompany_final.csv; job_update_event_stream.csv; job_skill_monthly_frequency.csv
AI芯片片上存储,3,job_bigcompany_final.csv; job_update_event_stream.csv; job_skill_monthly_frequency.csv
AI芯片编程模型,3,job_bigcompany_final.csv; job_update_event_stream.csv; job_skill_monthly_frequency.csv
AI芯片能效优化,3,job_bigcompany_final.csv; job_update_event_stream.csv; job_skill_monthly_frequency.csv
AI芯片计算架构,3,job_bigcompany_final.csv; job_update_event_stream.csv; job_skill_monthly_frequency.csv
AI芯片设计,6,job_bigcompany_final.csv; job_update_event_stream.csv; job_skill_monthly_frequency.csv
AI芯片评测,12,job_bigcompany_final.csv; job_update_event_stream.csv; job_skill_monthly_frequency.csv
AI芯片软件,3,job_bigcompany_final.csv; job_update_event_stream.csv; job_skill_monthly_frequency.csv
AI芯片软件栈测试,3,job_bigcompany_final.csv; job_update_event_stream.csv; job_skill_monthly_frequency.csv
AI芯片驱动,6,job_bigcompany_final.csv; job_update_event_stream.csv; job_skill_monthly_frequency.csv
AI芯片高带宽互联,6,job_bigcompany_final.csv; job_update_event_stream.csv; job_skill_monthly_frequency.csv
AI营销,12,job_bigcompany_final.csv; job_update_event_stream.csv; job_skill_monthly_frequency.csv
AI营销应用,3,job_bigcompany_final.csv; job_update_event_stream.csv; job_skill_monthly_frequency.csv
AI落地,21,job_bigcompany_final.csv; job_update_event_stream.csv; job_skill_monthly_frequency.csv
AI落地研发效能,3,job_bigcompany_final.csv; job_update_event_stream.csv; job_skill_monthly_frequency.csv
AI虚拟化,9,job_bigcompany_final.csv; job_update_event_stream.csv; job_skill_monthly_frequency.csv
AI行业数据分析,3,job_bigcompany_final.csv; job_update_event_stream.csv; job_skill_monthly_frequency.csv
AI行为策略,3,job_bigcompany_final.csv; job_update_event_stream.csv; job_skill_monthly_frequency.csv
AI规划,3,job_bigcompany_final.csv; job_update_event_stream.csv; job_skill_monthly_frequency.csv
AI视觉网络,3,job_bigcompany_final.csv; job_update_event_stream.csv; job_skill_monthly_frequency.csv
AI视觉风控,3,job_bigcompany_final.csv; job_update_event_stream.csv; job_skill_monthly_frequency.csv
AI视频,6,job_bigcompany_final.csv; job_update_event_stream.csv; job_skill_monthly_frequency.csv
AI视频剪辑,3,job_bigcompany_final.csv; job_update_event_stream.csv; job_skill_monthly_frequency.csv
AI视频后处理,3,job_bigcompany_final.csv; job_update_event_stream.csv; job_skill_monthly_frequency.csv
AI视频处理,6,job_bigcompany_final.csv; job_update_event_stream.csv; job_skill_monthly_frequency.csv
AI视频平台,3,job_bigcompany_final.csv; job_update_event_stream.csv; job_skill_monthly_frequency.csv
AI视频应用开发,3,job_bigcompany_final.csv; job_update_event_stream.csv; job_skill_monthly_frequency.csv
AI视频生成,6,job_bigcompany_final.csv; job_update_event_stream.csv; job_skill_monthly_frequency.csv
AI视频算法,3,job_bigcompany_final.csv; job_update_event_stream.csv; job_skill_monthly_frequency.csv
AI解决方案,43,job_bigcompany_final.csv; job_update_event_stream.csv; job_skill_monthly_frequency.csv
AI计算,9,job_bigcompany_final.csv; job_update_event_stream.csv; job_skill_monthly_frequency.csv
AI计算产品测试,3,job_bigcompany_final.csv; job_update_event_stream.csv; job_skill_monthly_frequency.csv
AI计算单元,3,job_bigcompany_final.csv; job_update_event_stream.csv; job_skill_monthly_frequency.csv
AI计算平台,3,job_bigcompany_final.csv; job_update_event_stream.csv; job_skill_monthly_frequency.csv
AI计算架构,3,job_bigcompany_final.csv; job_update_event_stream.csv; job_skill_monthly_frequency.csv
AI计算系统,3,job_bigcompany_final.csv; job_update_event_stream.csv; job_skill_monthly_frequency.csv
AI计算软硬件协同设计,3,job_bigcompany_final.csv; job_update_event_stream.csv; job_skill_monthly_frequency.csv
AI训练,36,job_bigcompany_final.csv; job_update_event_stream.csv; job_skill_monthly_frequency.csv
AI训练IO,3,job_bigcompany_final.csv; job_update_event_stream.csv; job_skill_monthly_frequency.csv
AI训练Pipeline,3,job_bigcompany_final.csv; job_update_event_stream.csv; job_skill_monthly_frequency.csv
AI训练优化,3,job_bigcompany_final.csv; job_update_event_stream.csv; job_skill_monthly_frequency.csv
AI训练加速,3,job_bigcompany_final.csv; job_update_event_stream.csv; job_skill_monthly_frequency.csv
AI训练存储,6,job_bigcompany_final.csv; job_update_event_stream.csv; job_skill_monthly_frequency.csv
AI训练存储加速,3,job_bigcompany_final.csv; job_update_event_stream.csv; job_skill_monthly_frequency.csv
AI训练平台,3,job_bigcompany_final.csv; job_update_event_stream.csv; job_skill_monthly_frequency.csv
AI训练并行策略,8,job_bigcompany_final.csv; job_update_event_stream.csv; job_skill_monthly_frequency.csv
AI训练性能分析,6,job_bigcompany_final.csv; job_update_event_stream.csv; job_skill_monthly_frequency.csv
AI训练推理框架,3,job_bigcompany_final.csv; job_update_event_stream.csv; job_skill_monthly_frequency.csv
AI训练数据建设,3,job_bigcompany_final.csv; job_update_event_stream.csv; job_skill_monthly_frequency.csv
AI训练数据管道,8,job_bigcompany_final.csv; job_update_event_stream.csv; job_skill_monthly_frequency.csv
AI训练框架,15,job_bigcompany_final.csv; job_update_event_stream.csv; job_skill_monthly_frequency.csv
AI训练流程,3,job_bigcompany_final.csv; job_update_event_stream.csv; job_skill_monthly_frequency.csv
AI训练网络,12,job_bigcompany_final.csv; job_update_event_stream.csv; job_skill_monthly_frequency.csv
AI训练网络优化,6,job_bigcompany_final.csv; job_update_event_stream.csv; job_skill_monthly_frequency.csv
AI训练网络调优,3,job_bigcompany_final.csv; job_update_event_stream.csv; job_skill_monthly_frequency.csv
AI训练通信,3,job_bigcompany_final.csv; job_update_event_stream.csv; job_skill_monthly_frequency.csv
AI训练集群,9,job_bigcompany_final.csv; job_update_event_stream.csv; job_skill_monthly_frequency.csv
AI训练验证,12,job_bigcompany_final.csv; job_update_event_stream.csv; job_skill_monthly_frequency.csv
AI论文复现,3,job_bigcompany_final.csv; job_update_event_stream.csv; job_skill_monthly_frequency.csv
AI设计,6,job_bigcompany_final.csv; job_update_event_stream.csv; job_skill_monthly_frequency.csv
AI设计工具,3,job_bigcompany_final.csv; job_update_event_stream.csv; job_skill_monthly_frequency.csv
AI证书,3,job_bigcompany_final.csv; job_update_event_stream.csv; job_skill_monthly_frequency.csv
AI评估,12,job_bigcompany_final.csv; job_update_event_stream.csv; job_skill_monthly_frequency.csv
AI评测,27,job_bigcompany_final.csv; job_update_event_stream.csv; job_skill_monthly_frequency.csv
AI评测体系,3,job_bigcompany_final.csv; job_update_event_stream.csv; job_skill_monthly_frequency.csv
AI评测工具,6,job_bigcompany_final.csv; job_update_event_stream.csv; job_skill_monthly_frequency.csv
AI评测平台,3,job_bigcompany_final.csv; job_update_event_stream.csv; job_skill_monthly_frequency.csv
AI评测集,3,job_bigcompany_final.csv; job_update_event_stream.csv; job_skill_monthly_frequency.csv
AI语料数据处理平台,3,job_bigcompany_final.csv; job_update_event_stream.csv; job_skill_monthly_frequency.csv
AI语音输入,3,job_bigcompany_final.csv; job_update_event_stream.csv; job_skill_monthly_frequency.csv
AI调优,3,job_bigcompany_final.csv; job_update_event_stream.csv; job_skill_monthly_frequency.csv
AI调度,3,job_bigcompany_final.csv; job_update_event_stream.csv; job_skill_monthly_frequency.csv
AI财务应用,3,job_bigcompany_final.csv; job_update_event_stream.csv; job_skill_monthly_frequency.csv
AI质效建设,3,job_bigcompany_final.csv; job_update_event_stream.csv; job_skill_monthly_frequency.csv
AI质量保障,23,job_bigcompany_final.csv; job_update_event_stream.csv; job_skill_monthly_frequency.csv
AI质量工具,3,job_bigcompany_final.csv; job_update_event_stream.csv; job_skill_monthly_frequency.csv
AI质量工程,3,job_bigcompany_final.csv; job_update_event_stream.csv; job_skill_monthly_frequency.csv
AI质量门禁,3,job_bigcompany_final.csv; job_update_event_stream.csv; job_skill_monthly_frequency.csv
AI资损防控,3,job_bigcompany_final.csv; job_update_event_stream.csv; job_skill_monthly_frequency.csv
AI超分,3,job_bigcompany_final.csv; job_update_event_stream.csv; job_skill_monthly_frequency.csv
AI超清,3,job_bigcompany_final.csv; job_update_event_stream.csv; job_skill_monthly_frequency.csv
AI跨端全栈,3,job_bigcompany_final.csv; job_update_event_stream.csv; job_skill_monthly_frequency.csv
AI转型,3,job_bigcompany_final.csv; job_update_event_stream.csv; job_skill_monthly_frequency.csv
AI软件工程,3,job_bigcompany_final.csv; job_update_event_stream.csv; job_skill_monthly_frequency.csv
AI软件平台,3,job_bigcompany_final.csv; job_update_event_stream.csv; job_skill_monthly_frequency.csv
AI软件开发,3,job_bigcompany_final.csv; job_update_event_stream.csv; job_skill_monthly_frequency.csv
AI软件性能分析,3,job_bigcompany_final.csv; job_update_event_stream.csv; job_skill_monthly_frequency.csv
AI软件架构,3,job_bigcompany_final.csv; job_update_event_stream.csv; job_skill_monthly_frequency.csv
AI软件栈,6,job_bigcompany_final.csv; job_update_event_stream.csv; job_skill_monthly_frequency.csv
AI软件测试,3,job_bigcompany_final.csv; job_update_event_stream.csv; job_skill_monthly_frequency.csv
AI软硬件全栈,3,job_bigcompany_final.csv; job_update_event_stream.csv; job_skill_monthly_frequency.csv
AI软硬件协同,3,job_bigcompany_final.csv; job_update_event_stream.csv; job_skill_monthly_frequency.csv
AI辅助,3,job_bigcompany_final.csv; job_update_event_stream.csv; job_skill_monthly_frequency.csv
AI辅助Coding,6,job_bigcompany_final.csv; job_update_event_stream.csv; job_skill_monthly_frequency.csv
AI辅助FMEA,3,job_bigcompany_final.csv; job_update_event_stream.csv; job_skill_monthly_frequency.csv
AI辅助RTL设计,3,job_bigcompany_final.csv; job_update_event_stream.csv; job_skill_monthly_frequency.csv
AI辅助代码审查,6,job_bigcompany_final.csv; job_update_event_stream.csv; job_skill_monthly_frequency.csv
AI辅助代码生成,12,job_bigcompany_final.csv; job_update_event_stream.csv; job_skill_monthly_frequency.csv
AI辅助代码阅读,6,job_bigcompany_final.csv; job_update_event_stream.csv; job_skill_monthly_frequency.csv
AI辅助仿真,3,job_bigcompany_final.csv; job_update_event_stream.csv; job_skill_monthly_frequency.csv
AI辅助低代码开发,3,job_bigcompany_final.csv; job_update_event_stream.csv; job_skill_monthly_frequency.csv
AI辅助安全,3,job_bigcompany_final.csv; job_update_event_stream.csv; job_skill_monthly_frequency.csv
AI辅助安全测试工具,3,job_bigcompany_final.csv; job_update_event_stream.csv; job_skill_monthly_frequency.csv
AI辅助实验设计,3,job_bigcompany_final.csv; job_update_event_stream.csv; job_skill_monthly_frequency.csv
AI辅助工作流,9,job_bigcompany_final.csv; job_update_event_stream.csv; job_skill_monthly_frequency.csv
AI辅助工具,3,job_bigcompany_final.csv; job_update_event_stream.csv; job_skill_monthly_frequency.csv
AI辅助开发,39,job_bigcompany_final.csv; job_update_event_stream.csv; job_skill_monthly_frequency.csv
AI辅助开发工具,6,job_bigcompany_final.csv; job_update_event_stream.csv; job_skill_monthly_frequency.csv
AI辅助故障分析,3,job_bigcompany_final.csv; job_update_event_stream.csv; job_skill_monthly_frequency.csv
AI辅助故障诊断,5,job_bigcompany_final.csv; job_update_event_stream.csv; job_skill_monthly_frequency.csv
AI辅助数据分析,9,job_bigcompany_final.csv; job_update_event_stream.csv; job_skill_monthly_frequency.csv
AI辅助数据开发,6,job_bigcompany_final.csv; job_update_event_stream.csv; job_skill_monthly_frequency.csv
AI辅助数据洞察,3,job_bigcompany_final.csv; job_update_event_stream.csv; job_skill_monthly_frequency.csv
AI辅助文档,3,job_bigcompany_final.csv; job_update_event_stream.csv; job_skill_monthly_frequency.csv
AI辅助架构设计,3,job_bigcompany_final.csv; job_update_event_stream.csv; job_skill_monthly_frequency.csv
AI辅助校核,3,job_bigcompany_final.csv; job_update_event_stream.csv; job_skill_monthly_frequency.csv
AI辅助模型调优,9,job_bigcompany_final.csv; job_update_event_stream.csv; job_skill_monthly_frequency.csv
AI辅助测试,9,job_bigcompany_final.csv; job_update_event_stream.csv; job_skill_monthly_frequency.csv
AI辅助测试开发,6,job_bigcompany_final.csv; job_update_event_stream.csv; job_skill_monthly_frequency.csv
AI辅助漏洞挖掘,3,job_bigcompany_final.csv; job_update_event_stream.csv; job_skill_monthly_frequency.csv
AI辅助生产,3,job_bigcompany_final.csv; job_update_event_stream.csv; job_skill_monthly_frequency.csv
AI辅助用例生成,3,job_bigcompany_final.csv; job_update_event_stream.csv; job_skill_monthly_frequency.csv
AI辅助研发,24,job_bigcompany_final.csv; job_update_event_stream.csv; job_skill_monthly_frequency.csv
AI辅助研发工具,9,job_bigcompany_final.csv; job_update_event_stream.csv; job_skill_monthly_frequency.csv
AI辅助编码,15,job_bigcompany_final.csv; job_update_event_stream.csv; job_skill_monthly_frequency.csv
AI辅助编程,99,job_bigcompany_final.csv; job_update_event_stream.csv; job_skill_monthly_frequency.csv
AI辅助编程工具,9,job_bigcompany_final.csv; job_update_event_stream.csv; job_skill_monthly_frequency.csv
AI辅助自动化,3,job_bigcompany_final.csv; job_update_event_stream.csv; job_skill_monthly_frequency.csv
AI辅助设计,3,job_bigcompany_final.csv; job_update_event_stream.csv; job_skill_monthly_frequency.csv
AI辅助设计工具,9,job_bigcompany_final.csv; job_update_event_stream.csv; job_skill_monthly_frequency.csv
AI辅助质量检测,3,job_bigcompany_final.csv; job_update_event_stream.csv; job_skill_monthly_frequency.csv
AI辅助逆向分析,6,job_bigcompany_final.csv; job_update_event_stream.csv; job_skill_monthly_frequency.csv
AI辅助验证,3,job_bigcompany_final.csv; job_update_event_stream.csv; job_skill_monthly_frequency.csv
AI辅助验证工具,3,job_bigcompany_final.csv; job_update_event_stream.csv; job_skill_monthly_frequency.csv
AI输入法,3,job_bigcompany_final.csv; job_update_event_stream.csv; job_skill_monthly_frequency.csv
AI边缘计算设备,3,job_bigcompany_final.csv; job_update_event_stream.csv; job_skill_monthly_frequency.csv
AI运维,12,job_bigcompany_final.csv; job_update_event_stream.csv; job_skill_monthly_frequency.csv
AI运维开发,3,job_bigcompany_final.csv; job_update_event_stream.csv; job_skill_monthly_frequency.csv
AI运营工具,6,job_bigcompany_final.csv; job_update_event_stream.csv; job_skill_monthly_frequency.csv
AI运行时,3,job_bigcompany_final.csv; job_update_event_stream.csv; job_skill_monthly_frequency.csv
AI运行栈,6,job_bigcompany_final.csv; job_update_event_stream.csv; job_skill_monthly_frequency.csv
AI逆向分析,6,job_bigcompany_final.csv; job_update_event_stream.csv; job_skill_monthly_frequency.csv
AI透明度,6,job_bigcompany_final.csv; job_update_event_stream.csv; job_skill_monthly_frequency.csv
AI通信策略,6,job_bigcompany_final.csv; job_update_event_stream.csv; job_skill_monthly_frequency.csv
AI逻辑推理,9,job_bigcompany_final.csv; job_update_event_stream.csv; job_skill_monthly_frequency.csv
AI部署,17,job_bigcompany_final.csv; job_update_event_stream.csv; job_skill_monthly_frequency.csv
AI银行核心项目,3,job_bigcompany_final.csv; job_update_event_stream.csv; job_skill_monthly_frequency.csv
AI问答,12,job_bigcompany_final.csv; job_update_event_stream.csv; job_skill_monthly_frequency.csv
AI问题分析,3,job_bigcompany_final.csv; job_update_event_stream.csv; job_skill_monthly_frequency.csv
AI问题排查,3,job_bigcompany_final.csv; job_update_event_stream.csv; job_skill_monthly_frequency.csv
AI集成开发环境,6,job_bigcompany_final.csv; job_update_event_stream.csv; job_skill_monthly_frequency.csv
AI集群,12,job_bigcompany_final.csv; job_update_event_stream.csv; job_skill_monthly_frequency.csv
AI集群内存系统,3,job_bigcompany_final.csv; job_update_event_stream.csv; job_skill_monthly_frequency.csv
AI集群架构,3,job_bigcompany_final.csv; job_update_event_stream.csv; job_skill_monthly_frequency.csv
AI面试,3,job_bigcompany_final.csv; job_update_event_stream.csv; job_skill_monthly_frequency.csv
AI音乐,3,job_bigcompany_final.csv; job_update_event_stream.csv; job_skill_monthly_frequency.csv
AI音乐生成,6,job_bigcompany_final.csv; job_update_event_stream.csv; job_skill_monthly_frequency.csv
AI音效,6,job_bigcompany_final.csv; job_update_event_stream.csv; job_skill_monthly_frequency.csv
AI音频处理,3,job_bigcompany_final.csv; job_update_event_stream.csv; job_skill_monthly_frequency.csv
AI项目,27,job_bigcompany_final.csv; job_update_event_stream.csv; job_skill_monthly_frequency.csv
AI项目POC,5,job_bigcompany_final.csv; job_update_event_stream.csv; job_skill_monthly_frequency.csv
AI项目后端开发,3,job_bigcompany_final.csv; job_update_event_stream.csv; job_skill_monthly_frequency.csv
AI项目开发,24,job_bigcompany_final.csv; job_update_event_stream.csv; job_skill_monthly_frequency.csv
AI项目搭建,3,job_bigcompany_final.csv; job_update_event_stream.csv; job_skill_monthly_frequency.csv
AI项目测试,3,job_bigcompany_final.csv; job_update_event_stream.csv; job_skill_monthly_frequency.csv
AI项目落地,3,job_bigcompany_final.csv; job_update_event_stream.csv; job_skill_monthly_frequency.csv
AI项目部署,3,job_bigcompany_final.csv; job_update_event_stream.csv; job_skill_monthly_frequency.csv
AI预测,3,job_bigcompany_final.csv; job_update_event_stream.csv; job_skill_monthly_frequency.csv
AI风控,3,job_bigcompany_final.csv; job_update_event_stream.csv; job_skill_monthly_frequency.csv
AI风险,3,job_bigcompany_final.csv; job_update_event_stream.csv; job_skill_monthly_frequency.csv
AI风险分析,3,job_bigcompany_final.csv; job_update_event_stream.csv; job_skill_monthly_frequency.csv
AI风险挖掘,3,job_bigcompany_final.csv; job_update_event_stream.csv; job_skill_monthly_frequency.csv
AI风险治理,3,job_bigcompany_final.csv; job_update_event_stream.csv; job_skill_monthly_frequency.csv
AI驱动UI,3,job_bigcompany_final.csv; job_update_event_stream.csv; job_skill_monthly_frequency.csv
AI驱动开发,3,job_bigcompany_final.csv; job_update_event_stream.csv; job_skill_monthly_frequency.csv
AI驱动测试,3,job_bigcompany_final.csv; job_update_event_stream.csv; job_skill_monthly_frequency.csv
AI驱动研发,9,job_bigcompany_final.csv; job_update_event_stream.csv; job_skill_monthly_frequency.csv
AMD AI芯片,6,job_bigcompany_final.csv; job_update_event_stream.csv; job_skill_monthly_frequency.csv
AMD Ryzen AI,3,job_bigcompany_final.csv; job_update_event_stream.csv; job_skill_monthly_frequency.csv
Android Toolchain,3,job_bigcompany_final.csv; job_update_event_stream.csv; job_skill_monthly_frequency.csv
Android智能设备测试,3,job_bigcompany_final.csv; job_update_event_stream.csv; job_skill_monthly_frequency.csv
Android模型部署,6,job_bigcompany_final.csv; job_update_event_stream.csv; job_skill_monthly_frequency.csv
Anthropic Agent,3,job_bigcompany_final.csv; job_update_event_stream.csv; job_skill_monthly_frequency.csv
Anthropic Agent SDK,3,job_bigcompany_final.csv; job_update_event_stream.csv; job_skill_monthly_frequency.csv
Anthropic Claude API,3,job_bigcompany_final.csv; job_update_event_stream.csv; job_skill_monthly_frequency.csv
Anti-Grain Geometry,3,job_bigcompany_final.csv; job_update_event_stream.csv; job_skill_monthly_frequency.csv
Aone Copilot,3,job_bigcompany_final.csv; job_update_event_stream.csv; job_skill_monthly_frequency.csv
Apache Airflow,3,job_bigcompany_final.csv; job_update_event_stream.csv; job_skill_monthly_frequency.csv
Apache Paimon,3,job_bigcompany_final.csv; job_update_event_stream.csv; job_skill_monthly_frequency.csv
API Agent,3,job_bigcompany_final.csv; job_update_event_stream.csv; job_skill_monthly_frequency.csv
AppContainer,6,job_bigcompany_final.csv; job_update_event_stream.csv; job_skill_monthly_frequency.csv
AR+AI多模态交互,3,job_bigcompany_final.csv; job_update_event_stream.csv; job_skill_monthly_frequency.csv
AR生成式模型,3,job_bigcompany_final.csv; job_update_event_stream.csv; job_skill_monthly_frequency.csv
ASR大模型,3,job_bigcompany_final.csv; job_update_event_stream.csv; job_skill_monthly_frequency.csv
Audio Foundation Model,3,job_bigcompany_final.csv; job_update_event_stream.csv; job_skill_monthly_frequency.csv
Audio LLM,9,job_bigcompany_final.csv; job_update_event_stream.csv; job_skill_monthly_frequency.csv
Audio-LLM,6,job_bigcompany_final.csv; job_update_event_stream.csv; job_skill_monthly_frequency.csv
Auto Prompt,3,job_bigcompany_final.csv; job_update_event_stream.csv; job_skill_monthly_frequency.csv
Auto Prompt Engineering,3,job_bigcompany_final.csv; job_update_event_stream.csv; job_skill_monthly_frequency.csv
Auto Research Agent,3,job_bigcompany_final.csv; job_update_event_stream.csv; job_skill_monthly_frequency.csv
AutoGen,282,job_bigcompany_final.csv; job_update_event_stream.csv; job_skill_monthly_frequency.csv
AutoGPT,169,job_bigcompany_final.csv; job_update_event_stream.csv; job_skill_monthly_frequency.csv
Autonomous Agent,6,job_bigcompany_final.csv; job_update_event_stream.csv; job_skill_monthly_frequency.csv
AutoPrompt,9,job_bigcompany_final.csv; job_update_event_stream.csv; job_skill_monthly_frequency.csv
Batch推理优化,3,job_bigcompany_final.csv; job_update_event_stream.csv; job_skill_monthly_frequency.csv
BERT,255,job_bigcompany_final.csv; job_update_event_stream.csv; job_skill_monthly_frequency.csv
Bert-VITS,3,job_bigcompany_final.csv; job_update_event_stream.csv; job_skill_monthly_frequency.csv
Bot AI,3,job_bigcompany_final.csv; job_update_event_stream.csv; job_skill_monthly_frequency.csv
Browser Agent,6,job_bigcompany_final.csv; job_update_event_stream.csv; job_skill_monthly_frequency.csv
Browser Use Agent,3,job_bigcompany_final.csv; job_update_event_stream.csv; job_skill_monthly_frequency.csv
B端AI应用系统,3,job_bigcompany_final.csv; job_update_event_stream.csv; job_skill_monthly_frequency.csv
CAISP,3,job_bigcompany_final.csv; job_update_event_stream.csv; job_skill_monthly_frequency.csv
Chain,3,job_bigcompany_final.csv; job_update_event_stream.csv; job_skill_monthly_frequency.csv
Chain of Thought,15,job_bigcompany_final.csv; job_update_event_stream.csv; job_skill_monthly_frequency.csv
Chain-of-Thought,12,job_bigcompany_final.csv; job_update_event_stream.csv; job_skill_monthly_frequency.csv
Chains,16,job_bigcompany_final.csv; job_update_event_stream.csv; job_skill_monthly_frequency.csv
ChatGLM,76,job_bigcompany_final.csv; job_update_event_stream.csv; job_skill_monthly_frequency.csv
ChatGPT,53,job_bigcompany_final.csv; job_update_event_stream.csv; job_skill_monthly_frequency.csv
CI智能体,3,job_bigcompany_final.csv; job_update_event_stream.csv; job_skill_monthly_frequency.csv
Claude,171,job_bigcompany_final.csv; job_update_event_stream.csv; job_skill_monthly_frequency.csv
Claude 3.5,3,job_bigcompany_final.csv; job_update_event_stream.csv; job_skill_monthly_frequency.csv
Claude Agent SDK,12,job_bigcompany_final.csv; job_update_event_stream.csv; job_skill_monthly_frequency.csv
Claude API,24,job_bigcompany_final.csv; job_update_event_stream.csv; job_skill_monthly_frequency.csv
Claude Code,481,job_bigcompany_final.csv; job_update_event_stream.csv; job_skill_monthly_frequency.csv
Claude Code CLAUDE.md,3,job_bigcompany_final.csv; job_update_event_stream.csv; job_skill_monthly_frequency.csv
Claude Code SDK,3,job_bigcompany_final.csv; job_update_event_stream.csv; job_skill_monthly_frequency.csv
Claude CodeX,3,job_bigcompany_final.csv; job_update_event_stream.csv; job_skill_monthly_frequency.csv
Claude Design,3,job_bigcompany_final.csv; job_update_event_stream.csv; job_skill_monthly_frequency.csv
Claude SDK,3,job_bigcompany_final.csv; job_update_event_stream.csv; job_skill_monthly_frequency.csv
CLAUDE.md,6,job_bigcompany_final.csv; job_update_event_stream.csv; job_skill_monthly_frequency.csv
ClaudeCode,15,job_bigcompany_final.csv; job_update_event_stream.csv; job_skill_monthly_frequency.csv
Code Agent,35,job_bigcompany_final.csv; job_update_event_stream.csv; job_skill_monthly_frequency.csv
code agent harness,3,job_bigcompany_final.csv; job_update_event_stream.csv; job_skill_monthly_frequency.csv
Code LLM,6,job_bigcompany_final.csv; job_update_event_stream.csv; job_skill_monthly_frequency.csv
CodeLlama,6,job_bigcompany_final.csv; job_update_event_stream.csv; job_skill_monthly_frequency.csv
Coding Agent,111,job_bigcompany_final.csv; job_update_event_stream.csv; job_skill_monthly_frequency.csv
Colossal-AI,6,job_bigcompany_final.csv; job_update_event_stream.csv; job_skill_monthly_frequency.csv
ColossalAI,3,job_bigcompany_final.csv; job_update_event_stream.csv; job_skill_monthly_frequency.csv
Computer Use Agent,6,job_bigcompany_final.csv; job_update_event_stream.csv; job_skill_monthly_frequency.csv
Computer-use Agent,3,job_bigcompany_final.csv; job_update_event_stream.csv; job_skill_monthly_frequency.csv
Confidential Containers,3,job_bigcompany_final.csv; job_update_event_stream.csv; job_skill_monthly_frequency.csv
Constrained-Random,3,job_bigcompany_final.csv; job_update_event_stream.csv; job_skill_monthly_frequency.csv
Constraint,3,job_bigcompany_final.csv; job_update_event_stream.csv; job_skill_monthly_frequency.csv
container toolkit,3,job_bigcompany_final.csv; job_update_event_stream.csv; job_skill_monthly_frequency.csv
Containerd,68,job_bigcompany_final.csv; job_update_event_stream.csv; job_skill_monthly_frequency.csv
contains,3,job_bigcompany_final.csv; job_update_event_stream.csv; job_skill_monthly_frequency.csv
Continue Pretrain,3,job_bigcompany_final.csv; job_update_event_stream.csv; job_skill_monthly_frequency.csv
Continue Training,3,job_bigcompany_final.csv; job_update_event_stream.csv; job_skill_monthly_frequency.csv
Continuous Pretrain,3,job_bigcompany_final.csv; job_update_event_stream.csv; job_skill_monthly_frequency.csv
Copilot,212,job_bigcompany_final.csv; job_update_event_stream.csv; job_skill_monthly_frequency.csv
Copilot安全,3,job_bigcompany_final.csv; job_update_event_stream.csv; job_skill_monthly_frequency.csv
CoT Prompt Engineering,6,job_bigcompany_final.csv; job_update_event_stream.csv; job_skill_monthly_frequency.csv
Cowork Agent,3,job_bigcompany_final.csv; job_update_event_stream.csv; job_skill_monthly_frequency.csv
CPU推理加速,3,job_bigcompany_final.csv; job_update_event_stream.csv; job_skill_monthly_frequency.csv
CrewAI,150,job_bigcompany_final.csv; job_update_event_stream.csv; job_skill_monthly_frequency.csv
Cursor,438,job_bigcompany_final.csv; job_update_event_stream.csv; job_skill_monthly_frequency.csv
Cursor Rules,3,job_bigcompany_final.csv; job_update_event_stream.csv; job_skill_monthly_frequency.csv
Data Agent,24,job_bigcompany_final.csv; job_update_event_stream.csv; job_skill_monthly_frequency.csv
Data for AI,6,job_bigcompany_final.csv; job_update_event_stream.csv; job_skill_monthly_frequency.csv
Data+AI,12,job_bigcompany_final.csv; job_update_event_stream.csv; job_skill_monthly_frequency.csv
Data+AI平台,3,job_bigcompany_final.csv; job_update_event_stream.csv; job_skill_monthly_frequency.csv
Data-Centric AI,3,job_bigcompany_final.csv; job_update_event_stream.csv; job_skill_monthly_frequency.csv
Database for AI,3,job_bigcompany_final.csv; job_update_event_stream.csv; job_skill_monthly_frequency.csv
DB for AI,3,job_bigcompany_final.csv; job_update_event_stream.csv; job_skill_monthly_frequency.csv
DB4AI,6,job_bigcompany_final.csv; job_update_event_stream.csv; job_skill_monthly_frequency.csv
DDR Training,21,job_bigcompany_final.csv; job_update_event_stream.csv; job_skill_monthly_frequency.csv
DDR Training Flow,6,job_bigcompany_final.csv; job_update_event_stream.csv; job_skill_monthly_frequency.csv
DDR Training算法,3,job_bigcompany_final.csv; job_update_event_stream.csv; job_skill_monthly_frequency.csv
Decision Transformer,6,job_bigcompany_final.csv; job_update_event_stream.csv; job_skill_monthly_frequency.csv
DeepSeek,187,job_bigcompany_final.csv; job_update_event_stream.csv; job_skill_monthly_frequency.csv
DeepSeek Coder,3,job_bigcompany_final.csv; job_update_event_stream.csv; job_skill_monthly_frequency.csv
DeepSeek MTP,6,job_bigcompany_final.csv; job_update_event_stream.csv; job_skill_monthly_frequency.csv
DeepSpeed,608,job_bigcompany_final.csv; job_update_event_stream.csv; job_skill_monthly_frequency.csv
DeepSpeed FastGen,6,job_bigcompany_final.csv; job_update_event_stream.csv; job_skill_monthly_frequency.csv
DeepSpeed ZeRO,3,job_bigcompany_final.csv; job_update_event_stream.csv; job_skill_monthly_frequency.csv
DeepSpeed源码,3,job_bigcompany_final.csv; job_update_event_stream.csv; job_skill_monthly_frequency.csv
Demosaic,12,job_bigcompany_final.csv; job_update_event_stream.csv; job_skill_monthly_frequency.csv
Detail Caption,15,job_bigcompany_final.csv; job_update_event_stream.csv; job_skill_monthly_frequency.csv
Dev Agent,3,job_bigcompany_final.csv; job_update_event_stream.csv; job_skill_monthly_frequency.csv
Development Agent,3,job_bigcompany_final.csv; job_update_event_stream.csv; job_skill_monthly_frequency.csv
Diffusion,431,job_bigcompany_final.csv; job_update_event_stream.csv; job_skill_monthly_frequency.csv
Diffusion Forcing,3,job_bigcompany_final.csv; job_update_event_stream.csv; job_skill_monthly_frequency.csv
Diffusion Model,124,job_bigcompany_final.csv; job_update_event_stream.csv; job_skill_monthly_frequency.csv
Diffusion Models,71,job_bigcompany_final.csv; job_update_event_stream.csv; job_skill_monthly_frequency.csv
Diffusion Policy,19,job_bigcompany_final.csv; job_update_event_stream.csv; job_skill_monthly_frequency.csv
Diffusion-Based视频生成模型,3,job_bigcompany_final.csv; job_update_event_stream.csv; job_skill_monthly_frequency.csv
Diffusion-based音频合成,3,job_bigcompany_final.csv; job_update_event_stream.csv; job_skill_monthly_frequency.csv
Diffusion-DPO,6,job_bigcompany_final.csv; job_update_event_stream.csv; job_skill_monthly_frequency.csv
DiffusionNFT,3,job_bigcompany_final.csv; job_update_event_stream.csv; job_skill_monthly_frequency.csv
Diffusion推理加速,3,job_bigcompany_final.csv; job_update_event_stream.csv; job_skill_monthly_frequency.csv
Diffusion模型,6,job_bigcompany_final.csv; job_update_event_stream.csv; job_skill_monthly_frequency.csv
Diffusion模型训练,3,job_bigcompany_final.csv; job_update_event_stream.csv; job_skill_monthly_frequency.csv
Diffusion模型调试,3,job_bigcompany_final.csv; job_update_event_stream.csv; job_skill_monthly_frequency.csv
Diffusion训练,3,job_bigcompany_final.csv; job_update_event_stream.csv; job_skill_monthly_frequency.csv
Document AI,3,job_bigcompany_final.csv; job_update_event_stream.csv; job_skill_monthly_frequency.csv
Domain Randomization,15,job_bigcompany_final.csv; job_update_event_stream.csv; job_skill_monthly_frequency.csv
Domain-Driven Design,3,job_bigcompany_final.csv; job_update_event_stream.csv; job_skill_monthly_frequency.csv
DPO,517,job_bigcompany_final.csv; job_update_event_stream.csv; job_skill_monthly_frequency.csv
DriveOS,3,job_bigcompany_final.csv; job_update_event_stream.csv; job_skill_monthly_frequency.csv
Edge AI,3,job_bigcompany_final.csv; job_update_event_stream.csv; job_skill_monthly_frequency.csv
Einstein AI,3,job_bigcompany_final.csv; job_update_event_stream.csv; job_skill_monthly_frequency.csv
Embedding,152,job_bigcompany_final.csv; job_update_event_stream.csv; job_skill_monthly_frequency.csv
Embedding优化,9,job_bigcompany_final.csv; job_update_event_stream.csv; job_skill_monthly_frequency.csv
Embedding建模,3,job_bigcompany_final.csv; job_update_event_stream.csv; job_skill_monthly_frequency.csv
Embedding数据治理,3,job_bigcompany_final.csv; job_update_event_stream.csv; job_skill_monthly_frequency.csv
Embedding模型,23,job_bigcompany_final.csv; job_update_event_stream.csv; job_skill_monthly_frequency.csv
Embodied AI,3,job_bigcompany_final.csv; job_update_event_stream.csv; job_skill_monthly_frequency.csv
Enterprise Agentic AI,3,job_bigcompany_final.csv; job_update_event_stream.csv; job_skill_monthly_frequency.csv
Envoy AI Gateway,3,job_bigcompany_final.csv; job_update_event_stream.csv; job_skill_monthly_frequency.csv
EU AI Act,9,job_bigcompany_final.csv; job_update_event_stream.csv; job_skill_monthly_frequency.csv
EU AIA,3,job_bigcompany_final.csv; job_update_event_stream.csv; job_skill_monthly_frequency.csv
Failover,3,job_bigcompany_final.csv; job_update_event_stream.csv; job_skill_monthly_frequency.csv
Faiss,41,job_bigcompany_final.csv; job_update_event_stream.csv; job_skill_monthly_frequency.csv
Fast Pair,3,job_bigcompany_final.csv; job_update_event_stream.csv; job_skill_monthly_frequency.csv
FasterTransformer,43,job_bigcompany_final.csv; job_update_event_stream.csv; job_skill_monthly_frequency.csv
FastGPT,3,job_bigcompany_final.csv; job_update_event_stream.csv; job_skill_monthly_frequency.csv
flex.ai,3,job_bigcompany_final.csv; job_update_event_stream.csv; job_skill_monthly_frequency.csv
FlexAI,3,job_bigcompany_final.csv; job_update_event_stream.csv; job_skill_monthly_frequency.csv
Flux,45,job_bigcompany_final.csv; job_update_event_stream.csv; job_skill_monthly_frequency.csv
Foundation Model,15,job_bigcompany_final.csv; job_update_event_stream.csv; job_skill_monthly_frequency.csv
FPS游戏AI,9,job_bigcompany_final.csv; job_update_event_stream.csv; job_skill_monthly_frequency.csv
Full-Stack AI架构,3,job_bigcompany_final.csv; job_update_event_stream.csv; job_skill_monthly_frequency.csv
Function Calling,416,job_bigcompany_final.csv; job_update_event_stream.csv; job_skill_monthly_frequency.csv
GAIA,15,job_bigcompany_final.csv; job_update_event_stream.csv; job_skill_monthly_frequency.csv
GAIA-1,3,job_bigcompany_final.csv; job_update_event_stream.csv; job_skill_monthly_frequency.csv
GAIL,6,job_bigcompany_final.csv; job_update_event_stream.csv; job_skill_monthly_frequency.csv
Gemini,112,job_bigcompany_final.csv; job_update_event_stream.csv; job_skill_monthly_frequency.csv
Gemini API,3,job_bigcompany_final.csv; job_update_event_stream.csv; job_skill_monthly_frequency.csv
Gemini CLI,6,job_bigcompany_final.csv; job_update_event_stream.csv; job_skill_monthly_frequency.csv
GenAI,12,job_bigcompany_final.csv; job_update_event_stream.csv; job_skill_monthly_frequency.csv
GenAI-Bench,3,job_bigcompany_final.csv; job_update_event_stream.csv; job_skill_monthly_frequency.csv
GenAI安全,3,job_bigcompany_final.csv; job_update_event_stream.csv; job_skill_monthly_frequency.csv
General Agent,9,job_bigcompany_final.csv; job_update_event_stream.csv; job_skill_monthly_frequency.csv
Generative AI,3,job_bigcompany_final.csv; job_update_event_stream.csv; job_skill_monthly_frequency.csv
GeoTransformer,3,job_bigcompany_final.csv; job_update_event_stream.csv; job_skill_monthly_frequency.csv
GitHub Copilot,115,job_bigcompany_final.csv; job_update_event_stream.csv; job_skill_monthly_frequency.csv
GLM,47,job_bigcompany_final.csv; job_update_event_stream.csv; job_skill_monthly_frequency.csv
GLM Agent,3,job_bigcompany_final.csv; job_update_event_stream.csv; job_skill_monthly_frequency.csv
GLM-4-Voice,6,job_bigcompany_final.csv; job_update_event_stream.csv; job_skill_monthly_frequency.csv
glmark2,3,job_bigcompany_final.csv; job_update_event_stream.csv; job_skill_monthly_frequency.csv
Google AI API,6,job_bigcompany_final.csv; job_update_event_stream.csv; job_skill_monthly_frequency.csv
Google AI Edge SDK,3,job_bigcompany_final.csv; job_update_event_stream.csv; job_skill_monthly_frequency.csv
Google Vision AI,3,job_bigcompany_final.csv; job_update_event_stream.csv; job_skill_monthly_frequency.csv
GPT,439,job_bigcompany_final.csv; job_update_event_stream.csv; job_skill_monthly_frequency.csv
GPT API,3,job_bigcompany_final.csv; job_update_event_stream.csv; job_skill_monthly_frequency.csv
GPT-3,6,job_bigcompany_final.csv; job_update_event_stream.csv; job_skill_monthly_frequency.csv
GPT-4,21,job_bigcompany_final.csv; job_update_event_stream.csv; job_skill_monthly_frequency.csv
GPT-4 API,3,job_bigcompany_final.csv; job_update_event_stream.csv; job_skill_monthly_frequency.csv
GPT-4o,6,job_bigcompany_final.csv; job_update_event_stream.csv; job_skill_monthly_frequency.csv
GPT-4V,20,job_bigcompany_final.csv; job_update_event_stream.csv; job_skill_monthly_frequency.csv
GPT-SoVITS,3,job_bigcompany_final.csv; job_update_event_stream.csv; job_skill_monthly_frequency.csv
GPTQ,30,job_bigcompany_final.csv; job_update_event_stream.csv; job_skill_monthly_frequency.csv
GPT模型优化,3,job_bigcompany_final.csv; job_update_event_stream.csv; job_skill_monthly_frequency.csv
GPT结构,3,job_bigcompany_final.csv; job_update_event_stream.csv; job_skill_monthly_frequency.csv
GPU Embedding,3,job_bigcompany_final.csv; job_update_event_stream.csv; job_skill_monthly_frequency.csv
GPU与AI框架协作,3,job_bigcompany_final.csv; job_update_event_stream.csv; job_skill_monthly_frequency.csv
GPU推理优化,9,job_bigcompany_final.csv; job_update_event_stream.csv; job_skill_monthly_frequency.csv
GPU推理加速,6,job_bigcompany_final.csv; job_update_event_stream.csv; job_skill_monthly_frequency.csv
GPU算力,9,job_bigcompany_final.csv; job_update_event_stream.csv; job_skill_monthly_frequency.csv
GPU算力交付运维,3,job_bigcompany_final.csv; job_update_event_stream.csv; job_skill_monthly_frequency.csv
Graph Embedding,6,job_bigcompany_final.csv; job_update_event_stream.csv; job_skill_monthly_frequency.csv
Graph RAG,3,job_bigcompany_final.csv; job_update_event_stream.csv; job_skill_monthly_frequency.csv
Graph-LLM,3,job_bigcompany_final.csv; job_update_event_stream.csv; job_skill_monthly_frequency.csv
Guardrail,9,job_bigcompany_final.csv; job_update_event_stream.csv; job_skill_monthly_frequency.csv
Guardrails,3,job_bigcompany_final.csv; job_update_event_stream.csv; job_skill_monthly_frequency.csv
GUI Agent,44,job_bigcompany_final.csv; job_update_event_stream.csv; job_skill_monthly_frequency.csv
GUI智能体,3,job_bigcompany_final.csv; job_update_event_stream.csv; job_skill_monthly_frequency.csv
Hermes Agent,29,job_bigcompany_final.csv; job_update_event_stream.csv; job_skill_monthly_frequency.csv
Hermes-Agent,3,job_bigcompany_final.csv; job_update_event_stream.csv; job_skill_monthly_frequency.csv
HuBERT,6,job_bigcompany_final.csv; job_update_event_stream.csv; job_skill_monthly_frequency.csv
Hugging Face,94,job_bigcompany_final.csv; job_update_event_stream.csv; job_skill_monthly_frequency.csv
Hugging Face Diffusers,3,job_bigcompany_final.csv; job_update_event_stream.csv; job_skill_monthly_frequency.csv
Hugging Face Transformers,38,job_bigcompany_final.csv; job_update_event_stream.csv; job_skill_monthly_frequency.csv
HuggingFace,48,job_bigcompany_final.csv; job_update_event_stream.csv; job_skill_monthly_frequency.csv
HuggingFace Accelerate,3,job_bigcompany_final.csv; job_update_event_stream.csv; job_skill_monthly_frequency.csv
HuggingFace TGI,3,job_bigcompany_final.csv; job_update_event_stream.csv; job_skill_monthly_frequency.csv
HuggingFace Transformers,3,job_bigcompany_final.csv; job_update_event_stream.csv; job_skill_monthly_frequency.csv
Human-AI Interaction,3,job_bigcompany_final.csv; job_update_event_stream.csv; job_skill_monthly_frequency.csv
Hyper-V Containers,3,job_bigcompany_final.csv; job_update_event_stream.csv; job_skill_monthly_frequency.csv
IDC智能化,3,job_bigcompany_final.csv; job_update_event_stream.csv; job_skill_monthly_frequency.csv
IJCAI,3,job_bigcompany_final.csv; job_update_event_stream.csv; job_skill_monthly_frequency.csv
iLogtail,3,job_bigcompany_final.csv; job_update_event_stream.csv; job_skill_monthly_frequency.csv
InfluxDB,33,job_bigcompany_final.csv; job_update_event_stream.csv; job_skill_monthly_frequency.csv
Inpainting,12,job_bigcompany_final.csv; job_update_event_stream.csv; job_skill_monthly_frequency.csv
InstructGPT,3,job_bigcompany_final.csv; job_update_event_stream.csv; job_skill_monthly_frequency.csv
Intel AI芯片,6,job_bigcompany_final.csv; job_update_event_stream.csv; job_skill_monthly_frequency.csv
Jailbreak,15,job_bigcompany_final.csv; job_update_event_stream.csv; job_skill_monthly_frequency.csv
Java Agent,3,job_bigcompany_final.csv; job_update_event_stream.csv; job_skill_monthly_frequency.csv
JetBrains插件,21,job_bigcompany_final.csv; job_update_event_stream.csv; job_skill_monthly_frequency.csv
JPEG-AI,15,job_bigcompany_final.csv; job_update_event_stream.csv; job_skill_monthly_frequency.csv
Kata Containers,76,job_bigcompany_final.csv; job_update_event_stream.csv; job_skill_monthly_frequency.csv
Kling,12,job_bigcompany_final.csv; job_update_event_stream.csv; job_skill_monthly_frequency.csv
L3/L4智能网联车辆,3,job_bigcompany_final.csv; job_update_event_stream.csv; job_skill_monthly_frequency.csv
LangChain,931,job_bigcompany_final.csv; job_update_event_stream.csv; job_skill_monthly_frequency.csv
LangChain.js,3,job_bigcompany_final.csv; job_update_event_stream.csv; job_skill_monthly_frequency.csv
LangGraph,439,job_bigcompany_final.csv; job_update_event_stream.csv; job_skill_monthly_frequency.csv
LangGraph4j,6,job_bigcompany_final.csv; job_update_event_stream.csv; job_skill_monthly_frequency.csv
LayaAir,6,job_bigcompany_final.csv; job_update_event_stream.csv; job_skill_monthly_frequency.csv
LCM-LoRA,3,job_bigcompany_final.csv; job_update_event_stream.csv; job_skill_monthly_frequency.csv
Liberty,6,job_bigcompany_final.csv; job_update_event_stream.csv; job_skill_monthly_frequency.csv
LivePortrait,8,job_bigcompany_final.csv; job_update_event_stream.csv; job_skill_monthly_frequency.csv
LLaMA,213,job_bigcompany_final.csv; job_update_event_stream.csv; job_skill_monthly_frequency.csv
LLaMA 3,3,job_bigcompany_final.csv; job_update_event_stream.csv; job_skill_monthly_frequency.csv
LLaMA Factory,9,job_bigcompany_final.csv; job_update_event_stream.csv; job_skill_monthly_frequency.csv
Llama-3-8B,6,job_bigcompany_final.csv; job_update_event_stream.csv; job_skill_monthly_frequency.csv
LLaMA-Factory,12,job_bigcompany_final.csv; job_update_event_stream.csv; job_skill_monthly_frequency.csv
llama.cpp,21,job_bigcompany_final.csv; job_update_event_stream.csv; job_skill_monthly_frequency.csv
Llama3,3,job_bigcompany_final.csv; job_update_event_stream.csv; job_skill_monthly_frequency.csv
LlamaFactory,24,job_bigcompany_final.csv; job_update_event_stream.csv; job_skill_monthly_frequency.csv
LlamaIndex,265,job_bigcompany_final.csv; job_update_event_stream.csv; job_skill_monthly_frequency.csv
LlamaIndex Workflows,9,job_bigcompany_final.csv; job_update_event_stream.csv; job_skill_monthly_frequency.csv
LLM,3130,job_bigcompany_final.csv; job_update_event_stream.csv; job_skill_monthly_frequency.csv
LLM + Data,3,job_bigcompany_final.csv; job_update_event_stream.csv; job_skill_monthly_frequency.csv
LLM Agent,89,job_bigcompany_final.csv; job_update_event_stream.csv; job_skill_monthly_frequency.csv
LLM Agent安全,6,job_bigcompany_final.csv; job_update_event_stream.csv; job_skill_monthly_frequency.csv
LLM Agent框架,3,job_bigcompany_final.csv; job_update_event_stream.csv; job_skill_monthly_frequency.csv
LLM Alignment,6,job_bigcompany_final.csv; job_update_event_stream.csv; job_skill_monthly_frequency.csv
LLM API,78,job_bigcompany_final.csv; job_update_event_stream.csv; job_skill_monthly_frequency.csv
LLM API集成,6,job_bigcompany_final.csv; job_update_event_stream.csv; job_skill_monthly_frequency.csv
LLM App Platform,3,job_bigcompany_final.csv; job_update_event_stream.csv; job_skill_monthly_frequency.csv
LLM as Judge,3,job_bigcompany_final.csv; job_update_event_stream.csv; job_skill_monthly_frequency.csv
LLM Benchmark,6,job_bigcompany_final.csv; job_update_event_stream.csv; job_skill_monthly_frequency.csv
LLM Chatbot,3,job_bigcompany_final.csv; job_update_event_stream.csv; job_skill_monthly_frequency.csv
LLM Eval,3,job_bigcompany_final.csv; job_update_event_stream.csv; job_skill_monthly_frequency.csv
LLM evaluation,3,job_bigcompany_final.csv; job_update_event_stream.csv; job_skill_monthly_frequency.csv
LLM Finetune,6,job_bigcompany_final.csv; job_update_event_stream.csv; job_skill_monthly_frequency.csv
LLM for RecSys,3,job_bigcompany_final.csv; job_update_event_stream.csv; job_skill_monthly_frequency.csv
LLM for Security,6,job_bigcompany_final.csv; job_update_event_stream.csv; job_skill_monthly_frequency.csv
LLM Gateway,14,job_bigcompany_final.csv; job_update_event_stream.csv; job_skill_monthly_frequency.csv
LLM Guard,3,job_bigcompany_final.csv; job_update_event_stream.csv; job_skill_monthly_frequency.csv
LLM Harness,6,job_bigcompany_final.csv; job_update_event_stream.csv; job_skill_monthly_frequency.csv
LLM Inference,9,job_bigcompany_final.csv; job_update_event_stream.csv; job_skill_monthly_frequency.csv
LLM Judge,3,job_bigcompany_final.csv; job_update_event_stream.csv; job_skill_monthly_frequency.csv
LLM on Edge,3,job_bigcompany_final.csv; job_update_event_stream.csv; job_skill_monthly_frequency.csv
LLM Post-Training,15,job_bigcompany_final.csv; job_update_event_stream.csv; job_skill_monthly_frequency.csv
LLM Prompt Engineering,3,job_bigcompany_final.csv; job_update_event_stream.csv; job_skill_monthly_frequency.csv
LLM Safety,3,job_bigcompany_final.csv; job_update_event_stream.csv; job_skill_monthly_frequency.csv
LLM Security,6,job_bigcompany_final.csv; job_update_event_stream.csv; job_skill_monthly_frequency.csv
LLM Serving,6,job_bigcompany_final.csv; job_update_event_stream.csv; job_skill_monthly_frequency.csv
LLM Tracing,3,job_bigcompany_final.csv; job_update_event_stream.csv; job_skill_monthly_frequency.csv
LLM Training Infra,3,job_bigcompany_final.csv; job_update_event_stream.csv; job_skill_monthly_frequency.csv
LLM wiki,3,job_bigcompany_final.csv; job_update_event_stream.csv; job_skill_monthly_frequency.csv
LLM+RL,9,job_bigcompany_final.csv; job_update_event_stream.csv; job_skill_monthly_frequency.csv
LLM-as-a-Judge,32,job_bigcompany_final.csv; job_update_event_stream.csv; job_skill_monthly_frequency.csv
LLM-as-Judge,15,job_bigcompany_final.csv; job_update_event_stream.csv; job_skill_monthly_frequency.csv
LLM-based Agent,3,job_bigcompany_final.csv; job_update_event_stream.csv; job_skill_monthly_frequency.csv
LLM-based推搜广告,3,job_bigcompany_final.csv; job_update_event_stream.csv; job_skill_monthly_frequency.csv
LLM-based策略优化,3,job_bigcompany_final.csv; job_update_event_stream.csv; job_skill_monthly_frequency.csv
LLM-based音频合成,3,job_bigcompany_final.csv; job_update_event_stream.csv; job_skill_monthly_frequency.csv
LLM-Powered应用,6,job_bigcompany_final.csv; job_update_event_stream.csv; job_skill_monthly_frequency.csv
LLM工具调用,6,job_bigcompany_final.csv; job_update_event_stream.csv; job_skill_monthly_frequency.csv
LLM工程化,12,job_bigcompany_final.csv; job_update_event_stream.csv; job_skill_monthly_frequency.csv
LLM推理优化,23,job_bigcompany_final.csv; job_update_event_stream.csv; job_skill_monthly_frequency.csv
LLM推理加速,6,job_bigcompany_final.csv; job_update_event_stream.csv; job_skill_monthly_frequency.csv
LLM模型压缩,3,job_bigcompany_final.csv; job_update_event_stream.csv; job_skill_monthly_frequency.csv
LLM模型部署,11,job_bigcompany_final.csv; job_update_event_stream.csv; job_skill_monthly_frequency.csv
LLM训练优化,19,job_bigcompany_final.csv; job_update_event_stream.csv; job_skill_monthly_frequency.csv
LoRA,255,job_bigcompany_final.csv; job_update_event_stream.csv; job_skill_monthly_frequency.csv
LoRA-SFT,3,job_bigcompany_final.csv; job_update_event_stream.csv; job_skill_monthly_frequency.csv
LoRA微调,3,job_bigcompany_final.csv; job_update_event_stream.csv; job_skill_monthly_frequency.csv
LoRA训练,12,job_bigcompany_final.csv; job_update_event_stream.csv; job_skill_monthly_frequency.csv
MaaS,91,job_bigcompany_final.csv; job_update_event_stream.csv; job_skill_monthly_frequency.csv
MaaS平台,3,job_bigcompany_final.csv; job_update_event_stream.csv; job_skill_monthly_frequency.csv
MaaS推理平台,3,job_bigcompany_final.csv; job_update_event_stream.csv; job_skill_monthly_frequency.csv
MAI Agent,3,job_bigcompany_final.csv; job_update_event_stream.csv; job_skill_monthly_frequency.csv
Mailbox,3,job_bigcompany_final.csv; job_update_event_stream.csv; job_skill_monthly_frequency.csv
Manus Agent,3,job_bigcompany_final.csv; job_update_event_stream.csv; job_skill_monthly_frequency.csv
Manus AI,3,job_bigcompany_final.csv; job_update_event_stream.csv; job_skill_monthly_frequency.csv
MCP,696,job_bigcompany_final.csv; job_update_event_stream.csv; job_skill_monthly_frequency.csv
MCP Client,6,job_bigcompany_final.csv; job_update_event_stream.csv; job_skill_monthly_frequency.csv
MCP Security,3,job_bigcompany_final.csv; job_update_event_stream.csv; job_skill_monthly_frequency.csv
MCP Server,21,job_bigcompany_final.csv; job_update_event_stream.csv; job_skill_monthly_frequency.csv
Megatron,487,job_bigcompany_final.csv; job_update_event_stream.csv; job_skill_monthly_frequency.csv
Megatron-Core,3,job_bigcompany_final.csv; job_update_event_stream.csv; job_skill_monthly_frequency.csv
Megatron-LLM,3,job_bigcompany_final.csv; job_update_event_stream.csv; job_skill_monthly_frequency.csv
Megatron-LM,215,job_bigcompany_final.csv; job_update_event_stream.csv; job_skill_monthly_frequency.csv
Megatron-LM源码,3,job_bigcompany_final.csv; job_update_event_stream.csv; job_skill_monthly_frequency.csv
MemGPT,9,job_bigcompany_final.csv; job_update_event_stream.csv; job_skill_monthly_frequency.csv
Mermaid,3,job_bigcompany_final.csv; job_update_event_stream.csv; job_skill_monthly_frequency.csv
MetaGPT,38,job_bigcompany_final.csv; job_update_event_stream.csv; job_skill_monthly_frequency.csv
Mid-train,3,job_bigcompany_final.csv; job_update_event_stream.csv; job_skill_monthly_frequency.csv
Mid-training,9,job_bigcompany_final.csv; job_update_event_stream.csv; job_skill_monthly_frequency.csv
Midjourney,18,job_bigcompany_final.csv; job_update_event_stream.csv; job_skill_monthly_frequency.csv
Midtrain,6,job_bigcompany_final.csv; job_update_event_stream.csv; job_skill_monthly_frequency.csv
MindSpore,18,job_bigcompany_final.csv; job_update_event_stream.csv; job_skill_monthly_frequency.csv
MindSpore Lite,3,job_bigcompany_final.csv; job_update_event_stream.csv; job_skill_monthly_frequency.csv
Mini-Gemini,9,job_bigcompany_final.csv; job_update_event_stream.csv; job_skill_monthly_frequency.csv
miniGPT-4,3,job_bigcompany_final.csv; job_update_event_stream.csv; job_skill_monthly_frequency.csv
MLC-LLM,6,job_bigcompany_final.csv; job_update_event_stream.csv; job_skill_monthly_frequency.csv
MLLM,258,job_bigcompany_final.csv; job_update_event_stream.csv; job_skill_monthly_frequency.csv
MLOps,109,job_bigcompany_final.csv; job_update_event_stream.csv; job_skill_monthly_frequency.csv
MOBA AI,3,job_bigcompany_final.csv; job_update_event_stream.csv; job_skill_monthly_frequency.csv
Mobile Agent,3,job_bigcompany_final.csv; job_update_event_stream.csv; job_skill_monthly_frequency.csv
Mobile Use Agent,3,job_bigcompany_final.csv; job_update_event_stream.csv; job_skill_monthly_frequency.csv
MoE模型训练,3,job_bigcompany_final.csv; job_update_event_stream.csv; job_skill_monthly_frequency.csv
Multi Agent,3,job_bigcompany_final.csv; job_update_event_stream.csv; job_skill_monthly_frequency.csv
Multi-Agent,489,job_bigcompany_final.csv; job_update_event_stream.csv; job_skill_monthly_frequency.csv
Multi-Agent Framework,3,job_bigcompany_final.csv; job_update_event_stream.csv; job_skill_monthly_frequency.csv
Multi-Agent Harness,3,job_bigcompany_final.csv; job_update_event_stream.csv; job_skill_monthly_frequency.csv
Multi-Agent System,6,job_bigcompany_final.csv; job_update_event_stream.csv; job_skill_monthly_frequency.csv
Multi-Agent Systems,6,job_bigcompany_final.csv; job_update_event_stream.csv; job_skill_monthly_frequency.csv
Multimodal Agent,3,job_bigcompany_final.csv; job_update_event_stream.csv; job_skill_monthly_frequency.csv
Multimodal LLM,6,job_bigcompany_final.csv; job_update_event_stream.csv; job_skill_monthly_frequency.csv
NavGPT,3,job_bigcompany_final.csv; job_update_event_stream.csv; job_skill_monthly_frequency.csv
NIST AI RMF,6,job_bigcompany_final.csv; job_update_event_stream.csv; job_skill_monthly_frequency.csv
NLP大模型,6,job_bigcompany_final.csv; job_update_event_stream.csv; job_skill_monthly_frequency.csv
NLP强化学习,6,job_bigcompany_final.csv; job_update_event_stream.csv; job_skill_monthly_frequency.csv
NLP模型评测,3,job_bigcompany_final.csv; job_update_event_stream.csv; job_skill_monthly_frequency.csv
NLP训练优化,3,job_bigcompany_final.csv; job_update_event_stream.csv; job_skill_monthly_frequency.csv
NLP语言模型,3,job_bigcompany_final.csv; job_update_event_stream.csv; job_skill_monthly_frequency.csv
NLP语言模型预训练,3,job_bigcompany_final.csv; job_update_event_stream.csv; job_skill_monthly_frequency.csv
NVMain,3,job_bigcompany_final.csv; job_update_event_stream.csv; job_skill_monthly_frequency.csv
Ollama,21,job_bigcompany_final.csv; job_update_event_stream.csv; job_skill_monthly_frequency.csv
Omni-LLM,6,job_bigcompany_final.csv; job_update_event_stream.csv; job_skill_monthly_frequency.csv
Omni大模型,3,job_bigcompany_final.csv; job_update_event_stream.csv; job_skill_monthly_frequency.csv
On-device AI,3,job_bigcompany_final.csv; job_update_event_stream.csv; job_skill_monthly_frequency.csv
ONNX,101,job_bigcompany_final.csv; job_update_event_stream.csv; job_skill_monthly_frequency.csv
ONNX Runtime,92,job_bigcompany_final.csv; job_update_event_stream.csv; job_skill_monthly_frequency.csv
ONNX优化,3,job_bigcompany_final.csv; job_update_event_stream.csv; job_skill_monthly_frequency.csv
ONNX转换,3,job_bigcompany_final.csv; job_update_event_stream.csv; job_skill_monthly_frequency.csv
OpenAI,33,job_bigcompany_final.csv; job_update_event_stream.csv; job_skill_monthly_frequency.csv
OpenAI Agent,6,job_bigcompany_final.csv; job_update_event_stream.csv; job_skill_monthly_frequency.csv
OpenAI Agents SDK,21,job_bigcompany_final.csv; job_update_event_stream.csv; job_skill_monthly_frequency.csv
OpenAI API,67,job_bigcompany_final.csv; job_update_event_stream.csv; job_skill_monthly_frequency.csv
OpenAI API兼容协议,3,job_bigcompany_final.csv; job_update_event_stream.csv; job_skill_monthly_frequency.csv
OpenAI Assistants API,6,job_bigcompany_final.csv; job_update_event_stream.csv; job_skill_monthly_frequency.csv
OpenAI Function Calling,3,job_bigcompany_final.csv; job_update_event_stream.csv; job_skill_monthly_frequency.csv
OpenAI Operator,3,job_bigcompany_final.csv; job_update_event_stream.csv; job_skill_monthly_frequency.csv
OpenAI SDK,9,job_bigcompany_final.csv; job_update_event_stream.csv; job_skill_monthly_frequency.csv
OpenAI Triton,12,job_bigcompany_final.csv; job_update_event_stream.csv; job_skill_monthly_frequency.csv
OpenRLHF,44,job_bigcompany_final.csv; job_update_event_stream.csv; job_skill_monthly_frequency.csv
OS智能工作流,3,job_bigcompany_final.csv; job_update_event_stream.csv; job_skill_monthly_frequency.csv
OWASP Agentic Application Security,3,job_bigcompany_final.csv; job_update_event_stream.csv; job_skill_monthly_frequency.csv
OWASP LLM Top 10,3,job_bigcompany_final.csv; job_update_event_stream.csv; job_skill_monthly_frequency.csv
OWASP LLM Top10,3,job_bigcompany_final.csv; job_update_event_stream.csv; job_skill_monthly_frequency.csv
OWASP Top 10 for LLM Applications,3,job_bigcompany_final.csv; job_update_event_stream.csv; job_skill_monthly_frequency.csv
PaddlePaddle,257,job_bigcompany_final.csv; job_update_event_stream.csv; job_skill_monthly_frequency.csv
PAI,15,job_bigcompany_final.csv; job_update_event_stream.csv; job_skill_monthly_frequency.csv
PAI iTag,3,job_bigcompany_final.csv; job_update_event_stream.csv; job_skill_monthly_frequency.csv
Paimon,77,job_bigcompany_final.csv; job_update_event_stream.csv; job_skill_monthly_frequency.csv
Pair-wise Reward Model,3,job_bigcompany_final.csv; job_update_event_stream.csv; job_skill_monthly_frequency.csv
PEFT,42,job_bigcompany_final.csv; job_update_event_stream.csv; job_skill_monthly_frequency.csv
PersistentVolumeClaim,3,job_bigcompany_final.csv; job_update_event_stream.csv; job_skill_monthly_frequency.csv
Personalized LLM,6,job_bigcompany_final.csv; job_update_event_stream.csv; job_skill_monthly_frequency.csv
Physical AI,3,job_bigcompany_final.csv; job_update_event_stream.csv; job_skill_monthly_frequency.csv
Plain C,9,job_bigcompany_final.csv; job_update_event_stream.csv; job_skill_monthly_frequency.csv
Position Embedding,9,job_bigcompany_final.csv; job_update_event_stream.csv; job_skill_monthly_frequency.csv
Post Training,15,job_bigcompany_final.csv; job_update_event_stream.csv; job_skill_monthly_frequency.csv
Post-train,9,job_bigcompany_final.csv; job_update_event_stream.csv; job_skill_monthly_frequency.csv
Post-training,142,job_bigcompany_final.csv; job_update_event_stream.csv; job_skill_monthly_frequency.csv
Posttrain,3,job_bigcompany_final.csv; job_update_event_stream.csv; job_skill_monthly_frequency.csv
Pre-train,9,job_bigcompany_final.csv; job_update_event_stream.csv; job_skill_monthly_frequency.csv
Pre-training,18,job_bigcompany_final.csv; job_update_event_stream.csv; job_skill_monthly_frequency.csv
Pretrain,21,job_bigcompany_final.csv; job_update_event_stream.csv; job_skill_monthly_frequency.csv
Prompt,169,job_bigcompany_final.csv; job_update_event_stream.csv; job_skill_monthly_frequency.csv
Prompt Builder,3,job_bigcompany_final.csv; job_update_event_stream.csv; job_skill_monthly_frequency.csv
Prompt Cache,3,job_bigcompany_final.csv; job_update_event_stream.csv; job_skill_monthly_frequency.csv
Prompt Caching,9,job_bigcompany_final.csv; job_update_event_stream.csv; job_skill_monthly_frequency.csv
Prompt Engine,3,job_bigcompany_final.csv; job_update_event_stream.csv; job_skill_monthly_frequency.csv
Prompt Engineering,1310,job_bigcompany_final.csv; job_update_event_stream.csv; job_skill_monthly_frequency.csv
Prompt Engineering工程化,3,job_bigcompany_final.csv; job_update_event_stream.csv; job_skill_monthly_frequency.csv
Prompt Evolution,3,job_bigcompany_final.csv; job_update_event_stream.csv; job_skill_monthly_frequency.csv
Prompt Injection,31,job_bigcompany_final.csv; job_update_event_stream.csv; job_skill_monthly_frequency.csv
Prompt Injection防御,3,job_bigcompany_final.csv; job_update_event_stream.csv; job_skill_monthly_frequency.csv
Prompt Injection防护,6,job_bigcompany_final.csv; job_update_event_stream.csv; job_skill_monthly_frequency.csv
Prompt Rephraser,15,job_bigcompany_final.csv; job_update_event_stream.csv; job_skill_monthly_frequency.csv
Prompt Tuning,3,job_bigcompany_final.csv; job_update_event_stream.csv; job_skill_monthly_frequency.csv
PromptFoo,9,job_bigcompany_final.csv; job_update_event_stream.csv; job_skill_monthly_frequency.csv
Prompting,6,job_bigcompany_final.csv; job_update_event_stream.csv; job_skill_monthly_frequency.csv
Prompting工程,3,job_bigcompany_final.csv; job_update_event_stream.csv; job_skill_monthly_frequency.csv
Prompt优化,84,job_bigcompany_final.csv; job_update_event_stream.csv; job_skill_monthly_frequency.csv
Prompt安全,9,job_bigcompany_final.csv; job_update_event_stream.csv; job_skill_monthly_frequency.csv
Prompt工作流,3,job_bigcompany_final.csv; job_update_event_stream.csv; job_skill_monthly_frequency.csv
Prompt工程,203,job_bigcompany_final.csv; job_update_event_stream.csv; job_skill_monthly_frequency.csv
Prompt库,6,job_bigcompany_final.csv; job_update_event_stream.csv; job_skill_monthly_frequency.csv
Prompt开发,6,job_bigcompany_final.csv; job_update_event_stream.csv; job_skill_monthly_frequency.csv
Prompt改写,3,job_bigcompany_final.csv; job_update_event_stream.csv; job_skill_monthly_frequency.csv
Prompt攻击,3,job_bigcompany_final.csv; job_update_event_stream.csv; job_skill_monthly_frequency.csv
Prompt攻防,3,job_bigcompany_final.csv; job_update_event_stream.csv; job_skill_monthly_frequency.csv
Prompt效果评估,6,job_bigcompany_final.csv; job_update_event_stream.csv; job_skill_monthly_frequency.csv
Prompt构建,3,job_bigcompany_final.csv; job_update_event_stream.csv; job_skill_monthly_frequency.csv
Prompt框架,3,job_bigcompany_final.csv; job_update_event_stream.csv; job_skill_monthly_frequency.csv
Prompt模板,12,job_bigcompany_final.csv; job_update_event_stream.csv; job_skill_monthly_frequency.csv
Prompt模板化,3,job_bigcompany_final.csv; job_update_event_stream.csv; job_skill_monthly_frequency.csv
Prompt注入,15,job_bigcompany_final.csv; job_update_event_stream.csv; job_skill_monthly_frequency.csv
Prompt注入防护,15,job_bigcompany_final.csv; job_update_event_stream.csv; job_skill_monthly_frequency.csv
Prompt版本管理,6,job_bigcompany_final.csv; job_update_event_stream.csv; job_skill_monthly_frequency.csv
Prompt策略,3,job_bigcompany_final.csv; job_update_event_stream.csv; job_skill_monthly_frequency.csv
Prompt管理,3,job_bigcompany_final.csv; job_update_event_stream.csv; job_skill_monthly_frequency.csv
Prompt管理平台,6,job_bigcompany_final.csv; job_update_event_stream.csv; job_skill_monthly_frequency.csv
Prompt编写,3,job_bigcompany_final.csv; job_update_event_stream.csv; job_skill_monthly_frequency.csv
Prompt编排,6,job_bigcompany_final.csv; job_update_event_stream.csv; job_skill_monthly_frequency.csv
Prompt自动优化,3,job_bigcompany_final.csv; job_update_event_stream.csv; job_skill_monthly_frequency.csv
Prompt自动化,3,job_bigcompany_final.csv; job_update_event_stream.csv; job_skill_monthly_frequency.csv
Prompt设计,42,job_bigcompany_final.csv; job_update_event_stream.csv; job_skill_monthly_frequency.csv
Prompt调优,92,job_bigcompany_final.csv; job_update_event_stream.csv; job_skill_monthly_frequency.csv
Prompt调试,15,job_bigcompany_final.csv; job_update_event_stream.csv; job_skill_monthly_frequency.csv
Prompt驱动数据分析,6,job_bigcompany_final.csv; job_update_event_stream.csv; job_skill_monthly_frequency.csv
PydanticAI,9,job_bigcompany_final.csv; job_update_event_stream.csv; job_skill_monthly_frequency.csv
PyTorch,3986,job_bigcompany_final.csv; job_update_event_stream.csv; job_skill_monthly_frequency.csv
PyTorch Dataloader,3,job_bigcompany_final.csv; job_update_event_stream.csv; job_skill_monthly_frequency.csv
PyTorch Distributed,6,job_bigcompany_final.csv; job_update_event_stream.csv; job_skill_monthly_frequency.csv
PyTorch FSDP,15,job_bigcompany_final.csv; job_update_event_stream.csv; job_skill_monthly_frequency.csv
PyTorch FSDP2,6,job_bigcompany_final.csv; job_update_event_stream.csv; job_skill_monthly_frequency.csv
PyTorch Mobile,6,job_bigcompany_final.csv; job_update_event_stream.csv; job_skill_monthly_frequency.csv
PyTorch Profiler,19,job_bigcompany_final.csv; job_update_event_stream.csv; job_skill_monthly_frequency.csv
PyTorch3D,3,job_bigcompany_final.csv; job_update_event_stream.csv; job_skill_monthly_frequency.csv
PyTorch二次开发,3,job_bigcompany_final.csv; job_update_event_stream.csv; job_skill_monthly_frequency.csv
PyTorch内部实现,3,job_bigcompany_final.csv; job_update_event_stream.csv; job_skill_monthly_frequency.csv
PyTorch内部机制,3,job_bigcompany_final.csv; job_update_event_stream.csv; job_skill_monthly_frequency.csv
PyTorch分布式训练,12,job_bigcompany_final.csv; job_update_event_stream.csv; job_skill_monthly_frequency.csv
PyTorch性能优化,3,job_bigcompany_final.csv; job_update_event_stream.csv; job_skill_monthly_frequency.csv
PyTorch源码,9,job_bigcompany_final.csv; job_update_event_stream.csv; job_skill_monthly_frequency.csv
PyTorch通信机制,3,job_bigcompany_final.csv; job_update_event_stream.csv; job_skill_monthly_frequency.csv
QLoRA,58,job_bigcompany_final.csv; job_update_event_stream.csv; job_skill_monthly_frequency.csv
Qwen,288,job_bigcompany_final.csv; job_update_event_stream.csv; job_skill_monthly_frequency.csv
Qwen API,3,job_bigcompany_final.csv; job_update_event_stream.csv; job_skill_monthly_frequency.csv
Qwen Audio,3,job_bigcompany_final.csv; job_update_event_stream.csv; job_skill_monthly_frequency.csv
Qwen Code,5,job_bigcompany_final.csv; job_update_event_stream.csv; job_skill_monthly_frequency.csv
Qwen Coder,3,job_bigcompany_final.csv; job_update_event_stream.csv; job_skill_monthly_frequency.csv
qwen-ASR,3,job_bigcompany_final.csv; job_update_event_stream.csv; job_skill_monthly_frequency.csv
Qwen-Audio,17,job_bigcompany_final.csv; job_update_event_stream.csv; job_skill_monthly_frequency.csv
Qwen-Coder,3,job_bigcompany_final.csv; job_update_event_stream.csv; job_skill_monthly_frequency.csv
Qwen-Image,3,job_bigcompany_final.csv; job_update_event_stream.csv; job_skill_monthly_frequency.csv
Qwen-Omni,18,job_bigcompany_final.csv; job_update_event_stream.csv; job_skill_monthly_frequency.csv
Qwen-TTS,3,job_bigcompany_final.csv; job_update_event_stream.csv; job_skill_monthly_frequency.csv
Qwen-VL,66,job_bigcompany_final.csv; job_update_event_stream.csv; job_skill_monthly_frequency.csv
Qwen3-VL,9,job_bigcompany_final.csv; job_update_event_stream.csv; job_skill_monthly_frequency.csv
QwenAudio,3,job_bigcompany_final.csv; job_update_event_stream.csv; job_skill_monthly_frequency.csv
QwenPaw,3,job_bigcompany_final.csv; job_update_event_stream.csv; job_skill_monthly_frequency.csv
QwenVL,15,job_bigcompany_final.csv; job_update_event_stream.csv; job_skill_monthly_frequency.csv
RAG,2014,job_bigcompany_final.csv; job_update_event_stream.csv; job_skill_monthly_frequency.csv
RAG Pipeline,6,job_bigcompany_final.csv; job_update_event_stream.csv; job_skill_monthly_frequency.csv
RAG Poisoning,3,job_bigcompany_final.csv; job_update_event_stream.csv; job_skill_monthly_frequency.csv
RAG-Fusion,6,job_bigcompany_final.csv; job_update_event_stream.csv; job_skill_monthly_frequency.csv
RAID,6,job_bigcompany_final.csv; job_update_event_stream.csv; job_skill_monthly_frequency.csv
RAII,3,job_bigcompany_final.csv; job_update_event_stream.csv; job_skill_monthly_frequency.csv
ReAct Agent,3,job_bigcompany_final.csv; job_update_event_stream.csv; job_skill_monthly_frequency.csv
Remosaic,15,job_bigcompany_final.csv; job_update_event_stream.csv; job_skill_monthly_frequency.csv
Reward Model Training,3,job_bigcompany_final.csv; job_update_event_stream.csv; job_skill_monthly_frequency.csv
RLAIF,70,job_bigcompany_final.csv; job_update_event_stream.csv; job_skill_monthly_frequency.csv
RLAIF数据,3,job_bigcompany_final.csv; job_update_event_stream.csv; job_skill_monthly_frequency.csv
RLHF,862,job_bigcompany_final.csv; job_update_event_stream.csv; job_skill_monthly_frequency.csv
RLHF Infra,3,job_bigcompany_final.csv; job_update_event_stream.csv; job_skill_monthly_frequency.csv
RLHF偏好数据,3,job_bigcompany_final.csv; job_update_event_stream.csv; job_skill_monthly_frequency.csv
RLHF工程,3,job_bigcompany_final.csv; job_update_event_stream.csv; job_skill_monthly_frequency.csv
RLHF数据,6,job_bigcompany_final.csv; job_update_event_stream.csv; job_skill_monthly_frequency.csv
RoboBrain,3,job_bigcompany_final.csv; job_update_event_stream.csv; job_skill_monthly_frequency.csv
RTP-LLM,6,job_bigcompany_final.csv; job_update_event_stream.csv; job_skill_monthly_frequency.csv
Run.ai,3,job_bigcompany_final.csv; job_update_event_stream.csv; job_skill_monthly_frequency.csv
SAI,6,job_bigcompany_final.csv; job_update_event_stream.csv; job_skill_monthly_frequency.csv
Sail,3,job_bigcompany_final.csv; job_update_event_stream.csv; job_skill_monthly_frequency.csv
Screen Agent,6,job_bigcompany_final.csv; job_update_event_stream.csv; job_skill_monthly_frequency.csv
Search Agent,24,job_bigcompany_final.csv; job_update_event_stream.csv; job_skill_monthly_frequency.csv
Search Agent RL,3,job_bigcompany_final.csv; job_update_event_stream.csv; job_skill_monthly_frequency.csv
Security for AI,3,job_bigcompany_final.csv; job_update_event_stream.csv; job_skill_monthly_frequency.csv
Security for LLM,6,job_bigcompany_final.csv; job_update_event_stream.csv; job_skill_monthly_frequency.csv
Seedream,3,job_bigcompany_final.csv; job_update_event_stream.csv; job_skill_monthly_frequency.csv
Self-evolving Agent,6,job_bigcompany_final.csv; job_update_event_stream.csv; job_skill_monthly_frequency.csv
sentence-transformers,3,job_bigcompany_final.csv; job_update_event_stream.csv; job_skill_monthly_frequency.csv
Server AI Chip,12,job_bigcompany_final.csv; job_update_event_stream.csv; job_skill_monthly_frequency.csv
SFT,1076,job_bigcompany_final.csv; job_update_event_stream.csv; job_skill_monthly_frequency.csv
Single Agent,3,job_bigcompany_final.csv; job_update_event_stream.csv; job_skill_monthly_frequency.csv
Single-Agent,3,job_bigcompany_final.csv; job_update_event_stream.csv; job_skill_monthly_frequency.csv
Skill-based Agent,3,job_bigcompany_final.csv; job_update_event_stream.csv; job_skill_monthly_frequency.csv
Sora,41,job_bigcompany_final.csv; job_update_event_stream.csv; job_skill_monthly_frequency.csv
SOTA大语言模型,3,job_bigcompany_final.csv; job_update_event_stream.csv; job_skill_monthly_frequency.csv
Spec Coding Agent,3,job_bigcompany_final.csv; job_update_event_stream.csv; job_skill_monthly_frequency.csv
SpeechBrain,3,job_bigcompany_final.csv; job_update_event_stream.csv; job_skill_monthly_frequency.csv
SpeechGPT,6,job_bigcompany_final.csv; job_update_event_stream.csv; job_skill_monthly_frequency.csv
Spring AI,41,job_bigcompany_final.csv; job_update_event_stream.csv; job_skill_monthly_frequency.csv
Spring AI Alibaba,6,job_bigcompany_final.csv; job_update_event_stream.csv; job_skill_monthly_frequency.csv
SRE AI Agent,3,job_bigcompany_final.csv; job_update_event_stream.csv; job_skill_monthly_frequency.csv
Stable Diffusion,161,job_bigcompany_final.csv; job_update_event_stream.csv; job_skill_monthly_frequency.csv
Sub Agent,3,job_bigcompany_final.csv; job_update_event_stream.csv; job_skill_monthly_frequency.csv
Sub-agent,3,job_bigcompany_final.csv; job_update_event_stream.csv; job_skill_monthly_frequency.csv
Substance Painter,12,job_bigcompany_final.csv; job_update_event_stream.csv; job_skill_monthly_frequency.csv
SVLM部署,3,job_bigcompany_final.csv; job_update_event_stream.csv; job_skill_monthly_frequency.csv
Swin Transformer,6,job_bigcompany_final.csv; job_update_event_stream.csv; job_skill_monthly_frequency.csv
System for AI,3,job_bigcompany_final.csv; job_update_event_stream.csv; job_skill_monthly_frequency.csv
System Prompt,15,job_bigcompany_final.csv; job_update_event_stream.csv; job_skill_monthly_frequency.csv
Tailwind,3,job_bigcompany_final.csv; job_update_event_stream.csv; job_skill_monthly_frequency.csv
Tailwind CSS,12,job_bigcompany_final.csv; job_update_event_stream.csv; job_skill_monthly_frequency.csv
taint,3,job_bigcompany_final.csv; job_update_event_stream.csv; job_skill_monthly_frequency.csv
Tair,12,job_bigcompany_final.csv; job_update_event_stream.csv; job_skill_monthly_frequency.csv
Temporal Embedding,9,job_bigcompany_final.csv; job_update_event_stream.csv; job_skill_monthly_frequency.csv
TensorFlow,2777,job_bigcompany_final.csv; job_update_event_stream.csv; job_skill_monthly_frequency.csv
TensorFlow Distributed,3,job_bigcompany_final.csv; job_update_event_stream.csv; job_skill_monthly_frequency.csv
TensorFlow Lite,11,job_bigcompany_final.csv; job_update_event_stream.csv; job_skill_monthly_frequency.csv
TensorFlow Lite Micro,3,job_bigcompany_final.csv; job_update_event_stream.csv; job_skill_monthly_frequency.csv
TensorFlow Serving,9,job_bigcompany_final.csv; job_update_event_stream.csv; job_skill_monthly_frequency.csv
TensorFlow内部实现,3,job_bigcompany_final.csv; job_update_event_stream.csv; job_skill_monthly_frequency.csv
TensorFlow通信机制,3,job_bigcompany_final.csv; job_update_event_stream.csv; job_skill_monthly_frequency.csv
TensorRT-LLM,289,job_bigcompany_final.csv; job_update_event_stream.csv; job_skill_monthly_frequency.csv
TestRail,3,job_bigcompany_final.csv; job_update_event_stream.csv; job_skill_monthly_frequency.csv
Text-to-SQL Agent,3,job_bigcompany_final.csv; job_update_event_stream.csv; job_skill_monthly_frequency.csv
ToB大模型应用,3,job_bigcompany_final.csv; job_update_event_stream.csv; job_skill_monthly_frequency.csv
Tool Calling,255,job_bigcompany_final.csv; job_update_event_stream.csv; job_skill_monthly_frequency.csv
Tool-use Training,3,job_bigcompany_final.csv; job_update_event_stream.csv; job_skill_monthly_frequency.csv
Training,15,job_bigcompany_final.csv; job_update_event_stream.csv; job_skill_monthly_frequency.csv
Training Pipeline,3,job_bigcompany_final.csv; job_update_event_stream.csv; job_skill_monthly_frequency.csv
Transformer,1147,job_bigcompany_final.csv; job_update_event_stream.csv; job_skill_monthly_frequency.csv
Transformer-based Models,3,job_bigcompany_final.csv; job_update_event_stream.csv; job_skill_monthly_frequency.csv
TransformerEngine,6,job_bigcompany_final.csv; job_update_event_stream.csv; job_skill_monthly_frequency.csv
Transformers,70,job_bigcompany_final.csv; job_update_event_stream.csv; job_skill_monthly_frequency.csv
Transformers Agents,3,job_bigcompany_final.csv; job_update_event_stream.csv; job_skill_monthly_frequency.csv
Transformer优化,3,job_bigcompany_final.csv; job_update_event_stream.csv; job_skill_monthly_frequency.csv
Transformer推理,9,job_bigcompany_final.csv; job_update_event_stream.csv; job_skill_monthly_frequency.csv
Transformer跨模态表征,3,job_bigcompany_final.csv; job_update_event_stream.csv; job_skill_monthly_frequency.csv
TRT-LLM,34,job_bigcompany_final.csv; job_update_event_stream.csv; job_skill_monthly_frequency.csv
UE AI工具,9,job_bigcompany_final.csv; job_update_event_stream.csv; job_skill_monthly_frequency.csv
UE AI框架,3,job_bigcompany_final.csv; job_update_event_stream.csv; job_skill_monthly_frequency.csv
UGC Agent,3,job_bigcompany_final.csv; job_update_event_stream.csv; job_skill_monthly_frequency.csv
UGC AI,3,job_bigcompany_final.csv; job_update_event_stream.csv; job_skill_monthly_frequency.csv
UI Agent,3,job_bigcompany_final.csv; job_update_event_stream.csv; job_skill_monthly_frequency.csv
UNet-based Diffusion,3,job_bigcompany_final.csv; job_update_event_stream.csv; job_skill_monthly_frequency.csv
User Prompt,3,job_bigcompany_final.csv; job_update_event_stream.csv; job_skill_monthly_frequency.csv
Veo,9,job_bigcompany_final.csv; job_update_event_stream.csv; job_skill_monthly_frequency.csv
Veo 3,3,job_bigcompany_final.csv; job_update_event_stream.csv; job_skill_monthly_frequency.csv
Veo3,3,job_bigcompany_final.csv; job_update_event_stream.csv; job_skill_monthly_frequency.csv
Vercel AI SDK,11,job_bigcompany_final.csv; job_update_event_stream.csv; job_skill_monthly_frequency.csv
Vibe Coding,202,job_bigcompany_final.csv; job_update_event_stream.csv; job_skill_monthly_frequency.csv
VibeCoding,3,job_bigcompany_final.csv; job_update_event_stream.csv; job_skill_monthly_frequency.csv
Video Diffusion,3,job_bigcompany_final.csv; job_update_event_stream.csv; job_skill_monthly_frequency.csv
Video LLM,3,job_bigcompany_final.csv; job_update_event_stream.csv; job_skill_monthly_frequency.csv
Vision Transformer,12,job_bigcompany_final.csv; job_update_event_stream.csv; job_skill_monthly_frequency.csv
VLA大模型,3,job_bigcompany_final.csv; job_update_event_stream.csv; job_skill_monthly_frequency.csv
VLA模型部署,3,job_bigcompany_final.csv; job_update_event_stream.csv; job_skill_monthly_frequency.csv
vLLM,864,job_bigcompany_final.csv; job_update_event_stream.csv; job_skill_monthly_frequency.csv
VLM,516,job_bigcompany_final.csv; job_update_event_stream.csv; job_skill_monthly_frequency.csv
VLM Coding,6,job_bigcompany_final.csv; job_update_event_stream.csv; job_skill_monthly_frequency.csv
VLM Post-Training,3,job_bigcompany_final.csv; job_update_event_stream.csv; job_skill_monthly_frequency.csv
VLM-as-Judge,9,job_bigcompany_final.csv; job_update_event_stream.csv; job_skill_monthly_frequency.csv
VLM后训练,6,job_bigcompany_final.csv; job_update_event_stream.csv; job_skill_monthly_frequency.csv
VLM应用架构,3,job_bigcompany_final.csv; job_update_event_stream.csv; job_skill_monthly_frequency.csv
VLM微调,9,job_bigcompany_final.csv; job_update_event_stream.csv; job_skill_monthly_frequency.csv
VLM推理优化,3,job_bigcompany_final.csv; job_update_event_stream.csv; job_skill_monthly_frequency.csv
VLM推理服务,3,job_bigcompany_final.csv; job_update_event_stream.csv; job_skill_monthly_frequency.csv
VLM数据,3,job_bigcompany_final.csv; job_update_event_stream.csv; job_skill_monthly_frequency.csv
VLM架构,3,job_bigcompany_final.csv; job_update_event_stream.csv; job_skill_monthly_frequency.csv
VLM测评,3,job_bigcompany_final.csv; job_update_event_stream.csv; job_skill_monthly_frequency.csv
VLM训练,6,job_bigcompany_final.csv; job_update_event_stream.csv; job_skill_monthly_frequency.csv
VLM部署,3,job_bigcompany_final.csv; job_update_event_stream.csv; job_skill_monthly_frequency.csv
VLM预训练数据构建,3,job_bigcompany_final.csv; job_update_event_stream.csv; job_skill_monthly_frequency.csv
Voice Agent,12,job_bigcompany_final.csv; job_update_event_stream.csv; job_skill_monthly_frequency.csv
VQA Agent,3,job_bigcompany_final.csv; job_update_event_stream.csv; job_skill_monthly_frequency.csv
VR智能设备测试,3,job_bigcompany_final.csv; job_update_event_stream.csv; job_skill_monthly_frequency.csv
Wails,3,job_bigcompany_final.csv; job_update_event_stream.csv; job_skill_monthly_frequency.csv
WavLM,3,job_bigcompany_final.csv; job_update_event_stream.csv; job_skill_monthly_frequency.csv
Web Agent,9,job_bigcompany_final.csv; job_update_event_stream.csv; job_skill_monthly_frequency.csv
WebContainer,3,job_bigcompany_final.csv; job_update_event_stream.csv; job_skill_monthly_frequency.csv
WebContainers,3,job_bigcompany_final.csv; job_update_event_stream.csv; job_skill_monthly_frequency.csv
World Model,35,job_bigcompany_final.csv; job_update_event_stream.csv; job_skill_monthly_frequency.csv
XAI,3,job_bigcompany_final.csv; job_update_event_stream.csv; job_skill_monthly_frequency.csv
XAI工具链,3,job_bigcompany_final.csv; job_update_event_stream.csv; job_skill_monthly_frequency.csv
Xenomai,3,job_bigcompany_final.csv; job_update_event_stream.csv; job_skill_monthly_frequency.csv
Zero-shot语音合成,6,job_bigcompany_final.csv; job_update_event_stream.csv; job_skill_monthly_frequency.csv
个人智能体,3,job_bigcompany_final.csv; job_update_event_stream.csv; job_skill_monthly_frequency.csv
主流AI模型,3,job_bigcompany_final.csv; job_update_event_stream.csv; job_skill_monthly_frequency.csv
云AI产品,3,job_bigcompany_final.csv; job_update_event_stream.csv; job_skill_monthly_frequency.csv
云原生AI,15,job_bigcompany_final.csv; job_update_event_stream.csv; job_skill_monthly_frequency.csv
云原生Data+AI,3,job_bigcompany_final.csv; job_update_event_stream.csv; job_skill_monthly_frequency.csv
云原生机器学习,3,job_bigcompany_final.csv; job_update_event_stream.csv; job_skill_monthly_frequency.csv
云原生机器学习系统,6,job_bigcompany_final.csv; job_update_event_stream.csv; job_skill_monthly_frequency.csv
云服务AI,3,job_bigcompany_final.csv; job_update_event_stream.csv; job_skill_monthly_frequency.csv
云端AI优化,6,job_bigcompany_final.csv; job_update_event_stream.csv; job_skill_monthly_frequency.csv
云端AI芯片,3,job_bigcompany_final.csv; job_update_event_stream.csv; job_skill_monthly_frequency.csv
互联网AI生态,3,job_bigcompany_final.csv; job_update_event_stream.csv; job_skill_monthly_frequency.csv
交互式智能体,3,job_bigcompany_final.csv; job_update_event_stream.csv; job_skill_monthly_frequency.csv
交互式视频生成,9,job_bigcompany_final.csv; job_update_event_stream.csv; job_skill_monthly_frequency.csv
产业级模型训练,3,job_bigcompany_final.csv; job_update_event_stream.csv; job_skill_monthly_frequency.csv
人像可控视频生成,6,job_bigcompany_final.csv; job_update_event_stream.csv; job_skill_monthly_frequency.csv
人工智能,253,job_bigcompany_final.csv; job_update_event_stream.csv; job_skill_monthly_frequency.csv
人工智能安全,3,job_bigcompany_final.csv; job_update_event_stream.csv; job_skill_monthly_frequency.csv
人工智能应用开发,3,job_bigcompany_final.csv; job_update_event_stream.csv; job_skill_monthly_frequency.csv
人工智能测试工具,3,job_bigcompany_final.csv; job_update_event_stream.csv; job_skill_monthly_frequency.csv
人工智能端侧部署,3,job_bigcompany_final.csv; job_update_event_stream.csv; job_skill_monthly_frequency.csv
人工智能算法,3,job_bigcompany_final.csv; job_update_event_stream.csv; job_skill_monthly_frequency.csv
人工智能训练,3,job_bigcompany_final.csv; job_update_event_stream.csv; job_skill_monthly_frequency.csv
代码基座模型训练,6,job_bigcompany_final.csv; job_update_event_stream.csv; job_skill_monthly_frequency.csv
代码大模型,43,job_bigcompany_final.csv; job_update_event_stream.csv; job_skill_monthly_frequency.csv
代码智能,30,job_bigcompany_final.csv; job_update_event_stream.csv; job_skill_monthly_frequency.csv
代码智能化工具,3,job_bigcompany_final.csv; job_update_event_stream.csv; job_skill_monthly_frequency.csv
代码智能评测,3,job_bigcompany_final.csv; job_update_event_stream.csv; job_skill_monthly_frequency.csv
代码语义检索,3,job_bigcompany_final.csv; job_update_event_stream.csv; job_skill_monthly_frequency.csv
代码领域大模型,3,job_bigcompany_final.csv; job_update_event_stream.csv; job_skill_monthly_frequency.csv
企业AI操作系统,3,job_bigcompany_final.csv; job_update_event_stream.csv; job_skill_monthly_frequency.csv
企业办公AI,3,job_bigcompany_final.csv; job_update_event_stream.csv; job_skill_monthly_frequency.csv
企业智能助手,3,job_bigcompany_final.csv; job_update_event_stream.csv; job_skill_monthly_frequency.csv
企业级AI Agent平台,6,job_bigcompany_final.csv; job_update_event_stream.csv; job_skill_monthly_frequency.csv
企业级AI工作流,9,job_bigcompany_final.csv; job_update_event_stream.csv; job_skill_monthly_frequency.csv
企业级AI平台,3,job_bigcompany_final.csv; job_update_event_stream.csv; job_skill_monthly_frequency.csv
企业级AI搜索,3,job_bigcompany_final.csv; job_update_event_stream.csv; job_skill_monthly_frequency.csv
低延迟推理优化,3,job_bigcompany_final.csv; job_update_event_stream.csv; job_skill_monthly_frequency.csv
信息安全机器学习,3,job_bigcompany_final.csv; job_update_event_stream.csv; job_skill_monthly_frequency.csv
信息检索强化学习,3,job_bigcompany_final.csv; job_update_event_stream.csv; job_skill_monthly_frequency.csv
全栈AI,12,job_bigcompany_final.csv; job_update_event_stream.csv; job_skill_monthly_frequency.csv
全模态大模型,12,job_bigcompany_final.csv; job_update_event_stream.csv; job_skill_monthly_frequency.csv
全模态模型部署,3,job_bigcompany_final.csv; job_update_event_stream.csv; job_skill_monthly_frequency.csv
全身运控模型部署,3,job_bigcompany_final.csv; job_update_event_stream.csv; job_skill_monthly_frequency.csv
具身智能,187,job_bigcompany_final.csv; job_update_event_stream.csv; job_skill_monthly_frequency.csv
具身智能产品工艺,3,job_bigcompany_final.csv; job_update_event_stream.csv; job_skill_monthly_frequency.csv
具身智能仿真,3,job_bigcompany_final.csv; job_update_event_stream.csv; job_skill_monthly_frequency.csv
具身智能体,3,job_bigcompany_final.csv; job_update_event_stream.csv; job_skill_monthly_frequency.csv
具身智能大模型,6,job_bigcompany_final.csv; job_update_event_stream.csv; job_skill_monthly_frequency.csv
具身智能模型,6,job_bigcompany_final.csv; job_update_event_stream.csv; job_skill_monthly_frequency.csv
具身智能测试,3,job_bigcompany_final.csv; job_update_event_stream.csv; job_skill_monthly_frequency.csv
具身智能算法,6,job_bigcompany_final.csv; job_update_event_stream.csv; job_skill_monthly_frequency.csv
具身智能系统架构,6,job_bigcompany_final.csv; job_update_event_stream.csv; job_skill_monthly_frequency.csv
具身智能训练工具,3,job_bigcompany_final.csv; job_update_event_stream.csv; job_skill_monthly_frequency.csv
决策智能,3,job_bigcompany_final.csv; job_update_event_stream.csv; job_skill_monthly_frequency.csv
决策智能体,3,job_bigcompany_final.csv; job_update_event_stream.csv; job_skill_monthly_frequency.csv
函数调用,3,job_bigcompany_final.csv; job_update_event_stream.csv; job_skill_monthly_frequency.csv
分层强化学习,3,job_bigcompany_final.csv; job_update_event_stream.csv; job_skill_monthly_frequency.csv
分布式AI服务,3,job_bigcompany_final.csv; job_update_event_stream.csv; job_skill_monthly_frequency.csv
分布式AI运行时,3,job_bigcompany_final.csv; job_update_event_stream.csv; job_skill_monthly_frequency.csv
分布式大模型并行推理,3,job_bigcompany_final.csv; job_update_event_stream.csv; job_skill_monthly_frequency.csv
分布式强化学习,6,job_bigcompany_final.csv; job_update_event_stream.csv; job_skill_monthly_frequency.csv
分布式推理加速,3,job_bigcompany_final.csv; job_update_event_stream.csv; job_skill_monthly_frequency.csv
分布式智能体,3,job_bigcompany_final.csv; job_update_event_stream.csv; job_skill_monthly_frequency.csv
分布式智能框架,3,job_bigcompany_final.csv; job_update_event_stream.csv; job_skill_monthly_frequency.csv
分布式机器学习,3,job_bigcompany_final.csv; job_update_event_stream.csv; job_skill_monthly_frequency.csv
分布式模型训练,9,job_bigcompany_final.csv; job_update_event_stream.csv; job_skill_monthly_frequency.csv
分布式深度学习,3,job_bigcompany_final.csv; job_update_event_stream.csv; job_skill_monthly_frequency.csv
分布式训练优化,6,job_bigcompany_final.csv; job_update_event_stream.csv; job_skill_monthly_frequency.csv
前端AI应用,3,job_bigcompany_final.csv; job_update_event_stream.csv; job_skill_monthly_frequency.csv
前端AI框架,3,job_bigcompany_final.csv; job_update_event_stream.csv; job_skill_monthly_frequency.csv
前端智能优化,3,job_bigcompany_final.csv; job_update_event_stream.csv; job_skill_monthly_frequency.csv
前端智能体安全,3,job_bigcompany_final.csv; job_update_event_stream.csv; job_skill_monthly_frequency.csv
剧情智能生成,3,job_bigcompany_final.csv; job_update_event_stream.csv; job_skill_monthly_frequency.csv
动作冒险游戏AI,3,job_bigcompany_final.csv; job_update_event_stream.csv; job_skill_monthly_frequency.csv
动态模型压缩,6,job_bigcompany_final.csv; job_update_event_stream.csv; job_skill_monthly_frequency.csv
化学基础模型,3,job_bigcompany_final.csv; job_update_event_stream.csv; job_skill_monthly_frequency.csv
医疗AI,9,job_bigcompany_final.csv; job_update_event_stream.csv; job_skill_monthly_frequency.csv
医疗AI大模型,3,job_bigcompany_final.csv; job_update_event_stream.csv; job_skill_monthly_frequency.csv
医疗AI评测,3,job_bigcompany_final.csv; job_update_event_stream.csv; job_skill_monthly_frequency.csv
医疗健康AI,3,job_bigcompany_final.csv; job_update_event_stream.csv; job_skill_monthly_frequency.csv
医疗多模态模型,3,job_bigcompany_final.csv; job_update_event_stream.csv; job_skill_monthly_frequency.csv
医疗大模型,6,job_bigcompany_final.csv; job_update_event_stream.csv; job_skill_monthly_frequency.csv
医疗影像AI,3,job_bigcompany_final.csv; job_update_event_stream.csv; job_skill_monthly_frequency.csv
医疗影像基础模型,3,job_bigcompany_final.csv; job_update_event_stream.csv; job_skill_monthly_frequency.csv
医药AI,3,job_bigcompany_final.csv; job_update_event_stream.csv; job_skill_monthly_frequency.csv
千亿参数大模型,3,job_bigcompany_final.csv; job_update_event_stream.csv; job_skill_monthly_frequency.csv
千亿参数模型训练,6,job_bigcompany_final.csv; job_update_event_stream.csv; job_skill_monthly_frequency.csv
千亿级大模型训练,3,job_bigcompany_final.csv; job_update_event_stream.csv; job_skill_monthly_frequency.csv
华为AI芯片,6,job_bigcompany_final.csv; job_update_event_stream.csv; job_skill_monthly_frequency.csv
卡牌AI,3,job_bigcompany_final.csv; job_update_event_stream.csv; job_skill_monthly_frequency.csv
原生多模态大模型,3,job_bigcompany_final.csv; job_update_event_stream.csv; job_skill_monthly_frequency.csv
原生多模态架构,3,job_bigcompany_final.csv; job_update_event_stream.csv; job_skill_monthly_frequency.csv
可扩展机器学习,6,job_bigcompany_final.csv; job_update_event_stream.csv; job_skill_monthly_frequency.csv
可控AI,6,job_bigcompany_final.csv; job_update_event_stream.csv; job_skill_monthly_frequency.csv
可控视频生成,13,job_bigcompany_final.csv; job_update_event_stream.csv; job_skill_monthly_frequency.csv
可测试AI系统,3,job_bigcompany_final.csv; job_update_event_stream.csv; job_skill_monthly_frequency.csv
可解释AI,6,job_bigcompany_final.csv; job_update_event_stream.csv; job_skill_monthly_frequency.csv
可解释性AI,3,job_bigcompany_final.csv; job_update_event_stream.csv; job_skill_monthly_frequency.csv
可解释机器学习,6,job_bigcompany_final.csv; job_update_event_stream.csv; job_skill_monthly_frequency.csv
可调试AI系统,3,job_bigcompany_final.csv; job_update_event_stream.csv; job_skill_monthly_frequency.csv
可配置AI系统,3,job_bigcompany_final.csv; job_update_event_stream.csv; job_skill_monthly_frequency.csv
可验证奖励强化学习,3,job_bigcompany_final.csv; job_update_event_stream.csv; job_skill_monthly_frequency.csv
后训练优化,3,job_bigcompany_final.csv; job_update_event_stream.csv; job_skill_monthly_frequency.csv
向量数据库,338,job_bigcompany_final.csv; job_update_event_stream.csv; job_skill_monthly_frequency.csv
向量数据库内核,3,job_bigcompany_final.csv; job_update_event_stream.csv; job_skill_monthly_frequency.csv
向量检索,173,job_bigcompany_final.csv; job_update_event_stream.csv; job_skill_monthly_frequency.csv
向量检索引擎,3,job_bigcompany_final.csv; job_update_event_stream.csv; job_skill_monthly_frequency.csv
向量检索性能调优,3,job_bigcompany_final.csv; job_update_event_stream.csv; job_skill_monthly_frequency.csv
向量检索系统,3,job_bigcompany_final.csv; job_update_event_stream.csv; job_skill_monthly_frequency.csv
商业大模型,3,job_bigcompany_final.csv; job_update_event_stream.csv; job_skill_monthly_frequency.csv
商用AI项目,6,job_bigcompany_final.csv; job_update_event_stream.csv; job_skill_monthly_frequency.csv
国产AI加速卡,3,job_bigcompany_final.csv; job_update_event_stream.csv; job_skill_monthly_frequency.csv
国产AI算力,3,job_bigcompany_final.csv; job_update_event_stream.csv; job_skill_monthly_frequency.csv
国产AI芯片适配,6,job_bigcompany_final.csv; job_update_event_stream.csv; job_skill_monthly_frequency.csv
国产大模型API,3,job_bigcompany_final.csv; job_update_event_stream.csv; job_skill_monthly_frequency.csv
图像AI算法,3,job_bigcompany_final.csv; job_update_event_stream.csv; job_skill_monthly_frequency.csv
图像大模型,3,job_bigcompany_final.csv; job_update_event_stream.csv; job_skill_monthly_frequency.csv
图像大模型预训练,3,job_bigcompany_final.csv; job_update_event_stream.csv; job_skill_monthly_frequency.csv
图像深度学习,3,job_bigcompany_final.csv; job_update_event_stream.csv; job_skill_monthly_frequency.csv
图像深度学习算法,3,job_bigcompany_final.csv; job_update_event_stream.csv; job_skill_monthly_frequency.csv
图像生成,357,job_bigcompany_final.csv; job_update_event_stream.csv; job_skill_monthly_frequency.csv
图像生成大模型,3,job_bigcompany_final.csv; job_update_event_stream.csv; job_skill_monthly_frequency.csv
图像生成工具,3,job_bigcompany_final.csv; job_update_event_stream.csv; job_skill_monthly_frequency.csv
图像生成模型,17,job_bigcompany_final.csv; job_update_event_stream.csv; job_skill_monthly_frequency.csv
图像编辑AI工具,3,job_bigcompany_final.csv; job_update_event_stream.csv; job_skill_monthly_frequency.csv
图大模型,3,job_bigcompany_final.csv; job_update_event_stream.csv; job_skill_monthly_frequency.csv
图文多模态,3,job_bigcompany_final.csv; job_update_event_stream.csv; job_skill_monthly_frequency.csv
图文多模态模型,9,job_bigcompany_final.csv; job_update_event_stream.csv; job_skill_monthly_frequency.csv
图机器学习,3,job_bigcompany_final.csv; job_update_event_stream.csv; job_skill_monthly_frequency.csv
图片视频AIGC,3,job_bigcompany_final.csv; job_update_event_stream.csv; job_skill_monthly_frequency.csv
图生视频,21,job_bigcompany_final.csv; job_update_event_stream.csv; job_skill_monthly_frequency.csv
图神经网络,133,job_bigcompany_final.csv; job_update_event_stream.csv; job_skill_monthly_frequency.csv
在线强化学习,3,job_bigcompany_final.csv; job_update_event_stream.csv; job_skill_monthly_frequency.csv
在线推理优化,3,job_bigcompany_final.csv; job_update_event_stream.csv; job_skill_monthly_frequency.csv
地平线AI加速SDK,3,job_bigcompany_final.csv; job_update_event_stream.csv; job_skill_monthly_frequency.csv
地理空间智能,3,job_bigcompany_final.csv; job_update_event_stream.csv; job_skill_monthly_frequency.csv
垂域基座模型,3,job_bigcompany_final.csv; job_update_event_stream.csv; job_skill_monthly_frequency.csv
垂域大模型,3,job_bigcompany_final.csv; job_update_event_stream.csv; job_skill_monthly_frequency.csv
垂直领域大模型训练,3,job_bigcompany_final.csv; job_update_event_stream.csv; job_skill_monthly_frequency.csv
垂类智能体,3,job_bigcompany_final.csv; job_update_event_stream.csv; job_skill_monthly_frequency.csv
基座大模型,3,job_bigcompany_final.csv; job_update_event_stream.csv; job_skill_monthly_frequency.csv
基座模型,6,job_bigcompany_final.csv; job_update_event_stream.csv; job_skill_monthly_frequency.csv
基座模型评测,3,job_bigcompany_final.csv; job_update_event_stream.csv; job_skill_monthly_frequency.csv
基础模型,122,job_bigcompany_final.csv; job_update_event_stream.csv; job_skill_monthly_frequency.csv
基础模型研发,3,job_bigcompany_final.csv; job_update_event_stream.csv; job_skill_monthly_frequency.csv
基础模型训练,6,job_bigcompany_final.csv; job_update_event_stream.csv; job_skill_monthly_frequency.csv
基础模型评测,5,job_bigcompany_final.csv; job_update_event_stream.csv; job_skill_monthly_frequency.csv
复杂智能体系统,12,job_bigcompany_final.csv; job_update_event_stream.csv; job_skill_monthly_frequency.csv
多Agent群体智能,3,job_bigcompany_final.csv; job_update_event_stream.csv; job_skill_monthly_frequency.csv
多卡推理优化,12,job_bigcompany_final.csv; job_update_event_stream.csv; job_skill_monthly_frequency.csv
多智能体,31,job_bigcompany_final.csv; job_update_event_stream.csv; job_skill_monthly_frequency.csv
多智能体交互决策,3,job_bigcompany_final.csv; job_update_event_stream.csv; job_skill_monthly_frequency.csv
多智能体交互建模,3,job_bigcompany_final.csv; job_update_event_stream.csv; job_skill_monthly_frequency.csv
多智能体协作,65,job_bigcompany_final.csv; job_update_event_stream.csv; job_skill_monthly_frequency.csv
多智能体协同,3,job_bigcompany_final.csv; job_update_event_stream.csv; job_skill_monthly_frequency.csv
多智能体强化学习,11,job_bigcompany_final.csv; job_update_event_stream.csv; job_skill_monthly_frequency.csv
多智能体系统,60,job_bigcompany_final.csv; job_update_event_stream.csv; job_skill_monthly_frequency.csv
多智能体编排,3,job_bigcompany_final.csv; job_update_event_stream.csv; job_skill_monthly_frequency.csv
多智能体调度,6,job_bigcompany_final.csv; job_update_event_stream.csv; job_skill_monthly_frequency.csv
多机推理优化,12,job_bigcompany_final.csv; job_update_event_stream.csv; job_skill_monthly_frequency.csv
多模态,721,job_bigcompany_final.csv; job_update_event_stream.csv; job_skill_monthly_frequency.csv
多模态3D生成,3,job_bigcompany_final.csv; job_update_event_stream.csv; job_skill_monthly_frequency.csv
多模态Agent,21,job_bigcompany_final.csv; job_update_event_stream.csv; job_skill_monthly_frequency.csv
多模态AI,27,job_bigcompany_final.csv; job_update_event_stream.csv; job_skill_monthly_frequency.csv
多模态AI工具,3,job_bigcompany_final.csv; job_update_event_stream.csv; job_skill_monthly_frequency.csv
多模态AI数据处理,3,job_bigcompany_final.csv; job_update_event_stream.csv; job_skill_monthly_frequency.csv
多模态AI检测工具链,3,job_bigcompany_final.csv; job_update_event_stream.csv; job_skill_monthly_frequency.csv
多模态Caption,3,job_bigcompany_final.csv; job_update_event_stream.csv; job_skill_monthly_frequency.csv
多模态CLIP,3,job_bigcompany_final.csv; job_update_event_stream.csv; job_skill_monthly_frequency.csv
多模态CoT,3,job_bigcompany_final.csv; job_update_event_stream.csv; job_skill_monthly_frequency.csv
多模态CV,3,job_bigcompany_final.csv; job_update_event_stream.csv; job_skill_monthly_frequency.csv
多模态GPT,6,job_bigcompany_final.csv; job_update_event_stream.csv; job_skill_monthly_frequency.csv
多模态LLM,21,job_bigcompany_final.csv; job_update_event_stream.csv; job_skill_monthly_frequency.csv
多模态LLM训练,5,job_bigcompany_final.csv; job_update_event_stream.csv; job_skill_monthly_frequency.csv
多模态MoE,3,job_bigcompany_final.csv; job_update_event_stream.csv; job_skill_monthly_frequency.csv
多模态NLG,3,job_bigcompany_final.csv; job_update_event_stream.csv; job_skill_monthly_frequency.csv
多模态NLP,3,job_bigcompany_final.csv; job_update_event_stream.csv; job_skill_monthly_frequency.csv
多模态RAG,18,job_bigcompany_final.csv; job_update_event_stream.csv; job_skill_monthly_frequency.csv
多模态RL,3,job_bigcompany_final.csv; job_update_event_stream.csv; job_skill_monthly_frequency.csv
多模态一致性,3,job_bigcompany_final.csv; job_update_event_stream.csv; job_skill_monthly_frequency.csv
多模态世界模型,12,job_bigcompany_final.csv; job_update_event_stream.csv; job_skill_monthly_frequency.csv
多模态交互,52,job_bigcompany_final.csv; job_update_event_stream.csv; job_skill_monthly_frequency.csv
多模态交互感知,3,job_bigcompany_final.csv; job_update_event_stream.csv; job_skill_monthly_frequency.csv
多模态交互算法,3,job_bigcompany_final.csv; job_update_event_stream.csv; job_skill_monthly_frequency.csv
多模态产品,9,job_bigcompany_final.csv; job_update_event_stream.csv; job_skill_monthly_frequency.csv
多模态任务,3,job_bigcompany_final.csv; job_update_event_stream.csv; job_skill_monthly_frequency.csv
多模态任务优化,5,job_bigcompany_final.csv; job_update_event_stream.csv; job_skill_monthly_frequency.csv
多模态任务设计,3,job_bigcompany_final.csv; job_update_event_stream.csv; job_skill_monthly_frequency.csv
多模态传感器标定,3,job_bigcompany_final.csv; job_update_event_stream.csv; job_skill_monthly_frequency.csv
多模态传感器融合,3,job_bigcompany_final.csv; job_update_event_stream.csv; job_skill_monthly_frequency.csv
多模态信息处理,3,job_bigcompany_final.csv; job_update_event_stream.csv; job_skill_monthly_frequency.csv
多模态信息融合,3,job_bigcompany_final.csv; job_update_event_stream.csv; job_skill_monthly_frequency.csv
多模态内容分析,3,job_bigcompany_final.csv; job_update_event_stream.csv; job_skill_monthly_frequency.csv
多模态内容合成,3,job_bigcompany_final.csv; job_update_event_stream.csv; job_skill_monthly_frequency.csv
多模态内容处理,3,job_bigcompany_final.csv; job_update_event_stream.csv; job_skill_monthly_frequency.csv
多模态内容理解,96,job_bigcompany_final.csv; job_update_event_stream.csv; job_skill_monthly_frequency.csv
多模态内容生产,3,job_bigcompany_final.csv; job_update_event_stream.csv; job_skill_monthly_frequency.csv
多模态内容生成,6,job_bigcompany_final.csv; job_update_event_stream.csv; job_skill_monthly_frequency.csv
多模态分类,9,job_bigcompany_final.csv; job_update_event_stream.csv; job_skill_monthly_frequency.csv
多模态创作Agent,3,job_bigcompany_final.csv; job_update_event_stream.csv; job_skill_monthly_frequency.csv
多模态创作算法,3,job_bigcompany_final.csv; job_update_event_stream.csv; job_skill_monthly_frequency.csv
多模态创意,3,job_bigcompany_final.csv; job_update_event_stream.csv; job_skill_monthly_frequency.csv
多模态前端,3,job_bigcompany_final.csv; job_update_event_stream.csv; job_skill_monthly_frequency.csv
多模态匹配,6,job_bigcompany_final.csv; job_update_event_stream.csv; job_skill_monthly_frequency.csv
多模态召回,9,job_bigcompany_final.csv; job_update_event_stream.csv; job_skill_monthly_frequency.csv
多模态后端,3,job_bigcompany_final.csv; job_update_event_stream.csv; job_skill_monthly_frequency.csv
多模态后训练,18,job_bigcompany_final.csv; job_update_event_stream.csv; job_skill_monthly_frequency.csv
多模态图像交互,3,job_bigcompany_final.csv; job_update_event_stream.csv; job_skill_monthly_frequency.csv
多模态图文对齐,3,job_bigcompany_final.csv; job_update_event_stream.csv; job_skill_monthly_frequency.csv
多模态图文理解,3,job_bigcompany_final.csv; job_update_event_stream.csv; job_skill_monthly_frequency.csv
多模态基础模型训练,6,job_bigcompany_final.csv; job_update_event_stream.csv; job_skill_monthly_frequency.csv
多模态处理,9,job_bigcompany_final.csv; job_update_event_stream.csv; job_skill_monthly_frequency.csv
多模态多任务模型,3,job_bigcompany_final.csv; job_update_event_stream.csv; job_skill_monthly_frequency.csv
多模态大模型,822,job_bigcompany_final.csv; job_update_event_stream.csv; job_skill_monthly_frequency.csv
多模态大模型对齐,3,job_bigcompany_final.csv; job_update_event_stream.csv; job_skill_monthly_frequency.csv
多模态大模型微调,6,job_bigcompany_final.csv; job_update_event_stream.csv; job_skill_monthly_frequency.csv
多模态大模型推理,3,job_bigcompany_final.csv; job_update_event_stream.csv; job_skill_monthly_frequency.csv
多模态大模型训练,27,job_bigcompany_final.csv; job_update_event_stream.csv; job_skill_monthly_frequency.csv
多模态大模型评估,3,job_bigcompany_final.csv; job_update_event_stream.csv; job_skill_monthly_frequency.csv
多模态大模型评测,12,job_bigcompany_final.csv; job_update_event_stream.csv; job_skill_monthly_frequency.csv
多模态大模型部署,3,job_bigcompany_final.csv; job_update_event_stream.csv; job_skill_monthly_frequency.csv
多模态大模型预训练,3,job_bigcompany_final.csv; job_update_event_stream.csv; job_skill_monthly_frequency.csv
多模态大语言模型,21,job_bigcompany_final.csv; job_update_event_stream.csv; job_skill_monthly_frequency.csv
多模态学习,104,job_bigcompany_final.csv; job_update_event_stream.csv; job_skill_monthly_frequency.csv
多模态安全,3,job_bigcompany_final.csv; job_update_event_stream.csv; job_skill_monthly_frequency.csv
多模态实时交互,3,job_bigcompany_final.csv; job_update_event_stream.csv; job_skill_monthly_frequency.csv
多模态对齐,20,job_bigcompany_final.csv; job_update_event_stream.csv; job_skill_monthly_frequency.csv
多模态对齐度,3,job_bigcompany_final.csv; job_update_event_stream.csv; job_skill_monthly_frequency.csv
多模态应用,29,job_bigcompany_final.csv; job_update_event_stream.csv; job_skill_monthly_frequency.csv
多模态建模,43,job_bigcompany_final.csv; job_update_event_stream.csv; job_skill_monthly_frequency.csv
多模态强化学习,3,job_bigcompany_final.csv; job_update_event_stream.csv; job_skill_monthly_frequency.csv
多模态意图识别,6,job_bigcompany_final.csv; job_update_event_stream.csv; job_skill_monthly_frequency.csv
多模态感知,15,job_bigcompany_final.csv; job_update_event_stream.csv; job_skill_monthly_frequency.csv
多模态感知融合,3,job_bigcompany_final.csv; job_update_event_stream.csv; job_skill_monthly_frequency.csv
多模态技术,9,job_bigcompany_final.csv; job_update_event_stream.csv; job_skill_monthly_frequency.csv
多模态技术栈,3,job_bigcompany_final.csv; job_update_event_stream.csv; job_skill_monthly_frequency.csv
多模态指令微调,6,job_bigcompany_final.csv; job_update_event_stream.csv; job_skill_monthly_frequency.csv
多模态控制动作生成,3,job_bigcompany_final.csv; job_update_event_stream.csv; job_skill_monthly_frequency.csv
多模态推理,39,job_bigcompany_final.csv; job_update_event_stream.csv; job_skill_monthly_frequency.csv
多模态推理模型,3,job_bigcompany_final.csv; job_update_event_stream.csv; job_skill_monthly_frequency.csv
多模态推荐,6,job_bigcompany_final.csv; job_update_event_stream.csv; job_skill_monthly_frequency.csv
多模态搜索,9,job_bigcompany_final.csv; job_update_event_stream.csv; job_skill_monthly_frequency.csv
多模态数据,24,job_bigcompany_final.csv; job_update_event_stream.csv; job_skill_monthly_frequency.csv
多模态数据加工,3,job_bigcompany_final.csv; job_update_event_stream.csv; job_skill_monthly_frequency.csv
多模态数据合成,11,job_bigcompany_final.csv; job_update_event_stream.csv; job_skill_monthly_frequency.csv
多模态数据处理,109,job_bigcompany_final.csv; job_update_event_stream.csv; job_skill_monthly_frequency.csv
多模态数据处理Pipeline,3,job_bigcompany_final.csv; job_update_event_stream.csv; job_skill_monthly_frequency.csv
多模态数据存储,6,job_bigcompany_final.csv; job_update_event_stream.csv; job_skill_monthly_frequency.csv
多模态数据对齐,8,job_bigcompany_final.csv; job_update_event_stream.csv; job_skill_monthly_frequency.csv
多模态数据平台,3,job_bigcompany_final.csv; job_update_event_stream.csv; job_skill_monthly_frequency.csv
多模态数据库,6,job_bigcompany_final.csv; job_update_event_stream.csv; job_skill_monthly_frequency.csv
多模态数据挖掘,3,job_bigcompany_final.csv; job_update_event_stream.csv; job_skill_monthly_frequency.csv
多模态数据提取,3,job_bigcompany_final.csv; job_update_event_stream.csv; job_skill_monthly_frequency.csv
多模态数据标注,3,job_bigcompany_final.csv; job_update_event_stream.csv; job_skill_monthly_frequency.csv
多模态数据治理,9,job_bigcompany_final.csv; job_update_event_stream.csv; job_skill_monthly_frequency.csv
多模态数据流处理,3,job_bigcompany_final.csv; job_update_event_stream.csv; job_skill_monthly_frequency.csv
多模态数据清洗,6,job_bigcompany_final.csv; job_update_event_stream.csv; job_skill_monthly_frequency.csv
多模态数据生产,13,job_bigcompany_final.csv; job_update_event_stream.csv; job_skill_monthly_frequency.csv
多模态数据管线,3,job_bigcompany_final.csv; job_update_event_stream.csv; job_skill_monthly_frequency.csv
多模态数据融合,6,job_bigcompany_final.csv; job_update_event_stream.csv; job_skill_monthly_frequency.csv
多模态数据采集,3,job_bigcompany_final.csv; job_update_event_stream.csv; job_skill_monthly_frequency.csv
多模态数据集,3,job_bigcompany_final.csv; job_update_event_stream.csv; job_skill_monthly_frequency.csv
多模态数据预处理,3,job_bigcompany_final.csv; job_update_event_stream.csv; job_skill_monthly_frequency.csv
多模态数据预处理加速,3,job_bigcompany_final.csv; job_update_event_stream.csv; job_skill_monthly_frequency.csv
多模态文档理解,3,job_bigcompany_final.csv; job_update_event_stream.csv; job_skill_monthly_frequency.csv
多模态方法,6,job_bigcompany_final.csv; job_update_event_stream.csv; job_skill_monthly_frequency.csv
多模态智能体,3,job_bigcompany_final.csv; job_update_event_stream.csv; job_skill_monthly_frequency.csv
多模态服务,9,job_bigcompany_final.csv; job_update_event_stream.csv; job_skill_monthly_frequency.csv
多模态机器学习,6,job_bigcompany_final.csv; job_update_event_stream.csv; job_skill_monthly_frequency.csv
多模态架构,3,job_bigcompany_final.csv; job_update_event_stream.csv; job_skill_monthly_frequency.csv
多模态标签体系,3,job_bigcompany_final.csv; job_update_event_stream.csv; job_skill_monthly_frequency.csv
多模态检测大模型,3,job_bigcompany_final.csv; job_update_event_stream.csv; job_skill_monthly_frequency.csv
多模态检索,69,job_bigcompany_final.csv; job_update_event_stream.csv; job_skill_monthly_frequency.csv
多模态模块,3,job_bigcompany_final.csv; job_update_event_stream.csv; job_skill_monthly_frequency.csv
多模态模型,364,job_bigcompany_final.csv; job_update_event_stream.csv; job_skill_monthly_frequency.csv
多模态模型云原生部署,6,job_bigcompany_final.csv; job_update_event_stream.csv; job_skill_monthly_frequency.csv
多模态模型优化,6,job_bigcompany_final.csv; job_update_event_stream.csv; job_skill_monthly_frequency.csv
多模态模型架构,3,job_bigcompany_final.csv; job_update_event_stream.csv; job_skill_monthly_frequency.csv
多模态模型训练,29,job_bigcompany_final.csv; job_update_event_stream.csv; job_skill_monthly_frequency.csv
多模态模型训练框架,3,job_bigcompany_final.csv; job_update_event_stream.csv; job_skill_monthly_frequency.csv
多模态模型评测,14,job_bigcompany_final.csv; job_update_event_stream.csv; job_skill_monthly_frequency.csv
多模态模型调优,6,job_bigcompany_final.csv; job_update_event_stream.csv; job_skill_monthly_frequency.csv
多模态模型部署,6,job_bigcompany_final.csv; job_update_event_stream.csv; job_skill_monthly_frequency.csv
多模态模型预训练,3,job_bigcompany_final.csv; job_update_event_stream.csv; job_skill_monthly_frequency.csv
多模态流式计算,6,job_bigcompany_final.csv; job_update_event_stream.csv; job_skill_monthly_frequency.csv
多模态深度学习,3,job_bigcompany_final.csv; job_update_event_stream.csv; job_skill_monthly_frequency.csv
多模态渲染,6,job_bigcompany_final.csv; job_update_event_stream.csv; job_skill_monthly_frequency.csv
多模态特征对齐,3,job_bigcompany_final.csv; job_update_event_stream.csv; job_skill_monthly_frequency.csv
多模态特征融合,3,job_bigcompany_final.csv; job_update_event_stream.csv; job_skill_monthly_frequency.csv
多模态特征表达学习,3,job_bigcompany_final.csv; job_update_event_stream.csv; job_skill_monthly_frequency.csv
多模态理解,317,job_bigcompany_final.csv; job_update_event_stream.csv; job_skill_monthly_frequency.csv
多模态理解模型,3,job_bigcompany_final.csv; job_update_event_stream.csv; job_skill_monthly_frequency.csv
多模态理解模型训练,3,job_bigcompany_final.csv; job_update_event_stream.csv; job_skill_monthly_frequency.csv
多模态理解生成,12,job_bigcompany_final.csv; job_update_event_stream.csv; job_skill_monthly_frequency.csv
多模态理解生成统一建模,9,job_bigcompany_final.csv; job_update_event_stream.csv; job_skill_monthly_frequency.csv
多模态生成,235,job_bigcompany_final.csv; job_update_event_stream.csv; job_skill_monthly_frequency.csv
多模态生成大模型,3,job_bigcompany_final.csv; job_update_event_stream.csv; job_skill_monthly_frequency.csv
多模态生成模型,29,job_bigcompany_final.csv; job_update_event_stream.csv; job_skill_monthly_frequency.csv
多模态生成系统,3,job_bigcompany_final.csv; job_update_event_stream.csv; job_skill_monthly_frequency.csv
多模态生成评测,3,job_bigcompany_final.csv; job_update_event_stream.csv; job_skill_monthly_frequency.csv
多模态生物模型,3,job_bigcompany_final.csv; job_update_event_stream.csv; job_skill_monthly_frequency.csv
多模态相似检索,3,job_bigcompany_final.csv; job_update_event_stream.csv; job_skill_monthly_frequency.csv
多模态研究,6,job_bigcompany_final.csv; job_update_event_stream.csv; job_skill_monthly_frequency.csv
多模态端到端对话,3,job_bigcompany_final.csv; job_update_event_stream.csv; job_skill_monthly_frequency.csv
多模态算法,203,job_bigcompany_final.csv; job_update_event_stream.csv; job_skill_monthly_frequency.csv
多模态算法测试,3,job_bigcompany_final.csv; job_update_event_stream.csv; job_skill_monthly_frequency.csv
多模态算法评估,3,job_bigcompany_final.csv; job_update_event_stream.csv; job_skill_monthly_frequency.csv
多模态系统,6,job_bigcompany_final.csv; job_update_event_stream.csv; job_skill_monthly_frequency.csv
多模态系统集成测试,3,job_bigcompany_final.csv; job_update_event_stream.csv; job_skill_monthly_frequency.csv
多模态统一建模,6,job_bigcompany_final.csv; job_update_event_stream.csv; job_skill_monthly_frequency.csv
多模态统一生成,3,job_bigcompany_final.csv; job_update_event_stream.csv; job_skill_monthly_frequency.csv
多模态联合建模,3,job_bigcompany_final.csv; job_update_event_stream.csv; job_skill_monthly_frequency.csv
多模态联合推理,3,job_bigcompany_final.csv; job_update_event_stream.csv; job_skill_monthly_frequency.csv
多模态融合,54,job_bigcompany_final.csv; job_update_event_stream.csv; job_skill_monthly_frequency.csv
多模态融合Pipeline,3,job_bigcompany_final.csv; job_update_event_stream.csv; job_skill_monthly_frequency.csv
多模态融合感知,9,job_bigcompany_final.csv; job_update_event_stream.csv; job_skill_monthly_frequency.csv
多模态融合推理,3,job_bigcompany_final.csv; job_update_event_stream.csv; job_skill_monthly_frequency.csv
多模态融合推荐,3,job_bigcompany_final.csv; job_update_event_stream.csv; job_skill_monthly_frequency.csv
多模态融合模型,3,job_bigcompany_final.csv; job_update_event_stream.csv; job_skill_monthly_frequency.csv
多模态表征,11,job_bigcompany_final.csv; job_update_event_stream.csv; job_skill_monthly_frequency.csv
多模态表征学习,15,job_bigcompany_final.csv; job_update_event_stream.csv; job_skill_monthly_frequency.csv
多模态表示学习,12,job_bigcompany_final.csv; job_update_event_stream.csv; job_skill_monthly_frequency.csv
多模态视觉优化,3,job_bigcompany_final.csv; job_update_event_stream.csv; job_skill_monthly_frequency.csv
多模态视觉图像理解,3,job_bigcompany_final.csv; job_update_event_stream.csv; job_skill_monthly_frequency.csv
多模态视频理解,9,job_bigcompany_final.csv; job_update_event_stream.csv; job_skill_monthly_frequency.csv
多模态训练,18,job_bigcompany_final.csv; job_update_event_stream.csv; job_skill_monthly_frequency.csv
多模态记忆融合,3,job_bigcompany_final.csv; job_update_event_stream.csv; job_skill_monthly_frequency.csv
多模态评测,21,job_bigcompany_final.csv; job_update_event_stream.csv; job_skill_monthly_frequency.csv
多模态识别,3,job_bigcompany_final.csv; job_update_event_stream.csv; job_skill_monthly_frequency.csv
多模态语义对齐,3,job_bigcompany_final.csv; job_update_event_stream.csv; job_skill_monthly_frequency.csv
多模态语料处理,6,job_bigcompany_final.csv; job_update_event_stream.csv; job_skill_monthly_frequency.csv
多模态语料流水线,3,job_bigcompany_final.csv; job_update_event_stream.csv; job_skill_monthly_frequency.csv
多模态语音理解,3,job_bigcompany_final.csv; job_update_event_stream.csv; job_skill_monthly_frequency.csv
多模态输入,3,job_bigcompany_final.csv; job_update_event_stream.csv; job_skill_monthly_frequency.csv
多模态输入对齐,6,job_bigcompany_final.csv; job_update_event_stream.csv; job_skill_monthly_frequency.csv
多模态问答,9,job_bigcompany_final.csv; job_update_event_stream.csv; job_skill_monthly_frequency.csv
多模态音乐理解,3,job_bigcompany_final.csv; job_update_event_stream.csv; job_skill_monthly_frequency.csv
多模态项目,6,job_bigcompany_final.csv; job_update_event_stream.csv; job_skill_monthly_frequency.csv
多模态预训练,40,job_bigcompany_final.csv; job_update_event_stream.csv; job_skill_monthly_frequency.csv
多模态预训练数据,3,job_bigcompany_final.csv; job_update_event_stream.csv; job_skill_monthly_frequency.csv
多模态预训练框架,3,job_bigcompany_final.csv; job_update_event_stream.csv; job_skill_monthly_frequency.csv
多模态预训练模型,3,job_bigcompany_final.csv; job_update_event_stream.csv; job_skill_monthly_frequency.csv
多模态驱动,8,job_bigcompany_final.csv; job_update_event_stream.csv; job_skill_monthly_frequency.csv
多视图Diffusion,3,job_bigcompany_final.csv; job_update_event_stream.csv; job_skill_monthly_frequency.csv
多语种语音识别,3,job_bigcompany_final.csv; job_update_event_stream.csv; job_skill_monthly_frequency.csv
多语言大模型,6,job_bigcompany_final.csv; job_update_event_stream.csv; job_skill_monthly_frequency.csv
多语言大模型评测,3,job_bigcompany_final.csv; job_update_event_stream.csv; job_skill_monthly_frequency.csv
多语言模型,18,job_bigcompany_final.csv; job_update_event_stream.csv; job_skill_monthly_frequency.csv
多轮工具调用,6,job_bigcompany_final.csv; job_update_event_stream.csv; job_skill_monthly_frequency.csv
大型AI系统,3,job_bigcompany_final.csv; job_update_event_stream.csv; job_skill_monthly_frequency.csv
大型机器学习项目,3,job_bigcompany_final.csv; job_update_event_stream.csv; job_skill_monthly_frequency.csv
大多模态模型,3,job_bigcompany_final.csv; job_update_event_stream.csv; job_skill_monthly_frequency.csv
大数据机器学习,6,job_bigcompany_final.csv; job_update_event_stream.csv; job_skill_monthly_frequency.csv
大模型,1367,job_bigcompany_final.csv; job_update_event_stream.csv; job_skill_monthly_frequency.csv
大模型 Agent,3,job_bigcompany_final.csv; job_update_event_stream.csv; job_skill_monthly_frequency.csv
大模型Agent,27,job_bigcompany_final.csv; job_update_event_stream.csv; job_skill_monthly_frequency.csv
大模型Agent框架,3,job_bigcompany_final.csv; job_update_event_stream.csv; job_skill_monthly_frequency.csv
大模型API,39,job_bigcompany_final.csv; job_update_event_stream.csv; job_skill_monthly_frequency.csv
大模型API抓取,3,job_bigcompany_final.csv; job_update_event_stream.csv; job_skill_monthly_frequency.csv
大模型API调用,8,job_bigcompany_final.csv; job_update_event_stream.csv; job_skill_monthly_frequency.csv
大模型API集成,6,job_bigcompany_final.csv; job_update_event_stream.csv; job_skill_monthly_frequency.csv
大模型CI/CD,3,job_bigcompany_final.csv; job_update_event_stream.csv; job_skill_monthly_frequency.csv
大模型Coding评测框架,3,job_bigcompany_final.csv; job_update_event_stream.csv; job_skill_monthly_frequency.csv
大模型Infra,3,job_bigcompany_final.csv; job_update_event_stream.csv; job_skill_monthly_frequency.csv
大模型Paper阅读,3,job_bigcompany_final.csv; job_update_event_stream.csv; job_skill_monthly_frequency.csv
大模型Post-training,8,job_bigcompany_final.csv; job_update_event_stream.csv; job_skill_monthly_frequency.csv
大模型Serving,3,job_bigcompany_final.csv; job_update_event_stream.csv; job_skill_monthly_frequency.csv
大模型SFT,3,job_bigcompany_final.csv; job_update_event_stream.csv; job_skill_monthly_frequency.csv
大模型Workflow,3,job_bigcompany_final.csv; job_update_event_stream.csv; job_skill_monthly_frequency.csv
大模型中台服务,3,job_bigcompany_final.csv; job_update_event_stream.csv; job_skill_monthly_frequency.csv
大模型云端部署优化,3,job_bigcompany_final.csv; job_update_event_stream.csv; job_skill_monthly_frequency.csv
大模型交付,5,job_bigcompany_final.csv; job_update_event_stream.csv; job_skill_monthly_frequency.csv
大模型产品,3,job_bigcompany_final.csv; job_update_event_stream.csv; job_skill_monthly_frequency.csv
大模型产品技术栈,3,job_bigcompany_final.csv; job_update_event_stream.csv; job_skill_monthly_frequency.csv
大模型产品落地,3,job_bigcompany_final.csv; job_update_event_stream.csv; job_skill_monthly_frequency.csv
大模型代码生成,3,job_bigcompany_final.csv; job_update_event_stream.csv; job_skill_monthly_frequency.csv
大模型代码迁移,9,job_bigcompany_final.csv; job_update_event_stream.csv; job_skill_monthly_frequency.csv
大模型优化,61,job_bigcompany_final.csv; job_update_event_stream.csv; job_skill_monthly_frequency.csv
大模型优化策略,3,job_bigcompany_final.csv; job_update_event_stream.csv; job_skill_monthly_frequency.csv
大模型保障,3,job_bigcompany_final.csv; job_update_event_stream.csv; job_skill_monthly_frequency.csv
大模型分布式训练,27,job_bigcompany_final.csv; job_update_event_stream.csv; job_skill_monthly_frequency.csv
大模型分布式训练框架,3,job_bigcompany_final.csv; job_update_event_stream.csv; job_skill_monthly_frequency.csv
大模型分布式部署,18,job_bigcompany_final.csv; job_update_event_stream.csv; job_skill_monthly_frequency.csv
大模型加速,6,job_bigcompany_final.csv; job_update_event_stream.csv; job_skill_monthly_frequency.csv
大模型压缩,3,job_bigcompany_final.csv; job_update_event_stream.csv; job_skill_monthly_frequency.csv
大模型原理,21,job_bigcompany_final.csv; job_update_event_stream.csv; job_skill_monthly_frequency.csv
大模型后台,3,job_bigcompany_final.csv; job_update_event_stream.csv; job_skill_monthly_frequency.csv
大模型后训练,149,job_bigcompany_final.csv; job_update_event_stream.csv; job_skill_monthly_frequency.csv
大模型后训练数据工程,3,job_bigcompany_final.csv; job_update_event_stream.csv; job_skill_monthly_frequency.csv
大模型商业化,3,job_bigcompany_final.csv; job_update_event_stream.csv; job_skill_monthly_frequency.csv
大模型在线推理,3,job_bigcompany_final.csv; job_update_event_stream.csv; job_skill_monthly_frequency.csv
大模型场景测试,3,job_bigcompany_final.csv; job_update_event_stream.csv; job_skill_monthly_frequency.csv
大模型基座,6,job_bigcompany_final.csv; job_update_event_stream.csv; job_skill_monthly_frequency.csv
大模型基座研发,3,job_bigcompany_final.csv; job_update_event_stream.csv; job_skill_monthly_frequency.csv
大模型基建,3,job_bigcompany_final.csv; job_update_event_stream.csv; job_skill_monthly_frequency.csv
大模型基础,3,job_bigcompany_final.csv; job_update_event_stream.csv; job_skill_monthly_frequency.csv
大模型基础架构,3,job_bigcompany_final.csv; job_update_event_stream.csv; job_skill_monthly_frequency.csv
大模型基础训练,3,job_bigcompany_final.csv; job_update_event_stream.csv; job_skill_monthly_frequency.csv
大模型增量训练,3,job_bigcompany_final.csv; job_update_event_stream.csv; job_skill_monthly_frequency.csv
大模型多媒体处理,3,job_bigcompany_final.csv; job_update_event_stream.csv; job_skill_monthly_frequency.csv
大模型存储,3,job_bigcompany_final.csv; job_update_event_stream.csv; job_skill_monthly_frequency.csv
大模型安全,101,job_bigcompany_final.csv; job_update_event_stream.csv; job_skill_monthly_frequency.csv
大模型安全产品,6,job_bigcompany_final.csv; job_update_event_stream.csv; job_skill_monthly_frequency.csv
大模型安全应用,3,job_bigcompany_final.csv; job_update_event_stream.csv; job_skill_monthly_frequency.csv
大模型安全攻防,3,job_bigcompany_final.csv; job_update_event_stream.csv; job_skill_monthly_frequency.csv
大模型安全测试,6,job_bigcompany_final.csv; job_update_event_stream.csv; job_skill_monthly_frequency.csv
大模型安全评测,3,job_bigcompany_final.csv; job_update_event_stream.csv; job_skill_monthly_frequency.csv
大模型安全评测集,3,job_bigcompany_final.csv; job_update_event_stream.csv; job_skill_monthly_frequency.csv
大模型实践,3,job_bigcompany_final.csv; job_update_event_stream.csv; job_skill_monthly_frequency.csv
大模型客户服务应用,3,job_bigcompany_final.csv; job_update_event_stream.csv; job_skill_monthly_frequency.csv
大模型客户端集成,3,job_bigcompany_final.csv; job_update_event_stream.csv; job_skill_monthly_frequency.csv
大模型对话,6,job_bigcompany_final.csv; job_update_event_stream.csv; job_skill_monthly_frequency.csv
大模型对话工具,3,job_bigcompany_final.csv; job_update_event_stream.csv; job_skill_monthly_frequency.csv
大模型对齐,15,job_bigcompany_final.csv; job_update_event_stream.csv; job_skill_monthly_frequency.csv
大模型小型化,3,job_bigcompany_final.csv; job_update_event_stream.csv; job_skill_monthly_frequency.csv
大模型工作流,6,job_bigcompany_final.csv; job_update_event_stream.csv; job_skill_monthly_frequency.csv
大模型工具,12,job_bigcompany_final.csv; job_update_event_stream.csv; job_skill_monthly_frequency.csv
大模型工程,36,job_bigcompany_final.csv; job_update_event_stream.csv; job_skill_monthly_frequency.csv
大模型工程优化,3,job_bigcompany_final.csv; job_update_event_stream.csv; job_skill_monthly_frequency.csv
大模型工程化,3,job_bigcompany_final.csv; job_update_event_stream.csv; job_skill_monthly_frequency.csv
大模型工程基础设施,3,job_bigcompany_final.csv; job_update_event_stream.csv; job_skill_monthly_frequency.csv
大模型工程实践,3,job_bigcompany_final.csv; job_update_event_stream.csv; job_skill_monthly_frequency.csv
大模型工程开发,6,job_bigcompany_final.csv; job_update_event_stream.csv; job_skill_monthly_frequency.csv
大模型工程架构,3,job_bigcompany_final.csv; job_update_event_stream.csv; job_skill_monthly_frequency.csv
大模型工程算法,3,job_bigcompany_final.csv; job_update_event_stream.csv; job_skill_monthly_frequency.csv
大模型工程落地,5,job_bigcompany_final.csv; job_update_event_stream.csv; job_skill_monthly_frequency.csv
大模型工程适配,3,job_bigcompany_final.csv; job_update_event_stream.csv; job_skill_monthly_frequency.csv
大模型平台,23,job_bigcompany_final.csv; job_update_event_stream.csv; job_skill_monthly_frequency.csv
大模型平台测试,6,job_bigcompany_final.csv; job_update_event_stream.csv; job_skill_monthly_frequency.csv
大模型并发推理,3,job_bigcompany_final.csv; job_update_event_stream.csv; job_skill_monthly_frequency.csv
大模型并行推理,3,job_bigcompany_final.csv; job_update_event_stream.csv; job_skill_monthly_frequency.csv
大模型并行策略,3,job_bigcompany_final.csv; job_update_event_stream.csv; job_skill_monthly_frequency.csv
大模型幻觉治理,3,job_bigcompany_final.csv; job_update_event_stream.csv; job_skill_monthly_frequency.csv
大模型幻觉缓解,3,job_bigcompany_final.csv; job_update_event_stream.csv; job_skill_monthly_frequency.csv
大模型广告应用,3,job_bigcompany_final.csv; job_update_event_stream.csv; job_skill_monthly_frequency.csv
大模型应用,499,job_bigcompany_final.csv; job_update_event_stream.csv; job_skill_monthly_frequency.csv
大模型应用前端,3,job_bigcompany_final.csv; job_update_event_stream.csv; job_skill_monthly_frequency.csv
大模型应用后端架构,3,job_bigcompany_final.csv; job_update_event_stream.csv; job_skill_monthly_frequency.csv
大模型应用安全,9,job_bigcompany_final.csv; job_update_event_stream.csv; job_skill_monthly_frequency.csv
大模型应用工程,9,job_bigcompany_final.csv; job_update_event_stream.csv; job_skill_monthly_frequency.csv
大模型应用工程化,3,job_bigcompany_final.csv; job_update_event_stream.csv; job_skill_monthly_frequency.csv
大模型应用平台,3,job_bigcompany_final.csv; job_update_event_stream.csv; job_skill_monthly_frequency.csv
大模型应用开发,107,job_bigcompany_final.csv; job_update_event_stream.csv; job_skill_monthly_frequency.csv
大模型应用开发平台,12,job_bigcompany_final.csv; job_update_event_stream.csv; job_skill_monthly_frequency.csv
大模型应用架构,3,job_bigcompany_final.csv; job_update_event_stream.csv; job_skill_monthly_frequency.csv
大模型应用测试,6,job_bigcompany_final.csv; job_update_event_stream.csv; job_skill_monthly_frequency.csv
大模型应用研发,3,job_bigcompany_final.csv; job_update_event_stream.csv; job_skill_monthly_frequency.csv
大模型应用算法,18,job_bigcompany_final.csv; job_update_event_stream.csv; job_skill_monthly_frequency.csv
大模型应用系统,6,job_bigcompany_final.csv; job_update_event_stream.csv; job_skill_monthly_frequency.csv
大模型应用落地,3,job_bigcompany_final.csv; job_update_event_stream.csv; job_skill_monthly_frequency.csv
大模型应用调优,3,job_bigcompany_final.csv; job_update_event_stream.csv; job_skill_monthly_frequency.csv
大模型底层架构,3,job_bigcompany_final.csv; job_update_event_stream.csv; job_skill_monthly_frequency.csv
大模型开发,12,job_bigcompany_final.csv; job_update_event_stream.csv; job_skill_monthly_frequency.csv
大模型开发工具,3,job_bigcompany_final.csv; job_update_event_stream.csv; job_skill_monthly_frequency.csv
大模型开源项目,6,job_bigcompany_final.csv; job_update_event_stream.csv; job_skill_monthly_frequency.csv
大模型强化学习,21,job_bigcompany_final.csv; job_update_event_stream.csv; job_skill_monthly_frequency.csv
大模型强化学习框架,3,job_bigcompany_final.csv; job_update_event_stream.csv; job_skill_monthly_frequency.csv
大模型微调,287,job_bigcompany_final.csv; job_update_event_stream.csv; job_skill_monthly_frequency.csv
大模型技术,15,job_bigcompany_final.csv; job_update_event_stream.csv; job_skill_monthly_frequency.csv
大模型技术架构,3,job_bigcompany_final.csv; job_update_event_stream.csv; job_skill_monthly_frequency.csv
大模型技术栈,6,job_bigcompany_final.csv; job_update_event_stream.csv; job_skill_monthly_frequency.csv
大模型技术生态,3,job_bigcompany_final.csv; job_update_event_stream.csv; job_skill_monthly_frequency.csv
大模型护栏,3,job_bigcompany_final.csv; job_update_event_stream.csv; job_skill_monthly_frequency.csv
大模型持续预训练,3,job_bigcompany_final.csv; job_update_event_stream.csv; job_skill_monthly_frequency.csv
大模型指令微调,3,job_bigcompany_final.csv; job_update_event_stream.csv; job_skill_monthly_frequency.csv
大模型探索,3,job_bigcompany_final.csv; job_update_event_stream.csv; job_skill_monthly_frequency.csv
大模型接入,8,job_bigcompany_final.csv; job_update_event_stream.csv; job_skill_monthly_frequency.csv
大模型接口安全,3,job_bigcompany_final.csv; job_update_event_stream.csv; job_skill_monthly_frequency.csv
大模型推理,247,job_bigcompany_final.csv; job_update_event_stream.csv; job_skill_monthly_frequency.csv
大模型推理优化,72,job_bigcompany_final.csv; job_update_event_stream.csv; job_skill_monthly_frequency.csv
大模型推理加速,18,job_bigcompany_final.csv; job_update_event_stream.csv; job_skill_monthly_frequency.csv
大模型推理基础设施,3,job_bigcompany_final.csv; job_update_event_stream.csv; job_skill_monthly_frequency.csv
大模型推理安全,3,job_bigcompany_final.csv; job_update_event_stream.csv; job_skill_monthly_frequency.csv
大模型推理引擎,9,job_bigcompany_final.csv; job_update_event_stream.csv; job_skill_monthly_frequency.csv
大模型推理性能优化,3,job_bigcompany_final.csv; job_update_event_stream.csv; job_skill_monthly_frequency.csv
大模型推理性能调优,3,job_bigcompany_final.csv; job_update_event_stream.csv; job_skill_monthly_frequency.csv
大模型推理技术栈,6,job_bigcompany_final.csv; job_update_event_stream.csv; job_skill_monthly_frequency.csv
大模型推理支撑,3,job_bigcompany_final.csv; job_update_event_stream.csv; job_skill_monthly_frequency.csv
大模型推理服务,12,job_bigcompany_final.csv; job_update_event_stream.csv; job_skill_monthly_frequency.csv
大模型推理服务化,3,job_bigcompany_final.csv; job_update_event_stream.csv; job_skill_monthly_frequency.csv
大模型推理框架,63,job_bigcompany_final.csv; job_update_event_stream.csv; job_skill_monthly_frequency.csv
大模型推理管线,3,job_bigcompany_final.csv; job_update_event_stream.csv; job_skill_monthly_frequency.csv
大模型推理系统,21,job_bigcompany_final.csv; job_update_event_stream.csv; job_skill_monthly_frequency.csv
大模型推理调优,3,job_bigcompany_final.csv; job_update_event_stream.csv; job_skill_monthly_frequency.csv
大模型推理部署,9,job_bigcompany_final.csv; job_update_event_stream.csv; job_skill_monthly_frequency.csv
大模型推荐,6,job_bigcompany_final.csv; job_update_event_stream.csv; job_skill_monthly_frequency.csv
大模型提示词,6,job_bigcompany_final.csv; job_update_event_stream.csv; job_skill_monthly_frequency.csv
大模型搜索,3,job_bigcompany_final.csv; job_update_event_stream.csv; job_skill_monthly_frequency.csv
大模型攻防,6,job_bigcompany_final.csv; job_update_event_stream.csv; job_skill_monthly_frequency.csv
大模型效果评测,3,job_bigcompany_final.csv; job_update_event_stream.csv; job_skill_monthly_frequency.csv
大模型数据,24,job_bigcompany_final.csv; job_update_event_stream.csv; job_skill_monthly_frequency.csv
大模型数据产品,3,job_bigcompany_final.csv; job_update_event_stream.csv; job_skill_monthly_frequency.csv
大模型数据优化,6,job_bigcompany_final.csv; job_update_event_stream.csv; job_skill_monthly_frequency.csv
大模型数据处理,15,job_bigcompany_final.csv; job_update_event_stream.csv; job_skill_monthly_frequency.csv
大模型数据工程,12,job_bigcompany_final.csv; job_update_event_stream.csv; job_skill_monthly_frequency.csv
大模型数据市场,3,job_bigcompany_final.csv; job_update_event_stream.csv; job_skill_monthly_frequency.csv
大模型数据平台,3,job_bigcompany_final.csv; job_update_event_stream.csv; job_skill_monthly_frequency.csv
大模型数据应用,3,job_bigcompany_final.csv; job_update_event_stream.csv; job_skill_monthly_frequency.csv
大模型数据建设,3,job_bigcompany_final.csv; job_update_event_stream.csv; job_skill_monthly_frequency.csv
大模型数据抓取,3,job_bigcompany_final.csv; job_update_event_stream.csv; job_skill_monthly_frequency.csv
大模型数据构建,6,job_bigcompany_final.csv; job_update_event_stream.csv; job_skill_monthly_frequency.csv
大模型数据构造,12,job_bigcompany_final.csv; job_update_event_stream.csv; job_skill_monthly_frequency.csv
大模型数据生产,6,job_bigcompany_final.csv; job_update_event_stream.csv; job_skill_monthly_frequency.csv
大模型数据策略,3,job_bigcompany_final.csv; job_update_event_stream.csv; job_skill_monthly_frequency.csv
大模型数据算法,3,job_bigcompany_final.csv; job_update_event_stream.csv; job_skill_monthly_frequency.csv
大模型数据管线,3,job_bigcompany_final.csv; job_update_event_stream.csv; job_skill_monthly_frequency.csv
大模型时序预测,6,job_bigcompany_final.csv; job_update_event_stream.csv; job_skill_monthly_frequency.csv
大模型智能体,3,job_bigcompany_final.csv; job_update_event_stream.csv; job_skill_monthly_frequency.csv
大模型智能分析,3,job_bigcompany_final.csv; job_update_event_stream.csv; job_skill_monthly_frequency.csv
大模型智能评测,3,job_bigcompany_final.csv; job_update_event_stream.csv; job_skill_monthly_frequency.csv
大模型智能运维,3,job_bigcompany_final.csv; job_update_event_stream.csv; job_skill_monthly_frequency.csv
大模型服务,12,job_bigcompany_final.csv; job_update_event_stream.csv; job_skill_monthly_frequency.csv
大模型服务化,3,job_bigcompany_final.csv; job_update_event_stream.csv; job_skill_monthly_frequency.csv
大模型服务平台,6,job_bigcompany_final.csv; job_update_event_stream.csv; job_skill_monthly_frequency.csv
大模型服务架构,6,job_bigcompany_final.csv; job_update_event_stream.csv; job_skill_monthly_frequency.csv
大模型服务端集成,3,job_bigcompany_final.csv; job_update_event_stream.csv; job_skill_monthly_frequency.csv
大模型服务调优,3,job_bigcompany_final.csv; job_update_event_stream.csv; job_skill_monthly_frequency.csv
大模型服务部署,3,job_bigcompany_final.csv; job_update_event_stream.csv; job_skill_monthly_frequency.csv
大模型架构,60,job_bigcompany_final.csv; job_update_event_stream.csv; job_skill_monthly_frequency.csv
大模型标注,3,job_bigcompany_final.csv; job_update_event_stream.csv; job_skill_monthly_frequency.csv
大模型核心算法,3,job_bigcompany_final.csv; job_update_event_stream.csv; job_skill_monthly_frequency.csv
大模型框架,12,job_bigcompany_final.csv; job_update_event_stream.csv; job_skill_monthly_frequency.csv
大模型模型,3,job_bigcompany_final.csv; job_update_event_stream.csv; job_skill_monthly_frequency.csv
大模型测试,30,job_bigcompany_final.csv; job_update_event_stream.csv; job_skill_monthly_frequency.csv
大模型测试开发,6,job_bigcompany_final.csv; job_update_event_stream.csv; job_skill_monthly_frequency.csv
大模型游戏测试,3,job_bigcompany_final.csv; job_update_event_stream.csv; job_skill_monthly_frequency.csv
大模型漏洞分析,3,job_bigcompany_final.csv; job_update_event_stream.csv; job_skill_monthly_frequency.csv
大模型理解,3,job_bigcompany_final.csv; job_update_event_stream.csv; job_skill_monthly_frequency.csv
大模型生态,6,job_bigcompany_final.csv; job_update_event_stream.csv; job_skill_monthly_frequency.csv
大模型生成,3,job_bigcompany_final.csv; job_update_event_stream.csv; job_skill_monthly_frequency.csv
大模型生成原理,3,job_bigcompany_final.csv; job_update_event_stream.csv; job_skill_monthly_frequency.csv
大模型用例生成,3,job_bigcompany_final.csv; job_update_event_stream.csv; job_skill_monthly_frequency.csv
大模型电商算法,3,job_bigcompany_final.csv; job_update_event_stream.csv; job_skill_monthly_frequency.csv
大模型相关性,3,job_bigcompany_final.csv; job_update_event_stream.csv; job_skill_monthly_frequency.csv
大模型知识引擎,3,job_bigcompany_final.csv; job_update_event_stream.csv; job_skill_monthly_frequency.csv
大模型研发,35,job_bigcompany_final.csv; job_update_event_stream.csv; job_skill_monthly_frequency.csv
大模型研发底座,3,job_bigcompany_final.csv; job_update_event_stream.csv; job_skill_monthly_frequency.csv
大模型稳定性,3,job_bigcompany_final.csv; job_update_event_stream.csv; job_skill_monthly_frequency.csv
大模型策略,3,job_bigcompany_final.csv; job_update_event_stream.csv; job_skill_monthly_frequency.csv
大模型算法,94,job_bigcompany_final.csv; job_update_event_stream.csv; job_skill_monthly_frequency.csv
大模型算法优化,6,job_bigcompany_final.csv; job_update_event_stream.csv; job_skill_monthly_frequency.csv
大模型算法开发,3,job_bigcompany_final.csv; job_update_event_stream.csv; job_skill_monthly_frequency.csv
大模型算法架构,3,job_bigcompany_final.csv; job_update_event_stream.csv; job_skill_monthly_frequency.csv
大模型算法研发,3,job_bigcompany_final.csv; job_update_event_stream.csv; job_skill_monthly_frequency.csv
大模型算法评测,3,job_bigcompany_final.csv; job_update_event_stream.csv; job_skill_monthly_frequency.csv
大模型精调,3,job_bigcompany_final.csv; job_update_event_stream.csv; job_skill_monthly_frequency.csv
大模型系统,3,job_bigcompany_final.csv; job_update_event_stream.csv; job_skill_monthly_frequency.csv
大模型系统架构,3,job_bigcompany_final.csv; job_update_event_stream.csv; job_skill_monthly_frequency.csv
大模型红队测试,6,job_bigcompany_final.csv; job_update_event_stream.csv; job_skill_monthly_frequency.csv
大模型结构,22,job_bigcompany_final.csv; job_update_event_stream.csv; job_skill_monthly_frequency.csv
大模型结构设计,3,job_bigcompany_final.csv; job_update_event_stream.csv; job_skill_monthly_frequency.csv
大模型编排,3,job_bigcompany_final.csv; job_update_event_stream.csv; job_skill_monthly_frequency.csv
大模型编排工具,3,job_bigcompany_final.csv; job_update_event_stream.csv; job_skill_monthly_frequency.csv
大模型网关,3,job_bigcompany_final.csv; job_update_event_stream.csv; job_skill_monthly_frequency.csv
大模型网络架构,5,job_bigcompany_final.csv; job_update_event_stream.csv; job_skill_monthly_frequency.csv
大模型自动化编程,3,job_bigcompany_final.csv; job_update_event_stream.csv; job_skill_monthly_frequency.csv
大模型自动评估,6,job_bigcompany_final.csv; job_update_event_stream.csv; job_skill_monthly_frequency.csv
大模型落地,30,job_bigcompany_final.csv; job_update_event_stream.csv; job_skill_monthly_frequency.csv
大模型落地工具,3,job_bigcompany_final.csv; job_update_event_stream.csv; job_skill_monthly_frequency.csv
大模型融合,6,job_bigcompany_final.csv; job_update_event_stream.csv; job_skill_monthly_frequency.csv
大模型视频处理,3,job_bigcompany_final.csv; job_update_event_stream.csv; job_skill_monthly_frequency.csv
大模型训推优化,3,job_bigcompany_final.csv; job_update_event_stream.csv; job_skill_monthly_frequency.csv
大模型训练,817,job_bigcompany_final.csv; job_update_event_stream.csv; job_skill_monthly_frequency.csv
大模型训练Infra,3,job_bigcompany_final.csv; job_update_event_stream.csv; job_skill_monthly_frequency.csv
大模型训练Pipeline,6,job_bigcompany_final.csv; job_update_event_stream.csv; job_skill_monthly_frequency.csv
大模型训练优化,25,job_bigcompany_final.csv; job_update_event_stream.csv; job_skill_monthly_frequency.csv
大模型训练加速,6,job_bigcompany_final.csv; job_update_event_stream.csv; job_skill_monthly_frequency.csv
大模型训练基础设施,6,job_bigcompany_final.csv; job_update_event_stream.csv; job_skill_monthly_frequency.csv
大模型训练安全,3,job_bigcompany_final.csv; job_update_event_stream.csv; job_skill_monthly_frequency.csv
大模型训练工具,3,job_bigcompany_final.csv; job_update_event_stream.csv; job_skill_monthly_frequency.csv
大模型训练工程,9,job_bigcompany_final.csv; job_update_event_stream.csv; job_skill_monthly_frequency.csv
大模型训练平台,3,job_bigcompany_final.csv; job_update_event_stream.csv; job_skill_monthly_frequency.csv
大模型训练库,3,job_bigcompany_final.csv; job_update_event_stream.csv; job_skill_monthly_frequency.csv
大模型训练引擎,3,job_bigcompany_final.csv; job_update_event_stream.csv; job_skill_monthly_frequency.csv
大模型训练性能定位,3,job_bigcompany_final.csv; job_update_event_stream.csv; job_skill_monthly_frequency.csv
大模型训练技术栈,6,job_bigcompany_final.csv; job_update_event_stream.csv; job_skill_monthly_frequency.csv
大模型训练支撑,3,job_bigcompany_final.csv; job_update_event_stream.csv; job_skill_monthly_frequency.csv
大模型训练故障定位,3,job_bigcompany_final.csv; job_update_event_stream.csv; job_skill_monthly_frequency.csv
大模型训练数据,12,job_bigcompany_final.csv; job_update_event_stream.csv; job_skill_monthly_frequency.csv
大模型训练数据存储优化,3,job_bigcompany_final.csv; job_update_event_stream.csv; job_skill_monthly_frequency.csv
大模型训练机制,3,job_bigcompany_final.csv; job_update_event_stream.csv; job_skill_monthly_frequency.csv
大模型训练框架,57,job_bigcompany_final.csv; job_update_event_stream.csv; job_skill_monthly_frequency.csv
大模型训练流程,9,job_bigcompany_final.csv; job_update_event_stream.csv; job_skill_monthly_frequency.csv
大模型训练硬件,3,job_bigcompany_final.csv; job_update_event_stream.csv; job_skill_monthly_frequency.csv
大模型训练算法,6,job_bigcompany_final.csv; job_update_event_stream.csv; job_skill_monthly_frequency.csv
大模型训练系统,6,job_bigcompany_final.csv; job_update_event_stream.csv; job_skill_monthly_frequency.csv
大模型训练范式,3,job_bigcompany_final.csv; job_update_event_stream.csv; job_skill_monthly_frequency.csv
大模型训练调优,9,job_bigcompany_final.csv; job_update_event_stream.csv; job_skill_monthly_frequency.csv
大模型训练调参,6,job_bigcompany_final.csv; job_update_event_stream.csv; job_skill_monthly_frequency.csv
大模型训练通信,3,job_bigcompany_final.csv; job_update_event_stream.csv; job_skill_monthly_frequency.csv
大模型记忆,6,job_bigcompany_final.csv; job_update_event_stream.csv; job_skill_monthly_frequency.csv
大模型设计优化,3,job_bigcompany_final.csv; job_update_event_stream.csv; job_skill_monthly_frequency.csv
大模型访存模式,3,job_bigcompany_final.csv; job_update_event_stream.csv; job_skill_monthly_frequency.csv
大模型评估,35,job_bigcompany_final.csv; job_update_event_stream.csv; job_skill_monthly_frequency.csv
大模型评估优化,10,job_bigcompany_final.csv; job_update_event_stream.csv; job_skill_monthly_frequency.csv
大模型评估指标,3,job_bigcompany_final.csv; job_update_event_stream.csv; job_skill_monthly_frequency.csv
大模型评测,217,job_bigcompany_final.csv; job_update_event_stream.csv; job_skill_monthly_frequency.csv
大模型评测基准,6,job_bigcompany_final.csv; job_update_event_stream.csv; job_skill_monthly_frequency.csv
大模型评测平台,3,job_bigcompany_final.csv; job_update_event_stream.csv; job_skill_monthly_frequency.csv
大模型评测底座,3,job_bigcompany_final.csv; job_update_event_stream.csv; job_skill_monthly_frequency.csv
大模型评测数据集,3,job_bigcompany_final.csv; job_update_event_stream.csv; job_skill_monthly_frequency.csv
大模型评测方法,3,job_bigcompany_final.csv; job_update_event_stream.csv; job_skill_monthly_frequency.csv
大模型评测集,3,job_bigcompany_final.csv; job_update_event_stream.csv; job_skill_monthly_frequency.csv
大模型调优,105,job_bigcompany_final.csv; job_update_event_stream.csv; job_skill_monthly_frequency.csv
大模型调用,6,job_bigcompany_final.csv; job_update_event_stream.csv; job_skill_monthly_frequency.csv
大模型调用日志分析,6,job_bigcompany_final.csv; job_update_event_stream.csv; job_skill_monthly_frequency.csv
大模型调试,3,job_bigcompany_final.csv; job_update_event_stream.csv; job_skill_monthly_frequency.csv
大模型质量保障,3,job_bigcompany_final.csv; job_update_event_stream.csv; job_skill_monthly_frequency.csv
大模型资源调度,9,job_bigcompany_final.csv; job_update_event_stream.csv; job_skill_monthly_frequency.csv
大模型轻量化,3,job_bigcompany_final.csv; job_update_event_stream.csv; job_skill_monthly_frequency.csv
大模型辅助开发,3,job_bigcompany_final.csv; job_update_event_stream.csv; job_skill_monthly_frequency.csv
大模型辅助测试平台,3,job_bigcompany_final.csv; job_update_event_stream.csv; job_skill_monthly_frequency.csv
大模型辅助编码,6,job_bigcompany_final.csv; job_update_event_stream.csv; job_skill_monthly_frequency.csv
大模型运行机制,3,job_bigcompany_final.csv; job_update_event_stream.csv; job_skill_monthly_frequency.csv
大模型适配,3,job_bigcompany_final.csv; job_update_event_stream.csv; job_skill_monthly_frequency.csv
大模型部署,157,job_bigcompany_final.csv; job_update_event_stream.csv; job_skill_monthly_frequency.csv
大模型部署优化,3,job_bigcompany_final.csv; job_update_event_stream.csv; job_skill_monthly_frequency.csv
大模型部署链路,3,job_bigcompany_final.csv; job_update_event_stream.csv; job_skill_monthly_frequency.csv
大模型配置,3,job_bigcompany_final.csv; job_update_event_stream.csv; job_skill_monthly_frequency.csv
大模型量化,6,job_bigcompany_final.csv; job_update_event_stream.csv; job_skill_monthly_frequency.csv
大模型量化算法,3,job_bigcompany_final.csv; job_update_event_stream.csv; job_skill_monthly_frequency.csv
大模型防火墙,3,job_bigcompany_final.csv; job_update_event_stream.csv; job_skill_monthly_frequency.csv
大模型隐私保护,3,job_bigcompany_final.csv; job_update_event_stream.csv; job_skill_monthly_frequency.csv
大模型集成,3,job_bigcompany_final.csv; job_update_event_stream.csv; job_skill_monthly_frequency.csv
大模型集群,3,job_bigcompany_final.csv; job_update_event_stream.csv; job_skill_monthly_frequency.csv
大模型预训练,179,job_bigcompany_final.csv; job_update_event_stream.csv; job_skill_monthly_frequency.csv
大模型预训练数据Pipeline,3,job_bigcompany_final.csv; job_update_event_stream.csv; job_skill_monthly_frequency.csv
大模型预训练数据处理,6,job_bigcompany_final.csv; job_update_event_stream.csv; job_skill_monthly_frequency.csv
大模型预训练数据工程,3,job_bigcompany_final.csv; job_update_event_stream.csv; job_skill_monthly_frequency.csv
大模型预训练流程,3,job_bigcompany_final.csv; job_update_event_stream.csv; job_skill_monthly_frequency.csv
大模型风控,12,job_bigcompany_final.csv; job_update_event_stream.csv; job_skill_monthly_frequency.csv
大规模AI集群,3,job_bigcompany_final.csv; job_update_event_stream.csv; job_skill_monthly_frequency.csv
大规模分布式模型推理优化,3,job_bigcompany_final.csv; job_update_event_stream.csv; job_skill_monthly_frequency.csv
大规模分布式模型训练,3,job_bigcompany_final.csv; job_update_event_stream.csv; job_skill_monthly_frequency.csv
大规模分布式训练优化,3,job_bigcompany_final.csv; job_update_event_stream.csv; job_skill_monthly_frequency.csv
大规模多模态数据处理,3,job_bigcompany_final.csv; job_update_event_stream.csv; job_skill_monthly_frequency.csv
大规模多模态模型训练,3,job_bigcompany_final.csv; job_update_event_stream.csv; job_skill_monthly_frequency.csv
大规模多模态训练,3,job_bigcompany_final.csv; job_update_event_stream.csv; job_skill_monthly_frequency.csv
大规模多模态预训练,3,job_bigcompany_final.csv; job_update_event_stream.csv; job_skill_monthly_frequency.csv
大规模并发AI,3,job_bigcompany_final.csv; job_update_event_stream.csv; job_skill_monthly_frequency.csv
大规模强化学习,6,job_bigcompany_final.csv; job_update_event_stream.csv; job_skill_monthly_frequency.csv
大规模强化学习训练,3,job_bigcompany_final.csv; job_update_event_stream.csv; job_skill_monthly_frequency.csv
大规模机器学习,36,job_bigcompany_final.csv; job_update_event_stream.csv; job_skill_monthly_frequency.csv
大规模机器学习优化,3,job_bigcompany_final.csv; job_update_event_stream.csv; job_skill_monthly_frequency.csv
大规模机器学习系统,9,job_bigcompany_final.csv; job_update_event_stream.csv; job_skill_monthly_frequency.csv
大规模机器学习训练,3,job_bigcompany_final.csv; job_update_event_stream.csv; job_skill_monthly_frequency.csv
大规模模型训练,92,job_bigcompany_final.csv; job_update_event_stream.csv; job_skill_monthly_frequency.csv
大规模模型训练管线,3,job_bigcompany_final.csv; job_update_event_stream.csv; job_skill_monthly_frequency.csv
大规模模型部署,3,job_bigcompany_final.csv; job_update_event_stream.csv; job_skill_monthly_frequency.csv
大规模深度学习,12,job_bigcompany_final.csv; job_update_event_stream.csv; job_skill_monthly_frequency.csv
大规模深度学习模型,3,job_bigcompany_final.csv; job_update_event_stream.csv; job_skill_monthly_frequency.csv
大规模视觉模型训练,3,job_bigcompany_final.csv; job_update_event_stream.csv; job_skill_monthly_frequency.csv
大规模训练优化,6,job_bigcompany_final.csv; job_update_event_stream.csv; job_skill_monthly_frequency.csv
大规模语言模型,6,job_bigcompany_final.csv; job_update_event_stream.csv; job_skill_monthly_frequency.csv
大规模语言模型优化,3,job_bigcompany_final.csv; job_update_event_stream.csv; job_skill_monthly_frequency.csv
大规模语言模型训练,6,job_bigcompany_final.csv; job_update_event_stream.csv; job_skill_monthly_frequency.csv
大规模语言模型调优,8,job_bigcompany_final.csv; job_update_event_stream.csv; job_skill_monthly_frequency.csv
大规模语言模型预训练,3,job_bigcompany_final.csv; job_update_event_stream.csv; job_skill_monthly_frequency.csv
大规模集群训练优化,3,job_bigcompany_final.csv; job_update_event_stream.csv; job_skill_monthly_frequency.csv
大语言模型,311,job_bigcompany_final.csv; job_update_event_stream.csv; job_skill_monthly_frequency.csv
大语言模型产品,6,job_bigcompany_final.csv; job_update_event_stream.csv; job_skill_monthly_frequency.csv
大语言模型优化,9,job_bigcompany_final.csv; job_update_event_stream.csv; job_skill_monthly_frequency.csv
大语言模型工程化,3,job_bigcompany_final.csv; job_update_event_stream.csv; job_skill_monthly_frequency.csv
大语言模型应用开发,6,job_bigcompany_final.csv; job_update_event_stream.csv; job_skill_monthly_frequency.csv
大语言模型应用算法,3,job_bigcompany_final.csv; job_update_event_stream.csv; job_skill_monthly_frequency.csv
大语言模型架构,6,job_bigcompany_final.csv; job_update_event_stream.csv; job_skill_monthly_frequency.csv
大语言模型算法,3,job_bigcompany_final.csv; job_update_event_stream.csv; job_skill_monthly_frequency.csv
大语言模型训练,30,job_bigcompany_final.csv; job_update_event_stream.csv; job_skill_monthly_frequency.csv
大语言模型辅助开发,3,job_bigcompany_final.csv; job_update_event_stream.csv; job_skill_monthly_frequency.csv
大语言模型预训练,6,job_bigcompany_final.csv; job_update_event_stream.csv; job_skill_monthly_frequency.csv
安全AI系统,3,job_bigcompany_final.csv; job_update_event_stream.csv; job_skill_monthly_frequency.csv
安全大模型,9,job_bigcompany_final.csv; job_update_event_stream.csv; job_skill_monthly_frequency.csv
安全开发大模型,3,job_bigcompany_final.csv; job_update_event_stream.csv; job_skill_monthly_frequency.csv
安全强化学习,6,job_bigcompany_final.csv; job_update_event_stream.csv; job_skill_monthly_frequency.csv
安全智能体,9,job_bigcompany_final.csv; job_update_event_stream.csv; job_skill_monthly_frequency.csv
安全模型训练,3,job_bigcompany_final.csv; job_update_event_stream.csv; job_skill_monthly_frequency.csv
实时多模态交互,3,job_bigcompany_final.csv; job_update_event_stream.csv; job_skill_monthly_frequency.csv
实时对话AI,3,job_bigcompany_final.csv; job_update_event_stream.csv; job_skill_monthly_frequency.csv
实时推理优化,3,job_bigcompany_final.csv; job_update_event_stream.csv; job_skill_monthly_frequency.csv
实时流式多模态系统,3,job_bigcompany_final.csv; job_update_event_stream.csv; job_skill_monthly_frequency.csv
实时视频生成,6,job_bigcompany_final.csv; job_update_event_stream.csv; job_skill_monthly_frequency.csv
客服端到端模型训练,3,job_bigcompany_final.csv; job_update_event_stream.csv; job_skill_monthly_frequency.csv
客服系统AI化,3,job_bigcompany_final.csv; job_update_event_stream.csv; job_skill_monthly_frequency.csv
容器化AI部署,3,job_bigcompany_final.csv; job_update_event_stream.csv; job_skill_monthly_frequency.csv
对抗性机器学习,3,job_bigcompany_final.csv; job_update_event_stream.csv; job_skill_monthly_frequency.csv
对抗机器学习,12,job_bigcompany_final.csv; job_update_event_stream.csv; job_skill_monthly_frequency.csv
对话大模型,3,job_bigcompany_final.csv; job_update_event_stream.csv; job_skill_monthly_frequency.csv
对话大模型数据,3,job_bigcompany_final.csv; job_update_event_stream.csv; job_skill_monthly_frequency.csv
对话式AI,6,job_bigcompany_final.csv; job_update_event_stream.csv; job_skill_monthly_frequency.csv
对话式AI Agent,3,job_bigcompany_final.csv; job_update_event_stream.csv; job_skill_monthly_frequency.csv
对话智能体,3,job_bigcompany_final.csv; job_update_event_stream.csv; job_skill_monthly_frequency.csv
层级强化学习,3,job_bigcompany_final.csv; job_update_event_stream.csv; job_skill_monthly_frequency.csv
嵌入式AI,6,job_bigcompany_final.csv; job_update_event_stream.csv; job_skill_monthly_frequency.csv
嵌入式AI平台,3,job_bigcompany_final.csv; job_update_event_stream.csv; job_skill_monthly_frequency.csv
嵌入式AI推理部署,3,job_bigcompany_final.csv; job_update_event_stream.csv; job_skill_monthly_frequency.csv
嵌入式AI模组,3,job_bigcompany_final.csv; job_update_event_stream.csv; job_skill_monthly_frequency.csv
嵌入式AI系统,3,job_bigcompany_final.csv; job_update_event_stream.csv; job_skill_monthly_frequency.csv
工业AI,3,job_bigcompany_final.csv; job_update_event_stream.csv; job_skill_monthly_frequency.csv
工业级基础大模型研发,3,job_bigcompany_final.csv; job_update_event_stream.csv; job_skill_monthly_frequency.csv
工具调用,353,job_bigcompany_final.csv; job_update_event_stream.csv; job_skill_monthly_frequency.csv
工具调用准确率,6,job_bigcompany_final.csv; job_update_event_stream.csv; job_skill_monthly_frequency.csv
工具调用利用,3,job_bigcompany_final.csv; job_update_event_stream.csv; job_skill_monthly_frequency.csv
工具调用协议,3,job_bigcompany_final.csv; job_update_event_stream.csv; job_skill_monthly_frequency.csv
工具调用可视化,3,job_bigcompany_final.csv; job_update_event_stream.csv; job_skill_monthly_frequency.csv
工具调用可靠性治理,6,job_bigcompany_final.csv; job_update_event_stream.csv; job_skill_monthly_frequency.csv
工具调用并发,3,job_bigcompany_final.csv; job_update_event_stream.csv; job_skill_monthly_frequency.csv
工具调用稳定性,3,job_bigcompany_final.csv; job_update_event_stream.csv; job_skill_monthly_frequency.csv
工具调用结果展示,3,job_bigcompany_final.csv; job_update_event_stream.csv; job_skill_monthly_frequency.csv
工具调用编排,3,job_bigcompany_final.csv; job_update_event_stream.csv; job_skill_monthly_frequency.csv
工具调用评测,3,job_bigcompany_final.csv; job_update_event_stream.csv; job_skill_monthly_frequency.csv
工具调用链,6,job_bigcompany_final.csv; job_update_event_stream.csv; job_skill_monthly_frequency.csv
工具调用链路,3,job_bigcompany_final.csv; job_update_event_stream.csv; job_skill_monthly_frequency.csv
工具调用验证,3,job_bigcompany_final.csv; job_update_event_stream.csv; job_skill_monthly_frequency.csv
广告大模型应用,3,job_bigcompany_final.csv; job_update_event_stream.csv; job_skill_monthly_frequency.csv
广告模型评测,3,job_bigcompany_final.csv; job_update_event_stream.csv; job_skill_monthly_frequency.csv
应急Copilot,3,job_bigcompany_final.csv; job_update_event_stream.csv; job_skill_monthly_frequency.csv
应用AI,3,job_bigcompany_final.csv; job_update_event_stream.csv; job_skill_monthly_frequency.csv
开源AI框架,3,job_bigcompany_final.csv; job_update_event_stream.csv; job_skill_monthly_frequency.csv
开源AI系统,3,job_bigcompany_final.csv; job_update_event_stream.csv; job_skill_monthly_frequency.csv
开源AI项目,3,job_bigcompany_final.csv; job_update_event_stream.csv; job_skill_monthly_frequency.csv
开源多模态大模型,9,job_bigcompany_final.csv; job_update_event_stream.csv; job_skill_monthly_frequency.csv
开源多模态模型,3,job_bigcompany_final.csv; job_update_event_stream.csv; job_skill_monthly_frequency.csv
开源大模型,18,job_bigcompany_final.csv; job_update_event_stream.csv; job_skill_monthly_frequency.csv
开源模型微调,3,job_bigcompany_final.csv; job_update_event_stream.csv; job_skill_monthly_frequency.csv
开源模型部署,3,job_bigcompany_final.csv; job_update_event_stream.csv; job_skill_monthly_frequency.csv
异构算力,9,job_bigcompany_final.csv; job_update_event_stream.csv; job_skill_monthly_frequency.csv
异构算力系统,3,job_bigcompany_final.csv; job_update_event_stream.csv; job_skill_monthly_frequency.csv
异构算力纳管,3,job_bigcompany_final.csv; job_update_event_stream.csv; job_skill_monthly_frequency.csv
异构算力调度,3,job_bigcompany_final.csv; job_update_event_stream.csv; job_skill_monthly_frequency.csv
异构算力资源池,3,job_bigcompany_final.csv; job_update_event_stream.csv; job_skill_monthly_frequency.csv
强化学习,2123,job_bigcompany_final.csv; job_update_event_stream.csv; job_skill_monthly_frequency.csv
强化学习优化,3,job_bigcompany_final.csv; job_update_event_stream.csv; job_skill_monthly_frequency.csv
强化学习出价,3,job_bigcompany_final.csv; job_update_event_stream.csv; job_skill_monthly_frequency.csv
强化学习反馈,3,job_bigcompany_final.csv; job_update_event_stream.csv; job_skill_monthly_frequency.csv
强化学习后训练,6,job_bigcompany_final.csv; job_update_event_stream.csv; job_skill_monthly_frequency.csv
强化学习定价,6,job_bigcompany_final.csv; job_update_event_stream.csv; job_skill_monthly_frequency.csv
强化学习对齐,12,job_bigcompany_final.csv; job_update_event_stream.csv; job_skill_monthly_frequency.csv
强化学习平台,3,job_bigcompany_final.csv; job_update_event_stream.csv; job_skill_monthly_frequency.csv
强化学习应用,3,job_bigcompany_final.csv; job_update_event_stream.csv; job_skill_monthly_frequency.csv
强化学习执行环境,3,job_bigcompany_final.csv; job_update_event_stream.csv; job_skill_monthly_frequency.csv
强化学习控制,3,job_bigcompany_final.csv; job_update_event_stream.csv; job_skill_monthly_frequency.csv
强化学习推荐,3,job_bigcompany_final.csv; job_update_event_stream.csv; job_skill_monthly_frequency.csv
强化学习数据,5,job_bigcompany_final.csv; job_update_event_stream.csv; job_skill_monthly_frequency.csv
强化学习数据处理,3,job_bigcompany_final.csv; job_update_event_stream.csv; job_skill_monthly_frequency.csv
强化学习框架,21,job_bigcompany_final.csv; job_update_event_stream.csv; job_skill_monthly_frequency.csv
强化学习环境,3,job_bigcompany_final.csv; job_update_event_stream.csv; job_skill_monthly_frequency.csv
强化学习算法,50,job_bigcompany_final.csv; job_update_event_stream.csv; job_skill_monthly_frequency.csv
强化学习计算框架,9,job_bigcompany_final.csv; job_update_event_stream.csv; job_skill_monthly_frequency.csv
强化学习训练,35,job_bigcompany_final.csv; job_update_event_stream.csv; job_skill_monthly_frequency.csv
强化学习训练AI,3,job_bigcompany_final.csv; job_update_event_stream.csv; job_skill_monthly_frequency.csv
强化学习训练框架,9,job_bigcompany_final.csv; job_update_event_stream.csv; job_skill_monthly_frequency.csv
强化学习训练流程,3,job_bigcompany_final.csv; job_update_event_stream.csv; job_skill_monthly_frequency.csv
强化学习项目,3,job_bigcompany_final.csv; job_update_event_stream.csv; job_skill_monthly_frequency.csv
怪物AI,3,job_bigcompany_final.csv; job_update_event_stream.csv; job_skill_monthly_frequency.csv
情感语音合成,3,job_bigcompany_final.csv; job_update_event_stream.csv; job_skill_monthly_frequency.csv
情感陪伴智能体,3,job_bigcompany_final.csv; job_update_event_stream.csv; job_skill_monthly_frequency.csv
扩散模型训练,3,job_bigcompany_final.csv; job_update_event_stream.csv; job_skill_monthly_frequency.csv
推理优化,382,job_bigcompany_final.csv; job_update_event_stream.csv; job_skill_monthly_frequency.csv
推理优化软件栈,3,job_bigcompany_final.csv; job_update_event_stream.csv; job_skill_monthly_frequency.csv
推理加速,207,job_bigcompany_final.csv; job_update_event_stream.csv; job_skill_monthly_frequency.csv
推理加速硬件,6,job_bigcompany_final.csv; job_update_event_stream.csv; job_skill_monthly_frequency.csv
推理加速硬件平台,3,job_bigcompany_final.csv; job_update_event_stream.csv; job_skill_monthly_frequency.csv
推理大模型,9,job_bigcompany_final.csv; job_update_event_stream.csv; job_skill_monthly_frequency.csv
推荐大模型,71,job_bigcompany_final.csv; job_update_event_stream.csv; job_skill_monthly_frequency.csv
推荐模型评测,3,job_bigcompany_final.csv; job_update_event_stream.csv; job_skill_monthly_frequency.csv
推荐训练优化,3,job_bigcompany_final.csv; job_update_event_stream.csv; job_skill_monthly_frequency.csv
提示词工程,9,job_bigcompany_final.csv; job_update_event_stream.csv; job_skill_monthly_frequency.csv
提示词拦截,3,job_bigcompany_final.csv; job_update_event_stream.csv; job_skill_monthly_frequency.csv
提示词注入,3,job_bigcompany_final.csv; job_update_event_stream.csv; job_skill_monthly_frequency.csv
搜广推大模型,3,job_bigcompany_final.csv; job_update_event_stream.csv; job_skill_monthly_frequency.csv
搜广推推理优化,3,job_bigcompany_final.csv; job_update_event_stream.csv; job_skill_monthly_frequency.csv
搜索大模型,3,job_bigcompany_final.csv; job_update_event_stream.csv; job_skill_monthly_frequency.csv
搜索推荐推理优化,3,job_bigcompany_final.csv; job_update_event_stream.csv; job_skill_monthly_frequency.csv
搜索智能体,3,job_bigcompany_final.csv; job_update_event_stream.csv; job_skill_monthly_frequency.csv
搜索模型评测,3,job_bigcompany_final.csv; job_update_event_stream.csv; job_skill_monthly_frequency.csv
操作系统智能工作流,3,job_bigcompany_final.csv; job_update_event_stream.csv; job_skill_monthly_frequency.csv
数据AI应用,6,job_bigcompany_final.csv; job_update_event_stream.csv; job_skill_monthly_frequency.csv
数据中心AI软件,3,job_bigcompany_final.csv; job_update_event_stream.csv; job_skill_monthly_frequency.csv
数据中心智能化工程,3,job_bigcompany_final.csv; job_update_event_stream.csv; job_skill_monthly_frequency.csv
数据中心智能化系统,6,job_bigcompany_final.csv; job_update_event_stream.csv; job_skill_monthly_frequency.csv
数据分析智能化应用,3,job_bigcompany_final.csv; job_update_event_stream.csv; job_skill_monthly_frequency.csv
数据库智能管理,3,job_bigcompany_final.csv; job_update_event_stream.csv; job_skill_monthly_frequency.csv
数据库智能运维,3,job_bigcompany_final.csv; job_update_event_stream.csv; job_skill_monthly_frequency.csv
数据智能,3,job_bigcompany_final.csv; job_update_event_stream.csv; job_skill_monthly_frequency.csv
数据智能体,3,job_bigcompany_final.csv; job_update_event_stream.csv; job_skill_monthly_frequency.csv
数据智能分析,3,job_bigcompany_final.csv; job_update_event_stream.csv; job_skill_monthly_frequency.csv
数据智能化,3,job_bigcompany_final.csv; job_update_event_stream.csv; job_skill_monthly_frequency.csv
数据领域大模型,3,job_bigcompany_final.csv; job_update_event_stream.csv; job_skill_monthly_frequency.csv
文本任务强化学习,3,job_bigcompany_final.csv; job_update_event_stream.csv; job_skill_monthly_frequency.csv
文本到图像生成,6,job_bigcompany_final.csv; job_update_event_stream.csv; job_skill_monthly_frequency.csv
文本到视频生成,6,job_bigcompany_final.csv; job_update_event_stream.csv; job_skill_monthly_frequency.csv
文本大模型,26,job_bigcompany_final.csv; job_update_event_stream.csv; job_skill_monthly_frequency.csv
文本大模型训练,6,job_bigcompany_final.csv; job_update_event_stream.csv; job_skill_monthly_frequency.csv
文本大模型评测,3,job_bigcompany_final.csv; job_update_event_stream.csv; job_skill_monthly_frequency.csv
文本视频生成,3,job_bigcompany_final.csv; job_update_event_stream.csv; job_skill_monthly_frequency.csv
文档多模态,3,job_bigcompany_final.csv; job_update_event_stream.csv; job_skill_monthly_frequency.csv
文档智能,18,job_bigcompany_final.csv; job_update_event_stream.csv; job_skill_monthly_frequency.csv
文档智能化系统,3,job_bigcompany_final.csv; job_update_event_stream.csv; job_skill_monthly_frequency.csv
文档智能解析,6,job_bigcompany_final.csv; job_update_event_stream.csv; job_skill_monthly_frequency.csv
文生图,99,job_bigcompany_final.csv; job_update_event_stream.csv; job_skill_monthly_frequency.csv
文生图大模型,6,job_bigcompany_final.csv; job_update_event_stream.csv; job_skill_monthly_frequency.csv
文生图模型,3,job_bigcompany_final.csv; job_update_event_stream.csv; job_skill_monthly_frequency.csv
文生视频,75,job_bigcompany_final.csv; job_update_event_stream.csv; job_skill_monthly_frequency.csv
文生视频大模型,3,job_bigcompany_final.csv; job_update_event_stream.csv; job_skill_monthly_frequency.csv
日志智能分析,6,job_bigcompany_final.csv; job_update_event_stream.csv; job_skill_monthly_frequency.csv
时序大模型,3,job_bigcompany_final.csv; job_update_event_stream.csv; job_skill_monthly_frequency.csv
时空图神经网络,6,job_bigcompany_final.csv; job_update_event_stream.csv; job_skill_monthly_frequency.csv
智能Agent,15,job_bigcompany_final.csv; job_update_event_stream.csv; job_skill_monthly_frequency.csv
智能BI,6,job_bigcompany_final.csv; job_update_event_stream.csv; job_skill_monthly_frequency.csv
智能Bot测试,3,job_bigcompany_final.csv; job_update_event_stream.csv; job_skill_monthly_frequency.csv
智能CI/CD,6,job_bigcompany_final.csv; job_update_event_stream.csv; job_skill_monthly_frequency.csv
智能ETL,6,job_bigcompany_final.csv; job_update_event_stream.csv; job_skill_monthly_frequency.csv
智能IDE插件,3,job_bigcompany_final.csv; job_update_event_stream.csv; job_skill_monthly_frequency.csv
智能交互,11,job_bigcompany_final.csv; job_update_event_stream.csv; job_skill_monthly_frequency.csv
智能会议,3,job_bigcompany_final.csv; job_update_event_stream.csv; job_skill_monthly_frequency.csv
智能体,90,job_bigcompany_final.csv; job_update_event_stream.csv; job_skill_monthly_frequency.csv
智能体Demo,3,job_bigcompany_final.csv; job_update_event_stream.csv; job_skill_monthly_frequency.csv
智能体交互,3,job_bigcompany_final.csv; job_update_event_stream.csv; job_skill_monthly_frequency.csv
智能体任务规划,3,job_bigcompany_final.csv; job_update_event_stream.csv; job_skill_monthly_frequency.csv
智能体优化,3,job_bigcompany_final.csv; job_update_event_stream.csv; job_skill_monthly_frequency.csv
智能体决策,6,job_bigcompany_final.csv; job_update_event_stream.csv; job_skill_monthly_frequency.csv
智能体决策流程,3,job_bigcompany_final.csv; job_update_event_stream.csv; job_skill_monthly_frequency.csv
智能体安全,36,job_bigcompany_final.csv; job_update_event_stream.csv; job_skill_monthly_frequency.csv
智能体工作流,6,job_bigcompany_final.csv; job_update_event_stream.csv; job_skill_monthly_frequency.csv
智能体工作流编排,3,job_bigcompany_final.csv; job_update_event_stream.csv; job_skill_monthly_frequency.csv
智能体平台,9,job_bigcompany_final.csv; job_update_event_stream.csv; job_skill_monthly_frequency.csv
智能体平台核心算法,3,job_bigcompany_final.csv; job_update_event_stream.csv; job_skill_monthly_frequency.csv
智能体应用,3,job_bigcompany_final.csv; job_update_event_stream.csv; job_skill_monthly_frequency.csv
智能体应用开发,3,job_bigcompany_final.csv; job_update_event_stream.csv; job_skill_monthly_frequency.csv
智能体应用系统,6,job_bigcompany_final.csv; job_update_event_stream.csv; job_skill_monthly_frequency.csv
智能体开发,15,job_bigcompany_final.csv; job_update_event_stream.csv; job_skill_monthly_frequency.csv
智能体开发工具,6,job_bigcompany_final.csv; job_update_event_stream.csv; job_skill_monthly_frequency.csv
智能体技术,3,job_bigcompany_final.csv; job_update_event_stream.csv; job_skill_monthly_frequency.csv
智能体接口开发,3,job_bigcompany_final.csv; job_update_event_stream.csv; job_skill_monthly_frequency.csv
智能体攻击界面,3,job_bigcompany_final.csv; job_update_event_stream.csv; job_skill_monthly_frequency.csv
智能体架构,9,job_bigcompany_final.csv; job_update_event_stream.csv; job_skill_monthly_frequency.csv
智能体框架,6,job_bigcompany_final.csv; job_update_event_stream.csv; job_skill_monthly_frequency.csv
智能体研发,3,job_bigcompany_final.csv; job_update_event_stream.csv; job_skill_monthly_frequency.csv
智能体算法,6,job_bigcompany_final.csv; job_update_event_stream.csv; job_skill_monthly_frequency.csv
智能体管理平台,3,job_bigcompany_final.csv; job_update_event_stream.csv; job_skill_monthly_frequency.csv
智能体系统,18,job_bigcompany_final.csv; job_update_event_stream.csv; job_skill_monthly_frequency.csv
智能体编排,3,job_bigcompany_final.csv; job_update_event_stream.csv; job_skill_monthly_frequency.csv
智能体能力池,3,job_bigcompany_final.csv; job_update_event_stream.csv; job_skill_monthly_frequency.csv
智能体自进化,3,job_bigcompany_final.csv; job_update_event_stream.csv; job_skill_monthly_frequency.csv
智能体评估,6,job_bigcompany_final.csv; job_update_event_stream.csv; job_skill_monthly_frequency.csv
智能体运行机制,3,job_bigcompany_final.csv; job_update_event_stream.csv; job_skill_monthly_frequency.csv
智能决策,15,job_bigcompany_final.csv; job_update_event_stream.csv; job_skill_monthly_frequency.csv
智能决策Agent,3,job_bigcompany_final.csv; job_update_event_stream.csv; job_skill_monthly_frequency.csv
智能决策系统,6,job_bigcompany_final.csv; job_update_event_stream.csv; job_skill_monthly_frequency.csv
智能分析,9,job_bigcompany_final.csv; job_update_event_stream.csv; job_skill_monthly_frequency.csv
智能创意,13,job_bigcompany_final.csv; job_update_event_stream.csv; job_skill_monthly_frequency.csv
智能制造,6,job_bigcompany_final.csv; job_update_event_stream.csv; job_skill_monthly_frequency.csv
智能助手,36,job_bigcompany_final.csv; job_update_event_stream.csv; job_skill_monthly_frequency.csv
智能化,3,job_bigcompany_final.csv; job_update_event_stream.csv; job_skill_monthly_frequency.csv
智能化工程,3,job_bigcompany_final.csv; job_update_event_stream.csv; job_skill_monthly_frequency.csv
智能化工程设计,3,job_bigcompany_final.csv; job_update_event_stream.csv; job_skill_monthly_frequency.csv
智能化测试,3,job_bigcompany_final.csv; job_update_event_stream.csv; job_skill_monthly_frequency.csv
智能化系统,3,job_bigcompany_final.csv; job_update_event_stream.csv; job_skill_monthly_frequency.csv
智能化系统运维,6,job_bigcompany_final.csv; job_update_event_stream.csv; job_skill_monthly_frequency.csv
智能化运维,6,job_bigcompany_final.csv; job_update_event_stream.csv; job_skill_monthly_frequency.csv
智能化运营,3,job_bigcompany_final.csv; job_update_event_stream.csv; job_skill_monthly_frequency.csv
智能卡,3,job_bigcompany_final.csv; job_update_event_stream.csv; job_skill_monthly_frequency.csv
智能发布,3,job_bigcompany_final.csv; job_update_event_stream.csv; job_skill_monthly_frequency.csv
智能变更防控,3,job_bigcompany_final.csv; job_update_event_stream.csv; job_skill_monthly_frequency.csv
智能告警,3,job_bigcompany_final.csv; job_update_event_stream.csv; job_skill_monthly_frequency.csv
智能告警研判,3,job_bigcompany_final.csv; job_update_event_stream.csv; job_skill_monthly_frequency.csv
智能外呼,3,job_bigcompany_final.csv; job_update_event_stream.csv; job_skill_monthly_frequency.csv
智能定价,21,job_bigcompany_final.csv; job_update_event_stream.csv; job_skill_monthly_frequency.csv
智能审核,3,job_bigcompany_final.csv; job_update_event_stream.csv; job_skill_monthly_frequency.csv
智能审核大模型,3,job_bigcompany_final.csv; job_update_event_stream.csv; job_skill_monthly_frequency.csv
智能审核诊断,3,job_bigcompany_final.csv; job_update_event_stream.csv; job_skill_monthly_frequency.csv
智能客服,77,job_bigcompany_final.csv; job_update_event_stream.csv; job_skill_monthly_frequency.csv
智能客服Agent,3,job_bigcompany_final.csv; job_update_event_stream.csv; job_skill_monthly_frequency.csv
智能客服工作台,3,job_bigcompany_final.csv; job_update_event_stream.csv; job_skill_monthly_frequency.csv
智能客服平台,3,job_bigcompany_final.csv; job_update_event_stream.csv; job_skill_monthly_frequency.csv
智能客服算法,3,job_bigcompany_final.csv; job_update_event_stream.csv; job_skill_monthly_frequency.csv
智能客服系统,6,job_bigcompany_final.csv; job_update_event_stream.csv; job_skill_monthly_frequency.csv
智能对话,44,job_bigcompany_final.csv; job_update_event_stream.csv; job_skill_monthly_frequency.csv
智能对话SDK,3,job_bigcompany_final.csv; job_update_event_stream.csv; job_skill_monthly_frequency.csv
智能对话工程,3,job_bigcompany_final.csv; job_update_event_stream.csv; job_skill_monthly_frequency.csv
智能对话系统,3,job_bigcompany_final.csv; job_update_event_stream.csv; job_skill_monthly_frequency.csv
智能对账,3,job_bigcompany_final.csv; job_update_event_stream.csv; job_skill_monthly_frequency.csv
智能导购,12,job_bigcompany_final.csv; job_update_event_stream.csv; job_skill_monthly_frequency.csv
智能巡检,6,job_bigcompany_final.csv; job_update_event_stream.csv; job_skill_monthly_frequency.csv
智能工具后端,3,job_bigcompany_final.csv; job_update_event_stream.csv; job_skill_monthly_frequency.csv
智能应急,3,job_bigcompany_final.csv; job_update_event_stream.csv; job_skill_monthly_frequency.csv
智能座舱,9,job_bigcompany_final.csv; job_update_event_stream.csv; job_skill_monthly_frequency.csv
智能座舱大模型,3,job_bigcompany_final.csv; job_update_event_stream.csv; job_skill_monthly_frequency.csv
智能座舱应用,3,job_bigcompany_final.csv; job_update_event_stream.csv; job_skill_monthly_frequency.csv
智能座舱测试,3,job_bigcompany_final.csv; job_update_event_stream.csv; job_skill_monthly_frequency.csv
智能座舱软件,3,job_bigcompany_final.csv; job_update_event_stream.csv; job_skill_monthly_frequency.csv
智能开发平台,3,job_bigcompany_final.csv; job_update_event_stream.csv; job_skill_monthly_frequency.csv
智能归因,3,job_bigcompany_final.csv; job_update_event_stream.csv; job_skill_monthly_frequency.csv
智能感知算法,3,job_bigcompany_final.csv; job_update_event_stream.csv; job_skill_monthly_frequency.csv
智能成片,3,job_bigcompany_final.csv; job_update_event_stream.csv; job_skill_monthly_frequency.csv
智能手表,12,job_bigcompany_final.csv; job_update_event_stream.csv; job_skill_monthly_frequency.csv
智能手表软件,3,job_bigcompany_final.csv; job_update_event_stream.csv; job_skill_monthly_frequency.csv
智能批改,3,job_bigcompany_final.csv; job_update_event_stream.csv; job_skill_monthly_frequency.csv
智能报告生成,3,job_bigcompany_final.csv; job_update_event_stream.csv; job_skill_monthly_frequency.csv
智能指针,3,job_bigcompany_final.csv; job_update_event_stream.csv; job_skill_monthly_frequency.csv
智能排班,3,job_bigcompany_final.csv; job_update_event_stream.csv; job_skill_monthly_frequency.csv
智能推荐,24,job_bigcompany_final.csv; job_update_event_stream.csv; job_skill_monthly_frequency.csv
智能推荐算法,6,job_bigcompany_final.csv; job_update_event_stream.csv; job_skill_monthly_frequency.csv
智能推荐系统,3,job_bigcompany_final.csv; job_update_event_stream.csv; job_skill_monthly_frequency.csv
智能搜索,3,job_bigcompany_final.csv; job_update_event_stream.csv; job_skill_monthly_frequency.csv
智能搜索增强,3,job_bigcompany_final.csv; job_update_event_stream.csv; job_skill_monthly_frequency.csv
智能搜索架构,3,job_bigcompany_final.csv; job_update_event_stream.csv; job_skill_monthly_frequency.csv
智能搭建,3,job_bigcompany_final.csv; job_update_event_stream.csv; job_skill_monthly_frequency.csv
智能搭配推荐,3,job_bigcompany_final.csv; job_update_event_stream.csv; job_skill_monthly_frequency.csv
智能摘要,9,job_bigcompany_final.csv; job_update_event_stream.csv; job_skill_monthly_frequency.csv
智能数据分析,12,job_bigcompany_final.csv; job_update_event_stream.csv; job_skill_monthly_frequency.csv
智能数据处理,3,job_bigcompany_final.csv; job_update_event_stream.csv; job_skill_monthly_frequency.csv
智能数据方法,3,job_bigcompany_final.csv; job_update_event_stream.csv; job_skill_monthly_frequency.csv
智能数据质量检测,3,job_bigcompany_final.csv; job_update_event_stream.csv; job_skill_monthly_frequency.csv
智能数据闭环,3,job_bigcompany_final.csv; job_update_event_stream.csv; job_skill_monthly_frequency.csv
智能机器人,3,job_bigcompany_final.csv; job_update_event_stream.csv; job_skill_monthly_frequency.csv
智能机器人测试,3,job_bigcompany_final.csv; job_update_event_stream.csv; job_skill_monthly_frequency.csv
智能核身,8,job_bigcompany_final.csv; job_update_event_stream.csv; job_skill_monthly_frequency.csv
智能洞察,3,job_bigcompany_final.csv; job_update_event_stream.csv; job_skill_monthly_frequency.csv
智能派单,3,job_bigcompany_final.csv; job_update_event_stream.csv; job_skill_monthly_frequency.csv
智能测试,12,job_bigcompany_final.csv; job_update_event_stream.csv; job_skill_monthly_frequency.csv
智能测试分析,3,job_bigcompany_final.csv; job_update_event_stream.csv; job_skill_monthly_frequency.csv
智能测试工具,3,job_bigcompany_final.csv; job_update_event_stream.csv; job_skill_monthly_frequency.csv
智能测试生成,3,job_bigcompany_final.csv; job_update_event_stream.csv; job_skill_monthly_frequency.csv
智能漏洞挖掘,3,job_bigcompany_final.csv; job_update_event_stream.csv; job_skill_monthly_frequency.csv
智能生产调度系统,3,job_bigcompany_final.csv; job_update_event_stream.csv; job_skill_monthly_frequency.csv
智能生成,12,job_bigcompany_final.csv; job_update_event_stream.csv; job_skill_monthly_frequency.csv
智能监控,3,job_bigcompany_final.csv; job_update_event_stream.csv; job_skill_monthly_frequency.csv
智能相机,3,job_bigcompany_final.csv; job_update_event_stream.csv; job_skill_monthly_frequency.csv
智能眼镜,3,job_bigcompany_final.csv; job_update_event_stream.csv; job_skill_monthly_frequency.csv
智能眼镜声学,3,job_bigcompany_final.csv; job_update_event_stream.csv; job_skill_monthly_frequency.csv
智能眼镜测试,3,job_bigcompany_final.csv; job_update_event_stream.csv; job_skill_monthly_frequency.csv
智能知识库,19,job_bigcompany_final.csv; job_update_event_stream.csv; job_skill_monthly_frequency.csv
智能硬件,55,job_bigcompany_final.csv; job_update_event_stream.csv; job_skill_monthly_frequency.csv
智能硬件SoC平台,3,job_bigcompany_final.csv; job_update_event_stream.csv; job_skill_monthly_frequency.csv
智能硬件可靠性设计,3,job_bigcompany_final.csv; job_update_event_stream.csv; job_skill_monthly_frequency.csv
智能硬件客户端,3,job_bigcompany_final.csv; job_update_event_stream.csv; job_skill_monthly_frequency.csv
智能硬件应用,3,job_bigcompany_final.csv; job_update_event_stream.csv; job_skill_monthly_frequency.csv
智能硬件开发,3,job_bigcompany_final.csv; job_update_event_stream.csv; job_skill_monthly_frequency.csv
智能硬件架构,3,job_bigcompany_final.csv; job_update_event_stream.csv; job_skill_monthly_frequency.csv
智能硬件测试,11,job_bigcompany_final.csv; job_update_event_stream.csv; job_skill_monthly_frequency.csv
智能硬件终端,3,job_bigcompany_final.csv; job_update_event_stream.csv; job_skill_monthly_frequency.csv
智能硬件设计,3,job_bigcompany_final.csv; job_update_event_stream.csv; job_skill_monthly_frequency.csv
智能空间方案,3,job_bigcompany_final.csv; job_update_event_stream.csv; job_skill_monthly_frequency.csv
智能穿戴开发,3,job_bigcompany_final.csv; job_update_event_stream.csv; job_skill_monthly_frequency.csv
智能穿戴测试,3,job_bigcompany_final.csv; job_update_event_stream.csv; job_skill_monthly_frequency.csv
智能策略调优,3,job_bigcompany_final.csv; job_update_event_stream.csv; job_skill_monthly_frequency.csv
智能系统开发,9,job_bigcompany_final.csv; job_update_event_stream.csv; job_skill_monthly_frequency.csv
智能系统评估,3,job_bigcompany_final.csv; job_update_event_stream.csv; job_skill_monthly_frequency.csv
智能终端AI应用,3,job_bigcompany_final.csv; job_update_event_stream.csv; job_skill_monthly_frequency.csv
智能终端DFX测试,3,job_bigcompany_final.csv; job_update_event_stream.csv; job_skill_monthly_frequency.csv
智能终端OS,3,job_bigcompany_final.csv; job_update_event_stream.csv; job_skill_monthly_frequency.csv
智能终端架构,3,job_bigcompany_final.csv; job_update_event_stream.csv; job_skill_monthly_frequency.csv
智能终端测试,6,job_bigcompany_final.csv; job_update_event_stream.csv; job_skill_monthly_frequency.csv
智能终端软件开发,3,job_bigcompany_final.csv; job_update_event_stream.csv; job_skill_monthly_frequency.csv
智能终端软件测试,9,job_bigcompany_final.csv; job_update_event_stream.csv; job_skill_monthly_frequency.csv
智能编排系统,3,job_bigcompany_final.csv; job_update_event_stream.csv; job_skill_monthly_frequency.csv
智能编码,9,job_bigcompany_final.csv; job_update_event_stream.csv; job_skill_monthly_frequency.csv
智能编程,3,job_bigcompany_final.csv; job_update_event_stream.csv; job_skill_monthly_frequency.csv
智能编程助手,3,job_bigcompany_final.csv; job_update_event_stream.csv; job_skill_monthly_frequency.csv
智能编解码,3,job_bigcompany_final.csv; job_update_event_stream.csv; job_skill_monthly_frequency.csv
智能网卡,80,job_bigcompany_final.csv; job_update_event_stream.csv; job_skill_monthly_frequency.csv
智能网联,3,job_bigcompany_final.csv; job_update_event_stream.csv; job_skill_monthly_frequency.csv
智能网联汽车电气架构,3,job_bigcompany_final.csv; job_update_event_stream.csv; job_skill_monthly_frequency.csv
智能自动化测试,3,job_bigcompany_final.csv; job_update_event_stream.csv; job_skill_monthly_frequency.csv
智能营销,45,job_bigcompany_final.csv; job_update_event_stream.csv; job_skill_monthly_frequency.csv
智能营销算法,3,job_bigcompany_final.csv; job_update_event_stream.csv; job_skill_monthly_frequency.csv
智能营销系统,3,job_bigcompany_final.csv; job_update_event_stream.csv; job_skill_monthly_frequency.csv
智能补贴,9,job_bigcompany_final.csv; job_update_event_stream.csv; job_skill_monthly_frequency.csv
智能表单,3,job_bigcompany_final.csv; job_update_event_stream.csv; job_skill_monthly_frequency.csv
智能表单填充,6,job_bigcompany_final.csv; job_update_event_stream.csv; job_skill_monthly_frequency.csv
智能表单生成,3,job_bigcompany_final.csv; job_update_event_stream.csv; job_skill_monthly_frequency.csv
智能计算,9,job_bigcompany_final.csv; job_update_event_stream.csv; job_skill_monthly_frequency.csv
智能计算平台,3,job_bigcompany_final.csv; job_update_event_stream.csv; job_skill_monthly_frequency.csv
智能记忆系统,3,job_bigcompany_final.csv; job_update_event_stream.csv; job_skill_monthly_frequency.csv
智能记账,3,job_bigcompany_final.csv; job_update_event_stream.csv; job_skill_monthly_frequency.csv
智能设备,3,job_bigcompany_final.csv; job_update_event_stream.csv; job_skill_monthly_frequency.csv
智能评测,9,job_bigcompany_final.csv; job_update_event_stream.csv; job_skill_monthly_frequency.csv
智能诊断,27,job_bigcompany_final.csv; job_update_event_stream.csv; job_skill_monthly_frequency.csv
智能诊断工具,3,job_bigcompany_final.csv; job_update_event_stream.csv; job_skill_monthly_frequency.csv
智能诊断平台,3,job_bigcompany_final.csv; job_update_event_stream.csv; job_skill_monthly_frequency.csv
智能语音,20,job_bigcompany_final.csv; job_update_event_stream.csv; job_skill_monthly_frequency.csv
智能语音外呼,6,job_bigcompany_final.csv; job_update_event_stream.csv; job_skill_monthly_frequency.csv
智能调度,9,job_bigcompany_final.csv; job_update_event_stream.csv; job_skill_monthly_frequency.csv
智能调度派单,3,job_bigcompany_final.csv; job_update_event_stream.csv; job_skill_monthly_frequency.csv
智能调度算法,6,job_bigcompany_final.csv; job_update_event_stream.csv; job_skill_monthly_frequency.csv
智能调试,6,job_bigcompany_final.csv; job_update_event_stream.csv; job_skill_monthly_frequency.csv
智能负载均衡,3,job_bigcompany_final.csv; job_update_event_stream.csv; job_skill_monthly_frequency.csv
智能质检,6,job_bigcompany_final.csv; job_update_event_stream.csv; job_skill_monthly_frequency.csv
智能购物助手,3,job_bigcompany_final.csv; job_update_event_stream.csv; job_skill_monthly_frequency.csv
智能辅助,6,job_bigcompany_final.csv; job_update_event_stream.csv; job_skill_monthly_frequency.csv
智能辅助编程,3,job_bigcompany_final.csv; job_update_event_stream.csv; job_skill_monthly_frequency.csv
智能运维,21,job_bigcompany_final.csv; job_update_event_stream.csv; job_skill_monthly_frequency.csv
智能运维工程,6,job_bigcompany_final.csv; job_update_event_stream.csv; job_skill_monthly_frequency.csv
智能运维算法,6,job_bigcompany_final.csv; job_update_event_stream.csv; job_skill_monthly_frequency.csv
智能重写,3,job_bigcompany_final.csv; job_update_event_stream.csv; job_skill_monthly_frequency.csv
智能重构,3,job_bigcompany_final.csv; job_update_event_stream.csv; job_skill_monthly_frequency.csv
智能问答,39,job_bigcompany_final.csv; job_update_event_stream.csv; job_skill_monthly_frequency.csv
智能问答系统,6,job_bigcompany_final.csv; job_update_event_stream.csv; job_skill_monthly_frequency.csv
智能限流,3,job_bigcompany_final.csv; job_update_event_stream.csv; job_skill_monthly_frequency.csv
智能音效,3,job_bigcompany_final.csv; job_update_event_stream.csv; job_skill_monthly_frequency.csv
智能音箱,3,job_bigcompany_final.csv; job_update_event_stream.csv; job_skill_monthly_frequency.csv
智能音频声学,3,job_bigcompany_final.csv; job_update_event_stream.csv; job_skill_monthly_frequency.csv
智能风控,3,job_bigcompany_final.csv; job_update_event_stream.csv; job_skill_monthly_frequency.csv
智能驾驶,9,job_bigcompany_final.csv; job_update_event_stream.csv; job_skill_monthly_frequency.csv
智能驾驶仿真系统,3,job_bigcompany_final.csv; job_update_event_stream.csv; job_skill_monthly_frequency.csv
智能驾驶感知,3,job_bigcompany_final.csv; job_update_event_stream.csv; job_skill_monthly_frequency.csv
智能驾驶算法,3,job_bigcompany_final.csv; job_update_event_stream.csv; job_skill_monthly_frequency.csv
智能驾驶系统,9,job_bigcompany_final.csv; job_update_event_stream.csv; job_skill_monthly_frequency.csv
智能驾驶系统量产测试,3,job_bigcompany_final.csv; job_update_event_stream.csv; job_skill_monthly_frequency.csv
智能驾驶视觉大模型,3,job_bigcompany_final.csv; job_update_event_stream.csv; job_skill_monthly_frequency.csv
智能驾驶训练,3,job_bigcompany_final.csv; job_update_event_stream.csv; job_skill_monthly_frequency.csv
本地大模型推理框架,3,job_bigcompany_final.csv; job_update_event_stream.csv; job_skill_monthly_frequency.csv
本地大模型部署,3,job_bigcompany_final.csv; job_update_event_stream.csv; job_skill_monthly_frequency.csv
机器人AI,3,job_bigcompany_final.csv; job_update_event_stream.csv; job_skill_monthly_frequency.csv
机器人多模态数据处理,3,job_bigcompany_final.csv; job_update_event_stream.csv; job_skill_monthly_frequency.csv
机器人模型评测,3,job_bigcompany_final.csv; job_update_event_stream.csv; job_skill_monthly_frequency.csv
机器学习,3993,job_bigcompany_final.csv; job_update_event_stream.csv; job_skill_monthly_frequency.csv
机器学习DSL,3,job_bigcompany_final.csv; job_update_event_stream.csv; job_skill_monthly_frequency.csv
机器学习产品,3,job_bigcompany_final.csv; job_update_event_stream.csv; job_skill_monthly_frequency.csv
机器学习任务调优,3,job_bigcompany_final.csv; job_update_event_stream.csv; job_skill_monthly_frequency.csv
机器学习优化,6,job_bigcompany_final.csv; job_update_event_stream.csv; job_skill_monthly_frequency.csv
机器学习势能面,3,job_bigcompany_final.csv; job_update_event_stream.csv; job_skill_monthly_frequency.csv
机器学习在线Serving,3,job_bigcompany_final.csv; job_update_event_stream.csv; job_skill_monthly_frequency.csv
机器学习在线服务,6,job_bigcompany_final.csv; job_update_event_stream.csv; job_skill_monthly_frequency.csv
机器学习基建,6,job_bigcompany_final.csv; job_update_event_stream.csv; job_skill_monthly_frequency.csv
机器学习基础设施,12,job_bigcompany_final.csv; job_update_event_stream.csv; job_skill_monthly_frequency.csv
机器学习安全,9,job_bigcompany_final.csv; job_update_event_stream.csv; job_skill_monthly_frequency.csv
机器学习工作负载,3,job_bigcompany_final.csv; job_update_event_stream.csv; job_skill_monthly_frequency.csv
机器学习工程,9,job_bigcompany_final.csv; job_update_event_stream.csv; job_skill_monthly_frequency.csv
机器学习工程化,6,job_bigcompany_final.csv; job_update_event_stream.csv; job_skill_monthly_frequency.csv
机器学习平台,129,job_bigcompany_final.csv; job_update_event_stream.csv; job_skill_monthly_frequency.csv
机器学习平台前端,9,job_bigcompany_final.csv; job_update_event_stream.csv; job_skill_monthly_frequency.csv
机器学习库,6,job_bigcompany_final.csv; job_update_event_stream.csv; job_skill_monthly_frequency.csv
机器学习建模,12,job_bigcompany_final.csv; job_update_event_stream.csv; job_skill_monthly_frequency.csv
机器学习推理,3,job_bigcompany_final.csv; job_update_event_stream.csv; job_skill_monthly_frequency.csv
机器学习数据,3,job_bigcompany_final.csv; job_update_event_stream.csv; job_skill_monthly_frequency.csv
机器学习数据处理,3,job_bigcompany_final.csv; job_update_event_stream.csv; job_skill_monthly_frequency.csv
机器学习架构,11,job_bigcompany_final.csv; job_update_event_stream.csv; job_skill_monthly_frequency.csv
机器学习框架,139,job_bigcompany_final.csv; job_update_event_stream.csv; job_skill_monthly_frequency.csv
机器学习框架底层,3,job_bigcompany_final.csv; job_update_event_stream.csv; job_skill_monthly_frequency.csv
机器学习框架底层实现,3,job_bigcompany_final.csv; job_update_event_stream.csv; job_skill_monthly_frequency.csv
机器学习框架底层架构,6,job_bigcompany_final.csv; job_update_event_stream.csv; job_skill_monthly_frequency.csv
机器学习框架性能优化,3,job_bigcompany_final.csv; job_update_event_stream.csv; job_skill_monthly_frequency.csv
机器学习模型,15,job_bigcompany_final.csv; job_update_event_stream.csv; job_skill_monthly_frequency.csv
机器学习模型开发,3,job_bigcompany_final.csv; job_update_event_stream.csv; job_skill_monthly_frequency.csv
机器学习模型落地,3,job_bigcompany_final.csv; job_update_event_stream.csv; job_skill_monthly_frequency.csv
机器学习模型评估,6,job_bigcompany_final.csv; job_update_event_stream.csv; job_skill_monthly_frequency.csv
机器学习流水线,3,job_bigcompany_final.csv; job_update_event_stream.csv; job_skill_monthly_frequency.csv
机器学习流程,6,job_bigcompany_final.csv; job_update_event_stream.csv; job_skill_monthly_frequency.csv
机器学习测试,9,job_bigcompany_final.csv; job_update_event_stream.csv; job_skill_monthly_frequency.csv
机器学习硬件架构,12,job_bigcompany_final.csv; job_update_event_stream.csv; job_skill_monthly_frequency.csv
机器学习竞赛,6,job_bigcompany_final.csv; job_update_event_stream.csv; job_skill_monthly_frequency.csv
机器学习算法,83,job_bigcompany_final.csv; job_update_event_stream.csv; job_skill_monthly_frequency.csv
机器学习算法优化,26,job_bigcompany_final.csv; job_update_event_stream.csv; job_skill_monthly_frequency.csv
机器学习算法工程优化,3,job_bigcompany_final.csv; job_update_event_stream.csv; job_skill_monthly_frequency.csv
机器学习算法部署,5,job_bigcompany_final.csv; job_update_event_stream.csv; job_skill_monthly_frequency.csv
机器学习系统,118,job_bigcompany_final.csv; job_update_event_stream.csv; job_skill_monthly_frequency.csv
机器学习系统优化,3,job_bigcompany_final.csv; job_update_event_stream.csv; job_skill_monthly_frequency.csv
机器学习系统工程,6,job_bigcompany_final.csv; job_update_event_stream.csv; job_skill_monthly_frequency.csv
机器学习系统平台,9,job_bigcompany_final.csv; job_update_event_stream.csv; job_skill_monthly_frequency.csv
机器学习系统性能优化,9,job_bigcompany_final.csv; job_update_event_stream.csv; job_skill_monthly_frequency.csv
机器学习系统运维,3,job_bigcompany_final.csv; job_update_event_stream.csv; job_skill_monthly_frequency.csv
机器学习训练框架,9,job_bigcompany_final.csv; job_update_event_stream.csv; job_skill_monthly_frequency.csv
机器学习训练流程,3,job_bigcompany_final.csv; job_update_event_stream.csv; job_skill_monthly_frequency.csv
机器学习部署,3,job_bigcompany_final.csv; job_update_event_stream.csv; job_skill_monthly_frequency.csv
机器学习项目,3,job_bigcompany_final.csv; job_update_event_stream.csv; job_skill_monthly_frequency.csv
桌面智能助手,3,job_bigcompany_final.csv; job_update_event_stream.csv; job_skill_monthly_frequency.csv
检索增强,14,job_bigcompany_final.csv; job_update_event_stream.csv; job_skill_monthly_frequency.csv
检索增强生成,6,job_bigcompany_final.csv; job_update_event_stream.csv; job_skill_monthly_frequency.csv
检索增强评测,6,job_bigcompany_final.csv; job_update_event_stream.csv; job_skill_monthly_frequency.csv
模型压缩,277,job_bigcompany_final.csv; job_update_event_stream.csv; job_skill_monthly_frequency.csv
模型压缩部署,3,job_bigcompany_final.csv; job_update_event_stream.csv; job_skill_monthly_frequency.csv
模型工程化,18,job_bigcompany_final.csv; job_update_event_stream.csv; job_skill_monthly_frequency.csv
模型微调,363,job_bigcompany_final.csv; job_update_event_stream.csv; job_skill_monthly_frequency.csv
模型微调语料,3,job_bigcompany_final.csv; job_update_event_stream.csv; job_skill_monthly_frequency.csv
模型推理优化,59,job_bigcompany_final.csv; job_update_event_stream.csv; job_skill_monthly_frequency.csv
模型推理加速,29,job_bigcompany_final.csv; job_update_event_stream.csv; job_skill_monthly_frequency.csv
模型稀疏化,29,job_bigcompany_final.csv; job_update_event_stream.csv; job_skill_monthly_frequency.csv
模型蒸馏,227,job_bigcompany_final.csv; job_update_event_stream.csv; job_skill_monthly_frequency.csv
模型训练,679,job_bigcompany_final.csv; job_update_event_stream.csv; job_skill_monthly_frequency.csv
模型训练Infra,3,job_bigcompany_final.csv; job_update_event_stream.csv; job_skill_monthly_frequency.csv
模型训练Pipeline,3,job_bigcompany_final.csv; job_update_event_stream.csv; job_skill_monthly_frequency.csv
模型训练优化,33,job_bigcompany_final.csv; job_update_event_stream.csv; job_skill_monthly_frequency.csv
模型训练加速,3,job_bigcompany_final.csv; job_update_event_stream.csv; job_skill_monthly_frequency.csv
模型训练基础设施,3,job_bigcompany_final.csv; job_update_event_stream.csv; job_skill_monthly_frequency.csv
模型训练平台,3,job_bigcompany_final.csv; job_update_event_stream.csv; job_skill_monthly_frequency.csv
模型训练数据处理,3,job_bigcompany_final.csv; job_update_event_stream.csv; job_skill_monthly_frequency.csv
模型训练数据构建,3,job_bigcompany_final.csv; job_update_event_stream.csv; job_skill_monthly_frequency.csv
模型训练框架,12,job_bigcompany_final.csv; job_update_event_stream.csv; job_skill_monthly_frequency.csv
模型训练流程,3,job_bigcompany_final.csv; job_update_event_stream.csv; job_skill_monthly_frequency.csv
模型训练测试,3,job_bigcompany_final.csv; job_update_event_stream.csv; job_skill_monthly_frequency.csv
模型训练环境,6,job_bigcompany_final.csv; job_update_event_stream.csv; job_skill_monthly_frequency.csv
模型训练策略,3,job_bigcompany_final.csv; job_update_event_stream.csv; job_skill_monthly_frequency.csv
模型训练系统,3,job_bigcompany_final.csv; job_update_event_stream.csv; job_skill_monthly_frequency.csv
模型训练调优,9,job_bigcompany_final.csv; job_update_event_stream.csv; job_skill_monthly_frequency.csv
模型训练适配,3,job_bigcompany_final.csv; job_update_event_stream.csv; job_skill_monthly_frequency.csv
模型评测,273,job_bigcompany_final.csv; job_update_event_stream.csv; job_skill_monthly_frequency.csv
模型评测基准,3,job_bigcompany_final.csv; job_update_event_stream.csv; job_skill_monthly_frequency.csv
模型评测平台,14,job_bigcompany_final.csv; job_update_event_stream.csv; job_skill_monthly_frequency.csv
模型部署,371,job_bigcompany_final.csv; job_update_event_stream.csv; job_skill_monthly_frequency.csv
模型部署优化,6,job_bigcompany_final.csv; job_update_event_stream.csv; job_skill_monthly_frequency.csv
模型部署基础设施,3,job_bigcompany_final.csv; job_update_event_stream.csv; job_skill_monthly_frequency.csv
模型部署测试,3,job_bigcompany_final.csv; job_update_event_stream.csv; job_skill_monthly_frequency.csv
模型部署调试,3,job_bigcompany_final.csv; job_update_event_stream.csv; job_skill_monthly_frequency.csv
模型量化,428,job_bigcompany_final.csv; job_update_event_stream.csv; job_skill_monthly_frequency.csv
模型量化工具链,3,job_bigcompany_final.csv; job_update_event_stream.csv; job_skill_monthly_frequency.csv
模拟器驱动强化学习,3,job_bigcompany_final.csv; job_update_event_stream.csv; job_skill_monthly_frequency.csv
流媒体AI策略,6,job_bigcompany_final.csv; job_update_event_stream.csv; job_skill_monthly_frequency.csv
流式推理优化,6,job_bigcompany_final.csv; job_update_event_stream.csv; job_skill_monthly_frequency.csv
流式语音识别,3,job_bigcompany_final.csv; job_update_event_stream.csv; job_skill_monthly_frequency.csv
测试智能体,6,job_bigcompany_final.csv; job_update_event_stream.csv; job_skill_monthly_frequency.csv
深度学习,2695,job_bigcompany_final.csv; job_update_event_stream.csv; job_skill_monthly_frequency.csv
深度学习图像处理,3,job_bigcompany_final.csv; job_update_event_stream.csv; job_skill_monthly_frequency.csv
深度学习图像算法,3,job_bigcompany_final.csv; job_update_event_stream.csv; job_skill_monthly_frequency.csv
深度学习基础设施,9,job_bigcompany_final.csv; job_update_event_stream.csv; job_skill_monthly_frequency.csv
深度学习工具,12,job_bigcompany_final.csv; job_update_event_stream.csv; job_skill_monthly_frequency.csv
深度学习工程,3,job_bigcompany_final.csv; job_update_event_stream.csv; job_skill_monthly_frequency.csv
深度学习工程架构,9,job_bigcompany_final.csv; job_update_event_stream.csv; job_skill_monthly_frequency.csv
深度学习平台,47,job_bigcompany_final.csv; job_update_event_stream.csv; job_skill_monthly_frequency.csv
深度学习序列建模,3,job_bigcompany_final.csv; job_update_event_stream.csv; job_skill_monthly_frequency.csv
深度学习应用,3,job_bigcompany_final.csv; job_update_event_stream.csv; job_skill_monthly_frequency.csv
深度学习微架构,6,job_bigcompany_final.csv; job_update_event_stream.csv; job_skill_monthly_frequency.csv
深度学习性能加速,6,job_bigcompany_final.csv; job_update_event_stream.csv; job_skill_monthly_frequency.csv
深度学习挖掘模型,3,job_bigcompany_final.csv; job_update_event_stream.csv; job_skill_monthly_frequency.csv
深度学习推理,6,job_bigcompany_final.csv; job_update_event_stream.csv; job_skill_monthly_frequency.csv
深度学习推理框架,15,job_bigcompany_final.csv; job_update_event_stream.csv; job_skill_monthly_frequency.csv
深度学习推理系统,3,job_bigcompany_final.csv; job_update_event_stream.csv; job_skill_monthly_frequency.csv
深度学习推荐模型,6,job_bigcompany_final.csv; job_update_event_stream.csv; job_skill_monthly_frequency.csv
深度学习数据处理,3,job_bigcompany_final.csv; job_update_event_stream.csv; job_skill_monthly_frequency.csv
深度学习架构,12,job_bigcompany_final.csv; job_update_event_stream.csv; job_skill_monthly_frequency.csv
深度学习框架,426,job_bigcompany_final.csv; job_update_event_stream.csv; job_skill_monthly_frequency.csv
深度学习框架优化,6,job_bigcompany_final.csv; job_update_event_stream.csv; job_skill_monthly_frequency.csv
深度学习框架底层,6,job_bigcompany_final.csv; job_update_event_stream.csv; job_skill_monthly_frequency.csv
深度学习框架底层优化,3,job_bigcompany_final.csv; job_update_event_stream.csv; job_skill_monthly_frequency.csv
深度学习框架底层架构,3,job_bigcompany_final.csv; job_update_event_stream.csv; job_skill_monthly_frequency.csv
深度学习框架开发,6,job_bigcompany_final.csv; job_update_event_stream.csv; job_skill_monthly_frequency.csv
深度学习框架测试,6,job_bigcompany_final.csv; job_update_event_stream.csv; job_skill_monthly_frequency.csv
深度学习框架调试,6,job_bigcompany_final.csv; job_update_event_stream.csv; job_skill_monthly_frequency.csv
深度学习框架运行时,3,job_bigcompany_final.csv; job_update_event_stream.csv; job_skill_monthly_frequency.csv
深度学习框架部署,3,job_bigcompany_final.csv; job_update_event_stream.csv; job_skill_monthly_frequency.csv
深度学习模型,33,job_bigcompany_final.csv; job_update_event_stream.csv; job_skill_monthly_frequency.csv
深度学习模型工程优化,3,job_bigcompany_final.csv; job_update_event_stream.csv; job_skill_monthly_frequency.csv
深度学习模型推理,3,job_bigcompany_final.csv; job_update_event_stream.csv; job_skill_monthly_frequency.csv
深度学习模型落地,3,job_bigcompany_final.csv; job_update_event_stream.csv; job_skill_monthly_frequency.csv
深度学习模型训练,17,job_bigcompany_final.csv; job_update_event_stream.csv; job_skill_monthly_frequency.csv
深度学习模型调优,6,job_bigcompany_final.csv; job_update_event_stream.csv; job_skill_monthly_frequency.csv
深度学习模型部署,20,job_bigcompany_final.csv; job_update_event_stream.csv; job_skill_monthly_frequency.csv
深度学习水印,3,job_bigcompany_final.csv; job_update_event_stream.csv; job_skill_monthly_frequency.csv
深度学习流程,3,job_bigcompany_final.csv; job_update_event_stream.csv; job_skill_monthly_frequency.csv
深度学习理论,3,job_bigcompany_final.csv; job_update_event_stream.csv; job_skill_monthly_frequency.csv
深度学习用户建模,3,job_bigcompany_final.csv; job_update_event_stream.csv; job_skill_monthly_frequency.csv
深度学习算子,41,job_bigcompany_final.csv; job_update_event_stream.csv; job_skill_monthly_frequency.csv
深度学习算子开发,3,job_bigcompany_final.csv; job_update_event_stream.csv; job_skill_monthly_frequency.csv
深度学习算法,68,job_bigcompany_final.csv; job_update_event_stream.csv; job_skill_monthly_frequency.csv
深度学习算法优化,3,job_bigcompany_final.csv; job_update_event_stream.csv; job_skill_monthly_frequency.csv
深度学习系统,15,job_bigcompany_final.csv; job_update_event_stream.csv; job_skill_monthly_frequency.csv
深度学习编解码,3,job_bigcompany_final.csv; job_update_event_stream.csv; job_skill_monthly_frequency.csv
深度学习编译,3,job_bigcompany_final.csv; job_update_event_stream.csv; job_skill_monthly_frequency.csv
深度学习编译优化,3,job_bigcompany_final.csv; job_update_event_stream.csv; job_skill_monthly_frequency.csv
深度学习编译器,6,job_bigcompany_final.csv; job_update_event_stream.csv; job_skill_monthly_frequency.csv
深度学习网络,24,job_bigcompany_final.csv; job_update_event_stream.csv; job_skill_monthly_frequency.csv
深度学习视觉,6,job_bigcompany_final.csv; job_update_event_stream.csv; job_skill_monthly_frequency.csv
深度学习训练,15,job_bigcompany_final.csv; job_update_event_stream.csv; job_skill_monthly_frequency.csv
深度学习训练优化算法,3,job_bigcompany_final.csv; job_update_event_stream.csv; job_skill_monthly_frequency.csv
深度学习训练框架,35,job_bigcompany_final.csv; job_update_event_stream.csv; job_skill_monthly_frequency.csv
深度学习训练系统,3,job_bigcompany_final.csv; job_update_event_stream.csv; job_skill_monthly_frequency.csv
深度学习语音增强,3,job_bigcompany_final.csv; job_update_event_stream.csv; job_skill_monthly_frequency.csv
深度学习软件栈,6,job_bigcompany_final.csv; job_update_event_stream.csv; job_skill_monthly_frequency.csv
深度强化学习,34,job_bigcompany_final.csv; job_update_event_stream.csv; job_skill_monthly_frequency.csv
深度模型训练,6,job_bigcompany_final.csv; job_update_event_stream.csv; job_skill_monthly_frequency.csv
深度神经网络,6,job_bigcompany_final.csv; job_update_event_stream.csv; job_skill_monthly_frequency.csv
深度神经网络推理优化,3,job_bigcompany_final.csv; job_update_event_stream.csv; job_skill_monthly_frequency.csv
混合精度推理优化,3,job_bigcompany_final.csv; job_update_event_stream.csv; job_skill_monthly_frequency.csv
游戏AI,63,job_bigcompany_final.csv; job_update_event_stream.csv; job_skill_monthly_frequency.csv
游戏AI Bot,6,job_bigcompany_final.csv; job_update_event_stream.csv; job_skill_monthly_frequency.csv
游戏AI算法,3,job_bigcompany_final.csv; job_update_event_stream.csv; job_skill_monthly_frequency.csv
游戏AI逻辑,3,job_bigcompany_final.csv; job_update_event_stream.csv; job_skill_monthly_frequency.csv
游戏NPC智能对话,3,job_bigcompany_final.csv; job_update_event_stream.csv; job_skill_monthly_frequency.csv
游戏智能体训练,3,job_bigcompany_final.csv; job_update_event_stream.csv; job_skill_monthly_frequency.csv
生成AI视频,3,job_bigcompany_final.csv; job_update_event_stream.csv; job_skill_monthly_frequency.csv
生成式AI,274,job_bigcompany_final.csv; job_update_event_stream.csv; job_skill_monthly_frequency.csv
生成式AIGB出价,3,job_bigcompany_final.csv; job_update_event_stream.csv; job_skill_monthly_frequency.csv
生成式AI安全框架,3,job_bigcompany_final.csv; job_update_event_stream.csv; job_skill_monthly_frequency.csv
生成式AI安全治理,3,job_bigcompany_final.csv; job_update_event_stream.csv; job_skill_monthly_frequency.csv
生成式AI工具,9,job_bigcompany_final.csv; job_update_event_stream.csv; job_skill_monthly_frequency.csv
生成式AI数据合成,3,job_bigcompany_final.csv; job_update_event_stream.csv; job_skill_monthly_frequency.csv
生成式AI数据生成,3,job_bigcompany_final.csv; job_update_event_stream.csv; job_skill_monthly_frequency.csv
生成式AI模型,3,job_bigcompany_final.csv; job_update_event_stream.csv; job_skill_monthly_frequency.csv
生成式AI测试,9,job_bigcompany_final.csv; job_update_event_stream.csv; job_skill_monthly_frequency.csv
生成式AI系统,3,job_bigcompany_final.csv; job_update_event_stream.csv; job_skill_monthly_frequency.csv
生成式AI训练,9,job_bigcompany_final.csv; job_update_event_stream.csv; job_skill_monthly_frequency.csv
生成式AI风险治理,3,job_bigcompany_final.csv; job_update_event_stream.csv; job_skill_monthly_frequency.csv
生成式UI,3,job_bigcompany_final.csv; job_update_event_stream.csv; job_skill_monthly_frequency.csv
生成式仿真,3,job_bigcompany_final.csv; job_update_event_stream.csv; job_skill_monthly_frequency.csv
生成式信号,3,job_bigcompany_final.csv; job_update_event_stream.csv; job_skill_monthly_frequency.csv
生成式出价,14,job_bigcompany_final.csv; job_update_event_stream.csv; job_skill_monthly_frequency.csv
生成式召回,36,job_bigcompany_final.csv; job_update_event_stream.csv; job_skill_monthly_frequency.csv
生成式大模型,12,job_bigcompany_final.csv; job_update_event_stream.csv; job_skill_monthly_frequency.csv
生成式广告,3,job_bigcompany_final.csv; job_update_event_stream.csv; job_skill_monthly_frequency.csv
生成式广告大模型,3,job_bigcompany_final.csv; job_update_event_stream.csv; job_skill_monthly_frequency.csv
生成式建模,3,job_bigcompany_final.csv; job_update_event_stream.csv; job_skill_monthly_frequency.csv
生成式排序,27,job_bigcompany_final.csv; job_update_event_stream.csv; job_skill_monthly_frequency.csv
生成式推荐,74,job_bigcompany_final.csv; job_update_event_stream.csv; job_skill_monthly_frequency.csv
生成式推荐大模型,6,job_bigcompany_final.csv; job_update_event_stream.csv; job_skill_monthly_frequency.csv
生成式推荐系统,6,job_bigcompany_final.csv; job_update_event_stream.csv; job_skill_monthly_frequency.csv
生成式搜广推,6,job_bigcompany_final.csv; job_update_event_stream.csv; job_skill_monthly_frequency.csv
生成式搜广推大模型,3,job_bigcompany_final.csv; job_update_event_stream.csv; job_skill_monthly_frequency.csv
生成式搜推,3,job_bigcompany_final.csv; job_update_event_stream.csv; job_skill_monthly_frequency.csv
生成式搜索,21,job_bigcompany_final.csv; job_update_event_stream.csv; job_skill_monthly_frequency.csv
生成式搜索推荐,3,job_bigcompany_final.csv; job_update_event_stream.csv; job_skill_monthly_frequency.csv
生成式检索,6,job_bigcompany_final.csv; job_update_event_stream.csv; job_skill_monthly_frequency.csv
生成式模型,112,job_bigcompany_final.csv; job_update_event_stream.csv; job_skill_monthly_frequency.csv
生成式模型安全,3,job_bigcompany_final.csv; job_update_event_stream.csv; job_skill_monthly_frequency.csv
生成式模型训练,6,job_bigcompany_final.csv; job_update_event_stream.csv; job_skill_monthly_frequency.csv
生成式画质增强,6,job_bigcompany_final.csv; job_update_event_stream.csv; job_skill_monthly_frequency.csv
生成式算法,6,job_bigcompany_final.csv; job_update_event_stream.csv; job_skill_monthly_frequency.csv
生成式编辑,3,job_bigcompany_final.csv; job_update_event_stream.csv; job_skill_monthly_frequency.csv
生成式视频模型,9,job_bigcompany_final.csv; job_update_event_stream.csv; job_skill_monthly_frequency.csv
生成式语言大模型,12,job_bigcompany_final.csv; job_update_event_stream.csv; job_skill_monthly_frequency.csv
生成模型蒸馏,6,job_bigcompany_final.csv; job_update_event_stream.csv; job_skill_monthly_frequency.csv
生成模型训练,12,job_bigcompany_final.csv; job_update_event_stream.csv; job_skill_monthly_frequency.csv
生物AI,3,job_bigcompany_final.csv; job_update_event_stream.csv; job_skill_monthly_frequency.csv
生物基础模型,3,job_bigcompany_final.csv; job_update_event_stream.csv; job_skill_monthly_frequency.csv
生物大模型,3,job_bigcompany_final.csv; job_update_event_stream.csv; job_skill_monthly_frequency.csv
用户智能营销算法,3,job_bigcompany_final.csv; job_update_event_stream.csv; job_skill_monthly_frequency.csv
电商图像生成,3,job_bigcompany_final.csv; job_update_event_stream.csv; job_skill_monthly_frequency.csv
病理AI,3,job_bigcompany_final.csv; job_update_event_stream.csv; job_skill_monthly_frequency.csv
百亿参数模型训练,9,job_bigcompany_final.csv; job_update_event_stream.csv; job_skill_monthly_frequency.csv
百亿级大模型数据处理,3,job_bigcompany_final.csv; job_update_event_stream.csv; job_skill_monthly_frequency.csv
相关性大模型,3,job_bigcompany_final.csv; job_update_event_stream.csv; job_skill_monthly_frequency.csv
知识库问答,18,job_bigcompany_final.csv; job_update_event_stream.csv; job_skill_monthly_frequency.csv
研发Copilot,3,job_bigcompany_final.csv; job_update_event_stream.csv; job_skill_monthly_frequency.csv
硬件算力映射,3,job_bigcompany_final.csv; job_update_event_stream.csv; job_skill_monthly_frequency.csv
社交AI应用,3,job_bigcompany_final.csv; job_update_event_stream.csv; job_skill_monthly_frequency.csv
神经网络,106,job_bigcompany_final.csv; job_update_event_stream.csv; job_skill_monthly_frequency.csv
神经网络优化,9,job_bigcompany_final.csv; job_update_event_stream.csv; job_skill_monthly_frequency.csv
神经网络架构,6,job_bigcompany_final.csv; job_update_event_stream.csv; job_skill_monthly_frequency.csv
神经网络电子结构模型,3,job_bigcompany_final.csv; job_update_event_stream.csv; job_skill_monthly_frequency.csv
神经网络算子,6,job_bigcompany_final.csv; job_update_event_stream.csv; job_skill_monthly_frequency.csv
神经网络视频编码,6,job_bigcompany_final.csv; job_update_event_stream.csv; job_skill_monthly_frequency.csv
神经网络设计,3,job_bigcompany_final.csv; job_update_event_stream.csv; job_skill_monthly_frequency.csv
神经网络部署,3,job_bigcompany_final.csv; job_update_event_stream.csv; job_skill_monthly_frequency.csv
离线强化学习,9,job_bigcompany_final.csv; job_update_event_stream.csv; job_skill_monthly_frequency.csv
移动端AI部署,3,job_bigcompany_final.csv; job_update_event_stream.csv; job_skill_monthly_frequency.csv
稀疏Embedding,3,job_bigcompany_final.csv; job_update_event_stream.csv; job_skill_monthly_frequency.csv
稳定性智能运维,3,job_bigcompany_final.csv; job_update_event_stream.csv; job_skill_monthly_frequency.csv
空间关系Embedding,3,job_bigcompany_final.csv; job_update_event_stream.csv; job_skill_monthly_frequency.csv
空间大模型,3,job_bigcompany_final.csv; job_update_event_stream.csv; job_skill_monthly_frequency.csv
空间智能,3,job_bigcompany_final.csv; job_update_event_stream.csv; job_skill_monthly_frequency.csv
端侧AI,24,job_bigcompany_final.csv; job_update_event_stream.csv; job_skill_monthly_frequency.csv
端侧AI优化,9,job_bigcompany_final.csv; job_update_event_stream.csv; job_skill_monthly_frequency.csv
端侧AI引擎,3,job_bigcompany_final.csv; job_update_event_stream.csv; job_skill_monthly_frequency.csv
端侧AI引擎部署,3,job_bigcompany_final.csv; job_update_event_stream.csv; job_skill_monthly_frequency.csv
端侧AI性能功耗优化,3,job_bigcompany_final.csv; job_update_event_stream.csv; job_skill_monthly_frequency.csv
端侧AI框架,6,job_bigcompany_final.csv; job_update_event_stream.csv; job_skill_monthly_frequency.csv
端侧AI模型优化,3,job_bigcompany_final.csv; job_update_event_stream.csv; job_skill_monthly_frequency.csv
端侧AI算法,3,job_bigcompany_final.csv; job_update_event_stream.csv; job_skill_monthly_frequency.csv
端侧AI算法部署,3,job_bigcompany_final.csv; job_update_event_stream.csv; job_skill_monthly_frequency.csv
端侧AI系统,3,job_bigcompany_final.csv; job_update_event_stream.csv; job_skill_monthly_frequency.csv
端侧AI芯片优化,3,job_bigcompany_final.csv; job_update_event_stream.csv; job_skill_monthly_frequency.csv
端侧AI芯片功耗,3,job_bigcompany_final.csv; job_update_event_stream.csv; job_skill_monthly_frequency.csv
端侧AI芯片功耗优化,3,job_bigcompany_final.csv; job_update_event_stream.csv; job_skill_monthly_frequency.csv
端侧AI部署,9,job_bigcompany_final.csv; job_update_event_stream.csv; job_skill_monthly_frequency.csv
端侧大模型,6,job_bigcompany_final.csv; job_update_event_stream.csv; job_skill_monthly_frequency.csv
端侧推理优化,12,job_bigcompany_final.csv; job_update_event_stream.csv; job_skill_monthly_frequency.csv
端侧推理加速,3,job_bigcompany_final.csv; job_update_event_stream.csv; job_skill_monthly_frequency.csv
端侧智能体,3,job_bigcompany_final.csv; job_update_event_stream.csv; job_skill_monthly_frequency.csv
端侧智能算法,3,job_bigcompany_final.csv; job_update_event_stream.csv; job_skill_monthly_frequency.csv
端侧模型部署,9,job_bigcompany_final.csv; job_update_event_stream.csv; job_skill_monthly_frequency.csv
端侧模型量化,3,job_bigcompany_final.csv; job_update_event_stream.csv; job_skill_monthly_frequency.csv
端侧语音识别,3,job_bigcompany_final.csv; job_update_event_stream.csv; job_skill_monthly_frequency.csv
端到端多模态对话系统,3,job_bigcompany_final.csv; job_update_event_stream.csv; job_skill_monthly_frequency.csv
端到端模型部署,3,job_bigcompany_final.csv; job_update_event_stream.csv; job_skill_monthly_frequency.csv
端到端视频基础模型,3,job_bigcompany_final.csv; job_update_event_stream.csv; job_skill_monthly_frequency.csv
端到端语音大模型,14,job_bigcompany_final.csv; job_update_event_stream.csv; job_skill_monthly_frequency.csv
端到端语音识别,6,job_bigcompany_final.csv; job_update_event_stream.csv; job_skill_monthly_frequency.csv
端智能,58,job_bigcompany_final.csv; job_update_event_stream.csv; job_skill_monthly_frequency.csv
第三方AI服务安全,3,job_bigcompany_final.csv; job_update_event_stream.csv; job_skill_monthly_frequency.csv
算力,3,job_bigcompany_final.csv; job_update_event_stream.csv; job_skill_monthly_frequency.csv
算力交付,3,job_bigcompany_final.csv; job_update_event_stream.csv; job_skill_monthly_frequency.csv
算力优化,6,job_bigcompany_final.csv; job_update_event_stream.csv; job_skill_monthly_frequency.csv
算力切分,3,job_bigcompany_final.csv; job_update_event_stream.csv; job_skill_monthly_frequency.csv
算力利用率优化,3,job_bigcompany_final.csv; job_update_event_stream.csv; job_skill_monthly_frequency.csv
算力效率优化,3,job_bigcompany_final.csv; job_update_event_stream.csv; job_skill_monthly_frequency.csv
算力数据中心,3,job_bigcompany_final.csv; job_update_event_stream.csv; job_skill_monthly_frequency.csv
算力测试,3,job_bigcompany_final.csv; job_update_event_stream.csv; job_skill_monthly_frequency.csv
算力管理,3,job_bigcompany_final.csv; job_update_event_stream.csv; job_skill_monthly_frequency.csv
算力评估,3,job_bigcompany_final.csv; job_update_event_stream.csv; job_skill_monthly_frequency.csv
算力诊断,3,job_bigcompany_final.csv; job_update_event_stream.csv; job_skill_monthly_frequency.csv
算力调优,3,job_bigcompany_final.csv; job_update_event_stream.csv; job_skill_monthly_frequency.csv
算力调度,18,job_bigcompany_final.csv; job_update_event_stream.csv; job_skill_monthly_frequency.csv
算力调度优化,3,job_bigcompany_final.csv; job_update_event_stream.csv; job_skill_monthly_frequency.csv
算力资源优化,3,job_bigcompany_final.csv; job_update_event_stream.csv; job_skill_monthly_frequency.csv
算力资源管理,6,job_bigcompany_final.csv; job_update_event_stream.csv; job_skill_monthly_frequency.csv
算力需求拆解,3,job_bigcompany_final.csv; job_update_event_stream.csv; job_skill_monthly_frequency.csv
算法模型工程化,3,job_bigcompany_final.csv; job_update_event_stream.csv; job_skill_monthly_frequency.csv
结构化Prompt,3,job_bigcompany_final.csv; job_update_event_stream.csv; job_skill_monthly_frequency.csv
统计机器学习,21,job_bigcompany_final.csv; job_update_event_stream.csv; job_skill_monthly_frequency.csv
网络传输智能算法,6,job_bigcompany_final.csv; job_update_event_stream.csv; job_skill_monthly_frequency.csv
自动驾驶强化学习,3,job_bigcompany_final.csv; job_update_event_stream.csv; job_skill_monthly_frequency.csv
自动驾驶推理优化,3,job_bigcompany_final.csv; job_update_event_stream.csv; job_skill_monthly_frequency.csv
自回归视频生成,3,job_bigcompany_final.csv; job_update_event_stream.csv; job_skill_monthly_frequency.csv
自然语言处理,328,job_bigcompany_final.csv; job_update_event_stream.csv; job_skill_monthly_frequency.csv
自然语言模型,3,job_bigcompany_final.csv; job_update_event_stream.csv; job_skill_monthly_frequency.csv
视觉-语言多模态,3,job_bigcompany_final.csv; job_update_event_stream.csv; job_skill_monthly_frequency.csv
视觉-语言模型,3,job_bigcompany_final.csv; job_update_event_stream.csv; job_skill_monthly_frequency.csv
视觉AIGC,9,job_bigcompany_final.csv; job_update_event_stream.csv; job_skill_monthly_frequency.csv
视觉基础大模型,3,job_bigcompany_final.csv; job_update_event_stream.csv; job_skill_monthly_frequency.csv
视觉基础模型微调,6,job_bigcompany_final.csv; job_update_event_stream.csv; job_skill_monthly_frequency.csv
视觉多模态大模型,6,job_bigcompany_final.csv; job_update_event_stream.csv; job_skill_monthly_frequency.csv
视觉多模态大模型预训练,3,job_bigcompany_final.csv; job_update_event_stream.csv; job_skill_monthly_frequency.csv
视觉多模态算法,3,job_bigcompany_final.csv; job_update_event_stream.csv; job_skill_monthly_frequency.csv
视觉大模型,15,job_bigcompany_final.csv; job_update_event_stream.csv; job_skill_monthly_frequency.csv
视觉文本多模态预训练,3,job_bigcompany_final.csv; job_update_event_stream.csv; job_skill_monthly_frequency.csv
视觉生成大模型,6,job_bigcompany_final.csv; job_update_event_stream.csv; job_skill_monthly_frequency.csv
视觉训练优化,3,job_bigcompany_final.csv; job_update_event_stream.csv; job_skill_monthly_frequency.csv
视觉语言模型,36,job_bigcompany_final.csv; job_update_event_stream.csv; job_skill_monthly_frequency.csv
视频AI平台,3,job_bigcompany_final.csv; job_update_event_stream.csv; job_skill_monthly_frequency.csv
视频AI模型轻量化部署,3,job_bigcompany_final.csv; job_update_event_stream.csv; job_skill_monthly_frequency.csv
视频多模态分类,3,job_bigcompany_final.csv; job_update_event_stream.csv; job_skill_monthly_frequency.csv
视频大模型训练,6,job_bigcompany_final.csv; job_update_event_stream.csv; job_skill_monthly_frequency.csv
视频文本多模态模型,9,job_bigcompany_final.csv; job_update_event_stream.csv; job_skill_monthly_frequency.csv
视频智能编码,12,job_bigcompany_final.csv; job_update_event_stream.csv; job_skill_monthly_frequency.csv
视频模型推理优化,3,job_bigcompany_final.csv; job_update_event_stream.csv; job_skill_monthly_frequency.csv
视频模型训练,3,job_bigcompany_final.csv; job_update_event_stream.csv; job_skill_monthly_frequency.csv
视频深度学习算法,3,job_bigcompany_final.csv; job_update_event_stream.csv; job_skill_monthly_frequency.csv
视频生成,437,job_bigcompany_final.csv; job_update_event_stream.csv; job_skill_monthly_frequency.csv
视频生成加速,3,job_bigcompany_final.csv; job_update_event_stream.csv; job_skill_monthly_frequency.csv
视频生成基座,3,job_bigcompany_final.csv; job_update_event_stream.csv; job_skill_monthly_frequency.csv
视频生成基础模型,3,job_bigcompany_final.csv; job_update_event_stream.csv; job_skill_monthly_frequency.csv
视频生成大模型,9,job_bigcompany_final.csv; job_update_event_stream.csv; job_skill_monthly_frequency.csv
视频生成工具,3,job_bigcompany_final.csv; job_update_event_stream.csv; job_skill_monthly_frequency.csv
视频生成推理,3,job_bigcompany_final.csv; job_update_event_stream.csv; job_skill_monthly_frequency.csv
视频生成模型,48,job_bigcompany_final.csv; job_update_event_stream.csv; job_skill_monthly_frequency.csv
视频语言模型,6,job_bigcompany_final.csv; job_update_event_stream.csv; job_skill_monthly_frequency.csv
计算机视觉,1509,job_bigcompany_final.csv; job_update_event_stream.csv; job_skill_monthly_frequency.csv
计算机视觉大模型,3,job_bigcompany_final.csv; job_update_event_stream.csv; job_skill_monthly_frequency.csv
计算机视觉数据集,6,job_bigcompany_final.csv; job_update_event_stream.csv; job_skill_monthly_frequency.csv
计算机视觉模型,3,job_bigcompany_final.csv; job_update_event_stream.csv; job_skill_monthly_frequency.csv
计算机视觉生成算法,3,job_bigcompany_final.csv; job_update_event_stream.csv; job_skill_monthly_frequency.csv
计算机视觉算法,3,job_bigcompany_final.csv; job_update_event_stream.csv; job_skill_monthly_frequency.csv
计算机视觉算法评测,6,job_bigcompany_final.csv; job_update_event_stream.csv; job_skill_monthly_frequency.csv
认知大模型,3,job_bigcompany_final.csv; job_update_event_stream.csv; job_skill_monthly_frequency.csv
训推算力混部,3,job_bigcompany_final.csv; job_update_event_stream.csv; job_skill_monthly_frequency.csv
训练优化,32,job_bigcompany_final.csv; job_update_event_stream.csv; job_skill_monthly_frequency.csv
训练推理优化,3,job_bigcompany_final.csv; job_update_event_stream.csv; job_skill_monthly_frequency.csv
评测模型训练,3,job_bigcompany_final.csv; job_update_event_stream.csv; job_skill_monthly_frequency.csv
语义检索,46,job_bigcompany_final.csv; job_update_event_stream.csv; job_skill_monthly_frequency.csv
语言大模型,18,job_bigcompany_final.csv; job_update_event_stream.csv; job_skill_monthly_frequency.csv
语言模型,89,job_bigcompany_final.csv; job_update_event_stream.csv; job_skill_monthly_frequency.csv
语言模型训练,6,job_bigcompany_final.csv; job_update_event_stream.csv; job_skill_monthly_frequency.csv
语言模型评估指标,3,job_bigcompany_final.csv; job_update_event_stream.csv; job_skill_monthly_frequency.csv
语言模型预训练,3,job_bigcompany_final.csv; job_update_event_stream.csv; job_skill_monthly_frequency.csv
语音AI智能体,3,job_bigcompany_final.csv; job_update_event_stream.csv; job_skill_monthly_frequency.csv
语音合成,208,job_bigcompany_final.csv; job_update_event_stream.csv; job_skill_monthly_frequency.csv
语音合成测试,3,job_bigcompany_final.csv; job_update_event_stream.csv; job_skill_monthly_frequency.csv
语音基座大模型,3,job_bigcompany_final.csv; job_update_event_stream.csv; job_skill_monthly_frequency.csv
语音基础模型,3,job_bigcompany_final.csv; job_update_event_stream.csv; job_skill_monthly_frequency.csv
语音多模态,3,job_bigcompany_final.csv; job_update_event_stream.csv; job_skill_monthly_frequency.csv
语音多模态交互,6,job_bigcompany_final.csv; job_update_event_stream.csv; job_skill_monthly_frequency.csv
语音大模型,51,job_bigcompany_final.csv; job_update_event_stream.csv; job_skill_monthly_frequency.csv
语音大模型训练,3,job_bigcompany_final.csv; job_update_event_stream.csv; job_skill_monthly_frequency.csv
语音字幕大模型,3,job_bigcompany_final.csv; job_update_event_stream.csv; job_skill_monthly_frequency.csv
语音文本多模态,6,job_bigcompany_final.csv; job_update_event_stream.csv; job_skill_monthly_frequency.csv
语音机器学习,3,job_bigcompany_final.csv; job_update_event_stream.csv; job_skill_monthly_frequency.csv
语音模型训练,6,job_bigcompany_final.csv; job_update_event_stream.csv; job_skill_monthly_frequency.csv
语音模型评测,5,job_bigcompany_final.csv; job_update_event_stream.csv; job_skill_monthly_frequency.csv
语音理解大模型,3,job_bigcompany_final.csv; job_update_event_stream.csv; job_skill_monthly_frequency.csv
语音视觉多模态融合,3,job_bigcompany_final.csv; job_update_event_stream.csv; job_skill_monthly_frequency.csv
语音训练优化,3,job_bigcompany_final.csv; job_update_event_stream.csv; job_skill_monthly_frequency.csv
语音识别,281,job_bigcompany_final.csv; job_update_event_stream.csv; job_skill_monthly_frequency.csv
语音识别工具,3,job_bigcompany_final.csv; job_update_event_stream.csv; job_skill_monthly_frequency.csv
语音识别测试,9,job_bigcompany_final.csv; job_update_event_stream.csv; job_skill_monthly_frequency.csv
语音识别解码器,3,job_bigcompany_final.csv; job_update_event_stream.csv; job_skill_monthly_frequency.csv
语音语言模型,3,job_bigcompany_final.csv; job_update_event_stream.csv; job_skill_monthly_frequency.csv
语音音频大模型,3,job_bigcompany_final.csv; job_update_event_stream.csv; job_skill_monthly_frequency.csv
语音驱动视频生成,6,job_bigcompany_final.csv; job_update_event_stream.csv; job_skill_monthly_frequency.csv
贝叶斯强化学习,3,job_bigcompany_final.csv; job_update_event_stream.csv; job_skill_monthly_frequency.csv
超声影像AI,3,job_bigcompany_final.csv; job_update_event_stream.csv; job_skill_monthly_frequency.csv
超大模型,3,job_bigcompany_final.csv; job_update_event_stream.csv; job_skill_monthly_frequency.csv
超大模型分布式部署,3,job_bigcompany_final.csv; job_update_event_stream.csv; job_skill_monthly_frequency.csv
超大模型训练,3,job_bigcompany_final.csv; job_update_event_stream.csv; job_skill_monthly_frequency.csv
超大规模机器学习,3,job_bigcompany_final.csv; job_update_event_stream.csv; job_skill_monthly_frequency.csv
超大规模模型训练优化,3,job_bigcompany_final.csv; job_update_event_stream.csv; job_skill_monthly_frequency.csv
超拟人大模型,6,job_bigcompany_final.csv; job_update_event_stream.csv; job_skill_monthly_frequency.csv
超长上下文,9,job_bigcompany_final.csv; job_update_event_stream.csv; job_skill_monthly_frequency.csv
跨模态AI,3,job_bigcompany_final.csv; job_update_event_stream.csv; job_skill_monthly_frequency.csv
跨端AI开发,3,job_bigcompany_final.csv; job_update_event_stream.csv; job_skill_monthly_frequency.csv
跨语言模型,3,job_bigcompany_final.csv; job_update_event_stream.csv; job_skill_monthly_frequency.csv
跨语言语音合成,3,job_bigcompany_final.csv; job_update_event_stream.csv; job_skill_monthly_frequency.csv
跨音色语音合成,3,job_bigcompany_final.csv; job_update_event_stream.csv; job_skill_monthly_frequency.csv
软件工程智能化,3,job_bigcompany_final.csv; job_update_event_stream.csv; job_skill_monthly_frequency.csv
轻量化深度学习,3,job_bigcompany_final.csv; job_update_event_stream.csv; job_skill_monthly_frequency.csv
边缘AI,6,job_bigcompany_final.csv; job_update_event_stream.csv; job_skill_monthly_frequency.csv
边缘AI芯片,12,job_bigcompany_final.csv; job_update_event_stream.csv; job_skill_monthly_frequency.csv
边缘AI芯片模型部署,3,job_bigcompany_final.csv; job_update_event_stream.csv; job_skill_monthly_frequency.csv
边缘AI计算,3,job_bigcompany_final.csv; job_update_event_stream.csv; job_skill_monthly_frequency.csv
运营智能化,3,job_bigcompany_final.csv; job_update_event_stream.csv; job_skill_monthly_frequency.csv
通义大模型,3,job_bigcompany_final.csv; job_update_event_stream.csv; job_skill_monthly_frequency.csv
通义大模型应用工程师,9,job_bigcompany_final.csv; job_update_event_stream.csv; job_skill_monthly_frequency.csv
通信智能化,3,job_bigcompany_final.csv; job_update_event_stream.csv; job_skill_monthly_frequency.csv
通用图像生成模型,6,job_bigcompany_final.csv; job_update_event_stream.csv; job_skill_monthly_frequency.csv
通用图像视频生成模型,6,job_bigcompany_final.csv; job_update_event_stream.csv; job_skill_monthly_frequency.csv
通用智能体开发,3,job_bigcompany_final.csv; job_update_event_stream.csv; job_skill_monthly_frequency.csv
通用游戏智能体,3,job_bigcompany_final.csv; job_update_event_stream.csv; job_skill_monthly_frequency.csv
金融大模型应用,3,job_bigcompany_final.csv; job_update_event_stream.csv; job_skill_monthly_frequency.csv
钉钉AI应用工程师认证,9,job_bigcompany_final.csv; job_update_event_stream.csv; job_skill_monthly_frequency.csv
长上下文,35,job_bigcompany_final.csv; job_update_event_stream.csv; job_skill_monthly_frequency.csv
长上下文优化,6,job_bigcompany_final.csv; job_update_event_stream.csv; job_skill_monthly_frequency.csv
长上下文处理,3,job_bigcompany_final.csv; job_update_event_stream.csv; job_skill_monthly_frequency.csv
长上下文外推,3,job_bigcompany_final.csv; job_update_event_stream.csv; job_skill_monthly_frequency.csv
长上下文建模,9,job_bigcompany_final.csv; job_update_event_stream.csv; job_skill_monthly_frequency.csv
长上下文推理,9,job_bigcompany_final.csv; job_update_event_stream.csv; job_skill_monthly_frequency.csv
长上下文理解,6,job_bigcompany_final.csv; job_update_event_stream.csv; job_skill_monthly_frequency.csv
长上下文管理,3,job_bigcompany_final.csv; job_update_event_stream.csv; job_skill_monthly_frequency.csv
长上下文训练,3,job_bigcompany_final.csv; job_update_event_stream.csv; job_skill_monthly_frequency.csv
长上下文验证,3,job_bigcompany_final.csv; job_update_event_stream.csv; job_skill_monthly_frequency.csv
长视频生成,3,job_bigcompany_final.csv; job_update_event_stream.csv; job_skill_monthly_frequency.csv
阿里云AI产品,6,job_bigcompany_final.csv; job_update_event_stream.csv; job_skill_monthly_frequency.csv
阿里云AI产品矩阵,3,job_bigcompany_final.csv; job_update_event_stream.csv; job_skill_monthly_frequency.csv
阿里云AI平台,3,job_bigcompany_final.csv; job_update_event_stream.csv; job_skill_monthly_frequency.csv
集群训练优化,3,job_bigcompany_final.csv; job_update_event_stream.csv; job_skill_monthly_frequency.csv
非流式语音识别,3,job_bigcompany_final.csv; job_update_event_stream.csv; job_skill_monthly_frequency.csv
音乐大模型,3,job_bigcompany_final.csv; job_update_event_stream.csv; job_skill_monthly_frequency.csv
音乐智能,5,job_bigcompany_final.csv; job_update_event_stream.csv; job_skill_monthly_frequency.csv
音视频AI,3,job_bigcompany_final.csv; job_update_event_stream.csv; job_skill_monthly_frequency.csv
音视频AI大模型,6,job_bigcompany_final.csv; job_update_event_stream.csv; job_skill_monthly_frequency.csv
音视频AI应用,6,job_bigcompany_final.csv; job_update_event_stream.csv; job_skill_monthly_frequency.csv
音视频多模态,9,job_bigcompany_final.csv; job_update_event_stream.csv; job_skill_monthly_frequency.csv
音视频多模态处理,3,job_bigcompany_final.csv; job_update_event_stream.csv; job_skill_monthly_frequency.csv
音视频大模型,12,job_bigcompany_final.csv; job_update_event_stream.csv; job_skill_monthly_frequency.csv
音视频生成,19,job_bigcompany_final.csv; job_update_event_stream.csv; job_skill_monthly_frequency.csv
音视频生成模型,3,job_bigcompany_final.csv; job_update_event_stream.csv; job_skill_monthly_frequency.csv
音频AI,3,job_bigcompany_final.csv; job_update_event_stream.csv; job_skill_monthly_frequency.csv
音频多模态,3,job_bigcompany_final.csv; job_update_event_stream.csv; job_skill_monthly_frequency.csv
音频多模态模型,3,job_bigcompany_final.csv; job_update_event_stream.csv; job_skill_monthly_frequency.csv
音频大模型,23,job_bigcompany_final.csv; job_update_event_stream.csv; job_skill_monthly_frequency.csv
音频理解大模型,3,job_bigcompany_final.csv; job_update_event_stream.csv; job_skill_monthly_frequency.csv
预训练大模型,18,job_bigcompany_final.csv; job_update_event_stream.csv; job_skill_monthly_frequency.csv
预训练语言模型,3,job_bigcompany_final.csv; job_update_event_stream.csv; job_skill_monthly_frequency.csv
预训练语言模型微调,3,job_bigcompany_final.csv; job_update_event_stream.csv; job_skill_monthly_frequency.csv
风控垂域大模型,3,job_bigcompany_final.csv; job_update_event_stream.csv; job_skill_monthly_frequency.csv
风控大模型,3,job_bigcompany_final.csv; job_update_event_stream.csv; job_skill_monthly_frequency.csv
风格化语音合成,3,job_bigcompany_final.csv; job_update_event_stream.csv; job_skill_monthly_frequency.csv
风格模型训练,3,job_bigcompany_final.csv; job_update_event_stream.csv; job_skill_monthly_frequency.csv
高密度算力中心,3,job_bigcompany_final.csv; job_update_event_stream.csv; job_skill_monthly_frequency.csv
高清视频生成,3,job_bigcompany_final.csv; job_update_event_stream.csv; job_skill_monthly_frequency.csv
高通AI加速SDK,3,job_bigcompany_final.csv; job_update_event_stream.csv; job_skill_monthly_frequency.csv
鲁棒机器学习,6,job_bigcompany_final.csv; job_update_event_stream.csv; job_skill_monthly_frequency.csv
