skill,kg_display_skill,skill_type,confirmation_min_job_mentions,first_seen_month,first_seen_standard_jobs,first_seen_job_count,is_left_censored,migration_confidence,migration_interpretation,latest_seen_month,latest_covered_job_count,cumulative_covered_job_count,spread_job_count,spread_standard_jobs,all_standard_jobs,confirmed_first_seen_month,confirmed_first_seen_standard_jobs,confirmed_first_seen_job_count,confirmed_cumulative_covered_job_count,confirmed_spread_job_count,confirmed_spread_standard_jobs,confirmed_migration_path,peak_monthly_covered_job_count,peak_monthly_covered_job_month,total_skill_mentions,migration_path,updated_at
AIGC,AI,new,2,2024-12,AIGC算法工程师; 多模态算法工程师; 计算机视觉算法工程师,3,1,medium,技能在观测起点已出现，首现岗位是观测窗口内首批岗位，不等同于真实起源岗位,2026-07,8,11,8,AI产品经理; 大模型算法工程师; 音视频工程师; 大模型应用工程师; 解决方案工程师; 前端开发工程师; 后端开发工程师; 测试开发工程师,AIGC算法工程师; 多模态算法工程师; 计算机视觉算法工程师; AI产品经理; 大模型算法工程师; 音视频工程师; 大模型应用工程师; 解决方案工程师; 前端开发工程师; 后端开发工程师; 测试开发工程师,2024-12,AIGC算法工程师; 多模态算法工程师; 计算机视觉算法工程师,3,9,6,AI产品经理; 音视频工程师; 解决方案工程师; 前端开发工程师; 大模型算法工程师; 测试开发工程师,2024-12: AIGC算法工程师; 多模态算法工程师; 计算机视觉算法工程师 -> 2025-01: AI产品经理 -> 2025-02: 音视频工程师 -> 2025-07: 解决方案工程师 -> 2026-01: 前端开发工程师 -> 2026-04: 大模型算法工程师; 测试开发工程师,9,2026-04,1302,2024-12: AIGC算法工程师; 多模态算法工程师; 计算机视觉算法工程师 -> 2025-01: AI产品经理 -> 2025-02: 大模型算法工程师; 音视频工程师 -> 2025-05: 大模型应用工程师 -> 2025-07: 解决方案工程师 -> 2025-08: 前端开发工程师 -> 2026-02: 后端开发工程师; 测试开发工程师,2026-08-08T05:14:20+00:00
AIops,系统与运维,new,2,2024-12,C++开发工程师; 信息安全工程师; 数据库工程师; 运维工程师,4,1,medium,技能在观测起点已出现，首现岗位是观测窗口内首批岗位，不等同于真实起源岗位,2026-07,3,9,5,算法工程师; 网络工程师; Android开发工程师; 测试开发工程师; 客户端开发工程师,C++开发工程师; 信息安全工程师; 数据库工程师; 运维工程师; 算法工程师; 网络工程师; Android开发工程师; 测试开发工程师; 客户端开发工程师,2024-12,运维工程师,1,7,6,C++开发工程师; 信息安全工程师; 数据库工程师; 网络工程师; Android开发工程师; 测试开发工程师,2024-12: 运维工程师 -> 2025-01: C++开发工程师; 信息安全工程师; 数据库工程师 -> 2025-03: 网络工程师 -> 2025-05: Android开发工程师 -> 2025-10: 测试开发工程师,7,2025-05,290,2024-12: C++开发工程师; 信息安全工程师; 数据库工程师; 运维工程师 -> 2025-01: 算法工程师; 网络工程师 -> 2025-05: Android开发工程师; 测试开发工程师 -> 2026-03: 客户端开发工程师,2026-08-08T05:14:20+00:00
AI基础设施,AI,new,2,2024-12,AI Infra工程师; 系统软件工程师,2,1,medium,技能在观测起点已出现，首现岗位是观测窗口内首批岗位，不等同于真实起源岗位,2026-07,5,8,6,大模型算法工程师; DevOps工程师; 云计算工程师; 后端开发工程师; 软件架构师; 解决方案工程师,AI Infra工程师; 系统软件工程师; 大模型算法工程师; DevOps工程师; 云计算工程师; 后端开发工程师; 软件架构师; 解决方案工程师,2024-12,AI Infra工程师; 系统软件工程师,2,7,5,DevOps工程师; 云计算工程师; 大模型算法工程师; 软件架构师; 解决方案工程师,2024-12: AI Infra工程师; 系统软件工程师 -> 2025-02: DevOps工程师; 云计算工程师; 大模型算法工程师 -> 2025-10: 软件架构师 -> 2026-05: 解决方案工程师,6,2026-05,831,2024-12: AI Infra工程师; 系统软件工程师 -> 2025-01: 大模型算法工程师 -> 2025-02: DevOps工程师; 云计算工程师 -> 2025-07: 后端开发工程师 -> 2025-08: 软件架构师 -> 2026-02: 解决方案工程师,2026-08-08T05:14:20+00:00
AI安全,安全,new,2,2024-12,AI安全工程师; 大模型测试工程师,2,1,medium,技能在观测起点已出现，首现岗位是观测窗口内首批岗位，不等同于真实起源岗位,2026-07,5,8,6,信息安全工程师; 大模型算法工程师; 网络安全工程师; AI产品经理; AI Agent算法工程师; 解决方案工程师,AI安全工程师; 大模型测试工程师; 信息安全工程师; 大模型算法工程师; 网络安全工程师; AI产品经理; AI Agent算法工程师; 解决方案工程师,2024-12,AI安全工程师; 大模型测试工程师,2,7,5,信息安全工程师; 网络安全工程师; AI产品经理; 大模型算法工程师; AI Agent算法工程师,2024-12: AI安全工程师; 大模型测试工程师 -> 2025-01: 信息安全工程师 -> 2025-02: 网络安全工程师 -> 2025-05: AI产品经理 -> 2025-07: 大模型算法工程师 -> 2026-04: AI Agent算法工程师,7,2026-06,1166,2024-12: AI安全工程师; 大模型测试工程师 -> 2025-01: 信息安全工程师 -> 2025-02: 大模型算法工程师; 网络安全工程师 -> 2025-05: AI产品经理 -> 2025-06: AI Agent算法工程师 -> 2025-11: 解决方案工程师,2026-08-08T05:14:20+00:00
AI工作流设计,AI,new,2,2025-01,AI Agent应用工程师; 大模型应用工程师,2,0,high,技能在观测期内首次出现，后续扩散路径可用于分析样本内技能迁移,2026-07,5,9,7,AI产品经理; 软件架构师; 全栈开发工程师; 后端开发工程师; 测试开发工程师; 解决方案工程师; 前端开发工程师,AI Agent应用工程师; 大模型应用工程师; AI产品经理; 软件架构师; 全栈开发工程师; 后端开发工程师; 测试开发工程师; 解决方案工程师; 前端开发工程师,2025-01,AI Agent应用工程师; 大模型应用工程师,2,7,5,AI产品经理; 软件架构师; 全栈开发工程师; 测试开发工程师; 解决方案工程师,2025-01: AI Agent应用工程师; 大模型应用工程师 -> 2025-03: AI产品经理; 软件架构师 -> 2025-07: 全栈开发工程师 -> 2025-08: 测试开发工程师 -> 2026-06: 解决方案工程师,6,2026-06,860,2025-01: AI Agent应用工程师; 大模型应用工程师 -> 2025-03: AI产品经理; 软件架构师 -> 2025-07: 全栈开发工程师; 后端开发工程师 -> 2025-08: 测试开发工程师 -> 2026-01: 解决方案工程师 -> 2026-02: 前端开发工程师,2026-08-08T05:14:20+00:00
AI工具,大模型,new,2,2024-12,AI产品经理; 芯片设计工程师; 质量工程师; 驱动开发工程师,4,1,medium,技能在观测起点已出现，首现岗位是观测窗口内首批岗位，不等同于真实起源岗位,2026-07,3,13,9,网络安全工程师; Android开发工程师; 嵌入式软件工程师; 芯片验证工程师; 软件开发工程师; Java开发工程师; 风控算法工程师; 运维工程师; 客户端开发工程师,AI产品经理; 芯片设计工程师; 质量工程师; 驱动开发工程师; 网络安全工程师; Android开发工程师; 嵌入式软件工程师; 芯片验证工程师; 软件开发工程师; Java开发工程师; 风控算法工程师; 运维工程师; 客户端开发工程师,2024-12,AI产品经理; 质量工程师,2,10,8,网络安全工程师; 芯片设计工程师; 驱动开发工程师; 嵌入式软件工程师; 芯片验证工程师; Android开发工程师; 软件开发工程师; 风控算法工程师,2024-12: AI产品经理; 质量工程师 -> 2025-01: 网络安全工程师; 芯片设计工程师; 驱动开发工程师 -> 2025-04: 嵌入式软件工程师; 芯片验证工程师 -> 2025-07: Android开发工程师 -> 2026-02: 软件开发工程师 -> 2026-04: 风控算法工程师,7,2026-04,154,2024-12: AI产品经理; 芯片设计工程师; 质量工程师; 驱动开发工程师 -> 2025-01: 网络安全工程师 -> 2025-02: Android开发工程师; 嵌入式软件工程师 -> 2025-03: 芯片验证工程师 -> 2025-06: 软件开发工程师 -> 2025-10: Java开发工程师 -> 2025-11: 风控算法工程师 -> 2026-03: 运维工程师 -> 2026-04: 客户端开发工程师,2026-08-08T05:14:20+00:00
AI应用开发,AI,new,2,2024-12,AI应用工程师; 大模型应用工程师,2,1,medium,技能在观测起点已出现，首现岗位是观测窗口内首批岗位，不等同于真实起源岗位,2026-07,6,10,8,后端开发工程师; AI Agent应用工程师; 软件开发工程师; AI产品经理; 前端开发工程师; 全栈开发工程师; 测试开发工程师; 解决方案工程师,AI应用工程师; 大模型应用工程师; 后端开发工程师; AI Agent应用工程师; 软件开发工程师; AI产品经理; 前端开发工程师; 全栈开发工程师; 测试开发工程师; 解决方案工程师,2024-12,AI应用工程师; 大模型应用工程师,2,10,8,软件开发工程师; 后端开发工程师; AI产品经理; 全栈开发工程师; 前端开发工程师; AI Agent应用工程师; 解决方案工程师; 测试开发工程师,2024-12: AI应用工程师; 大模型应用工程师 -> 2025-04: 软件开发工程师 -> 2025-05: 后端开发工程师 -> 2025-06: AI产品经理 -> 2025-08: 全栈开发工程师 -> 2025-11: 前端开发工程师 -> 2025-12: AI Agent应用工程师 -> 2026-05: 解决方案工程师 -> 2026-06: 测试开发工程师,6,2026-07,705,2024-12: AI应用工程师; 大模型应用工程师 -> 2025-01: 后端开发工程师 -> 2025-02: AI Agent应用工程师; 软件开发工程师 -> 2025-06: AI产品经理 -> 2025-07: 前端开发工程师 -> 2025-08: 全栈开发工程师 -> 2026-01: 测试开发工程师 -> 2026-02: 解决方案工程师,2026-08-08T05:14:20+00:00
AI测试,AI,new,2,2025-01,大模型测试工程师; 测试开发工程师,2,0,high,技能在观测期内首次出现，后续扩散路径可用于分析样本内技能迁移,2026-07,7,9,7,AI安全工程师; 大模型应用工程师; 测试工程师; 质量工程师; AI产品经理; 解决方案工程师; 后端开发工程师,大模型测试工程师; 测试开发工程师; AI安全工程师; 大模型应用工程师; 测试工程师; 质量工程师; AI产品经理; 解决方案工程师; 后端开发工程师,2025-01,大模型测试工程师; 测试开发工程师,2,8,6,AI安全工程师; 测试工程师; 质量工程师; 大模型应用工程师; AI产品经理; 解决方案工程师,2025-01: 大模型测试工程师; 测试开发工程师 -> 2025-02: AI安全工程师 -> 2025-06: 测试工程师; 质量工程师 -> 2025-07: 大模型应用工程师 -> 2025-08: AI产品经理 -> 2026-02: 解决方案工程师,8,2026-03,1125,2025-01: 大模型测试工程师; 测试开发工程师 -> 2025-02: AI安全工程师; 大模型应用工程师 -> 2025-06: 测试工程师; 质量工程师 -> 2025-08: AI产品经理 -> 2026-02: 解决方案工程师 -> 2026-03: 后端开发工程师,2026-08-08T05:14:20+00:00
AI算法,AI,new,2,2024-12,AI产品经理; 数据分析师; 芯片验证工程师; 解决方案工程师,4,1,medium,技能在观测起点已出现，首现岗位是观测窗口内首批岗位，不等同于真实起源岗位,2026-07,9,14,10,C++开发工程师; iOS开发工程师; 技术支持工程师; 硬件工程师; 驱动开发工程师; 测试工程师; 计算机视觉算法工程师; Java开发工程师; 芯片设计工程师; Android开发工程师,AI产品经理; 数据分析师; 芯片验证工程师; 解决方案工程师; C++开发工程师; iOS开发工程师; 技术支持工程师; 硬件工程师; 驱动开发工程师; 测试工程师; 计算机视觉算法工程师; Java开发工程师; 芯片设计工程师; Android开发工程师,2024-12,AI产品经理; 数据分析师; 解决方案工程师,3,14,11,芯片验证工程师; 硬件工程师; 驱动开发工程师; iOS开发工程师; C++开发工程师; 技术支持工程师; 测试工程师; Java开发工程师; Android开发工程师; 芯片设计工程师; 计算机视觉算法工程师,2024-12: AI产品经理; 数据分析师; 解决方案工程师 -> 2025-01: 芯片验证工程师 -> 2025-02: 硬件工程师; 驱动开发工程师 -> 2025-03: iOS开发工程师 -> 2025-04: C++开发工程师; 技术支持工程师 -> 2025-05: 测试工程师 -> 2025-10: Java开发工程师 -> 2025-12: Android开发工程师; 芯片设计工程师 -> 2026-07: 计算机视觉算法工程师,10,2025-12,420,2024-12: AI产品经理; 数据分析师; 芯片验证工程师; 解决方案工程师 -> 2025-01: C++开发工程师; iOS开发工程师; 技术支持工程师; 硬件工程师; 驱动开发工程师 -> 2025-04: 测试工程师 -> 2025-08: 计算机视觉算法工程师 -> 2025-09: Java开发工程师; 芯片设计工程师 -> 2025-11: Android开发工程师,2026-08-08T05:14:20+00:00
AI芯片,硬件与芯片,new,2,2024-12,技术支持工程师,1,1,medium,技能在观测起点已出现，首现岗位是观测窗口内首批岗位，不等同于真实起源岗位,2026-07,2,3,2,C++开发工程师; 硬件工程师,技术支持工程师; C++开发工程师; 硬件工程师,2024-12,技术支持工程师,1,3,2,C++开发工程师; 硬件工程师,2024-12: 技术支持工程师 -> 2025-01: C++开发工程师; 硬件工程师,3,2025-12,139,2024-12: 技术支持工程师 -> 2025-01: C++开发工程师; 硬件工程师,2026-08-08T05:14:20+00:00
ASR,大模型,new,2,2024-12,Android开发工程师; 测试工程师; 语音算法工程师,3,1,medium,技能在观测起点已出现，首现岗位是观测窗口内首批岗位，不等同于真实起源岗位,2026-07,3,4,1,广告算法工程师,Android开发工程师; 测试工程师; 语音算法工程师; 广告算法工程师,2024-12,测试工程师; 语音算法工程师,2,4,2,Android开发工程师; 广告算法工程师,2024-12: 测试工程师; 语音算法工程师 -> 2025-01: Android开发工程师 -> 2026-05: 广告算法工程师,3,2026-07,294,2024-12: Android开发工程师; 测试工程师; 语音算法工程师 -> 2025-10: 广告算法工程师,2026-08-08T05:14:20+00:00
AUTOSAR,行业应用,traditional,2,2024-12,嵌入式软件工程师,1,1,medium,技能在观测起点已出现，首现岗位是观测窗口内首批岗位，不等同于真实起源岗位,2026-07,2,2,1,驱动开发工程师,嵌入式软件工程师; 驱动开发工程师,2024-12,嵌入式软件工程师,1,2,1,驱动开发工程师,2024-12: 嵌入式软件工程师 -> 2025-02: 驱动开发工程师,2,2026-07,70,2024-12: 嵌入式软件工程师 -> 2025-02: 驱动开发工程师,2026-08-08T05:14:20+00:00
Agent,大模型,new,2,2025-01,AI Agent应用工程师; AI Agent算法工程师,2,0,high,技能在观测期内首次出现，后续扩散路径可用于分析样本内技能迁移,2026-07,7,11,9,AI产品经理; 大模型应用工程师; 测试开发工程师; 后端开发工程师; 软件架构师; 全栈开发工程师; 前端开发工程师; DevOps工程师; 解决方案工程师,AI Agent应用工程师; AI Agent算法工程师; AI产品经理; 大模型应用工程师; 测试开发工程师; 后端开发工程师; 软件架构师; 全栈开发工程师; 前端开发工程师; DevOps工程师; 解决方案工程师,2025-01,AI Agent应用工程师; AI Agent算法工程师,2,11,9,AI产品经理; 后端开发工程师; 全栈开发工程师; 测试开发工程师; 软件架构师; 前端开发工程师; DevOps工程师; 大模型应用工程师; 解决方案工程师,2025-01: AI Agent应用工程师; AI Agent算法工程师 -> 2025-03: AI产品经理 -> 2025-07: 后端开发工程师 -> 2025-09: 全栈开发工程师; 测试开发工程师 -> 2025-11: 软件架构师 -> 2025-12: 前端开发工程师 -> 2026-01: DevOps工程师 -> 2026-06: 大模型应用工程师; 解决方案工程师,9,2026-06,976,2025-01: AI Agent应用工程师; AI Agent算法工程师 -> 2025-03: AI产品经理; 大模型应用工程师 -> 2025-06: 测试开发工程师 -> 2025-07: 后端开发工程师; 软件架构师 -> 2025-09: 全栈开发工程师 -> 2025-12: 前端开发工程师 -> 2026-01: DevOps工程师; 解决方案工程师,2026-08-08T05:14:20+00:00
Ai coding,AI,new,2,2025-03,大模型应用工程师; 测试开发工程师; 软件开发工程师,3,0,high,技能在观测期内首次出现，后续扩散路径可用于分析样本内技能迁移,2026-07,9,11,8,前端开发工程师; 全栈开发工程师; 后端开发工程师; AI产品经理; DevOps工程师; 软件架构师; 测试工程师; 质量工程师,大模型应用工程师; 测试开发工程师; 软件开发工程师; 前端开发工程师; 全栈开发工程师; 后端开发工程师; AI产品经理; DevOps工程师; 软件架构师; 测试工程师; 质量工程师,2025-03,大模型应用工程师; 测试开发工程师,2,11,9,前端开发工程师; 全栈开发工程师; 后端开发工程师; 软件开发工程师; AI产品经理; DevOps工程师; 测试工程师; 软件架构师; 质量工程师,2025-03: 大模型应用工程师; 测试开发工程师 -> 2025-04: 前端开发工程师 -> 2025-05: 全栈开发工程师; 后端开发工程师 -> 2025-08: 软件开发工程师 -> 2025-09: AI产品经理 -> 2025-11: DevOps工程师 -> 2026-02: 测试工程师; 软件架构师 -> 2026-05: 质量工程师,10,2026-05,931,2025-03: 大模型应用工程师; 测试开发工程师; 软件开发工程师 -> 2025-04: 前端开发工程师 -> 2025-05: 全栈开发工程师; 后端开发工程师 -> 2025-09: AI产品经理 -> 2025-11: DevOps工程师; 软件架构师 -> 2026-02: 测试工程师 -> 2026-05: 质量工程师,2026-08-08T05:14:20+00:00
Android,软件开发,traditional,2,2024-12,Android开发工程师; C++开发工程师; iOS开发工程师; 全栈开发工程师; 图形图像工程师; 多模态算法工程师; 安全工程师; 客户端开发工程师; 嵌入式软件工程师; 通信工程师; 音视频工程师; 驱动开发工程师,12,1,low,观测起点已覆盖多个岗位，只能说明观测期内的覆盖和扩散，不能推断真实起源岗位,2026-07,11,21,9,前端开发工程师; 技术支持工程师; 硬件工程师; 语音算法工程师; 大模型测试工程师; 软件架构师; 计算机视觉算法工程师; 软件开发工程师; AI应用工程师,Android开发工程师; C++开发工程师; iOS开发工程师; 全栈开发工程师; 图形图像工程师; 多模态算法工程师; 安全工程师; 客户端开发工程师; 嵌入式软件工程师; 通信工程师; 音视频工程师; 驱动开发工程师; 前端开发工程师; 技术支持工程师; 硬件工程师; 语音算法工程师; 大模型测试工程师; 软件架构师; 计算机视觉算法工程师; 软件开发工程师; AI应用工程师,2024-12,Android开发工程师; C++开发工程师; iOS开发工程师; 图形图像工程师; 安全工程师; 客户端开发工程师; 驱动开发工程师,7,18,11,全栈开发工程师; 嵌入式软件工程师; 技术支持工程师; 硬件工程师; 通信工程师; 音视频工程师; 大模型测试工程师; 语音算法工程师; 计算机视觉算法工程师; AI应用工程师; 前端开发工程师,2024-12: Android开发工程师; C++开发工程师; iOS开发工程师; 图形图像工程师; 安全工程师; 客户端开发工程师; 驱动开发工程师 -> 2025-01: 全栈开发工程师; 嵌入式软件工程师; 技术支持工程师; 硬件工程师; 通信工程师; 音视频工程师 -> 2025-06: 大模型测试工程师 -> 2025-10: 语音算法工程师 -> 2025-12: 计算机视觉算法工程师 -> 2026-07: AI应用工程师; 前端开发工程师,15,2025-01,943,2024-12: Android开发工程师; C++开发工程师; iOS开发工程师; 全栈开发工程师; 图形图像工程师; 多模态算法工程师; 安全工程师; 客户端开发工程师; 嵌入式软件工程师; 通信工程师; 音视频工程师; 驱动开发工程师 -> 2025-01: 前端开发工程师; 技术支持工程师; 硬件工程师; 语音算法工程师 -> 2025-02: 大模型测试工程师; 软件架构师 -> 2025-04: 计算机视觉算法工程师 -> 2025-08: 软件开发工程师 -> 2026-06: AI应用工程师,2026-08-08T05:14:20+00:00
Android Framework,软件开发,traditional,2,2024-12,Android开发工程师; 芯片设计工程师; 软件架构师,3,1,medium,技能在观测起点已出现，首现岗位是观测窗口内首批岗位，不等同于真实起源岗位,2026-07,3,7,4,驱动开发工程师; 测试工程师; 通信工程师; Java开发工程师,Android开发工程师; 芯片设计工程师; 软件架构师; 驱动开发工程师; 测试工程师; 通信工程师; Java开发工程师,2024-12,Android开发工程师; 软件架构师,2,7,5,驱动开发工程师; 通信工程师; 测试工程师; 芯片设计工程师; Java开发工程师,2024-12: Android开发工程师; 软件架构师 -> 2025-01: 驱动开发工程师 -> 2025-02: 通信工程师 -> 2025-03: 测试工程师 -> 2025-05: 芯片设计工程师 -> 2026-04: Java开发工程师,5,2026-04,324,2024-12: Android开发工程师; 芯片设计工程师; 软件架构师 -> 2025-01: 驱动开发工程师 -> 2025-02: 测试工程师; 通信工程师 -> 2025-08: Java开发工程师,2026-08-08T05:14:20+00:00
Angular,编程语言,traditional,2,2024-12,前端开发工程师,1,1,medium,技能在观测起点已出现，首现岗位是观测窗口内首批岗位，不等同于真实起源岗位,2026-07,1,3,2,全栈开发工程师; AI Agent应用工程师,前端开发工程师; 全栈开发工程师; AI Agent应用工程师,2024-12,前端开发工程师,1,2,1,全栈开发工程师,2024-12: 前端开发工程师 -> 2025-02: 全栈开发工程师,2,2025-07,182,2024-12: 前端开发工程师 -> 2025-01: 全栈开发工程师 -> 2025-07: AI Agent应用工程师,2026-08-08T05:14:20+00:00
AutoGen,大模型,new,2,2025-02,AI Agent应用工程师; AI Agent算法工程师,2,0,high,技能在观测期内首次出现，后续扩散路径可用于分析样本内技能迁移,2026-07,5,8,6,大模型应用工程师; 软件架构师; 后端开发工程师; 测试开发工程师; AI产品经理; 解决方案工程师,AI Agent应用工程师; AI Agent算法工程师; 大模型应用工程师; 软件架构师; 后端开发工程师; 测试开发工程师; AI产品经理; 解决方案工程师,2025-02,AI Agent应用工程师; AI Agent算法工程师,2,6,4,软件架构师; 测试开发工程师; 大模型应用工程师; 后端开发工程师,2025-02: AI Agent应用工程师; AI Agent算法工程师 -> 2025-04: 软件架构师 -> 2026-01: 测试开发工程师 -> 2026-02: 大模型应用工程师 -> 2026-07: 后端开发工程师,5,2026-07,477,2025-02: AI Agent应用工程师; AI Agent算法工程师 -> 2025-04: 大模型应用工程师; 软件架构师 -> 2025-08: 后端开发工程师 -> 2025-09: 测试开发工程师 -> 2026-02: AI产品经理 -> 2026-06: 解决方案工程师,2026-08-08T05:14:20+00:00
C/C++,编程语言,traditional,2,2024-12,AI Agent应用工程师; AI Agent算法工程师; AI Infra工程师; AIGC算法工程师; AI安全工程师; AI应用工程师; Android开发工程师; C++开发工程师; DevOps工程师; FPGA工程师; Go开发工程师; Java开发工程师; NLP算法工程师; Python开发工程师; iOS开发工程师; 云计算工程师; 信息安全工程师; 后端开发工程师; 图形图像工程师; 多模态算法工程师; 大模型应用工程师; 大模型测试工程师; 大模型算法工程师; 安全工程师; 客户端开发工程师; 嵌入式软件工程师; 广告算法工程师; 技术支持工程师; 控制算法工程师; 推荐算法工程师; 搜索算法工程师; 数据仓库工程师; 数据分析师; 数据工程师; 数据库工程师; 数据开发工程师; 数据挖掘算法工程师; 服务器工程师; 机器人算法工程师; 机器人软件工程师; 机器学习算法工程师; 测试工程师; 测试开发工程师; 电源工程师; 硬件工程师; 算法工程师; 算法研究员; 系统软件工程师; 网络安全工程师; 网络工程师; 自动驾驶算法工程师; 芯片测试工程师; 芯片设计工程师; 芯片验证工程师; 解决方案工程师; 计算机视觉算法工程师; 语音算法工程师; 软件开发工程师; 软件架构师; 运维工程师; 通信工程师; 音视频工程师; 风控算法工程师; 驱动开发工程师,64,1,low,观测起点已覆盖多个岗位，只能说明观测期内的覆盖和扩散，不能推断真实起源岗位,2026-07,62,66,2,全栈开发工程师; 前端开发工程师,AI Agent应用工程师; AI Agent算法工程师; AI Infra工程师; AIGC算法工程师; AI安全工程师; AI应用工程师; Android开发工程师; C++开发工程师; DevOps工程师; FPGA工程师; Go开发工程师; Java开发工程师; NLP算法工程师; Python开发工程师; iOS开发工程师; 云计算工程师; 信息安全工程师; 后端开发工程师; 图形图像工程师; 多模态算法工程师; 大模型应用工程师; 大模型测试工程师; 大模型算法工程师; 安全工程师; 客户端开发工程师; 嵌入式软件工程师; 广告算法工程师; 技术支持工程师; 控制算法工程师; 推荐算法工程师; 搜索算法工程师; 数据仓库工程师; 数据分析师; 数据工程师; 数据库工程师; 数据开发工程师; 数据挖掘算法工程师; 服务器工程师; 机器人算法工程师; 机器人软件工程师; 机器学习算法工程师; 测试工程师; 测试开发工程师; 电源工程师; 硬件工程师; 算法工程师; 算法研究员; 系统软件工程师; 网络安全工程师; 网络工程师; 自动驾驶算法工程师; 芯片测试工程师; 芯片设计工程师; 芯片验证工程师; 解决方案工程师; 计算机视觉算法工程师; 语音算法工程师; 软件开发工程师; 软件架构师; 运维工程师; 通信工程师; 音视频工程师; 风控算法工程师; 驱动开发工程师; 全栈开发工程师; 前端开发工程师,2024-12,AI Agent应用工程师; AI Agent算法工程师; AI Infra工程师; AIGC算法工程师; AI安全工程师; AI应用工程师; Android开发工程师; C++开发工程师; DevOps工程师; FPGA工程师; Go开发工程师; Java开发工程师; NLP算法工程师; Python开发工程师; iOS开发工程师; 云计算工程师; 信息安全工程师; 后端开发工程师; 图形图像工程师; 多模态算法工程师; 大模型测试工程师; 大模型算法工程师; 安全工程师; 客户端开发工程师; 嵌入式软件工程师; 广告算法工程师; 技术支持工程师; 控制算法工程师; 推荐算法工程师; 搜索算法工程师; 数据分析师; 数据库工程师; 数据开发工程师; 数据挖掘算法工程师; 服务器工程师; 机器人算法工程师; 机器人软件工程师; 机器学习算法工程师; 测试工程师; 测试开发工程师; 电源工程师; 硬件工程师; 算法工程师; 算法研究员; 系统软件工程师; 网络安全工程师; 网络工程师; 自动驾驶算法工程师; 芯片测试工程师; 芯片设计工程师; 芯片验证工程师; 解决方案工程师; 计算机视觉算法工程师; 语音算法工程师; 软件开发工程师; 软件架构师; 运维工程师; 通信工程师; 音视频工程师; 风控算法工程师; 驱动开发工程师,61,65,4,数据仓库工程师; 数据工程师; 全栈开发工程师; 前端开发工程师,2024-12: AI Agent应用工程师; AI Agent算法工程师; AI Infra工程师; AIGC算法工程师; AI安全工程师; AI应用工程师; Android开发工程师; C++开发工程师; DevOps工程师; FPGA工程师; Go开发工程师; Java开发工程师; NLP算法工程师; Python开发工程师; iOS开发工程师; 云计算工程师; 信息安全工程师; 后端开发工程师; 图形图像工程师; 多模态算法工程师; 大模型测试工程师; 大模型算法工程师; 安全工程师; 客户端开发工程师; 嵌入式软件工程师; 广告算法工程师; 技术支持工程师; 控制算法工程师; 推荐算法工程师; 搜索算法工程师; 数据分析师; 数据库工程师; 数据开发工程师; 数据挖掘算法工程师; 服务器工程师; 机器人算法工程师; 机器人软件工程师; 机器学习算法工程师; 测试工程师; 测试开发工程师; 电源工程师; 硬件工程师; 算法工程师; 算法研究员; 系统软件工程师; 网络安全工程师; 网络工程师; 自动驾驶算法工程师; 芯片测试工程师; 芯片设计工程师; 芯片验证工程师; 解决方案工程师; 计算机视觉算法工程师; 语音算法工程师; 软件开发工程师; 软件架构师; 运维工程师; 通信工程师; 音视频工程师; 风控算法工程师; 驱动开发工程师 -> 2025-01: 数据仓库工程师; 数据工程师 -> 2025-04: 全栈开发工程师 -> 2025-06: 前端开发工程师,64,2025-01,14376,2024-12: AI Agent应用工程师; AI Agent算法工程师; AI Infra工程师; AIGC算法工程师; AI安全工程师; AI应用工程师; Android开发工程师; C++开发工程师; DevOps工程师; FPGA工程师; Go开发工程师; Java开发工程师; NLP算法工程师; Python开发工程师; iOS开发工程师; 云计算工程师; 信息安全工程师; 后端开发工程师; 图形图像工程师; 多模态算法工程师; 大模型应用工程师; 大模型测试工程师; 大模型算法工程师; 安全工程师; 客户端开发工程师; 嵌入式软件工程师; 广告算法工程师; 技术支持工程师; 控制算法工程师; 推荐算法工程师; 搜索算法工程师; 数据仓库工程师; 数据分析师; 数据工程师; 数据库工程师; 数据开发工程师; 数据挖掘算法工程师; 服务器工程师; 机器人算法工程师; 机器人软件工程师; 机器学习算法工程师; 测试工程师; 测试开发工程师; 电源工程师; 硬件工程师; 算法工程师; 算法研究员; 系统软件工程师; 网络安全工程师; 网络工程师; 自动驾驶算法工程师; 芯片测试工程师; 芯片设计工程师; 芯片验证工程师; 解决方案工程师; 计算机视觉算法工程师; 语音算法工程师; 软件开发工程师; 软件架构师; 运维工程师; 通信工程师; 音视频工程师; 风控算法工程师; 驱动开发工程师 -> 2025-01: 全栈开发工程师 -> 2025-03: 前端开发工程师,2026-08-08T05:14:20+00:00
CI/CD,系统与运维,traditional,2,2024-12,DevOps工程师; 云计算工程师; 全栈开发工程师; 测试工程师; 测试开发工程师,5,1,low,观测起点已覆盖多个岗位，只能说明观测期内的覆盖和扩散，不能推断真实起源岗位,2026-07,1,11,6,大模型测试工程师; 前端开发工程师; iOS开发工程师; AI安全工程师; Java开发工程师; 后端开发工程师,DevOps工程师; 云计算工程师; 全栈开发工程师; 测试工程师; 测试开发工程师; 大模型测试工程师; 前端开发工程师; iOS开发工程师; AI安全工程师; Java开发工程师; 后端开发工程师,2024-12,DevOps工程师,1,9,8,云计算工程师; 全栈开发工程师; 测试工程师; 测试开发工程师; 前端开发工程师; iOS开发工程师; Java开发工程师; 大模型测试工程师,2024-12: DevOps工程师 -> 2025-01: 云计算工程师; 全栈开发工程师; 测试工程师; 测试开发工程师 -> 2025-02: 前端开发工程师 -> 2025-03: iOS开发工程师 -> 2025-05: Java开发工程师 -> 2025-06: 大模型测试工程师,6,2025-01,140,2024-12: DevOps工程师; 云计算工程师; 全栈开发工程师; 测试工程师; 测试开发工程师 -> 2025-01: 大模型测试工程师 -> 2025-02: 前端开发工程师 -> 2025-03: iOS开发工程师 -> 2025-04: AI安全工程师 -> 2025-05: Java开发工程师 -> 2025-06: 后端开发工程师,2026-08-08T05:14:20+00:00
CSS,编程语言,traditional,2,2024-12,AI Agent应用工程师; 全栈开发工程师; 前端开发工程师,3,1,medium,技能在观测起点已出现，首现岗位是观测窗口内首批岗位，不等同于真实起源岗位,2026-07,2,6,3,Go开发工程师; 网络工程师; iOS开发工程师,AI Agent应用工程师; 全栈开发工程师; 前端开发工程师; Go开发工程师; 网络工程师; iOS开发工程师,2024-12,AI Agent应用工程师; 前端开发工程师,2,6,4,Go开发工程师; 全栈开发工程师; 网络工程师; iOS开发工程师,2024-12: AI Agent应用工程师; 前端开发工程师 -> 2025-01: Go开发工程师; 全栈开发工程师 -> 2025-03: 网络工程师 -> 2025-06: iOS开发工程师,4,2025-07,281,2024-12: AI Agent应用工程师; 全栈开发工程师; 前端开发工程师 -> 2025-01: Go开发工程师; 网络工程师 -> 2025-03: iOS开发工程师,2026-08-08T05:14:20+00:00
CUDA,硬件与芯片,new,2,2024-12,AI Infra工程师; 系统软件工程师; 芯片设计工程师,3,1,medium,技能在观测起点已出现，首现岗位是观测窗口内首批岗位，不等同于真实起源岗位,2026-07,7,10,7,大模型算法工程师; 芯片验证工程师; FPGA工程师; 云计算工程师; 后端开发工程师; DevOps工程师; 解决方案工程师,AI Infra工程师; 系统软件工程师; 芯片设计工程师; 大模型算法工程师; 芯片验证工程师; FPGA工程师; 云计算工程师; 后端开发工程师; DevOps工程师; 解决方案工程师,2024-12,AI Infra工程师; 系统软件工程师; 芯片设计工程师,3,9,6,芯片验证工程师; FPGA工程师; 云计算工程师; 后端开发工程师; DevOps工程师; 解决方案工程师,2024-12: AI Infra工程师; 系统软件工程师; 芯片设计工程师 -> 2025-01: 芯片验证工程师 -> 2025-02: FPGA工程师 -> 2025-06: 云计算工程师 -> 2025-07: 后端开发工程师 -> 2025-08: DevOps工程师 -> 2026-06: 解决方案工程师,8,2026-06,1374,2024-12: AI Infra工程师; 系统软件工程师; 芯片设计工程师 -> 2025-01: 大模型算法工程师; 芯片验证工程师 -> 2025-02: FPGA工程师 -> 2025-06: 云计算工程师 -> 2025-07: 后端开发工程师 -> 2025-08: DevOps工程师 -> 2026-04: 解决方案工程师,2026-08-08T05:14:20+00:00
ClickHouse,数据工程,traditional,2,2024-12,Go开发工程师; 后端开发工程师; 大数据开发工程师; 数据分析师; 数据工程师; 数据平台工程师; 数据开发工程师; 运维工程师,8,1,low,观测起点已覆盖多个岗位，只能说明观测期内的覆盖和扩散，不能推断真实起源岗位,2026-07,6,11,3,技术支持工程师; 系统软件工程师; AI Infra工程师,Go开发工程师; 后端开发工程师; 大数据开发工程师; 数据分析师; 数据工程师; 数据平台工程师; 数据开发工程师; 运维工程师; 技术支持工程师; 系统软件工程师; AI Infra工程师,2024-12,大数据开发工程师; 数据平台工程师; 数据开发工程师,3,8,5,Go开发工程师; 数据分析师; 数据工程师; 后端开发工程师; 技术支持工程师,2024-12: 大数据开发工程师; 数据平台工程师; 数据开发工程师 -> 2025-01: Go开发工程师; 数据分析师; 数据工程师 -> 2025-02: 后端开发工程师 -> 2025-05: 技术支持工程师,8,2024-12,520,2024-12: Go开发工程师; 后端开发工程师; 大数据开发工程师; 数据分析师; 数据工程师; 数据平台工程师; 数据开发工程师; 运维工程师 -> 2025-01: 技术支持工程师 -> 2025-04: 系统软件工程师 -> 2025-09: AI Infra工程师,2026-08-08T05:14:20+00:00
Context Engineering,大模型,new,2,2025-03,AI Agent应用工程师; 大模型应用工程师,2,0,high,技能在观测期内首次出现，后续扩散路径可用于分析样本内技能迁移,2026-07,4,9,7,软件架构师; AI Agent算法工程师; AI产品经理; 后端开发工程师; 测试开发工程师; 解决方案工程师; 全栈开发工程师,AI Agent应用工程师; 大模型应用工程师; 软件架构师; AI Agent算法工程师; AI产品经理; 后端开发工程师; 测试开发工程师; 解决方案工程师; 全栈开发工程师,2025-03,AI Agent应用工程师; 大模型应用工程师,2,5,3,软件架构师; AI产品经理; 测试开发工程师,2025-03: AI Agent应用工程师; 大模型应用工程师 -> 2025-04: 软件架构师 -> 2025-10: AI产品经理 -> 2025-11: 测试开发工程师,5,2026-06,570,2025-03: AI Agent应用工程师; 大模型应用工程师 -> 2025-04: 软件架构师 -> 2025-05: AI Agent算法工程师 -> 2025-10: AI产品经理; 后端开发工程师 -> 2025-11: 测试开发工程师 -> 2026-02: 解决方案工程师 -> 2026-06: 全栈开发工程师,2026-08-08T05:14:20+00:00
DPO,大模型,new,2,2025-01,NLP算法工程师; 大模型算法工程师,2,0,high,技能在观测期内首次出现，后续扩散路径可用于分析样本内技能迁移,2026-07,5,7,5,AI安全工程师; AI Agent算法工程师; AI产品经理; 大模型测试工程师; 解决方案工程师,NLP算法工程师; 大模型算法工程师; AI安全工程师; AI Agent算法工程师; AI产品经理; 大模型测试工程师; 解决方案工程师,2025-01,NLP算法工程师; 大模型算法工程师,2,5,3,AI安全工程师; AI产品经理; 大模型测试工程师,2025-01: NLP算法工程师; 大模型算法工程师 -> 2025-02: AI安全工程师 -> 2025-06: AI产品经理 -> 2025-09: 大模型测试工程师,6,2025-12,788,2025-01: NLP算法工程师; 大模型算法工程师 -> 2025-02: AI安全工程师 -> 2025-03: AI Agent算法工程师 -> 2025-06: AI产品经理 -> 2025-09: 大模型测试工程师 -> 2025-12: 解决方案工程师,2026-08-08T05:14:20+00:00
DeepSpeed,大模型,new,2,2024-12,AI Infra工程师; 大模型算法工程师,2,1,medium,技能在观测起点已出现，首现岗位是观测窗口内首批岗位，不等同于真实起源岗位,2026-07,6,9,7,多模态算法工程师; 系统软件工程师; 云计算工程师; NLP算法工程师; DevOps工程师; 后端开发工程师; 解决方案工程师,AI Infra工程师; 大模型算法工程师; 多模态算法工程师; 系统软件工程师; 云计算工程师; NLP算法工程师; DevOps工程师; 后端开发工程师; 解决方案工程师,2024-12,AI Infra工程师; 大模型算法工程师,2,9,7,多模态算法工程师; 系统软件工程师; 云计算工程师; DevOps工程师; 后端开发工程师; 解决方案工程师; NLP算法工程师,2024-12: AI Infra工程师; 大模型算法工程师 -> 2025-01: 多模态算法工程师; 系统软件工程师 -> 2025-05: 云计算工程师 -> 2025-07: DevOps工程师 -> 2026-02: 后端开发工程师 -> 2026-05: 解决方案工程师 -> 2026-06: NLP算法工程师,7,2026-06,1048,2024-12: AI Infra工程师; 大模型算法工程师 -> 2025-01: 多模态算法工程师; 系统软件工程师 -> 2025-05: 云计算工程师 -> 2025-06: NLP算法工程师 -> 2025-07: DevOps工程师 -> 2025-11: 后端开发工程师 -> 2026-01: 解决方案工程师,2026-08-08T05:14:20+00:00
DevOps,系统与运维,traditional,2,2024-12,DevOps工程师; 网络工程师; 芯片验证工程师; 质量工程师; 软件架构师,5,1,low,观测起点已覆盖多个岗位，只能说明观测期内的覆盖和扩散，不能推断真实起源岗位,2026-07,4,10,5,云计算工程师; 技术支持工程师; Android开发工程师; Java开发工程师; 大模型测试工程师,DevOps工程师; 网络工程师; 芯片验证工程师; 质量工程师; 软件架构师; 云计算工程师; 技术支持工程师; Android开发工程师; Java开发工程师; 大模型测试工程师,2024-12,DevOps工程师; 网络工程师; 芯片验证工程师; 质量工程师,4,9,5,软件架构师; 技术支持工程师; 云计算工程师; Android开发工程师; Java开发工程师,2024-12: DevOps工程师; 网络工程师; 芯片验证工程师; 质量工程师 -> 2025-01: 软件架构师 -> 2025-02: 技术支持工程师 -> 2025-03: 云计算工程师 -> 2025-07: Android开发工程师 -> 2025-10: Java开发工程师,7,2025-05,172,2024-12: DevOps工程师; 网络工程师; 芯片验证工程师; 质量工程师; 软件架构师 -> 2025-01: 云计算工程师; 技术支持工程师 -> 2025-02: Android开发工程师; Java开发工程师 -> 2025-05: 大模型测试工程师,2026-08-08T05:14:20+00:00
Diffusion,大模型,new,2,2024-12,AIGC算法工程师; 多模态算法工程师; 计算机视觉算法工程师,3,1,medium,技能在观测起点已出现，首现岗位是观测窗口内首批岗位，不等同于真实起源岗位,2026-07,6,10,7,大模型算法工程师; 图形图像工程师; 音视频工程师; AI产品经理; 大模型应用工程师; 前端开发工程师; 解决方案工程师,AIGC算法工程师; 多模态算法工程师; 计算机视觉算法工程师; 大模型算法工程师; 图形图像工程师; 音视频工程师; AI产品经理; 大模型应用工程师; 前端开发工程师; 解决方案工程师,2024-12,AIGC算法工程师; 多模态算法工程师; 计算机视觉算法工程师,3,7,4,图形图像工程师; 音视频工程师; AI产品经理; 前端开发工程师,2024-12: AIGC算法工程师; 多模态算法工程师; 计算机视觉算法工程师 -> 2025-02: 图形图像工程师; 音视频工程师 -> 2025-06: AI产品经理 -> 2026-05: 前端开发工程师,7,2026-05,1351,2024-12: AIGC算法工程师; 多模态算法工程师; 计算机视觉算法工程师 -> 2025-01: 大模型算法工程师 -> 2025-02: 图形图像工程师; 音视频工程师 -> 2025-06: AI产品经理 -> 2025-08: 大模型应用工程师 -> 2026-01: 前端开发工程师 -> 2026-04: 解决方案工程师,2026-08-08T05:14:20+00:00
Diffusion模型,大模型,new,2,2024-12,AIGC算法工程师; 多模态算法工程师; 计算机视觉算法工程师,3,1,medium,技能在观测起点已出现，首现岗位是观测窗口内首批岗位，不等同于真实起源岗位,2026-07,6,10,7,图形图像工程师; 音视频工程师; 大模型算法工程师; 大模型应用工程师; AI产品经理; 前端开发工程师; 解决方案工程师,AIGC算法工程师; 多模态算法工程师; 计算机视觉算法工程师; 图形图像工程师; 音视频工程师; 大模型算法工程师; 大模型应用工程师; AI产品经理; 前端开发工程师; 解决方案工程师,2024-12,AIGC算法工程师; 多模态算法工程师; 计算机视觉算法工程师,3,6,3,图形图像工程师; 音视频工程师; AI产品经理,2024-12: AIGC算法工程师; 多模态算法工程师; 计算机视觉算法工程师 -> 2025-01: 图形图像工程师; 音视频工程师 -> 2025-07: AI产品经理,7,2026-01,1370,2024-12: AIGC算法工程师; 多模态算法工程师; 计算机视觉算法工程师 -> 2025-01: 图形图像工程师; 音视频工程师 -> 2025-02: 大模型算法工程师 -> 2025-05: 大模型应用工程师 -> 2025-07: AI产品经理 -> 2025-12: 前端开发工程师 -> 2026-01: 解决方案工程师,2026-08-08T05:14:20+00:00
Docker,系统与运维,traditional,2,2024-12,DevOps工程师; Python开发工程师; 云计算工程师; 信息安全工程师; 全栈开发工程师; 大模型测试工程师; 安全工程师; 数据仓库工程师; 服务器工程师; 测试工程师; 网络安全工程师; 网络工程师; 语音算法工程师; 运维工程师,14,1,low,观测起点已覆盖多个岗位，只能说明观测期内的覆盖和扩散，不能推断真实起源岗位,2026-07,12,23,9,Go开发工程师; 软件架构师; AI安全工程师; 自动驾驶算法工程师; 数据库工程师; AI应用工程师; Android开发工程师; 多模态算法工程师; 软件开发工程师,DevOps工程师; Python开发工程师; 云计算工程师; 信息安全工程师; 全栈开发工程师; 大模型测试工程师; 安全工程师; 数据仓库工程师; 服务器工程师; 测试工程师; 网络安全工程师; 网络工程师; 语音算法工程师; 运维工程师; Go开发工程师; 软件架构师; AI安全工程师; 自动驾驶算法工程师; 数据库工程师; AI应用工程师; Android开发工程师; 多模态算法工程师; 软件开发工程师,2024-12,DevOps工程师; Python开发工程师; 云计算工程师; 信息安全工程师; 安全工程师; 数据仓库工程师; 服务器工程师; 测试工程师; 网络安全工程师; 网络工程师; 运维工程师,11,20,9,全栈开发工程师; 软件架构师; AI安全工程师; 大模型测试工程师; 自动驾驶算法工程师; 数据库工程师; 语音算法工程师; Go开发工程师; AI应用工程师,2024-12: DevOps工程师; Python开发工程师; 云计算工程师; 信息安全工程师; 安全工程师; 数据仓库工程师; 服务器工程师; 测试工程师; 网络安全工程师; 网络工程师; 运维工程师 -> 2025-01: 全栈开发工程师; 软件架构师 -> 2025-02: AI安全工程师; 大模型测试工程师; 自动驾驶算法工程师 -> 2025-03: 数据库工程师 -> 2025-04: 语音算法工程师 -> 2025-05: Go开发工程师 -> 2025-06: AI应用工程师,15,2025-06,1185,2024-12: DevOps工程师; Python开发工程师; 云计算工程师; 信息安全工程师; 全栈开发工程师; 大模型测试工程师; 安全工程师; 数据仓库工程师; 服务器工程师; 测试工程师; 网络安全工程师; 网络工程师; 语音算法工程师; 运维工程师 -> 2025-01: Go开发工程师; 软件架构师 -> 2025-02: AI安全工程师; 自动驾驶算法工程师 -> 2025-03: 数据库工程师 -> 2025-04: AI应用工程师 -> 2025-06: Android开发工程师 -> 2026-03: 多模态算法工程师 -> 2026-05: 软件开发工程师,2026-08-08T05:14:20+00:00
Elasticsearch,数据工程,traditional,2,2024-12,AI Agent应用工程师; Go开发工程师; Java开发工程师; 云计算工程师; 信息安全工程师; 多模态算法工程师; 安全工程师; 数据仓库工程师; 网络安全工程师; 网络工程师; 解决方案工程师; 软件架构师,12,1,low,观测起点已覆盖多个岗位，只能说明观测期内的覆盖和扩散，不能推断真实起源岗位,2026-07,4,15,3,测试开发工程师; 搜索算法工程师; 数据开发工程师,AI Agent应用工程师; Go开发工程师; Java开发工程师; 云计算工程师; 信息安全工程师; 多模态算法工程师; 安全工程师; 数据仓库工程师; 网络安全工程师; 网络工程师; 解决方案工程师; 软件架构师; 测试开发工程师; 搜索算法工程师; 数据开发工程师,2024-12,Java开发工程师; 信息安全工程师; 网络安全工程师; 网络工程师; 解决方案工程师,5,12,7,AI Agent应用工程师; 安全工程师; 数据仓库工程师; 软件架构师; Go开发工程师; 数据开发工程师; 搜索算法工程师,2024-12: Java开发工程师; 信息安全工程师; 网络安全工程师; 网络工程师; 解决方案工程师 -> 2025-01: AI Agent应用工程师; 安全工程师; 数据仓库工程师 -> 2025-02: 软件架构师 -> 2025-05: Go开发工程师 -> 2025-11: 数据开发工程师 -> 2026-03: 搜索算法工程师,12,2024-12,329,2024-12: AI Agent应用工程师; Go开发工程师; Java开发工程师; 云计算工程师; 信息安全工程师; 多模态算法工程师; 安全工程师; 数据仓库工程师; 网络安全工程师; 网络工程师; 解决方案工程师; 软件架构师 -> 2025-05: 测试开发工程师 -> 2025-06: 搜索算法工程师; 数据开发工程师,2026-08-08T05:14:20+00:00
Embedding,大模型,new,2,2024-12,NLP算法工程师; 大模型应用工程师; 搜索算法工程师,3,1,medium,技能在观测起点已出现，首现岗位是观测窗口内首批岗位，不等同于真实起源岗位,2026-07,5,10,7,AI Agent应用工程师; 大模型算法工程师; 数据开发工程师; 解决方案工程师; 后端开发工程师; AI产品经理; 软件架构师,NLP算法工程师; 大模型应用工程师; 搜索算法工程师; AI Agent应用工程师; 大模型算法工程师; 数据开发工程师; 解决方案工程师; 后端开发工程师; AI产品经理; 软件架构师,2024-12,NLP算法工程师; 大模型应用工程师; 搜索算法工程师,3,8,5,数据开发工程师; 解决方案工程师; AI Agent应用工程师; 后端开发工程师; 大模型算法工程师,2024-12: NLP算法工程师; 大模型应用工程师; 搜索算法工程师 -> 2025-05: 数据开发工程师; 解决方案工程师 -> 2025-06: AI Agent应用工程师 -> 2025-09: 后端开发工程师 -> 2026-03: 大模型算法工程师,7,2025-09,941,2024-12: NLP算法工程师; 大模型应用工程师; 搜索算法工程师 -> 2025-01: AI Agent应用工程师 -> 2025-02: 大模型算法工程师 -> 2025-05: 数据开发工程师; 解决方案工程师 -> 2025-07: 后端开发工程师 -> 2025-11: AI产品经理 -> 2026-01: 软件架构师,2026-08-08T05:14:20+00:00
Flink,数据工程,traditional,2,2024-12,信息安全工程师; 大数据开发工程师; 技术支持工程师; 数据仓库工程师; 数据工程师; 数据平台工程师; 数据开发工程师; 数据挖掘算法工程师; 测试开发工程师; 网络安全工程师; 网络工程师; 软件开发工程师; 风控算法工程师,13,1,low,观测起点已覆盖多个岗位，只能说明观测期内的覆盖和扩散，不能推断真实起源岗位,2026-07,10,24,11,AI Infra工程师; C++开发工程师; Go开发工程师; 安全工程师; 运维工程师; 大模型算法工程师; 后端开发工程师; 广告算法工程师; AI应用工程师; 芯片设计工程师; AI安全工程师,信息安全工程师; 大数据开发工程师; 技术支持工程师; 数据仓库工程师; 数据工程师; 数据平台工程师; 数据开发工程师; 数据挖掘算法工程师; 测试开发工程师; 网络安全工程师; 网络工程师; 软件开发工程师; 风控算法工程师; AI Infra工程师; C++开发工程师; Go开发工程师; 安全工程师; 运维工程师; 大模型算法工程师; 后端开发工程师; 广告算法工程师; AI应用工程师; 芯片设计工程师; AI安全工程师,2024-12,信息安全工程师; 大数据开发工程师; 数据仓库工程师; 数据工程师; 数据平台工程师; 数据开发工程师; 数据挖掘算法工程师; 软件开发工程师; 风控算法工程师,9,20,11,C++开发工程师; 技术支持工程师; 网络安全工程师; Go开发工程师; 网络工程师; 安全工程师; 运维工程师; 后端开发工程师; AI应用工程师; 芯片设计工程师; 广告算法工程师,2024-12: 信息安全工程师; 大数据开发工程师; 数据仓库工程师; 数据工程师; 数据平台工程师; 数据开发工程师; 数据挖掘算法工程师; 软件开发工程师; 风控算法工程师 -> 2025-01: C++开发工程师; 技术支持工程师; 网络安全工程师 -> 2025-02: Go开发工程师; 网络工程师 -> 2025-03: 安全工程师 -> 2025-04: 运维工程师 -> 2025-05: 后端开发工程师 -> 2026-04: AI应用工程师; 芯片设计工程师 -> 2026-06: 广告算法工程师,15,2026-04,1918,2024-12: 信息安全工程师; 大数据开发工程师; 技术支持工程师; 数据仓库工程师; 数据工程师; 数据平台工程师; 数据开发工程师; 数据挖掘算法工程师; 测试开发工程师; 网络安全工程师; 网络工程师; 软件开发工程师; 风控算法工程师 -> 2025-01: AI Infra工程师; C++开发工程师; Go开发工程师; 安全工程师; 运维工程师 -> 2025-02: 大模型算法工程师 -> 2025-03: 后端开发工程师 -> 2025-11: 广告算法工程师 -> 2026-01: AI应用工程师 -> 2026-03: 芯片设计工程师 -> 2026-04: AI安全工程师,2026-08-08T05:14:20+00:00
Flutter,软件开发,traditional,2,2024-12,AI Agent应用工程师; Android开发工程师; iOS开发工程师,3,1,medium,技能在观测起点已出现，首现岗位是观测窗口内首批岗位，不等同于真实起源岗位,2026-07,2,3,0,,AI Agent应用工程师; Android开发工程师; iOS开发工程师,2024-12,iOS开发工程师,1,2,1,Android开发工程师,2024-12: iOS开发工程师 -> 2025-01: Android开发工程师,3,2024-12,237,2024-12: AI Agent应用工程师; Android开发工程师; iOS开发工程师,2026-08-08T05:14:20+00:00
Function Calling,大模型,new,2,2025-01,AI Agent应用工程师; 大模型应用工程师,2,0,high,技能在观测期内首次出现，后续扩散路径可用于分析样本内技能迁移,2026-07,5,9,7,AI Agent算法工程师; 后端开发工程师; AI产品经理; 全栈开发工程师; 软件架构师; 解决方案工程师; 测试开发工程师,AI Agent应用工程师; 大模型应用工程师; AI Agent算法工程师; 后端开发工程师; AI产品经理; 全栈开发工程师; 软件架构师; 解决方案工程师; 测试开发工程师,2025-01,AI Agent应用工程师; 大模型应用工程师,2,8,6,AI产品经理; 全栈开发工程师; 后端开发工程师; AI Agent算法工程师; 软件架构师; 解决方案工程师,2025-01: AI Agent应用工程师; 大模型应用工程师 -> 2025-06: AI产品经理 -> 2025-08: 全栈开发工程师 -> 2025-12: 后端开发工程师 -> 2026-06: AI Agent算法工程师; 软件架构师 -> 2026-07: 解决方案工程师,6,2026-06,613,2025-01: AI Agent应用工程师; 大模型应用工程师 -> 2025-03: AI Agent算法工程师; 后端开发工程师 -> 2025-06: AI产品经理 -> 2025-08: 全栈开发工程师; 软件架构师 -> 2026-04: 解决方案工程师 -> 2026-05: 测试开发工程师,2026-08-08T05:14:20+00:00
GPU,系统与运维,traditional,2,2024-12,嵌入式软件工程师; 服务器工程师; 机器学习算法工程师; 芯片验证工程师; 计算机视觉算法工程师; 语音算法工程师; 音视频工程师,7,1,low,观测起点已覆盖多个岗位，只能说明观测期内的覆盖和扩散，不能推断真实起源岗位,2026-07,9,18,11,Python开发工程师; 云计算工程师; 硬件工程师; 解决方案工程师; 软件架构师; 算法研究员; C++开发工程师; 算法工程师; iOS开发工程师; AI Infra工程师; 搜索算法工程师,嵌入式软件工程师; 服务器工程师; 机器学习算法工程师; 芯片验证工程师; 计算机视觉算法工程师; 语音算法工程师; 音视频工程师; Python开发工程师; 云计算工程师; 硬件工程师; 解决方案工程师; 软件架构师; 算法研究员; C++开发工程师; 算法工程师; iOS开发工程师; AI Infra工程师; 搜索算法工程师,2024-12,服务器工程师; 机器学习算法工程师; 音视频工程师,3,14,11,嵌入式软件工程师; 解决方案工程师; 软件架构师; Python开发工程师; 硬件工程师; 芯片验证工程师; 云计算工程师; C++开发工程师; 算法研究员; 语音算法工程师; iOS开发工程师,2024-12: 服务器工程师; 机器学习算法工程师; 音视频工程师 -> 2025-01: 嵌入式软件工程师; 解决方案工程师; 软件架构师 -> 2025-02: Python开发工程师; 硬件工程师; 芯片验证工程师 -> 2025-03: 云计算工程师 -> 2025-05: C++开发工程师 -> 2025-07: 算法研究员 -> 2025-10: 语音算法工程师 -> 2025-11: iOS开发工程师,10,2026-05,371,2024-12: 嵌入式软件工程师; 服务器工程师; 机器学习算法工程师; 芯片验证工程师; 计算机视觉算法工程师; 语音算法工程师; 音视频工程师 -> 2025-01: Python开发工程师; 云计算工程师; 硬件工程师; 解决方案工程师; 软件架构师 -> 2025-02: 算法研究员 -> 2025-04: C++开发工程师 -> 2025-07: 算法工程师 -> 2025-08: iOS开发工程师 -> 2025-09: AI Infra工程师 -> 2025-10: 搜索算法工程师,2026-08-08T05:14:20+00:00
GPU内存优化,硬件与芯片,new,2,2024-12,AI Infra工程师; 系统软件工程师,2,1,medium,技能在观测起点已出现，首现岗位是观测窗口内首批岗位，不等同于真实起源岗位,2026-07,6,8,6,大模型算法工程师; 芯片设计工程师; DevOps工程师; 云计算工程师; 后端开发工程师; 解决方案工程师,AI Infra工程师; 系统软件工程师; 大模型算法工程师; 芯片设计工程师; DevOps工程师; 云计算工程师; 后端开发工程师; 解决方案工程师,2024-12,AI Infra工程师; 系统软件工程师,2,8,6,芯片设计工程师; DevOps工程师; 云计算工程师; 大模型算法工程师; 后端开发工程师; 解决方案工程师,2024-12: AI Infra工程师; 系统软件工程师 -> 2025-01: 芯片设计工程师 -> 2025-06: DevOps工程师 -> 2025-08: 云计算工程师 -> 2025-10: 大模型算法工程师 -> 2025-12: 后端开发工程师 -> 2026-07: 解决方案工程师,6,2026-07,872,2024-12: AI Infra工程师; 系统软件工程师 -> 2025-01: 大模型算法工程师; 芯片设计工程师 -> 2025-06: DevOps工程师 -> 2025-08: 云计算工程师; 后端开发工程师 -> 2026-04: 解决方案工程师,2026-08-08T05:14:20+00:00
GRPO,大模型,new,2,2025-04,AI Agent算法工程师; 大模型算法工程师,2,0,high,技能在观测期内首次出现，后续扩散路径可用于分析样本内技能迁移,2026-07,6,7,5,算法研究员; NLP算法工程师; 大模型测试工程师; AI安全工程师; AI产品经理,AI Agent算法工程师; 大模型算法工程师; 算法研究员; NLP算法工程师; 大模型测试工程师; AI安全工程师; AI产品经理,2025-04,AI Agent算法工程师; 大模型算法工程师,2,6,4,算法研究员; NLP算法工程师; 大模型测试工程师; AI安全工程师,2025-04: AI Agent算法工程师; 大模型算法工程师 -> 2025-05: 算法研究员 -> 2025-06: NLP算法工程师 -> 2025-09: 大模型测试工程师 -> 2025-12: AI安全工程师,7,2026-04,801,2025-04: AI Agent算法工程师; 大模型算法工程师 -> 2025-05: 算法研究员 -> 2025-06: NLP算法工程师 -> 2025-09: 大模型测试工程师 -> 2025-12: AI安全工程师 -> 2026-04: AI产品经理,2026-08-08T05:14:20+00:00
Go,编程语言,traditional,2,2024-12,AI Agent应用工程师; AI Infra工程师; AI安全工程师; AI应用工程师; C++开发工程师; DevOps工程师; Go开发工程师; Java开发工程师; NLP算法工程师; Python开发工程师; 云计算工程师; 信息安全工程师; 全栈开发工程师; 前端开发工程师; 后端开发工程师; 大模型测试工程师; 安全工程师; 广告算法工程师; 技术支持工程师; 推荐算法工程师; 搜索算法工程师; 数据仓库工程师; 数据分析师; 数据平台工程师; 数据库工程师; 数据开发工程师; 服务器工程师; 机器人算法工程师; 机器学习算法工程师; 测试工程师; 测试开发工程师; 硬件工程师; 算法研究员; 系统软件工程师; 网络安全工程师; 网络工程师; 自动驾驶算法工程师; 芯片设计工程师; 解决方案工程师; 语音算法工程师; 质量工程师; 软件开发工程师; 软件架构师; 运维工程师; 通信工程师; 音视频工程师,46,1,low,观测起点已覆盖多个岗位，只能说明观测期内的覆盖和扩散，不能推断真实起源岗位,2026-07,37,52,6,Android开发工程师; 大模型应用工程师; AIGC算法工程师; 大模型算法工程师; 客户端开发工程师; 数据挖掘算法工程师,AI Agent应用工程师; AI Infra工程师; AI安全工程师; AI应用工程师; C++开发工程师; DevOps工程师; Go开发工程师; Java开发工程师; NLP算法工程师; Python开发工程师; 云计算工程师; 信息安全工程师; 全栈开发工程师; 前端开发工程师; 后端开发工程师; 大模型测试工程师; 安全工程师; 广告算法工程师; 技术支持工程师; 推荐算法工程师; 搜索算法工程师; 数据仓库工程师; 数据分析师; 数据平台工程师; 数据库工程师; 数据开发工程师; 服务器工程师; 机器人算法工程师; 机器学习算法工程师; 测试工程师; 测试开发工程师; 硬件工程师; 算法研究员; 系统软件工程师; 网络安全工程师; 网络工程师; 自动驾驶算法工程师; 芯片设计工程师; 解决方案工程师; 语音算法工程师; 质量工程师; 软件开发工程师; 软件架构师; 运维工程师; 通信工程师; 音视频工程师; Android开发工程师; 大模型应用工程师; AIGC算法工程师; 大模型算法工程师; 客户端开发工程师; 数据挖掘算法工程师,2024-12,AI Agent应用工程师; AI Infra工程师; AI安全工程师; AI应用工程师; C++开发工程师; DevOps工程师; Go开发工程师; Java开发工程师; Python开发工程师; 云计算工程师; 信息安全工程师; 全栈开发工程师; 前端开发工程师; 后端开发工程师; 大模型测试工程师; 安全工程师; 广告算法工程师; 技术支持工程师; 搜索算法工程师; 数据平台工程师; 数据库工程师; 数据开发工程师; 服务器工程师; 机器人算法工程师; 机器学习算法工程师; 测试工程师; 测试开发工程师; 算法研究员; 网络安全工程师; 网络工程师; 芯片设计工程师; 解决方案工程师; 语音算法工程师; 质量工程师; 软件开发工程师; 软件架构师; 运维工程师,37,47,10,自动驾驶算法工程师; 音视频工程师; AIGC算法工程师; 数据仓库工程师; 数据分析师; Android开发工程师; 推荐算法工程师; 系统软件工程师; 通信工程师; 硬件工程师,2024-12: AI Agent应用工程师; AI Infra工程师; AI安全工程师; AI应用工程师; C++开发工程师; DevOps工程师; Go开发工程师; Java开发工程师; Python开发工程师; 云计算工程师; 信息安全工程师; 全栈开发工程师; 前端开发工程师; 后端开发工程师; 大模型测试工程师; 安全工程师; 广告算法工程师; 技术支持工程师; 搜索算法工程师; 数据平台工程师; 数据库工程师; 数据开发工程师; 服务器工程师; 机器人算法工程师; 机器学习算法工程师; 测试工程师; 测试开发工程师; 算法研究员; 网络安全工程师; 网络工程师; 芯片设计工程师; 解决方案工程师; 语音算法工程师; 质量工程师; 软件开发工程师; 软件架构师; 运维工程师 -> 2025-01: 自动驾驶算法工程师; 音视频工程师 -> 2025-02: AIGC算法工程师; 数据仓库工程师; 数据分析师 -> 2025-03: Android开发工程师 -> 2025-04: 推荐算法工程师; 系统软件工程师; 通信工程师 -> 2025-07: 硬件工程师,46,2024-12,7456,2024-12: AI Agent应用工程师; AI Infra工程师; AI安全工程师; AI应用工程师; C++开发工程师; DevOps工程师; Go开发工程师; Java开发工程师; NLP算法工程师; Python开发工程师; 云计算工程师; 信息安全工程师; 全栈开发工程师; 前端开发工程师; 后端开发工程师; 大模型测试工程师; 安全工程师; 广告算法工程师; 技术支持工程师; 推荐算法工程师; 搜索算法工程师; 数据仓库工程师; 数据分析师; 数据平台工程师; 数据库工程师; 数据开发工程师; 服务器工程师; 机器人算法工程师; 机器学习算法工程师; 测试工程师; 测试开发工程师; 硬件工程师; 算法研究员; 系统软件工程师; 网络安全工程师; 网络工程师; 自动驾驶算法工程师; 芯片设计工程师; 解决方案工程师; 语音算法工程师; 质量工程师; 软件开发工程师; 软件架构师; 运维工程师; 通信工程师; 音视频工程师 -> 2025-01: Android开发工程师; 大模型应用工程师 -> 2025-02: AIGC算法工程师 -> 2025-03: 大模型算法工程师 -> 2025-06: 客户端开发工程师 -> 2025-09: 数据挖掘算法工程师,2026-08-08T05:14:20+00:00
HBase,数据工程,traditional,2,2024-12,大数据开发工程师; 数据仓库工程师; 数据工程师; 数据平台工程师; 测试开发工程师; 音视频工程师,6,1,low,观测起点已覆盖多个岗位，只能说明观测期内的覆盖和扩散，不能推断真实起源岗位,2026-07,7,11,5,AIGC算法工程师; Python开发工程师; 数据分析师; 数据开发工程师; 芯片设计工程师,大数据开发工程师; 数据仓库工程师; 数据工程师; 数据平台工程师; 测试开发工程师; 音视频工程师; AIGC算法工程师; Python开发工程师; 数据分析师; 数据开发工程师; 芯片设计工程师,2024-12,大数据开发工程师; 数据仓库工程师; 音视频工程师,3,10,7,数据工程师; Python开发工程师; 数据平台工程师; 数据分析师; 数据开发工程师; 测试开发工程师; 芯片设计工程师,2024-12: 大数据开发工程师; 数据仓库工程师; 音视频工程师 -> 2025-01: 数据工程师 -> 2025-02: Python开发工程师; 数据平台工程师 -> 2025-03: 数据分析师 -> 2025-04: 数据开发工程师 -> 2025-06: 测试开发工程师 -> 2026-01: 芯片设计工程师,8,2026-01,422,2024-12: 大数据开发工程师; 数据仓库工程师; 数据工程师; 数据平台工程师; 测试开发工程师; 音视频工程师 -> 2025-01: AIGC算法工程师; Python开发工程师 -> 2025-02: 数据分析师 -> 2025-03: 数据开发工程师 -> 2025-06: 芯片设计工程师,2026-08-08T05:14:20+00:00
HIL测试,软件测试,traditional,2,2024-12,控制算法工程师,1,1,medium,技能在观测起点已出现，首现岗位是观测窗口内首批岗位，不等同于真实起源岗位,2026-07,1,1,0,,控制算法工程师,2024-12,控制算法工程师,1,1,0,,2024-12: 控制算法工程师,1,2026-07,295,2024-12: 控制算法工程师,2026-08-08T05:14:20+00:00
HTML,编程语言,traditional,2,2024-12,前端开发工程师; 安全工程师; 嵌入式软件工程师,3,1,medium,技能在观测起点已出现，首现岗位是观测窗口内首批岗位，不等同于真实起源岗位,2026-07,5,7,4,网络工程师; 测试工程师; Go开发工程师; AI应用工程师,前端开发工程师; 安全工程师; 嵌入式软件工程师; 网络工程师; 测试工程师; Go开发工程师; AI应用工程师,2024-12,前端开发工程师; 嵌入式软件工程师,2,6,4,安全工程师; 测试工程师; Go开发工程师; 网络工程师,2024-12: 前端开发工程师; 嵌入式软件工程师 -> 2025-01: 安全工程师 -> 2025-03: 测试工程师 -> 2025-04: Go开发工程师; 网络工程师,6,2026-02,311,2024-12: 前端开发工程师; 安全工程师; 嵌入式软件工程师 -> 2025-01: 网络工程师 -> 2025-02: 测试工程师 -> 2025-03: Go开发工程师 -> 2025-07: AI应用工程师,2026-08-08T05:14:20+00:00
Hadoop,数据工程,traditional,2,2024-12,AI安全工程师; NLP算法工程师; Python开发工程师; 云计算工程师; 信息安全工程师; 多模态算法工程师; 大数据开发工程师; 广告算法工程师; 数据仓库工程师; 数据分析师; 数据工程师; 数据平台工程师; 数据库工程师; 数据开发工程师; 数据挖掘算法工程师; 算法研究员; 网络安全工程师; 软件开发工程师; 软件架构师; 通信工程师; 风控算法工程师,21,1,low,观测起点已覆盖多个岗位，只能说明观测期内的覆盖和扩散，不能推断真实起源岗位,2026-07,13,29,8,C++开发工程师; Java开发工程师; 后端开发工程师; AI Agent应用工程师; 大模型测试工程师; 算法工程师; 机器学习算法工程师; 运维工程师,AI安全工程师; NLP算法工程师; Python开发工程师; 云计算工程师; 信息安全工程师; 多模态算法工程师; 大数据开发工程师; 广告算法工程师; 数据仓库工程师; 数据分析师; 数据工程师; 数据平台工程师; 数据库工程师; 数据开发工程师; 数据挖掘算法工程师; 算法研究员; 网络安全工程师; 软件开发工程师; 软件架构师; 通信工程师; 风控算法工程师; C++开发工程师; Java开发工程师; 后端开发工程师; AI Agent应用工程师; 大模型测试工程师; 算法工程师; 机器学习算法工程师; 运维工程师,2024-12,NLP算法工程师; Python开发工程师; 信息安全工程师; 大数据开发工程师; 广告算法工程师; 数据仓库工程师; 数据分析师; 数据工程师; 数据平台工程师; 数据开发工程师; 数据挖掘算法工程师; 网络安全工程师; 软件开发工程师; 软件架构师; 风控算法工程师,15,26,11,云计算工程师; 数据库工程师; 算法研究员; 通信工程师; C++开发工程师; 后端开发工程师; AI Agent应用工程师; Java开发工程师; 大模型测试工程师; AI安全工程师; 运维工程师,2024-12: NLP算法工程师; Python开发工程师; 信息安全工程师; 大数据开发工程师; 广告算法工程师; 数据仓库工程师; 数据分析师; 数据工程师; 数据平台工程师; 数据开发工程师; 数据挖掘算法工程师; 网络安全工程师; 软件开发工程师; 软件架构师; 风控算法工程师 -> 2025-01: 云计算工程师; 数据库工程师; 算法研究员; 通信工程师 -> 2025-02: C++开发工程师; 后端开发工程师 -> 2025-04: AI Agent应用工程师; Java开发工程师 -> 2025-05: 大模型测试工程师 -> 2025-10: AI安全工程师 -> 2026-02: 运维工程师,21,2024-12,2462,2024-12: AI安全工程师; NLP算法工程师; Python开发工程师; 云计算工程师; 信息安全工程师; 多模态算法工程师; 大数据开发工程师; 广告算法工程师; 数据仓库工程师; 数据分析师; 数据工程师; 数据平台工程师; 数据库工程师; 数据开发工程师; 数据挖掘算法工程师; 算法研究员; 网络安全工程师; 软件开发工程师; 软件架构师; 通信工程师; 风控算法工程师 -> 2025-01: C++开发工程师; Java开发工程师; 后端开发工程师 -> 2025-02: AI Agent应用工程师 -> 2025-03: 大模型测试工程师 -> 2025-04: 算法工程师 -> 2025-06: 机器学习算法工程师 -> 2025-12: 运维工程师,2026-08-08T05:14:20+00:00
Hive,数据工程,traditional,2,2024-12,信息安全工程师; 全栈开发工程师; 大数据开发工程师; 广告算法工程师; 数据仓库工程师; 数据分析师; 数据工程师; 数据平台工程师; 数据开发工程师; 数据挖掘算法工程师; 数据治理工程师; 机器学习算法工程师; 软件开发工程师; 通信工程师; 风控算法工程师,15,1,low,观测起点已覆盖多个岗位，只能说明观测期内的覆盖和扩散，不能推断真实起源岗位,2026-07,16,24,9,AI Agent算法工程师; Python开发工程师; 网络安全工程师; 安全工程师; 解决方案工程师; 云计算工程师; 多模态算法工程师; 算法工程师; 芯片设计工程师,信息安全工程师; 全栈开发工程师; 大数据开发工程师; 广告算法工程师; 数据仓库工程师; 数据分析师; 数据工程师; 数据平台工程师; 数据开发工程师; 数据挖掘算法工程师; 数据治理工程师; 机器学习算法工程师; 软件开发工程师; 通信工程师; 风控算法工程师; AI Agent算法工程师; Python开发工程师; 网络安全工程师; 安全工程师; 解决方案工程师; 云计算工程师; 多模态算法工程师; 算法工程师; 芯片设计工程师,2024-12,大数据开发工程师; 广告算法工程师; 数据仓库工程师; 数据分析师; 数据工程师; 数据开发工程师; 数据挖掘算法工程师; 数据治理工程师; 机器学习算法工程师; 软件开发工程师; 通信工程师; 风控算法工程师,12,22,10,信息安全工程师; 全栈开发工程师; 网络安全工程师; Python开发工程师; 数据平台工程师; 解决方案工程师; 安全工程师; 多模态算法工程师; 算法工程师; 芯片设计工程师,2024-12: 大数据开发工程师; 广告算法工程师; 数据仓库工程师; 数据分析师; 数据工程师; 数据开发工程师; 数据挖掘算法工程师; 数据治理工程师; 机器学习算法工程师; 软件开发工程师; 通信工程师; 风控算法工程师 -> 2025-01: 信息安全工程师; 全栈开发工程师; 网络安全工程师 -> 2025-02: Python开发工程师; 数据平台工程师; 解决方案工程师 -> 2025-05: 安全工程师 -> 2025-08: 多模态算法工程师; 算法工程师 -> 2025-12: 芯片设计工程师,18,2025-08,2792,2024-12: 信息安全工程师; 全栈开发工程师; 大数据开发工程师; 广告算法工程师; 数据仓库工程师; 数据分析师; 数据工程师; 数据平台工程师; 数据开发工程师; 数据挖掘算法工程师; 数据治理工程师; 机器学习算法工程师; 软件开发工程师; 通信工程师; 风控算法工程师 -> 2025-01: AI Agent算法工程师; Python开发工程师; 网络安全工程师 -> 2025-02: 安全工程师; 解决方案工程师 -> 2025-03: 云计算工程师 -> 2025-05: 多模态算法工程师 -> 2025-07: 算法工程师; 芯片设计工程师,2026-08-08T05:14:20+00:00
IT基础设施,云计算,traditional,2,2024-12,云计算工程师; 服务器工程师; 硬件工程师; 网络工程师; 解决方案工程师; 质量工程师; 软件架构师; 运维工程师,8,1,low,观测起点已覆盖多个岗位，只能说明观测期内的覆盖和扩散，不能推断真实起源岗位,2026-07,7,10,2,通信工程师; 驱动开发工程师,云计算工程师; 服务器工程师; 硬件工程师; 网络工程师; 解决方案工程师; 质量工程师; 软件架构师; 运维工程师; 通信工程师; 驱动开发工程师,2024-12,服务器工程师; 硬件工程师; 网络工程师; 解决方案工程师; 质量工程师; 软件架构师; 运维工程师,7,10,3,云计算工程师; 通信工程师; 驱动开发工程师,2024-12: 服务器工程师; 硬件工程师; 网络工程师; 解决方案工程师; 质量工程师; 软件架构师; 运维工程师 -> 2025-01: 云计算工程师; 通信工程师 -> 2025-02: 驱动开发工程师,10,2025-01,1065,2024-12: 云计算工程师; 服务器工程师; 硬件工程师; 网络工程师; 解决方案工程师; 质量工程师; 软件架构师; 运维工程师 -> 2025-01: 通信工程师; 驱动开发工程师,2026-08-08T05:14:20+00:00
Java,编程语言,traditional,2,2024-12,AI Agent应用工程师; AI Agent算法工程师; AI安全工程师; AI应用工程师; Android开发工程师; C++开发工程师; DevOps工程师; Go开发工程师; Java开发工程师; 云计算工程师; 信息安全工程师; 全栈开发工程师; 后端开发工程师; 图形图像工程师; 大数据开发工程师; 大模型测试工程师; 安全工程师; 客户端开发工程师; 广告算法工程师; 技术支持工程师; 推荐算法工程师; 搜索算法工程师; 数据仓库工程师; 数据工程师; 数据平台工程师; 数据开发工程师; 数据挖掘算法工程师; 机器人算法工程师; 机器学习算法工程师; 测试工程师; 测试开发工程师; 算法工程师; 系统软件工程师; 网络安全工程师; 网络工程师; 自动驾驶算法工程师; 芯片设计工程师; 解决方案工程师; 计算机视觉算法工程师; 质量工程师; 软件开发工程师; 软件架构师; 运维工程师; 通信工程师; 音视频工程师; 风控算法工程师,46,1,low,观测起点已覆盖多个岗位，只能说明观测期内的覆盖和扩散，不能推断真实起源岗位,2026-07,41,52,6,iOS开发工程师; 服务器工程师; 语音算法工程师; 大模型应用工程师; 前端开发工程师; 数据库工程师,AI Agent应用工程师; AI Agent算法工程师; AI安全工程师; AI应用工程师; Android开发工程师; C++开发工程师; DevOps工程师; Go开发工程师; Java开发工程师; 云计算工程师; 信息安全工程师; 全栈开发工程师; 后端开发工程师; 图形图像工程师; 大数据开发工程师; 大模型测试工程师; 安全工程师; 客户端开发工程师; 广告算法工程师; 技术支持工程师; 推荐算法工程师; 搜索算法工程师; 数据仓库工程师; 数据工程师; 数据平台工程师; 数据开发工程师; 数据挖掘算法工程师; 机器人算法工程师; 机器学习算法工程师; 测试工程师; 测试开发工程师; 算法工程师; 系统软件工程师; 网络安全工程师; 网络工程师; 自动驾驶算法工程师; 芯片设计工程师; 解决方案工程师; 计算机视觉算法工程师; 质量工程师; 软件开发工程师; 软件架构师; 运维工程师; 通信工程师; 音视频工程师; 风控算法工程师; iOS开发工程师; 服务器工程师; 语音算法工程师; 大模型应用工程师; 前端开发工程师; 数据库工程师,2024-12,AI Agent应用工程师; AI安全工程师; AI应用工程师; Android开发工程师; C++开发工程师; DevOps工程师; Go开发工程师; Java开发工程师; 云计算工程师; 信息安全工程师; 全栈开发工程师; 后端开发工程师; 图形图像工程师; 大数据开发工程师; 大模型测试工程师; 安全工程师; 客户端开发工程师; 广告算法工程师; 技术支持工程师; 推荐算法工程师; 搜索算法工程师; 数据仓库工程师; 数据工程师; 数据平台工程师; 数据开发工程师; 数据挖掘算法工程师; 机器人算法工程师; 机器学习算法工程师; 测试工程师; 测试开发工程师; 算法工程师; 系统软件工程师; 网络安全工程师; 网络工程师; 芯片设计工程师; 解决方案工程师; 质量工程师; 软件开发工程师; 软件架构师; 运维工程师; 通信工程师; 音视频工程师; 风控算法工程师,43,50,7,AI Agent算法工程师; 服务器工程师; 自动驾驶算法工程师; iOS开发工程师; 数据库工程师; 语音算法工程师; 前端开发工程师,2024-12: AI Agent应用工程师; AI安全工程师; AI应用工程师; Android开发工程师; C++开发工程师; DevOps工程师; Go开发工程师; Java开发工程师; 云计算工程师; 信息安全工程师; 全栈开发工程师; 后端开发工程师; 图形图像工程师; 大数据开发工程师; 大模型测试工程师; 安全工程师; 客户端开发工程师; 广告算法工程师; 技术支持工程师; 推荐算法工程师; 搜索算法工程师; 数据仓库工程师; 数据工程师; 数据平台工程师; 数据开发工程师; 数据挖掘算法工程师; 机器人算法工程师; 机器学习算法工程师; 测试工程师; 测试开发工程师; 算法工程师; 系统软件工程师; 网络安全工程师; 网络工程师; 芯片设计工程师; 解决方案工程师; 质量工程师; 软件开发工程师; 软件架构师; 运维工程师; 通信工程师; 音视频工程师; 风控算法工程师 -> 2025-01: AI Agent算法工程师 -> 2025-02: 服务器工程师; 自动驾驶算法工程师 -> 2025-03: iOS开发工程师; 数据库工程师 -> 2025-09: 语音算法工程师 -> 2025-12: 前端开发工程师,47,2025-03,8326,2024-12: AI Agent应用工程师; AI Agent算法工程师; AI安全工程师; AI应用工程师; Android开发工程师; C++开发工程师; DevOps工程师; Go开发工程师; Java开发工程师; 云计算工程师; 信息安全工程师; 全栈开发工程师; 后端开发工程师; 图形图像工程师; 大数据开发工程师; 大模型测试工程师; 安全工程师; 客户端开发工程师; 广告算法工程师; 技术支持工程师; 推荐算法工程师; 搜索算法工程师; 数据仓库工程师; 数据工程师; 数据平台工程师; 数据开发工程师; 数据挖掘算法工程师; 机器人算法工程师; 机器学习算法工程师; 测试工程师; 测试开发工程师; 算法工程师; 系统软件工程师; 网络安全工程师; 网络工程师; 自动驾驶算法工程师; 芯片设计工程师; 解决方案工程师; 计算机视觉算法工程师; 质量工程师; 软件开发工程师; 软件架构师; 运维工程师; 通信工程师; 音视频工程师; 风控算法工程师 -> 2025-01: iOS开发工程师; 服务器工程师; 语音算法工程师 -> 2025-02: 大模型应用工程师 -> 2025-03: 前端开发工程师; 数据库工程师,2026-08-08T05:14:20+00:00
JavaScript,编程语言,traditional,2,2024-12,AI Agent算法工程师; AI应用工程师; Android开发工程师; Go开发工程师; Python开发工程师; 全栈开发工程师; 前端开发工程师; 大模型应用工程师; 大模型测试工程师; 测试工程师; 测试开发工程师; 芯片验证工程师; 解决方案工程师; 通信工程师,14,1,low,观测起点已覆盖多个岗位，只能说明观测期内的覆盖和扩散，不能推断真实起源岗位,2026-07,8,20,6,iOS开发工程师; 算法研究员; 系统软件工程师; 网络工程师; 软件开发工程师; AI安全工程师,AI Agent算法工程师; AI应用工程师; Android开发工程师; Go开发工程师; Python开发工程师; 全栈开发工程师; 前端开发工程师; 大模型应用工程师; 大模型测试工程师; 测试工程师; 测试开发工程师; 芯片验证工程师; 解决方案工程师; 通信工程师; iOS开发工程师; 算法研究员; 系统软件工程师; 网络工程师; 软件开发工程师; AI安全工程师,2024-12,AI应用工程师; Python开发工程师; 全栈开发工程师; 前端开发工程师; 大模型测试工程师; 测试工程师; 测试开发工程师; 芯片验证工程师; 通信工程师,9,15,6,Android开发工程师; iOS开发工程师; 解决方案工程师; 算法研究员; Go开发工程师; 网络工程师,2024-12: AI应用工程师; Python开发工程师; 全栈开发工程师; 前端开发工程师; 大模型测试工程师; 测试工程师; 测试开发工程师; 芯片验证工程师; 通信工程师 -> 2025-01: Android开发工程师; iOS开发工程师; 解决方案工程师 -> 2025-06: 算法研究员 -> 2025-07: Go开发工程师; 网络工程师,14,2024-12,933,2024-12: AI Agent算法工程师; AI应用工程师; Android开发工程师; Go开发工程师; Python开发工程师; 全栈开发工程师; 前端开发工程师; 大模型应用工程师; 大模型测试工程师; 测试工程师; 测试开发工程师; 芯片验证工程师; 解决方案工程师; 通信工程师 -> 2025-01: iOS开发工程师 -> 2025-03: 算法研究员; 系统软件工程师 -> 2025-05: 网络工程师 -> 2025-07: 软件开发工程师 -> 2025-08: AI安全工程师,2026-08-08T05:14:20+00:00
Kafka,数据工程,traditional,2,2024-12,AI安全工程师; 后端开发工程师; 大数据开发工程师; 技术支持工程师; 数据仓库工程师; 数据工程师; 数据平台工程师; 数据开发工程师; 测试工程师; 网络安全工程师; 网络工程师; 解决方案工程师; 软件开发工程师; 运维工程师,14,1,low,观测起点已覆盖多个岗位，只能说明观测期内的覆盖和扩散，不能推断真实起源岗位,2026-07,11,21,7,AIGC算法工程师; Go开发工程师; Java开发工程师; 驱动开发工程师; 全栈开发工程师; 安全工程师; 数据挖掘算法工程师,AI安全工程师; 后端开发工程师; 大数据开发工程师; 技术支持工程师; 数据仓库工程师; 数据工程师; 数据平台工程师; 数据开发工程师; 测试工程师; 网络安全工程师; 网络工程师; 解决方案工程师; 软件开发工程师; 运维工程师; AIGC算法工程师; Go开发工程师; Java开发工程师; 驱动开发工程师; 全栈开发工程师; 安全工程师; 数据挖掘算法工程师,2024-12,后端开发工程师; 大数据开发工程师; 数据仓库工程师; 数据平台工程师; 数据开发工程师; 解决方案工程师; 软件开发工程师; 运维工程师,8,18,10,Go开发工程师; 网络安全工程师; 网络工程师; 数据工程师; 驱动开发工程师; 全栈开发工程师; 安全工程师; 技术支持工程师; Java开发工程师; 测试工程师,2024-12: 后端开发工程师; 大数据开发工程师; 数据仓库工程师; 数据平台工程师; 数据开发工程师; 解决方案工程师; 软件开发工程师; 运维工程师 -> 2025-01: Go开发工程师; 网络安全工程师; 网络工程师 -> 2025-02: 数据工程师; 驱动开发工程师 -> 2025-04: 全栈开发工程师 -> 2025-05: 安全工程师; 技术支持工程师 -> 2025-06: Java开发工程师 -> 2025-07: 测试工程师,15,2025-07,1781,2024-12: AI安全工程师; 后端开发工程师; 大数据开发工程师; 技术支持工程师; 数据仓库工程师; 数据工程师; 数据平台工程师; 数据开发工程师; 测试工程师; 网络安全工程师; 网络工程师; 解决方案工程师; 软件开发工程师; 运维工程师 -> 2025-01: AIGC算法工程师; Go开发工程师; Java开发工程师; 驱动开发工程师 -> 2025-03: 全栈开发工程师 -> 2025-05: 安全工程师 -> 2026-05: 数据挖掘算法工程师,2026-08-08T05:14:20+00:00
Kotlin,编程语言,traditional,2,2024-12,AI Agent应用工程师; AI Infra工程师; Android开发工程师; iOS开发工程师; 客户端开发工程师,5,1,low,观测起点已覆盖多个岗位，只能说明观测期内的覆盖和扩散，不能推断真实起源岗位,2026-07,3,5,0,,AI Agent应用工程师; AI Infra工程师; Android开发工程师; iOS开发工程师; 客户端开发工程师,2024-12,Android开发工程师; iOS开发工程师; 客户端开发工程师,3,5,2,AI Infra工程师; AI Agent应用工程师,2024-12: Android开发工程师; iOS开发工程师; 客户端开发工程师 -> 2025-02: AI Infra工程师 -> 2025-11: AI Agent应用工程师,5,2024-12,491,2024-12: AI Agent应用工程师; AI Infra工程师; Android开发工程师; iOS开发工程师; 客户端开发工程师,2026-08-08T05:14:20+00:00
Kubernetes,系统与运维,traditional,2,2024-12,AI Agent应用工程师; AI Infra工程师; C++开发工程师; DevOps工程师; Go开发工程师; Python开发工程师; 云计算工程师; 信息安全工程师; 大数据开发工程师; 大模型应用工程师; 大模型测试工程师; 技术支持工程师; 数据仓库工程师; 数据库工程师; 服务器工程师; 机器学习算法工程师; 网络工程师; 自动驾驶算法工程师; 软件开发工程师; 运维工程师,20,1,low,观测起点已覆盖多个岗位，只能说明观测期内的覆盖和扩散，不能推断真实起源岗位,2026-07,13,24,4,数据平台工程师; 测试开发工程师; 语音算法工程师; 算法工程师,AI Agent应用工程师; AI Infra工程师; C++开发工程师; DevOps工程师; Go开发工程师; Python开发工程师; 云计算工程师; 信息安全工程师; 大数据开发工程师; 大模型应用工程师; 大模型测试工程师; 技术支持工程师; 数据仓库工程师; 数据库工程师; 服务器工程师; 机器学习算法工程师; 网络工程师; 自动驾驶算法工程师; 软件开发工程师; 运维工程师; 数据平台工程师; 测试开发工程师; 语音算法工程师; 算法工程师,2024-12,AI Agent应用工程师; C++开发工程师; DevOps工程师; 云计算工程师; 信息安全工程师; 大数据开发工程师; 技术支持工程师; 数据仓库工程师; 服务器工程师; 机器学习算法工程师; 网络工程师; 自动驾驶算法工程师; 软件开发工程师; 运维工程师,14,22,8,AI Infra工程师; Python开发工程师; 数据库工程师; Go开发工程师; 数据平台工程师; 语音算法工程师; 大模型测试工程师; 测试开发工程师,2024-12: AI Agent应用工程师; C++开发工程师; DevOps工程师; 云计算工程师; 信息安全工程师; 大数据开发工程师; 技术支持工程师; 数据仓库工程师; 服务器工程师; 机器学习算法工程师; 网络工程师; 自动驾驶算法工程师; 软件开发工程师; 运维工程师 -> 2025-01: AI Infra工程师; Python开发工程师; 数据库工程师 -> 2025-02: Go开发工程师 -> 2025-03: 数据平台工程师 -> 2025-04: 语音算法工程师 -> 2025-05: 大模型测试工程师 -> 2026-02: 测试开发工程师,20,2024-12,1751,2024-12: AI Agent应用工程师; AI Infra工程师; C++开发工程师; DevOps工程师; Go开发工程师; Python开发工程师; 云计算工程师; 信息安全工程师; 大数据开发工程师; 大模型应用工程师; 大模型测试工程师; 技术支持工程师; 数据仓库工程师; 数据库工程师; 服务器工程师; 机器学习算法工程师; 网络工程师; 自动驾驶算法工程师; 软件开发工程师; 运维工程师 -> 2025-01: 数据平台工程师 -> 2025-03: 测试开发工程师; 语音算法工程师 -> 2025-09: 算法工程师,2026-08-08T05:14:20+00:00
LLM,大模型,new,2,2024-12,NLP算法工程师; 大模型应用工程师; 大模型算法工程师,3,1,medium,技能在观测起点已出现，首现岗位是观测窗口内首批岗位，不等同于真实起源岗位,2026-07,13,15,12,AI Agent应用工程师; 多模态算法工程师; AI Agent算法工程师; AIGC算法工程师; AI安全工程师; 软件架构师; AI产品经理; 后端开发工程师; 解决方案工程师; DevOps工程师; 前端开发工程师; 测试开发工程师,NLP算法工程师; 大模型应用工程师; 大模型算法工程师; AI Agent应用工程师; 多模态算法工程师; AI Agent算法工程师; AIGC算法工程师; AI安全工程师; 软件架构师; AI产品经理; 后端开发工程师; 解决方案工程师; DevOps工程师; 前端开发工程师; 测试开发工程师,2024-12,NLP算法工程师; 大模型应用工程师; 大模型算法工程师,3,14,11,AI Agent应用工程师; 多模态算法工程师; AI Agent算法工程师; AIGC算法工程师; AI安全工程师; 软件架构师; AI产品经理; 后端开发工程师; 解决方案工程师; 前端开发工程师; 测试开发工程师,2024-12: NLP算法工程师; 大模型应用工程师; 大模型算法工程师 -> 2025-01: AI Agent应用工程师; 多模态算法工程师 -> 2025-02: AI Agent算法工程师; AIGC算法工程师 -> 2025-05: AI安全工程师; 软件架构师 -> 2025-07: AI产品经理; 后端开发工程师; 解决方案工程师 -> 2026-04: 前端开发工程师; 测试开发工程师,14,2026-05,2031,2024-12: NLP算法工程师; 大模型应用工程师; 大模型算法工程师 -> 2025-01: AI Agent应用工程师; 多模态算法工程师 -> 2025-02: AI Agent算法工程师; AIGC算法工程师 -> 2025-05: AI安全工程师; 软件架构师 -> 2025-07: AI产品经理; 后端开发工程师; 解决方案工程师 -> 2026-01: DevOps工程师 -> 2026-02: 前端开发工程师 -> 2026-04: 测试开发工程师,2026-08-08T05:14:20+00:00
LangChain,大模型,new,2,2025-01,AI Agent应用工程师; 大模型应用工程师,2,0,high,技能在观测期内首次出现，后续扩散路径可用于分析样本内技能迁移,2026-07,6,10,8,全栈开发工程师; 后端开发工程师; 软件架构师; AI产品经理; 解决方案工程师; 测试开发工程师; Java开发工程师; 前端开发工程师,AI Agent应用工程师; 大模型应用工程师; 全栈开发工程师; 后端开发工程师; 软件架构师; AI产品经理; 解决方案工程师; 测试开发工程师; Java开发工程师; 前端开发工程师,2025-01,AI Agent应用工程师; 大模型应用工程师,2,10,8,全栈开发工程师; 软件架构师; 后端开发工程师; AI产品经理; 解决方案工程师; 测试开发工程师; Java开发工程师; 前端开发工程师,2025-01: AI Agent应用工程师; 大模型应用工程师 -> 2025-03: 全栈开发工程师; 软件架构师 -> 2025-06: 后端开发工程师 -> 2025-07: AI产品经理; 解决方案工程师 -> 2025-11: 测试开发工程师 -> 2026-05: Java开发工程师 -> 2026-06: 前端开发工程师,7,2026-06,968,2025-01: AI Agent应用工程师; 大模型应用工程师 -> 2025-03: 全栈开发工程师; 后端开发工程师; 软件架构师 -> 2025-07: AI产品经理; 解决方案工程师 -> 2025-08: 测试开发工程师 -> 2026-03: Java开发工程师 -> 2026-04: 前端开发工程师,2026-08-08T05:14:20+00:00
LangGraph,大模型,new,2,2025-02,AI Agent应用工程师,1,0,high,技能在观测期内首次出现，后续扩散路径可用于分析样本内技能迁移,2026-07,4,8,7,AI Agent算法工程师; 大模型应用工程师; 软件架构师; 后端开发工程师; 全栈开发工程师; AI产品经理; 测试开发工程师,AI Agent应用工程师; AI Agent算法工程师; 大模型应用工程师; 软件架构师; 后端开发工程师; 全栈开发工程师; AI产品经理; 测试开发工程师,2025-02,AI Agent应用工程师,1,7,6,软件架构师; AI Agent算法工程师; 大模型应用工程师; 全栈开发工程师; 后端开发工程师; AI产品经理,2025-02: AI Agent应用工程师 -> 2025-04: 软件架构师 -> 2025-09: AI Agent算法工程师; 大模型应用工程师 -> 2025-10: 全栈开发工程师 -> 2026-02: 后端开发工程师 -> 2026-06: AI产品经理,6,2026-02,428,2025-02: AI Agent应用工程师 -> 2025-03: AI Agent算法工程师 -> 2025-04: 大模型应用工程师; 软件架构师 -> 2025-08: 后端开发工程师 -> 2025-10: 全栈开发工程师 -> 2026-02: AI产品经理 -> 2026-05: 测试开发工程师,2026-08-08T05:14:20+00:00
Linux,系统与运维,traditional,2,2024-12,AI Infra工程师; AIGC算法工程师; Android开发工程师; C++开发工程师; DevOps工程师; FPGA工程师; Go开发工程师; Java开发工程师; Python开发工程师; 云计算工程师; 后端开发工程师; 大数据开发工程师; 安全工程师; 嵌入式软件工程师; 广告算法工程师; 技术支持工程师; 推荐算法工程师; 搜索算法工程师; 数据平台工程师; 数据库工程师; 服务器工程师; 机器学习算法工程师; 测试工程师; 测试开发工程师; 硬件工程师; 算法工程师; 算法研究员; 系统软件工程师; 网络工程师; 自动驾驶算法工程师; 芯片验证工程师; 解决方案工程师; 语音算法工程师; 质量工程师; 软件开发工程师; 软件架构师; 运维工程师; 音视频工程师; 驱动开发工程师,39,1,low,观测起点已覆盖多个岗位，只能说明观测期内的覆盖和扩散，不能推断真实起源岗位,2026-07,35,47,8,大模型应用工程师; 大模型测试工程师; iOS开发工程师; 风控算法工程师; 芯片设计工程师; 大模型算法工程师; 数据挖掘算法工程师; 前端开发工程师,AI Infra工程师; AIGC算法工程师; Android开发工程师; C++开发工程师; DevOps工程师; FPGA工程师; Go开发工程师; Java开发工程师; Python开发工程师; 云计算工程师; 后端开发工程师; 大数据开发工程师; 安全工程师; 嵌入式软件工程师; 广告算法工程师; 技术支持工程师; 推荐算法工程师; 搜索算法工程师; 数据平台工程师; 数据库工程师; 服务器工程师; 机器学习算法工程师; 测试工程师; 测试开发工程师; 硬件工程师; 算法工程师; 算法研究员; 系统软件工程师; 网络工程师; 自动驾驶算法工程师; 芯片验证工程师; 解决方案工程师; 语音算法工程师; 质量工程师; 软件开发工程师; 软件架构师; 运维工程师; 音视频工程师; 驱动开发工程师; 大模型应用工程师; 大模型测试工程师; iOS开发工程师; 风控算法工程师; 芯片设计工程师; 大模型算法工程师; 数据挖掘算法工程师; 前端开发工程师,2024-12,AI Infra工程师; AIGC算法工程师; Android开发工程师; C++开发工程师; DevOps工程师; FPGA工程师; Go开发工程师; Java开发工程师; Python开发工程师; 云计算工程师; 后端开发工程师; 大数据开发工程师; 安全工程师; 嵌入式软件工程师; 广告算法工程师; 技术支持工程师; 推荐算法工程师; 搜索算法工程师; 数据平台工程师; 数据库工程师; 服务器工程师; 机器学习算法工程师; 测试工程师; 测试开发工程师; 硬件工程师; 算法工程师; 算法研究员; 系统软件工程师; 网络工程师; 自动驾驶算法工程师; 芯片验证工程师; 解决方案工程师; 语音算法工程师; 质量工程师; 软件开发工程师; 软件架构师; 运维工程师; 音视频工程师; 驱动开发工程师,39,45,6,iOS开发工程师; 大模型应用工程师; 大模型测试工程师; 芯片设计工程师; 数据挖掘算法工程师; 风控算法工程师,2024-12: AI Infra工程师; AIGC算法工程师; Android开发工程师; C++开发工程师; DevOps工程师; FPGA工程师; Go开发工程师; Java开发工程师; Python开发工程师; 云计算工程师; 后端开发工程师; 大数据开发工程师; 安全工程师; 嵌入式软件工程师; 广告算法工程师; 技术支持工程师; 推荐算法工程师; 搜索算法工程师; 数据平台工程师; 数据库工程师; 服务器工程师; 机器学习算法工程师; 测试工程师; 测试开发工程师; 硬件工程师; 算法工程师; 算法研究员; 系统软件工程师; 网络工程师; 自动驾驶算法工程师; 芯片验证工程师; 解决方案工程师; 语音算法工程师; 质量工程师; 软件开发工程师; 软件架构师; 运维工程师; 音视频工程师; 驱动开发工程师 -> 2025-02: iOS开发工程师; 大模型应用工程师; 大模型测试工程师 -> 2025-07: 芯片设计工程师 -> 2025-09: 数据挖掘算法工程师 -> 2026-01: 风控算法工程师,40,2025-02,6449,2024-12: AI Infra工程师; AIGC算法工程师; Android开发工程师; C++开发工程师; DevOps工程师; FPGA工程师; Go开发工程师; Java开发工程师; Python开发工程师; 云计算工程师; 后端开发工程师; 大数据开发工程师; 安全工程师; 嵌入式软件工程师; 广告算法工程师; 技术支持工程师; 推荐算法工程师; 搜索算法工程师; 数据平台工程师; 数据库工程师; 服务器工程师; 机器学习算法工程师; 测试工程师; 测试开发工程师; 硬件工程师; 算法工程师; 算法研究员; 系统软件工程师; 网络工程师; 自动驾驶算法工程师; 芯片验证工程师; 解决方案工程师; 语音算法工程师; 质量工程师; 软件开发工程师; 软件架构师; 运维工程师; 音视频工程师; 驱动开发工程师 -> 2025-01: 大模型应用工程师; 大模型测试工程师 -> 2025-02: iOS开发工程师 -> 2025-03: 风控算法工程师 -> 2025-06: 芯片设计工程师 -> 2025-07: 大模型算法工程师 -> 2025-09: 数据挖掘算法工程师 -> 2026-06: 前端开发工程师,2026-08-08T05:14:20+00:00
LoRA微调,大模型,new,2,2024-12,大模型应用工程师; 大模型算法工程师,2,1,medium,技能在观测起点已出现，首现岗位是观测窗口内首批岗位，不等同于真实起源岗位,2026-07,5,8,6,NLP算法工程师; AI Agent算法工程师; AI产品经理; 解决方案工程师; 后端开发工程师; 测试开发工程师,大模型应用工程师; 大模型算法工程师; NLP算法工程师; AI Agent算法工程师; AI产品经理; 解决方案工程师; 后端开发工程师; 测试开发工程师,2024-12,大模型应用工程师; 大模型算法工程师,2,6,4,NLP算法工程师; AI产品经理; 解决方案工程师; AI Agent算法工程师,2024-12: 大模型应用工程师; 大模型算法工程师 -> 2025-01: NLP算法工程师 -> 2025-05: AI产品经理; 解决方案工程师 -> 2026-04: AI Agent算法工程师,6,2026-06,888,2024-12: 大模型应用工程师; 大模型算法工程师 -> 2025-01: NLP算法工程师 -> 2025-02: AI Agent算法工程师 -> 2025-05: AI产品经理; 解决方案工程师 -> 2025-06: 后端开发工程师 -> 2026-02: 测试开发工程师,2026-08-08T05:14:20+00:00
Lua,编程语言,traditional,2,2024-12,后端开发工程师; 客户端开发工程师,2,1,medium,技能在观测起点已出现，首现岗位是观测窗口内首批岗位，不等同于真实起源岗位,2026-07,1,3,1,前端开发工程师,后端开发工程师; 客户端开发工程师; 前端开发工程师,2024-12,客户端开发工程师,1,2,1,前端开发工程师,2024-12: 客户端开发工程师 -> 2026-01: 前端开发工程师,2,2026-01,172,2024-12: 后端开发工程师; 客户端开发工程师 -> 2025-02: 前端开发工程师,2026-08-08T05:14:20+00:00
MCP,大模型,new,2,2025-04,AI Agent应用工程师; 大模型应用工程师,2,0,high,技能在观测期内首次出现，后续扩散路径可用于分析样本内技能迁移,2026-07,7,9,7,后端开发工程师; 软件架构师; DevOps工程师; 全栈开发工程师; 解决方案工程师; AI产品经理; 测试开发工程师,AI Agent应用工程师; 大模型应用工程师; 后端开发工程师; 软件架构师; DevOps工程师; 全栈开发工程师; 解决方案工程师; AI产品经理; 测试开发工程师,2025-04,AI Agent应用工程师; 大模型应用工程师,2,7,5,软件架构师; DevOps工程师; 全栈开发工程师; 解决方案工程师; AI产品经理,2025-04: AI Agent应用工程师; 大模型应用工程师 -> 2025-05: 软件架构师 -> 2025-09: DevOps工程师 -> 2025-11: 全栈开发工程师; 解决方案工程师 -> 2026-07: AI产品经理,7,2026-07,737,2025-04: AI Agent应用工程师; 大模型应用工程师 -> 2025-05: 后端开发工程师; 软件架构师 -> 2025-09: DevOps工程师 -> 2025-11: 全栈开发工程师; 解决方案工程师 -> 2026-03: AI产品经理 -> 2026-06: 测试开发工程师,2026-08-08T05:14:20+00:00
Machine Learning,AI,new,2,2024-12,AI Agent算法工程师; AIGC算法工程师; AI应用工程师; C++开发工程师; Python开发工程师; 大模型测试工程师; 大模型算法工程师; 安全工程师; 广告算法工程师; 技术支持工程师; 控制算法工程师; 推荐算法工程师; 搜索算法工程师; 数据工程师; 数据挖掘算法工程师; 服务器工程师; 机器人算法工程师; 机器人软件工程师; 机器学习算法工程师; 算法工程师; 算法研究员; 网络安全工程师; 自动驾驶算法工程师; 芯片设计工程师; 语音算法工程师; 通信工程师; 风控算法工程师; 驱动开发工程师,28,1,low,观测起点已覆盖多个岗位，只能说明观测期内的覆盖和扩散，不能推断真实起源岗位,2026-07,33,35,7,数据分析师; 数据开发工程师; 数据平台工程师; 硬件工程师; 客户端开发工程师; 软件开发工程师; 运维工程师,AI Agent算法工程师; AIGC算法工程师; AI应用工程师; C++开发工程师; Python开发工程师; 大模型测试工程师; 大模型算法工程师; 安全工程师; 广告算法工程师; 技术支持工程师; 控制算法工程师; 推荐算法工程师; 搜索算法工程师; 数据工程师; 数据挖掘算法工程师; 服务器工程师; 机器人算法工程师; 机器人软件工程师; 机器学习算法工程师; 算法工程师; 算法研究员; 网络安全工程师; 自动驾驶算法工程师; 芯片设计工程师; 语音算法工程师; 通信工程师; 风控算法工程师; 驱动开发工程师; 数据分析师; 数据开发工程师; 数据平台工程师; 硬件工程师; 客户端开发工程师; 软件开发工程师; 运维工程师,2024-12,AI Agent算法工程师; AIGC算法工程师; AI应用工程师; Python开发工程师; 大模型测试工程师; 大模型算法工程师; 广告算法工程师; 技术支持工程师; 控制算法工程师; 推荐算法工程师; 搜索算法工程师; 数据工程师; 数据挖掘算法工程师; 机器人算法工程师; 机器人软件工程师; 机器学习算法工程师; 算法工程师; 算法研究员; 自动驾驶算法工程师; 芯片设计工程师; 通信工程师; 风控算法工程师; 驱动开发工程师,23,35,12,安全工程师; 数据分析师; 服务器工程师; C++开发工程师; 网络安全工程师; 语音算法工程师; 数据平台工程师; 硬件工程师; 客户端开发工程师; 运维工程师; 软件开发工程师; 数据开发工程师,2024-12: AI Agent算法工程师; AIGC算法工程师; AI应用工程师; Python开发工程师; 大模型测试工程师; 大模型算法工程师; 广告算法工程师; 技术支持工程师; 控制算法工程师; 推荐算法工程师; 搜索算法工程师; 数据工程师; 数据挖掘算法工程师; 机器人算法工程师; 机器人软件工程师; 机器学习算法工程师; 算法工程师; 算法研究员; 自动驾驶算法工程师; 芯片设计工程师; 通信工程师; 风控算法工程师; 驱动开发工程师 -> 2025-01: 安全工程师; 数据分析师; 服务器工程师 -> 2025-02: C++开发工程师; 网络安全工程师; 语音算法工程师 -> 2025-05: 数据平台工程师 -> 2025-07: 硬件工程师 -> 2025-10: 客户端开发工程师; 运维工程师 -> 2025-11: 软件开发工程师 -> 2026-06: 数据开发工程师,33,2026-07,5144,2024-12: AI Agent算法工程师; AIGC算法工程师; AI应用工程师; C++开发工程师; Python开发工程师; 大模型测试工程师; 大模型算法工程师; 安全工程师; 广告算法工程师; 技术支持工程师; 控制算法工程师; 推荐算法工程师; 搜索算法工程师; 数据工程师; 数据挖掘算法工程师; 服务器工程师; 机器人算法工程师; 机器人软件工程师; 机器学习算法工程师; 算法工程师; 算法研究员; 网络安全工程师; 自动驾驶算法工程师; 芯片设计工程师; 语音算法工程师; 通信工程师; 风控算法工程师; 驱动开发工程师 -> 2025-01: 数据分析师 -> 2025-03: 数据开发工程师 -> 2025-04: 数据平台工程师 -> 2025-06: 硬件工程师 -> 2025-07: 客户端开发工程师 -> 2025-08: 软件开发工程师 -> 2025-09: 运维工程师,2026-08-08T05:14:20+00:00
Megatron,大模型,new,2,2024-12,AI Infra工程师; 大模型算法工程师,2,1,medium,技能在观测起点已出现，首现岗位是观测窗口内首批岗位，不等同于真实起源岗位,2026-07,7,9,7,多模态算法工程师; NLP算法工程师; 系统软件工程师; 云计算工程师; DevOps工程师; 解决方案工程师; 后端开发工程师,AI Infra工程师; 大模型算法工程师; 多模态算法工程师; NLP算法工程师; 系统软件工程师; 云计算工程师; DevOps工程师; 解决方案工程师; 后端开发工程师,2024-12,AI Infra工程师; 大模型算法工程师,2,8,6,多模态算法工程师; NLP算法工程师; 系统软件工程师; 云计算工程师; DevOps工程师; 解决方案工程师,2024-12: AI Infra工程师; 大模型算法工程师 -> 2025-01: 多模态算法工程师 -> 2025-02: NLP算法工程师; 系统软件工程师 -> 2025-06: 云计算工程师 -> 2025-08: DevOps工程师 -> 2026-05: 解决方案工程师,8,2026-05,1183,2024-12: AI Infra工程师; 大模型算法工程师 -> 2025-01: 多模态算法工程师 -> 2025-02: NLP算法工程师; 系统软件工程师 -> 2025-06: 云计算工程师 -> 2025-08: DevOps工程师 -> 2026-02: 解决方案工程师 -> 2026-03: 后端开发工程师,2026-08-08T05:14:20+00:00
MongoDB,数据工程,traditional,2,2024-12,AI Agent应用工程师; Go开发工程师; 全栈开发工程师; 数据仓库工程师; 网络工程师; 音视频工程师,6,1,low,观测起点已覆盖多个岗位，只能说明观测期内的覆盖和扩散，不能推断真实起源岗位,2026-07,5,13,7,数据库工程师; 测试工程师; 驱动开发工程师; AI应用工程师; 系统软件工程师; Java开发工程师; 运维工程师,AI Agent应用工程师; Go开发工程师; 全栈开发工程师; 数据仓库工程师; 网络工程师; 音视频工程师; 数据库工程师; 测试工程师; 驱动开发工程师; AI应用工程师; 系统软件工程师; Java开发工程师; 运维工程师,2024-12,AI Agent应用工程师; 数据仓库工程师; 音视频工程师,3,11,8,Go开发工程师; 全栈开发工程师; 测试工程师; 数据库工程师; 网络工程师; 驱动开发工程师; Java开发工程师; AI应用工程师,2024-12: AI Agent应用工程师; 数据仓库工程师; 音视频工程师 -> 2025-01: Go开发工程师; 全栈开发工程师 -> 2025-02: 测试工程师 -> 2025-03: 数据库工程师 -> 2025-04: 网络工程师; 驱动开发工程师 -> 2026-01: Java开发工程师 -> 2026-07: AI应用工程师,8,2025-04,158,2024-12: AI Agent应用工程师; Go开发工程师; 全栈开发工程师; 数据仓库工程师; 网络工程师; 音视频工程师 -> 2025-02: 数据库工程师; 测试工程师 -> 2025-03: 驱动开发工程师 -> 2025-08: AI应用工程师; 系统软件工程师 -> 2025-11: Java开发工程师 -> 2026-03: 运维工程师,2026-08-08T05:14:20+00:00
Multi-Agent,大模型,new,2,2025-02,AI Agent应用工程师; AI Agent算法工程师,2,0,high,技能在观测期内首次出现，后续扩散路径可用于分析样本内技能迁移,2026-07,3,8,6,大模型应用工程师; 软件架构师; 后端开发工程师; 测试开发工程师; AI产品经理; 全栈开发工程师,AI Agent应用工程师; AI Agent算法工程师; 大模型应用工程师; 软件架构师; 后端开发工程师; 测试开发工程师; AI产品经理; 全栈开发工程师,2025-02,AI Agent应用工程师; AI Agent算法工程师,2,5,3,软件架构师; 大模型应用工程师; 测试开发工程师,2025-02: AI Agent应用工程师; AI Agent算法工程师 -> 2025-04: 软件架构师 -> 2025-10: 大模型应用工程师 -> 2026-05: 测试开发工程师,4,2026-05,493,2025-02: AI Agent应用工程师; AI Agent算法工程师 -> 2025-04: 大模型应用工程师; 软件架构师 -> 2025-08: 后端开发工程师 -> 2025-09: 测试开发工程师 -> 2026-02: AI产品经理 -> 2026-04: 全栈开发工程师,2026-08-08T05:14:20+00:00
Multimodal AI,大模型,new,2,2025-01,多模态算法工程师; 大模型算法工程师,2,0,high,技能在观测期内首次出现，后续扩散路径可用于分析样本内技能迁移,2026-07,5,9,7,AIGC算法工程师; 计算机视觉算法工程师; AI Agent应用工程师; 大模型应用工程师; AI产品经理; 解决方案工程师; 前端开发工程师,多模态算法工程师; 大模型算法工程师; AIGC算法工程师; 计算机视觉算法工程师; AI Agent应用工程师; 大模型应用工程师; AI产品经理; 解决方案工程师; 前端开发工程师,2025-01,多模态算法工程师; 大模型算法工程师,2,7,5,AIGC算法工程师; 计算机视觉算法工程师; AI产品经理; AI Agent应用工程师; 解决方案工程师,2025-01: 多模态算法工程师; 大模型算法工程师 -> 2025-03: AIGC算法工程师; 计算机视觉算法工程师 -> 2025-08: AI产品经理 -> 2026-03: AI Agent应用工程师; 解决方案工程师,8,2026-03,815,2025-01: 多模态算法工程师; 大模型算法工程师 -> 2025-03: AIGC算法工程师; 计算机视觉算法工程师 -> 2025-06: AI Agent应用工程师; 大模型应用工程师 -> 2025-08: AI产品经理 -> 2026-02: 解决方案工程师 -> 2026-03: 前端开发工程师,2026-08-08T05:14:20+00:00
MyBatis,软件开发,traditional,2,2024-12,AI Agent应用工程师; Java开发工程师; 全栈开发工程师,3,1,medium,技能在观测起点已出现，首现岗位是观测窗口内首批岗位，不等同于真实起源岗位,2026-07,1,5,2,AI应用工程师; 大模型应用工程师,AI Agent应用工程师; Java开发工程师; 全栈开发工程师; AI应用工程师; 大模型应用工程师,2024-12,AI Agent应用工程师; Java开发工程师,2,4,2,全栈开发工程师; AI应用工程师,2024-12: AI Agent应用工程师; Java开发工程师 -> 2025-01: 全栈开发工程师 -> 2025-07: AI应用工程师,4,2025-01,189,2024-12: AI Agent应用工程师; Java开发工程师; 全栈开发工程师 -> 2025-01: AI应用工程师 -> 2025-02: 大模型应用工程师,2026-08-08T05:14:20+00:00
MySQL,数据工程,traditional,2,2024-12,AI Agent应用工程师; AI安全工程师; AI应用工程师; C++开发工程师; Go开发工程师; Java开发工程师; Python开发工程师; 云计算工程师; 信息安全工程师; 全栈开发工程师; 后端开发工程师; 大数据开发工程师; 数据仓库工程师; 数据库工程师; 测试工程师; 测试开发工程师; 网络安全工程师; 芯片测试工程师; 解决方案工程师; 语音算法工程师; 软件开发工程师; 音视频工程师; 驱动开发工程师,23,1,low,观测起点已覆盖多个岗位，只能说明观测期内的覆盖和扩散，不能推断真实起源岗位,2026-07,18,33,10,推荐算法工程师; 数据开发工程师; 算法研究员; 网络工程师; 风控算法工程师; 安全工程师; 数据挖掘算法工程师; 机器学习算法工程师; 技术支持工程师; AIGC算法工程师,AI Agent应用工程师; AI安全工程师; AI应用工程师; C++开发工程师; Go开发工程师; Java开发工程师; Python开发工程师; 云计算工程师; 信息安全工程师; 全栈开发工程师; 后端开发工程师; 大数据开发工程师; 数据仓库工程师; 数据库工程师; 测试工程师; 测试开发工程师; 网络安全工程师; 芯片测试工程师; 解决方案工程师; 语音算法工程师; 软件开发工程师; 音视频工程师; 驱动开发工程师; 推荐算法工程师; 数据开发工程师; 算法研究员; 网络工程师; 风控算法工程师; 安全工程师; 数据挖掘算法工程师; 机器学习算法工程师; 技术支持工程师; AIGC算法工程师,2024-12,AI应用工程师; C++开发工程师; Go开发工程师; Java开发工程师; 云计算工程师; 信息安全工程师; 全栈开发工程师; 后端开发工程师; 大数据开发工程师; 数据仓库工程师; 数据库工程师; 测试开发工程师; 芯片测试工程师; 解决方案工程师; 软件开发工程师; 音视频工程师,16,30,14,Python开发工程师; 测试工程师; 网络安全工程师; 推荐算法工程师; 数据开发工程师; 数据挖掘算法工程师; 算法研究员; 网络工程师; 驱动开发工程师; 安全工程师; 技术支持工程师; 语音算法工程师; AI Agent应用工程师; 机器学习算法工程师,2024-12: AI应用工程师; C++开发工程师; Go开发工程师; Java开发工程师; 云计算工程师; 信息安全工程师; 全栈开发工程师; 后端开发工程师; 大数据开发工程师; 数据仓库工程师; 数据库工程师; 测试开发工程师; 芯片测试工程师; 解决方案工程师; 软件开发工程师; 音视频工程师 -> 2025-01: Python开发工程师; 测试工程师; 网络安全工程师 -> 2025-02: 推荐算法工程师 -> 2025-03: 数据开发工程师; 数据挖掘算法工程师; 算法研究员; 网络工程师; 驱动开发工程师 -> 2025-04: 安全工程师 -> 2025-05: 技术支持工程师 -> 2025-07: 语音算法工程师 -> 2025-09: AI Agent应用工程师 -> 2025-11: 机器学习算法工程师,24,2025-03,2626,2024-12: AI Agent应用工程师; AI安全工程师; AI应用工程师; C++开发工程师; Go开发工程师; Java开发工程师; Python开发工程师; 云计算工程师; 信息安全工程师; 全栈开发工程师; 后端开发工程师; 大数据开发工程师; 数据仓库工程师; 数据库工程师; 测试工程师; 测试开发工程师; 网络安全工程师; 芯片测试工程师; 解决方案工程师; 语音算法工程师; 软件开发工程师; 音视频工程师; 驱动开发工程师 -> 2025-01: 推荐算法工程师; 数据开发工程师; 算法研究员; 网络工程师; 风控算法工程师 -> 2025-03: 安全工程师; 数据挖掘算法工程师 -> 2025-04: 机器学习算法工程师 -> 2025-05: 技术支持工程师 -> 2026-05: AIGC算法工程师,2026-08-08T05:14:20+00:00
NLP,大模型,new,2,2024-12,AI Agent算法工程师; AIGC算法工程师; AI应用工程师; NLP算法工程师; 多模态算法工程师; 大模型算法工程师; 安全工程师; 广告算法工程师; 技术支持工程师; 推荐算法工程师; 搜索算法工程师; 数据分析师; 数据工程师; 数据挖掘算法工程师; 机器学习算法工程师; 算法工程师; 计算机视觉算法工程师; 语音算法工程师; 通信工程师; 风控算法工程师; 驱动开发工程师,21,1,low,观测起点已覆盖多个岗位，只能说明观测期内的覆盖和扩散，不能推断真实起源岗位,2026-07,21,26,5,数据平台工程师; 软件架构师; Android开发工程师; 测试工程师; Java开发工程师,AI Agent算法工程师; AIGC算法工程师; AI应用工程师; NLP算法工程师; 多模态算法工程师; 大模型算法工程师; 安全工程师; 广告算法工程师; 技术支持工程师; 推荐算法工程师; 搜索算法工程师; 数据分析师; 数据工程师; 数据挖掘算法工程师; 机器学习算法工程师; 算法工程师; 计算机视觉算法工程师; 语音算法工程师; 通信工程师; 风控算法工程师; 驱动开发工程师; 数据平台工程师; 软件架构师; Android开发工程师; 测试工程师; Java开发工程师,2024-12,AI Agent算法工程师; AIGC算法工程师; AI应用工程师; NLP算法工程师; 多模态算法工程师; 大模型算法工程师; 广告算法工程师; 技术支持工程师; 推荐算法工程师; 搜索算法工程师; 数据工程师; 数据挖掘算法工程师; 机器学习算法工程师; 算法工程师; 计算机视觉算法工程师; 语音算法工程师; 风控算法工程师; 驱动开发工程师,18,26,8,数据分析师; 数据平台工程师; 通信工程师; 安全工程师; 软件架构师; Android开发工程师; Java开发工程师; 测试工程师,2024-12: AI Agent算法工程师; AIGC算法工程师; AI应用工程师; NLP算法工程师; 多模态算法工程师; 大模型算法工程师; 广告算法工程师; 技术支持工程师; 推荐算法工程师; 搜索算法工程师; 数据工程师; 数据挖掘算法工程师; 机器学习算法工程师; 算法工程师; 计算机视觉算法工程师; 语音算法工程师; 风控算法工程师; 驱动开发工程师 -> 2025-01: 数据分析师; 数据平台工程师; 通信工程师 -> 2025-02: 安全工程师 -> 2025-03: 软件架构师 -> 2025-07: Android开发工程师 -> 2025-11: Java开发工程师 -> 2025-12: 测试工程师,24,2026-04,3613,2024-12: AI Agent算法工程师; AIGC算法工程师; AI应用工程师; NLP算法工程师; 多模态算法工程师; 大模型算法工程师; 安全工程师; 广告算法工程师; 技术支持工程师; 推荐算法工程师; 搜索算法工程师; 数据分析师; 数据工程师; 数据挖掘算法工程师; 机器学习算法工程师; 算法工程师; 计算机视觉算法工程师; 语音算法工程师; 通信工程师; 风控算法工程师; 驱动开发工程师 -> 2025-01: 数据平台工程师 -> 2025-02: 软件架构师 -> 2025-04: Android开发工程师 -> 2025-07: 测试工程师 -> 2025-11: Java开发工程师,2026-08-08T05:14:20+00:00
NoSQL,数据工程,traditional,2,2024-12,AI Agent应用工程师; Java开发工程师; 后端开发工程师; 算法研究员,4,1,medium,技能在观测起点已出现，首现岗位是观测窗口内首批岗位，不等同于真实起源岗位,2026-07,5,6,2,Go开发工程师; 数据库工程师,AI Agent应用工程师; Java开发工程师; 后端开发工程师; 算法研究员; Go开发工程师; 数据库工程师,2024-12,Java开发工程师; 后端开发工程师; 算法研究员,3,5,2,数据库工程师; Go开发工程师,2024-12: Java开发工程师; 后端开发工程师; 算法研究员 -> 2025-01: 数据库工程师 -> 2025-02: Go开发工程师,5,2026-07,402,2024-12: AI Agent应用工程师; Java开发工程师; 后端开发工程师; 算法研究员 -> 2025-01: Go开发工程师; 数据库工程师,2026-08-08T05:14:20+00:00
Node.js,编程语言,traditional,2,2024-12,全栈开发工程师; 前端开发工程师; 大模型应用工程师; 安全工程师; 网络安全工程师,5,1,low,观测起点已覆盖多个岗位，只能说明观测期内的覆盖和扩散，不能推断真实起源岗位,2026-07,3,10,5,C++开发工程师; 后端开发工程师; NLP算法工程师; AI应用工程师; 运维工程师,全栈开发工程师; 前端开发工程师; 大模型应用工程师; 安全工程师; 网络安全工程师; C++开发工程师; 后端开发工程师; NLP算法工程师; AI应用工程师; 运维工程师,2024-12,前端开发工程师; 安全工程师; 网络安全工程师,3,5,2,全栈开发工程师; C++开发工程师,2024-12: 前端开发工程师; 安全工程师; 网络安全工程师 -> 2025-01: 全栈开发工程师 -> 2025-02: C++开发工程师,6,2025-02,305,2024-12: 全栈开发工程师; 前端开发工程师; 大模型应用工程师; 安全工程师; 网络安全工程师 -> 2025-02: C++开发工程师; 后端开发工程师 -> 2025-04: NLP算法工程师 -> 2026-06: AI应用工程师 -> 2026-07: 运维工程师,2026-08-08T05:14:20+00:00
Objective-C,编程语言,traditional,2,2024-12,Android开发工程师; DevOps工程师; iOS开发工程师; 大模型测试工程师; 客户端开发工程师; 测试工程师; 测试开发工程师; 语音算法工程师; 软件架构师; 音视频工程师,10,1,low,观测起点已覆盖多个岗位，只能说明观测期内的覆盖和扩散，不能推断真实起源岗位,2026-07,7,15,5,全栈开发工程师; 通信工程师; AI应用工程师; 前端开发工程师; 大模型应用工程师,Android开发工程师; DevOps工程师; iOS开发工程师; 大模型测试工程师; 客户端开发工程师; 测试工程师; 测试开发工程师; 语音算法工程师; 软件架构师; 音视频工程师; 全栈开发工程师; 通信工程师; AI应用工程师; 前端开发工程师; 大模型应用工程师,2024-12,Android开发工程师; DevOps工程师; iOS开发工程师; 大模型测试工程师; 客户端开发工程师; 测试工程师; 测试开发工程师,7,13,6,全栈开发工程师; 语音算法工程师; 软件架构师; 音视频工程师; 通信工程师; AI应用工程师,2024-12: Android开发工程师; DevOps工程师; iOS开发工程师; 大模型测试工程师; 客户端开发工程师; 测试工程师; 测试开发工程师 -> 2025-02: 全栈开发工程师; 语音算法工程师; 软件架构师 -> 2025-04: 音视频工程师 -> 2025-09: 通信工程师 -> 2026-07: AI应用工程师,10,2024-12,969,2024-12: Android开发工程师; DevOps工程师; iOS开发工程师; 大模型测试工程师; 客户端开发工程师; 测试工程师; 测试开发工程师; 语音算法工程师; 软件架构师; 音视频工程师 -> 2025-02: 全栈开发工程师 -> 2025-09: 通信工程师 -> 2025-11: AI应用工程师 -> 2026-03: 前端开发工程师 -> 2026-07: 大模型应用工程师,2026-08-08T05:14:20+00:00
PHP,编程语言,traditional,2,2024-12,Android开发工程师; C++开发工程师; Go开发工程师; 信息安全工程师; 后端开发工程师; 安全工程师; 测试开发工程师; 网络工程师; 语音算法工程师,9,1,low,观测起点已覆盖多个岗位，只能说明观测期内的覆盖和扩散，不能推断真实起源岗位,2026-07,6,12,3,AI安全工程师; Java开发工程师; 广告算法工程师,Android开发工程师; C++开发工程师; Go开发工程师; 信息安全工程师; 后端开发工程师; 安全工程师; 测试开发工程师; 网络工程师; 语音算法工程师; AI安全工程师; Java开发工程师; 广告算法工程师,2024-12,C++开发工程师; Go开发工程师; 信息安全工程师; 后端开发工程师; 测试开发工程师; 网络工程师,6,10,4,Android开发工程师; 安全工程师; 广告算法工程师; 语音算法工程师,2024-12: C++开发工程师; Go开发工程师; 信息安全工程师; 后端开发工程师; 测试开发工程师; 网络工程师 -> 2025-01: Android开发工程师; 安全工程师 -> 2025-10: 广告算法工程师; 语音算法工程师,9,2025-01,745,2024-12: Android开发工程师; C++开发工程师; Go开发工程师; 信息安全工程师; 后端开发工程师; 安全工程师; 测试开发工程师; 网络工程师; 语音算法工程师 -> 2025-01: AI安全工程师 -> 2025-08: Java开发工程师 -> 2025-09: 广告算法工程师,2026-08-08T05:14:20+00:00
PLC编程,工业与物联网,traditional,2,2024-12,电源工程师; 驱动开发工程师,2,1,medium,技能在观测起点已出现，首现岗位是观测窗口内首批岗位，不等同于真实起源岗位,2026-07,2,2,0,,电源工程师; 驱动开发工程师,2024-12,电源工程师; 驱动开发工程师,2,2,0,,2024-12: 电源工程师; 驱动开发工程师,2,2026-07,483,2024-12: 电源工程师; 驱动开发工程师,2026-08-08T05:14:20+00:00
PPO,大模型,new,2,2024-12,AI Agent算法工程师; 大模型算法工程师,2,1,medium,技能在观测起点已出现，首现岗位是观测窗口内首批岗位，不等同于真实起源岗位,2026-07,6,7,5,算法研究员; NLP算法工程师; AI安全工程师; 大模型测试工程师; AI产品经理,AI Agent算法工程师; 大模型算法工程师; 算法研究员; NLP算法工程师; AI安全工程师; 大模型测试工程师; AI产品经理,2024-12,AI Agent算法工程师; 大模型算法工程师,2,6,4,算法研究员; NLP算法工程师; AI安全工程师; 大模型测试工程师,2024-12: AI Agent算法工程师; 大模型算法工程师 -> 2025-01: 算法研究员 -> 2025-02: NLP算法工程师 -> 2025-07: AI安全工程师 -> 2025-08: 大模型测试工程师,6,2026-07,848,2024-12: AI Agent算法工程师; 大模型算法工程师 -> 2025-01: 算法研究员 -> 2025-02: NLP算法工程师 -> 2025-07: AI安全工程师 -> 2025-08: 大模型测试工程师 -> 2026-01: AI产品经理,2026-08-08T05:14:20+00:00
Perl,编程语言,traditional,2,2024-12,NLP算法工程师; 测试工程师; 硬件工程师; 芯片设计工程师; 芯片验证工程师,5,1,low,观测起点已覆盖多个岗位，只能说明观测期内的覆盖和扩散，不能推断真实起源岗位,2026-07,4,7,2,驱动开发工程师; Python开发工程师,NLP算法工程师; 测试工程师; 硬件工程师; 芯片设计工程师; 芯片验证工程师; 驱动开发工程师; Python开发工程师,2024-12,硬件工程师; 芯片设计工程师; 芯片验证工程师,3,6,3,驱动开发工程师; Python开发工程师; 测试工程师,2024-12: 硬件工程师; 芯片设计工程师; 芯片验证工程师 -> 2025-02: 驱动开发工程师 -> 2025-03: Python开发工程师 -> 2025-05: 测试工程师,6,2025-11,547,2024-12: NLP算法工程师; 测试工程师; 硬件工程师; 芯片设计工程师; 芯片验证工程师 -> 2025-01: 驱动开发工程师 -> 2025-02: Python开发工程师,2026-08-08T05:14:20+00:00
PostgreSQL,数据工程,traditional,2,2024-12,AI Agent应用工程师; Go开发工程师; 后端开发工程师; 数据库工程师; 软件架构师,5,1,low,观测起点已覆盖多个岗位，只能说明观测期内的覆盖和扩散，不能推断真实起源岗位,2026-07,2,8,3,AI安全工程师; 算法研究员; 运维工程师,AI Agent应用工程师; Go开发工程师; 后端开发工程师; 数据库工程师; 软件架构师; AI安全工程师; 算法研究员; 运维工程师,2024-12,AI Agent应用工程师; Go开发工程师; 数据库工程师,3,7,4,软件架构师; AI安全工程师; 算法研究员; 后端开发工程师,2024-12: AI Agent应用工程师; Go开发工程师; 数据库工程师 -> 2025-01: 软件架构师 -> 2025-02: AI安全工程师; 算法研究员 -> 2025-05: 后端开发工程师,5,2025-02,343,2024-12: AI Agent应用工程师; Go开发工程师; 后端开发工程师; 数据库工程师; 软件架构师 -> 2025-01: AI安全工程师; 算法研究员 -> 2025-02: 运维工程师,2026-08-08T05:14:20+00:00
PyTorch,AI,traditional,2,2024-12,AI Agent应用工程师; AI Agent算法工程师; AI Infra工程师; AIGC算法工程师; AI应用工程师; NLP算法工程师; Python开发工程师; 多模态算法工程师; 大模型测试工程师; 大模型算法工程师; 广告算法工程师; 技术支持工程师; 推荐算法工程师; 搜索算法工程师; 数据分析师; 数据工程师; 数据平台工程师; 数据开发工程师; 数据挖掘算法工程师; 机器学习算法工程师; 算法工程师; 算法研究员; 系统软件工程师; 网络安全工程师; 自动驾驶算法工程师; 芯片设计工程师; 解决方案工程师; 计算机视觉算法工程师; 语音算法工程师; 质量工程师; 通信工程师; 音视频工程师; 风控算法工程师,33,1,low,观测起点已覆盖多个岗位，只能说明观测期内的覆盖和扩散，不能推断真实起源岗位,2026-07,26,38,5,大模型应用工程师; 硬件工程师; C++开发工程师; AI安全工程师; 云计算工程师,AI Agent应用工程师; AI Agent算法工程师; AI Infra工程师; AIGC算法工程师; AI应用工程师; NLP算法工程师; Python开发工程师; 多模态算法工程师; 大模型测试工程师; 大模型算法工程师; 广告算法工程师; 技术支持工程师; 推荐算法工程师; 搜索算法工程师; 数据分析师; 数据工程师; 数据平台工程师; 数据开发工程师; 数据挖掘算法工程师; 机器学习算法工程师; 算法工程师; 算法研究员; 系统软件工程师; 网络安全工程师; 自动驾驶算法工程师; 芯片设计工程师; 解决方案工程师; 计算机视觉算法工程师; 语音算法工程师; 质量工程师; 通信工程师; 音视频工程师; 风控算法工程师; 大模型应用工程师; 硬件工程师; C++开发工程师; AI安全工程师; 云计算工程师,2024-12,AI Agent应用工程师; AI Agent算法工程师; AI Infra工程师; AIGC算法工程师; AI应用工程师; 多模态算法工程师; 大模型测试工程师; 大模型算法工程师; 广告算法工程师; 技术支持工程师; 推荐算法工程师; 搜索算法工程师; 数据分析师; 数据工程师; 数据挖掘算法工程师; 机器学习算法工程师; 算法工程师; 算法研究员; 网络安全工程师; 自动驾驶算法工程师; 芯片设计工程师; 解决方案工程师; 计算机视觉算法工程师; 语音算法工程师; 质量工程师; 通信工程师; 音视频工程师; 风控算法工程师,28,37,9,NLP算法工程师; Python开发工程师; 数据平台工程师; 硬件工程师; 系统软件工程师; C++开发工程师; AI安全工程师; 云计算工程师; 数据开发工程师,2024-12: AI Agent应用工程师; AI Agent算法工程师; AI Infra工程师; AIGC算法工程师; AI应用工程师; 多模态算法工程师; 大模型测试工程师; 大模型算法工程师; 广告算法工程师; 技术支持工程师; 推荐算法工程师; 搜索算法工程师; 数据分析师; 数据工程师; 数据挖掘算法工程师; 机器学习算法工程师; 算法工程师; 算法研究员; 网络安全工程师; 自动驾驶算法工程师; 芯片设计工程师; 解决方案工程师; 计算机视觉算法工程师; 语音算法工程师; 质量工程师; 通信工程师; 音视频工程师; 风控算法工程师 -> 2025-01: NLP算法工程师; Python开发工程师; 数据平台工程师; 硬件工程师; 系统软件工程师 -> 2025-03: C++开发工程师 -> 2025-04: AI安全工程师 -> 2025-08: 云计算工程师 -> 2025-09: 数据开发工程师,33,2024-12,5024,2024-12: AI Agent应用工程师; AI Agent算法工程师; AI Infra工程师; AIGC算法工程师; AI应用工程师; NLP算法工程师; Python开发工程师; 多模态算法工程师; 大模型测试工程师; 大模型算法工程师; 广告算法工程师; 技术支持工程师; 推荐算法工程师; 搜索算法工程师; 数据分析师; 数据工程师; 数据平台工程师; 数据开发工程师; 数据挖掘算法工程师; 机器学习算法工程师; 算法工程师; 算法研究员; 系统软件工程师; 网络安全工程师; 自动驾驶算法工程师; 芯片设计工程师; 解决方案工程师; 计算机视觉算法工程师; 语音算法工程师; 质量工程师; 通信工程师; 音视频工程师; 风控算法工程师 -> 2025-01: 大模型应用工程师; 硬件工程师 -> 2025-02: C++开发工程师 -> 2025-04: AI安全工程师 -> 2025-06: 云计算工程师,2026-08-08T05:14:20+00:00
Python,编程语言,traditional,2,2024-12,AI Agent应用工程师; AI Agent算法工程师; AI Infra工程师; AIGC算法工程师; AI产品经理; AI安全工程师; AI应用工程师; C++开发工程师; DevOps工程师; FPGA工程师; Go开发工程师; Java开发工程师; NLP算法工程师; Python开发工程师; 云计算工程师; 信息安全工程师; 全栈开发工程师; 前端开发工程师; 后端开发工程师; 图形图像工程师; 多模态算法工程师; 大数据开发工程师; 大模型测试工程师; 大模型算法工程师; 安全工程师; 客户端开发工程师; 嵌入式软件工程师; 广告算法工程师; 技术支持工程师; 控制算法工程师; 推荐算法工程师; 搜索算法工程师; 数据仓库工程师; 数据分析师; 数据工程师; 数据平台工程师; 数据库工程师; 数据开发工程师; 数据挖掘算法工程师; 数据治理工程师; 服务器工程师; 机器人算法工程师; 机器人软件工程师; 机器学习算法工程师; 测试工程师; 测试开发工程师; 热设计工程师; 电源工程师; 硬件工程师; 算法工程师; 算法研究员; 系统软件工程师; 网络安全工程师; 网络工程师; 自动驾驶算法工程师; 芯片测试工程师; 芯片设计工程师; 芯片验证工程师; 解决方案工程师; 计算机视觉算法工程师; 语音算法工程师; 质量工程师; 软件开发工程师; 软件架构师; 运维工程师; 通信工程师; 音视频工程师; 风控算法工程师; 驱动开发工程师,69,1,low,观测起点已覆盖多个岗位，只能说明观测期内的覆盖和扩散，不能推断真实起源岗位,2026-07,66,70,1,大模型应用工程师,AI Agent应用工程师; AI Agent算法工程师; AI Infra工程师; AIGC算法工程师; AI产品经理; AI安全工程师; AI应用工程师; C++开发工程师; DevOps工程师; FPGA工程师; Go开发工程师; Java开发工程师; NLP算法工程师; Python开发工程师; 云计算工程师; 信息安全工程师; 全栈开发工程师; 前端开发工程师; 后端开发工程师; 图形图像工程师; 多模态算法工程师; 大数据开发工程师; 大模型测试工程师; 大模型算法工程师; 安全工程师; 客户端开发工程师; 嵌入式软件工程师; 广告算法工程师; 技术支持工程师; 控制算法工程师; 推荐算法工程师; 搜索算法工程师; 数据仓库工程师; 数据分析师; 数据工程师; 数据平台工程师; 数据库工程师; 数据开发工程师; 数据挖掘算法工程师; 数据治理工程师; 服务器工程师; 机器人算法工程师; 机器人软件工程师; 机器学习算法工程师; 测试工程师; 测试开发工程师; 热设计工程师; 电源工程师; 硬件工程师; 算法工程师; 算法研究员; 系统软件工程师; 网络安全工程师; 网络工程师; 自动驾驶算法工程师; 芯片测试工程师; 芯片设计工程师; 芯片验证工程师; 解决方案工程师; 计算机视觉算法工程师; 语音算法工程师; 质量工程师; 软件开发工程师; 软件架构师; 运维工程师; 通信工程师; 音视频工程师; 风控算法工程师; 驱动开发工程师; 大模型应用工程师,2024-12,AI Agent应用工程师; AI Agent算法工程师; AI Infra工程师; AIGC算法工程师; AI产品经理; AI安全工程师; AI应用工程师; C++开发工程师; DevOps工程师; FPGA工程师; Go开发工程师; Java开发工程师; NLP算法工程师; Python开发工程师; 云计算工程师; 信息安全工程师; 全栈开发工程师; 前端开发工程师; 后端开发工程师; 图形图像工程师; 多模态算法工程师; 大数据开发工程师; 大模型测试工程师; 大模型算法工程师; 安全工程师; 客户端开发工程师; 嵌入式软件工程师; 广告算法工程师; 技术支持工程师; 控制算法工程师; 推荐算法工程师; 搜索算法工程师; 数据仓库工程师; 数据分析师; 数据工程师; 数据平台工程师; 数据库工程师; 数据开发工程师; 数据挖掘算法工程师; 数据治理工程师; 服务器工程师; 机器人算法工程师; 机器人软件工程师; 机器学习算法工程师; 测试工程师; 测试开发工程师; 热设计工程师; 电源工程师; 硬件工程师; 算法工程师; 算法研究员; 系统软件工程师; 网络安全工程师; 网络工程师; 自动驾驶算法工程师; 芯片测试工程师; 芯片设计工程师; 芯片验证工程师; 解决方案工程师; 计算机视觉算法工程师; 语音算法工程师; 质量工程师; 软件开发工程师; 软件架构师; 运维工程师; 通信工程师; 音视频工程师; 风控算法工程师; 驱动开发工程师,69,70,1,大模型应用工程师,2024-12: AI Agent应用工程师; AI Agent算法工程师; AI Infra工程师; AIGC算法工程师; AI产品经理; AI安全工程师; AI应用工程师; C++开发工程师; DevOps工程师; FPGA工程师; Go开发工程师; Java开发工程师; NLP算法工程师; Python开发工程师; 云计算工程师; 信息安全工程师; 全栈开发工程师; 前端开发工程师; 后端开发工程师; 图形图像工程师; 多模态算法工程师; 大数据开发工程师; 大模型测试工程师; 大模型算法工程师; 安全工程师; 客户端开发工程师; 嵌入式软件工程师; 广告算法工程师; 技术支持工程师; 控制算法工程师; 推荐算法工程师; 搜索算法工程师; 数据仓库工程师; 数据分析师; 数据工程师; 数据平台工程师; 数据库工程师; 数据开发工程师; 数据挖掘算法工程师; 数据治理工程师; 服务器工程师; 机器人算法工程师; 机器人软件工程师; 机器学习算法工程师; 测试工程师; 测试开发工程师; 热设计工程师; 电源工程师; 硬件工程师; 算法工程师; 算法研究员; 系统软件工程师; 网络安全工程师; 网络工程师; 自动驾驶算法工程师; 芯片测试工程师; 芯片设计工程师; 芯片验证工程师; 解决方案工程师; 计算机视觉算法工程师; 语音算法工程师; 质量工程师; 软件开发工程师; 软件架构师; 运维工程师; 通信工程师; 音视频工程师; 风控算法工程师; 驱动开发工程师 -> 2025-11: 大模型应用工程师,69,2025-06,16581,2024-12: AI Agent应用工程师; AI Agent算法工程师; AI Infra工程师; AIGC算法工程师; AI产品经理; AI安全工程师; AI应用工程师; C++开发工程师; DevOps工程师; FPGA工程师; Go开发工程师; Java开发工程师; NLP算法工程师; Python开发工程师; 云计算工程师; 信息安全工程师; 全栈开发工程师; 前端开发工程师; 后端开发工程师; 图形图像工程师; 多模态算法工程师; 大数据开发工程师; 大模型测试工程师; 大模型算法工程师; 安全工程师; 客户端开发工程师; 嵌入式软件工程师; 广告算法工程师; 技术支持工程师; 控制算法工程师; 推荐算法工程师; 搜索算法工程师; 数据仓库工程师; 数据分析师; 数据工程师; 数据平台工程师; 数据库工程师; 数据开发工程师; 数据挖掘算法工程师; 数据治理工程师; 服务器工程师; 机器人算法工程师; 机器人软件工程师; 机器学习算法工程师; 测试工程师; 测试开发工程师; 热设计工程师; 电源工程师; 硬件工程师; 算法工程师; 算法研究员; 系统软件工程师; 网络安全工程师; 网络工程师; 自动驾驶算法工程师; 芯片测试工程师; 芯片设计工程师; 芯片验证工程师; 解决方案工程师; 计算机视觉算法工程师; 语音算法工程师; 质量工程师; 软件开发工程师; 软件架构师; 运维工程师; 通信工程师; 音视频工程师; 风控算法工程师; 驱动开发工程师 -> 2025-05: 大模型应用工程师,2026-08-08T05:14:20+00:00
RAG,大模型,new,2,2024-12,NLP算法工程师; 大模型应用工程师; 搜索算法工程师,3,1,medium,技能在观测起点已出现，首现岗位是观测窗口内首批岗位，不等同于真实起源岗位,2026-07,7,13,10,AI Agent应用工程师; AI Agent算法工程师; 大模型算法工程师; AI产品经理; 后端开发工程师; 解决方案工程师; 软件架构师; 全栈开发工程师; 测试开发工程师; Java开发工程师,NLP算法工程师; 大模型应用工程师; 搜索算法工程师; AI Agent应用工程师; AI Agent算法工程师; 大模型算法工程师; AI产品经理; 后端开发工程师; 解决方案工程师; 软件架构师; 全栈开发工程师; 测试开发工程师; Java开发工程师,2024-12,NLP算法工程师; 大模型应用工程师; 搜索算法工程师,3,12,9,AI Agent应用工程师; AI Agent算法工程师; AI产品经理; 解决方案工程师; 软件架构师; 后端开发工程师; Java开发工程师; 全栈开发工程师; 测试开发工程师,2024-12: NLP算法工程师; 大模型应用工程师; 搜索算法工程师 -> 2025-01: AI Agent应用工程师 -> 2025-02: AI Agent算法工程师 -> 2025-05: AI产品经理; 解决方案工程师 -> 2025-07: 软件架构师 -> 2025-10: 后端开发工程师 -> 2026-03: Java开发工程师 -> 2026-05: 全栈开发工程师; 测试开发工程师,9,2026-05,1201,2024-12: NLP算法工程师; 大模型应用工程师; 搜索算法工程师 -> 2025-01: AI Agent应用工程师 -> 2025-02: AI Agent算法工程师; 大模型算法工程师 -> 2025-05: AI产品经理; 后端开发工程师; 解决方案工程师 -> 2025-07: 软件架构师 -> 2025-11: 全栈开发工程师 -> 2025-12: 测试开发工程师 -> 2026-03: Java开发工程师,2026-08-08T05:14:20+00:00
RISC-V,系统与运维,traditional,2,2024-12,C++开发工程师; iOS开发工程师; 嵌入式软件工程师; 服务器工程师; 硬件工程师; 芯片设计工程师; 芯片验证工程师; 通信工程师,8,1,low,观测起点已覆盖多个岗位，只能说明观测期内的覆盖和扩散，不能推断真实起源岗位,2026-07,5,9,1,驱动开发工程师,C++开发工程师; iOS开发工程师; 嵌入式软件工程师; 服务器工程师; 硬件工程师; 芯片设计工程师; 芯片验证工程师; 通信工程师; 驱动开发工程师,2024-12,C++开发工程师; 嵌入式软件工程师; 服务器工程师; 硬件工程师; 芯片设计工程师; 芯片验证工程师,6,9,3,通信工程师; 驱动开发工程师; iOS开发工程师,2024-12: C++开发工程师; 嵌入式软件工程师; 服务器工程师; 硬件工程师; 芯片设计工程师; 芯片验证工程师 -> 2025-01: 通信工程师; 驱动开发工程师 -> 2025-03: iOS开发工程师,9,2026-04,597,2024-12: C++开发工程师; iOS开发工程师; 嵌入式软件工程师; 服务器工程师; 硬件工程师; 芯片设计工程师; 芯片验证工程师; 通信工程师 -> 2025-01: 驱动开发工程师,2026-08-08T05:14:20+00:00
RLHF,大模型,new,2,2024-12,NLP算法工程师; 大模型算法工程师,2,1,medium,技能在观测起点已出现，首现岗位是观测窗口内首批岗位，不等同于真实起源岗位,2026-07,4,7,5,AI安全工程师; AI Agent算法工程师; AI产品经理; 大模型测试工程师; 解决方案工程师,NLP算法工程师; 大模型算法工程师; AI安全工程师; AI Agent算法工程师; AI产品经理; 大模型测试工程师; 解决方案工程师,2024-12,NLP算法工程师,1,6,5,AI安全工程师; AI Agent算法工程师; AI产品经理; 大模型测试工程师; 大模型算法工程师,2024-12: NLP算法工程师 -> 2025-01: AI安全工程师 -> 2025-02: AI Agent算法工程师 -> 2025-05: AI产品经理 -> 2025-08: 大模型测试工程师; 大模型算法工程师,6,2026-03,726,2024-12: NLP算法工程师; 大模型算法工程师 -> 2025-01: AI安全工程师 -> 2025-02: AI Agent算法工程师 -> 2025-05: AI产品经理 -> 2025-08: 大模型测试工程师 -> 2026-03: 解决方案工程师,2026-08-08T05:14:20+00:00
Ray,AI,traditional,2,2024-12,AI Agent算法工程师; 数据平台工程师; 通信工程师,3,1,medium,技能在观测起点已出现，首现岗位是观测窗口内首批岗位，不等同于真实起源岗位,2026-07,3,9,6,自动驾驶算法工程师; 推荐算法工程师; 机器学习算法工程师; 大模型测试工程师; 数据开发工程师; AI Infra工程师,AI Agent算法工程师; 数据平台工程师; 通信工程师; 自动驾驶算法工程师; 推荐算法工程师; 机器学习算法工程师; 大模型测试工程师; 数据开发工程师; AI Infra工程师,2024-12,数据平台工程师,1,7,6,自动驾驶算法工程师; 通信工程师; 推荐算法工程师; 大模型测试工程师; 机器学习算法工程师; 数据开发工程师,2024-12: 数据平台工程师 -> 2025-02: 自动驾驶算法工程师 -> 2025-05: 通信工程师 -> 2025-06: 推荐算法工程师 -> 2025-07: 大模型测试工程师 -> 2025-08: 机器学习算法工程师 -> 2026-02: 数据开发工程师,4,2026-06,74,2024-12: AI Agent算法工程师; 数据平台工程师; 通信工程师 -> 2025-01: 自动驾驶算法工程师 -> 2025-02: 推荐算法工程师 -> 2025-04: 机器学习算法工程师 -> 2025-05: 大模型测试工程师 -> 2025-08: 数据开发工程师 -> 2025-12: AI Infra工程师,2026-08-08T05:14:20+00:00
React,编程语言,traditional,2,2024-12,AI Agent应用工程师; AI安全工程师; AI应用工程师; Go开发工程师; 云计算工程师; 全栈开发工程师; 前端开发工程师; 嵌入式软件工程师; 软件架构师,9,1,low,观测起点已覆盖多个岗位，只能说明观测期内的覆盖和扩散，不能推断真实起源岗位,2026-07,6,17,8,AI Agent算法工程师; 芯片设计工程师; 大模型测试工程师; 数据挖掘算法工程师; 算法研究员; 客户端开发工程师; 网络工程师; 大模型应用工程师,AI Agent应用工程师; AI安全工程师; AI应用工程师; Go开发工程师; 云计算工程师; 全栈开发工程师; 前端开发工程师; 嵌入式软件工程师; 软件架构师; AI Agent算法工程师; 芯片设计工程师; 大模型测试工程师; 数据挖掘算法工程师; 算法研究员; 客户端开发工程师; 网络工程师; 大模型应用工程师,2024-12,AI Agent应用工程师; AI应用工程师; Go开发工程师; 全栈开发工程师; 前端开发工程师; 软件架构师,6,16,10,AI Agent算法工程师; AI安全工程师; 嵌入式软件工程师; 芯片设计工程师; 云计算工程师; 算法研究员; 客户端开发工程师; 数据挖掘算法工程师; 网络工程师; 大模型测试工程师,2024-12: AI Agent应用工程师; AI应用工程师; Go开发工程师; 全栈开发工程师; 前端开发工程师; 软件架构师 -> 2025-01: AI Agent算法工程师; AI安全工程师; 嵌入式软件工程师 -> 2025-03: 芯片设计工程师 -> 2025-04: 云计算工程师 -> 2025-05: 算法研究员 -> 2025-07: 客户端开发工程师; 数据挖掘算法工程师; 网络工程师 -> 2025-12: 大模型测试工程师,10,2025-07,697,2024-12: AI Agent应用工程师; AI安全工程师; AI应用工程师; Go开发工程师; 云计算工程师; 全栈开发工程师; 前端开发工程师; 嵌入式软件工程师; 软件架构师 -> 2025-01: AI Agent算法工程师; 芯片设计工程师 -> 2025-03: 大模型测试工程师 -> 2025-04: 数据挖掘算法工程师; 算法研究员 -> 2025-05: 客户端开发工程师 -> 2025-06: 网络工程师 -> 2026-03: 大模型应用工程师,2026-08-08T05:14:20+00:00
React Native,软件开发,traditional,2,2024-12,iOS开发工程师; 前端开发工程师; 嵌入式软件工程师,3,1,medium,技能在观测起点已出现，首现岗位是观测窗口内首批岗位，不等同于真实起源岗位,2026-07,3,5,2,Android开发工程师; AI应用工程师,iOS开发工程师; 前端开发工程师; 嵌入式软件工程师; Android开发工程师; AI应用工程师,2024-12,iOS开发工程师; 前端开发工程师,2,4,2,嵌入式软件工程师; Android开发工程师,2024-12: iOS开发工程师; 前端开发工程师 -> 2025-02: 嵌入式软件工程师 -> 2025-03: Android开发工程师,5,2025-09,436,2024-12: iOS开发工程师; 前端开发工程师; 嵌入式软件工程师 -> 2025-02: Android开发工程师 -> 2025-09: AI应用工程师,2026-08-08T05:14:20+00:00
Redis,数据工程,traditional,2,2024-12,C++开发工程师; Go开发工程师; Java开发工程师; Python开发工程师; 全栈开发工程师; 后端开发工程师; 安全工程师; 数据仓库工程师; 数据库工程师; 测试开发工程师; 网络安全工程师; 语音算法工程师; 软件开发工程师; 软件架构师; 运维工程师,15,1,low,观测起点已覆盖多个岗位，只能说明观测期内的覆盖和扩散，不能推断真实起源岗位,2026-07,10,22,7,信息安全工程师; 网络工程师; 数据开发工程师; 驱动开发工程师; AI应用工程师; 技术支持工程师; 数据挖掘算法工程师,C++开发工程师; Go开发工程师; Java开发工程师; Python开发工程师; 全栈开发工程师; 后端开发工程师; 安全工程师; 数据仓库工程师; 数据库工程师; 测试开发工程师; 网络安全工程师; 语音算法工程师; 软件开发工程师; 软件架构师; 运维工程师; 信息安全工程师; 网络工程师; 数据开发工程师; 驱动开发工程师; AI应用工程师; 技术支持工程师; 数据挖掘算法工程师,2024-12,C++开发工程师; Java开发工程师; 全栈开发工程师; 后端开发工程师; 安全工程师; 软件开发工程师; 运维工程师,7,22,15,Go开发工程师; Python开发工程师; 信息安全工程师; 数据仓库工程师; 数据库工程师; 测试开发工程师; 网络工程师; 语音算法工程师; 软件架构师; 网络安全工程师; 数据开发工程师; AI应用工程师; 驱动开发工程师; 技术支持工程师; 数据挖掘算法工程师,2024-12: C++开发工程师; Java开发工程师; 全栈开发工程师; 后端开发工程师; 安全工程师; 软件开发工程师; 运维工程师 -> 2025-01: Go开发工程师; Python开发工程师; 信息安全工程师; 数据仓库工程师; 数据库工程师; 测试开发工程师; 网络工程师; 语音算法工程师; 软件架构师 -> 2025-03: 网络安全工程师 -> 2025-04: 数据开发工程师 -> 2025-05: AI应用工程师; 驱动开发工程师 -> 2025-11: 技术支持工程师 -> 2026-02: 数据挖掘算法工程师,16,2025-01,1197,2024-12: C++开发工程师; Go开发工程师; Java开发工程师; Python开发工程师; 全栈开发工程师; 后端开发工程师; 安全工程师; 数据仓库工程师; 数据库工程师; 测试开发工程师; 网络安全工程师; 语音算法工程师; 软件开发工程师; 软件架构师; 运维工程师 -> 2025-01: 信息安全工程师; 网络工程师 -> 2025-02: 数据开发工程师 -> 2025-04: 驱动开发工程师 -> 2025-05: AI应用工程师 -> 2025-10: 技术支持工程师; 数据挖掘算法工程师,2026-08-08T05:14:20+00:00
Rust,编程语言,traditional,2,2024-12,AI Agent应用工程师; AI Agent算法工程师; C++开发工程师; iOS开发工程师; 安全工程师; 网络工程师; 芯片验证工程师; 音视频工程师,8,1,low,观测起点已覆盖多个岗位，只能说明观测期内的覆盖和扩散，不能推断真实起源岗位,2026-07,7,16,8,云计算工程师; 技术支持工程师; 数据库工程师; 硬件工程师; Android开发工程师; 后端开发工程师; 语音算法工程师; 测试开发工程师,AI Agent应用工程师; AI Agent算法工程师; C++开发工程师; iOS开发工程师; 安全工程师; 网络工程师; 芯片验证工程师; 音视频工程师; 云计算工程师; 技术支持工程师; 数据库工程师; 硬件工程师; Android开发工程师; 后端开发工程师; 语音算法工程师; 测试开发工程师,2024-12,AI Agent应用工程师; C++开发工程师; 安全工程师; 网络工程师; 芯片验证工程师; 音视频工程师,6,14,8,iOS开发工程师; 云计算工程师; 硬件工程师; Android开发工程师; 技术支持工程师; 数据库工程师; AI Agent算法工程师; 测试开发工程师,2024-12: AI Agent应用工程师; C++开发工程师; 安全工程师; 网络工程师; 芯片验证工程师; 音视频工程师 -> 2025-01: iOS开发工程师; 云计算工程师; 硬件工程师 -> 2025-02: Android开发工程师; 技术支持工程师; 数据库工程师 -> 2025-09: AI Agent算法工程师 -> 2026-07: 测试开发工程师,11,2025-04,408,2024-12: AI Agent应用工程师; AI Agent算法工程师; C++开发工程师; iOS开发工程师; 安全工程师; 网络工程师; 芯片验证工程师; 音视频工程师 -> 2025-01: 云计算工程师; 技术支持工程师; 数据库工程师; 硬件工程师 -> 2025-02: Android开发工程师 -> 2025-05: 后端开发工程师 -> 2026-02: 语音算法工程师 -> 2026-03: 测试开发工程师,2026-08-08T05:14:20+00:00
SFT,大模型,new,2,2024-12,NLP算法工程师; 大模型算法工程师,2,1,medium,技能在观测起点已出现，首现岗位是观测窗口内首批岗位，不等同于真实起源岗位,2026-07,4,8,6,多模态算法工程师; AI Agent算法工程师; 大模型应用工程师; 大模型测试工程师; AI产品经理; 解决方案工程师,NLP算法工程师; 大模型算法工程师; 多模态算法工程师; AI Agent算法工程师; 大模型应用工程师; 大模型测试工程师; AI产品经理; 解决方案工程师,2024-12,NLP算法工程师,1,5,4,多模态算法工程师; AI Agent算法工程师; 大模型测试工程师; 大模型算法工程师,2024-12: NLP算法工程师 -> 2025-01: 多模态算法工程师 -> 2025-02: AI Agent算法工程师 -> 2025-06: 大模型测试工程师 -> 2026-03: 大模型算法工程师,6,2026-03,707,2024-12: NLP算法工程师; 大模型算法工程师 -> 2025-01: 多模态算法工程师 -> 2025-02: AI Agent算法工程师 -> 2025-05: 大模型应用工程师 -> 2025-06: 大模型测试工程师 -> 2025-11: AI产品经理 -> 2026-03: 解决方案工程师,2026-08-08T05:14:20+00:00
SGLang,大模型,new,2,2025-03,AI Infra工程师; 大模型算法工程师,2,0,high,技能在观测期内首次出现，后续扩散路径可用于分析样本内技能迁移,2026-07,4,8,6,后端开发工程师; 系统软件工程师; DevOps工程师; 云计算工程师; 软件架构师; 解决方案工程师,AI Infra工程师; 大模型算法工程师; 后端开发工程师; 系统软件工程师; DevOps工程师; 云计算工程师; 软件架构师; 解决方案工程师,2025-03,AI Infra工程师,1,6,5,后端开发工程师; 系统软件工程师; DevOps工程师; 大模型算法工程师; 云计算工程师,2025-03: AI Infra工程师 -> 2025-04: 后端开发工程师 -> 2025-05: 系统软件工程师 -> 2025-09: DevOps工程师 -> 2026-01: 大模型算法工程师 -> 2026-05: 云计算工程师,5,2026-06,458,2025-03: AI Infra工程师; 大模型算法工程师 -> 2025-04: 后端开发工程师 -> 2025-05: 系统软件工程师 -> 2025-09: DevOps工程师 -> 2025-11: 云计算工程师; 软件架构师 -> 2026-07: 解决方案工程师,2026-08-08T05:14:20+00:00
SIMD,硬件与芯片,traditional,2,2024-12,音视频工程师,1,1,medium,技能在观测起点已出现，首现岗位是观测窗口内首批岗位，不等同于真实起源岗位,2026-07,1,3,2,系统软件工程师; 软件开发工程师,音视频工程师; 系统软件工程师; 软件开发工程师,2024-12,音视频工程师,1,3,2,软件开发工程师; 系统软件工程师,2024-12: 音视频工程师 -> 2025-04: 软件开发工程师 -> 2025-06: 系统软件工程师,2,2025-07,47,2024-12: 音视频工程师 -> 2025-03: 系统软件工程师 -> 2025-04: 软件开发工程师,2026-08-08T05:14:20+00:00
SLAM,机器人与自动驾驶,,2,2026-07,算法工程师,1,0,high,技能在观测期内首次出现，但目前尚未扩散到其他标准岗位,2026-07,1,1,0,,算法工程师,,,0,0,0,,,1,2026-07,1,2026-07: 算法工程师,2026-08-08T05:14:20+00:00
SRE,系统与运维,traditional,2,2024-12,AI安全工程师; C++开发工程师; DevOps工程师; Go开发工程师; 云计算工程师; 信息安全工程师; 前端开发工程师; 嵌入式软件工程师; 网络安全工程师; 解决方案工程师; 运维工程师,11,1,low,观测起点已覆盖多个岗位，只能说明观测期内的覆盖和扩散，不能推断真实起源岗位,2026-07,7,23,12,AI Infra工程师; iOS开发工程师; 大模型测试工程师; 技术支持工程师; 系统软件工程师; 软件架构师; 网络工程师; 全栈开发工程师; 自动驾驶算法工程师; 测试开发工程师; 机器学习算法工程师; 推荐算法工程师,AI安全工程师; C++开发工程师; DevOps工程师; Go开发工程师; 云计算工程师; 信息安全工程师; 前端开发工程师; 嵌入式软件工程师; 网络安全工程师; 解决方案工程师; 运维工程师; AI Infra工程师; iOS开发工程师; 大模型测试工程师; 技术支持工程师; 系统软件工程师; 软件架构师; 网络工程师; 全栈开发工程师; 自动驾驶算法工程师; 测试开发工程师; 机器学习算法工程师; 推荐算法工程师,2024-12,DevOps工程师; 信息安全工程师; 前端开发工程师; 网络安全工程师; 解决方案工程师; 运维工程师,6,19,13,AI安全工程师; C++开发工程师; 云计算工程师; 嵌入式软件工程师; 技术支持工程师; 软件架构师; iOS开发工程师; 全栈开发工程师; 网络工程师; 自动驾驶算法工程师; Go开发工程师; 大模型测试工程师; 测试开发工程师,2024-12: DevOps工程师; 信息安全工程师; 前端开发工程师; 网络安全工程师; 解决方案工程师; 运维工程师 -> 2025-01: AI安全工程师; C++开发工程师; 云计算工程师; 嵌入式软件工程师; 技术支持工程师 -> 2025-02: 软件架构师 -> 2025-03: iOS开发工程师; 全栈开发工程师; 网络工程师 -> 2025-04: 自动驾驶算法工程师 -> 2025-05: Go开发工程师 -> 2025-07: 大模型测试工程师 -> 2025-11: 测试开发工程师,16,2025-01,668,2024-12: AI安全工程师; C++开发工程师; DevOps工程师; Go开发工程师; 云计算工程师; 信息安全工程师; 前端开发工程师; 嵌入式软件工程师; 网络安全工程师; 解决方案工程师; 运维工程师 -> 2025-01: AI Infra工程师; iOS开发工程师; 大模型测试工程师; 技术支持工程师; 系统软件工程师; 软件架构师 -> 2025-02: 网络工程师 -> 2025-03: 全栈开发工程师; 自动驾驶算法工程师 -> 2025-05: 测试开发工程师 -> 2025-11: 机器学习算法工程师 -> 2026-04: 推荐算法工程师,2026-08-08T05:14:20+00:00
Scala,编程语言,traditional,2,2024-12,大数据开发工程师; 数据分析师; 数据工程师; 数据平台工程师,4,1,medium,技能在观测起点已出现，首现岗位是观测窗口内首批岗位，不等同于真实起源岗位,2026-07,3,6,2,数据开发工程师; 运维工程师,大数据开发工程师; 数据分析师; 数据工程师; 数据平台工程师; 数据开发工程师; 运维工程师,2024-12,大数据开发工程师; 数据分析师; 数据平台工程师,3,6,3,数据工程师; 数据开发工程师; 运维工程师,2024-12: 大数据开发工程师; 数据分析师; 数据平台工程师 -> 2025-01: 数据工程师 -> 2025-02: 数据开发工程师 -> 2025-08: 运维工程师,4,2026-05,280,2024-12: 大数据开发工程师; 数据分析师; 数据工程师; 数据平台工程师 -> 2025-01: 数据开发工程师 -> 2025-07: 运维工程师,2026-08-08T05:14:20+00:00
Shell脚本,编程语言,traditional,2,2024-12,DevOps工程师; Go开发工程师; Python开发工程师; 云计算工程师; 嵌入式软件工程师; 推荐算法工程师; 数据仓库工程师; 数据平台工程师; 数据开发工程师; 服务器工程师; 测试工程师; 测试开发工程师; 网络安全工程师; 网络工程师; 芯片设计工程师; 芯片验证工程师; 解决方案工程师; 语音算法工程师; 质量工程师; 运维工程师; 通信工程师,21,1,low,观测起点已覆盖多个岗位，只能说明观测期内的覆盖和扩散，不能推断真实起源岗位,2026-07,12,25,4,C++开发工程师; 安全工程师; 数据挖掘算法工程师; AI Infra工程师,DevOps工程师; Go开发工程师; Python开发工程师; 云计算工程师; 嵌入式软件工程师; 推荐算法工程师; 数据仓库工程师; 数据平台工程师; 数据开发工程师; 服务器工程师; 测试工程师; 测试开发工程师; 网络安全工程师; 网络工程师; 芯片设计工程师; 芯片验证工程师; 解决方案工程师; 语音算法工程师; 质量工程师; 运维工程师; 通信工程师; C++开发工程师; 安全工程师; 数据挖掘算法工程师; AI Infra工程师,2024-12,DevOps工程师; Python开发工程师; 云计算工程师; 嵌入式软件工程师; 数据平台工程师; 数据开发工程师; 测试工程师; 测试开发工程师; 网络安全工程师; 网络工程师; 芯片设计工程师; 芯片验证工程师; 解决方案工程师; 质量工程师; 运维工程师; 通信工程师,16,24,8,服务器工程师; Go开发工程师; 推荐算法工程师; 数据仓库工程师; 语音算法工程师; 安全工程师; 数据挖掘算法工程师; C++开发工程师,2024-12: DevOps工程师; Python开发工程师; 云计算工程师; 嵌入式软件工程师; 数据平台工程师; 数据开发工程师; 测试工程师; 测试开发工程师; 网络安全工程师; 网络工程师; 芯片设计工程师; 芯片验证工程师; 解决方案工程师; 质量工程师; 运维工程师; 通信工程师 -> 2025-01: 服务器工程师 -> 2025-02: Go开发工程师; 推荐算法工程师; 数据仓库工程师; 语音算法工程师 -> 2025-03: 安全工程师; 数据挖掘算法工程师 -> 2025-10: C++开发工程师,21,2024-12,1976,2024-12: DevOps工程师; Go开发工程师; Python开发工程师; 云计算工程师; 嵌入式软件工程师; 推荐算法工程师; 数据仓库工程师; 数据平台工程师; 数据开发工程师; 服务器工程师; 测试工程师; 测试开发工程师; 网络安全工程师; 网络工程师; 芯片设计工程师; 芯片验证工程师; 解决方案工程师; 语音算法工程师; 质量工程师; 运维工程师; 通信工程师 -> 2025-01: C++开发工程师; 安全工程师 -> 2025-03: 数据挖掘算法工程师 -> 2025-04: AI Infra工程师,2026-08-08T05:14:20+00:00
Spark,数据工程,traditional,2,2024-12,AI Agent应用工程师; C++开发工程师; NLP算法工程师; Python开发工程师; 信息安全工程师; 多模态算法工程师; 大数据开发工程师; 安全工程师; 广告算法工程师; 推荐算法工程师; 数据仓库工程师; 数据分析师; 数据工程师; 数据平台工程师; 数据开发工程师; 数据挖掘算法工程师; 数据治理工程师; 机器学习算法工程师; 测试工程师; 算法工程师; 网络安全工程师; 解决方案工程师; 软件开发工程师; 软件架构师; 通信工程师; 风控算法工程师,26,1,low,观测起点已覆盖多个岗位，只能说明观测期内的覆盖和扩散，不能推断真实起源岗位,2026-07,22,32,6,数据库工程师; 算法研究员; 网络工程师; 语音算法工程师; AI应用工程师; 测试开发工程师,AI Agent应用工程师; C++开发工程师; NLP算法工程师; Python开发工程师; 信息安全工程师; 多模态算法工程师; 大数据开发工程师; 安全工程师; 广告算法工程师; 推荐算法工程师; 数据仓库工程师; 数据分析师; 数据工程师; 数据平台工程师; 数据开发工程师; 数据挖掘算法工程师; 数据治理工程师; 机器学习算法工程师; 测试工程师; 算法工程师; 网络安全工程师; 解决方案工程师; 软件开发工程师; 软件架构师; 通信工程师; 风控算法工程师; 数据库工程师; 算法研究员; 网络工程师; 语音算法工程师; AI应用工程师; 测试开发工程师,2024-12,Python开发工程师; 信息安全工程师; 大数据开发工程师; 广告算法工程师; 推荐算法工程师; 数据仓库工程师; 数据分析师; 数据工程师; 数据平台工程师; 数据开发工程师; 数据挖掘算法工程师; 数据治理工程师; 机器学习算法工程师; 算法工程师; 网络安全工程师; 解决方案工程师; 软件开发工程师; 软件架构师; 风控算法工程师,19,29,10,AI Agent应用工程师; 安全工程师; 数据库工程师; 通信工程师; C++开发工程师; 测试工程师; 算法研究员; 网络工程师; 语音算法工程师; AI应用工程师,2024-12: Python开发工程师; 信息安全工程师; 大数据开发工程师; 广告算法工程师; 推荐算法工程师; 数据仓库工程师; 数据分析师; 数据工程师; 数据平台工程师; 数据开发工程师; 数据挖掘算法工程师; 数据治理工程师; 机器学习算法工程师; 算法工程师; 网络安全工程师; 解决方案工程师; 软件开发工程师; 软件架构师; 风控算法工程师 -> 2025-01: AI Agent应用工程师; 安全工程师; 数据库工程师; 通信工程师 -> 2025-02: C++开发工程师; 测试工程师; 算法研究员 -> 2025-05: 网络工程师; 语音算法工程师 -> 2026-06: AI应用工程师,26,2024-12,3665,2024-12: AI Agent应用工程师; C++开发工程师; NLP算法工程师; Python开发工程师; 信息安全工程师; 多模态算法工程师; 大数据开发工程师; 安全工程师; 广告算法工程师; 推荐算法工程师; 数据仓库工程师; 数据分析师; 数据工程师; 数据平台工程师; 数据开发工程师; 数据挖掘算法工程师; 数据治理工程师; 机器学习算法工程师; 测试工程师; 算法工程师; 网络安全工程师; 解决方案工程师; 软件开发工程师; 软件架构师; 通信工程师; 风控算法工程师 -> 2025-01: 数据库工程师; 算法研究员 -> 2025-03: 网络工程师; 语音算法工程师 -> 2025-05: AI应用工程师 -> 2026-01: 测试开发工程师,2026-08-08T05:14:20+00:00
Spring,软件开发,traditional,2,2024-12,AI Agent应用工程师; Java开发工程师,2,1,medium,技能在观测起点已出现，首现岗位是观测窗口内首批岗位，不等同于真实起源岗位,2026-07,1,3,1,解决方案工程师,AI Agent应用工程师; Java开发工程师; 解决方案工程师,2024-12,AI Agent应用工程师; Java开发工程师,2,3,1,解决方案工程师,2024-12: AI Agent应用工程师; Java开发工程师 -> 2025-01: 解决方案工程师,2,2025-10,213,2024-12: AI Agent应用工程师; Java开发工程师 -> 2025-01: 解决方案工程师,2026-08-08T05:14:20+00:00
Spring Boot,软件开发,traditional,2,2024-12,Java开发工程师; 全栈开发工程师; 解决方案工程师,3,1,medium,技能在观测起点已出现，首现岗位是观测窗口内首批岗位，不等同于真实起源岗位,2026-07,2,7,4,安全工程师; 软件架构师; 后端开发工程师; 数据开发工程师,Java开发工程师; 全栈开发工程师; 解决方案工程师; 安全工程师; 软件架构师; 后端开发工程师; 数据开发工程师,2024-12,Java开发工程师; 解决方案工程师,2,6,4,安全工程师; 全栈开发工程师; 软件架构师; 数据开发工程师,2024-12: Java开发工程师; 解决方案工程师 -> 2025-01: 安全工程师 -> 2025-03: 全栈开发工程师 -> 2025-05: 软件架构师 -> 2025-11: 数据开发工程师,4,2025-11,234,2024-12: Java开发工程师; 全栈开发工程师; 解决方案工程师 -> 2025-01: 安全工程师; 软件架构师 -> 2025-02: 后端开发工程师; 数据开发工程师,2026-08-08T05:14:20+00:00
Swift,编程语言,traditional,2,2024-12,AI Agent应用工程师; Android开发工程师; iOS开发工程师; 客户端开发工程师,4,1,medium,技能在观测起点已出现，首现岗位是观测窗口内首批岗位，不等同于真实起源岗位,2026-07,3,8,4,测试工程师; 测试开发工程师; 语音算法工程师; 技术支持工程师,AI Agent应用工程师; Android开发工程师; iOS开发工程师; 客户端开发工程师; 测试工程师; 测试开发工程师; 语音算法工程师; 技术支持工程师,2024-12,Android开发工程师; iOS开发工程师; 客户端开发工程师,3,7,4,测试工程师; 技术支持工程师; 语音算法工程师; 测试开发工程师,2024-12: Android开发工程师; iOS开发工程师; 客户端开发工程师 -> 2025-02: 测试工程师 -> 2025-06: 技术支持工程师 -> 2025-07: 语音算法工程师 -> 2025-11: 测试开发工程师,6,2025-11,702,2024-12: AI Agent应用工程师; Android开发工程师; iOS开发工程师; 客户端开发工程师 -> 2025-01: 测试工程师; 测试开发工程师 -> 2025-03: 语音算法工程师 -> 2025-06: 技术支持工程师,2026-08-08T05:14:20+00:00
TCP/IP,系统与运维,traditional,2,2024-12,DevOps工程师; Go开发工程师; Python开发工程师; 安全工程师; 嵌入式软件工程师; 数据库工程师; 网络安全工程师; 网络工程师; 运维工程师,9,1,low,观测起点已覆盖多个岗位，只能说明观测期内的覆盖和扩散，不能推断真实起源岗位,2026-07,5,12,3,iOS开发工程师; 芯片设计工程师; 解决方案工程师,DevOps工程师; Go开发工程师; Python开发工程师; 安全工程师; 嵌入式软件工程师; 数据库工程师; 网络安全工程师; 网络工程师; 运维工程师; iOS开发工程师; 芯片设计工程师; 解决方案工程师,2024-12,DevOps工程师; Go开发工程师; Python开发工程师; 安全工程师; 嵌入式软件工程师; 数据库工程师; 网络安全工程师; 网络工程师; 运维工程师,9,12,3,芯片设计工程师; iOS开发工程师; 解决方案工程师,2024-12: DevOps工程师; Go开发工程师; Python开发工程师; 安全工程师; 嵌入式软件工程师; 数据库工程师; 网络安全工程师; 网络工程师; 运维工程师 -> 2025-01: 芯片设计工程师 -> 2025-02: iOS开发工程师; 解决方案工程师,10,2025-04,885,2024-12: DevOps工程师; Go开发工程师; Python开发工程师; 安全工程师; 嵌入式软件工程师; 数据库工程师; 网络安全工程师; 网络工程师; 运维工程师 -> 2025-01: iOS开发工程师; 芯片设计工程师 -> 2025-02: 解决方案工程师,2026-08-08T05:14:20+00:00
TTS,大模型,new,2,2024-12,测试工程师; 语音算法工程师; 音视频工程师,3,1,medium,技能在观测起点已出现，首现岗位是观测窗口内首批岗位，不等同于真实起源岗位,2026-07,3,5,2,Android开发工程师; 广告算法工程师,测试工程师; 语音算法工程师; 音视频工程师; Android开发工程师; 广告算法工程师,2024-12,语音算法工程师; 音视频工程师,2,5,3,测试工程师; Android开发工程师; 广告算法工程师,2024-12: 语音算法工程师; 音视频工程师 -> 2025-03: 测试工程师 -> 2025-06: Android开发工程师 -> 2026-03: 广告算法工程师,4,2026-05,308,2024-12: 测试工程师; 语音算法工程师; 音视频工程师 -> 2025-05: Android开发工程师 -> 2025-12: 广告算法工程师,2026-08-08T05:14:20+00:00
TensorFlow,AI,traditional,2,2024-12,AI Agent算法工程师; AI Infra工程师; AIGC算法工程师; AI应用工程师; NLP算法工程师; 多模态算法工程师; 大模型测试工程师; 大模型算法工程师; 广告算法工程师; 推荐算法工程师; 搜索算法工程师; 数据分析师; 数据平台工程师; 数据挖掘算法工程师; 机器学习算法工程师; 硬件工程师; 算法工程师; 算法研究员; 网络安全工程师; 自动驾驶算法工程师; 芯片设计工程师; 计算机视觉算法工程师; 语音算法工程师; 质量工程师; 通信工程师; 音视频工程师; 风控算法工程师,27,1,low,观测起点已覆盖多个岗位，只能说明观测期内的覆盖和扩散，不能推断真实起源岗位,2026-07,23,30,3,数据工程师; 数据开发工程师; 客户端开发工程师,AI Agent算法工程师; AI Infra工程师; AIGC算法工程师; AI应用工程师; NLP算法工程师; 多模态算法工程师; 大模型测试工程师; 大模型算法工程师; 广告算法工程师; 推荐算法工程师; 搜索算法工程师; 数据分析师; 数据平台工程师; 数据挖掘算法工程师; 机器学习算法工程师; 硬件工程师; 算法工程师; 算法研究员; 网络安全工程师; 自动驾驶算法工程师; 芯片设计工程师; 计算机视觉算法工程师; 语音算法工程师; 质量工程师; 通信工程师; 音视频工程师; 风控算法工程师; 数据工程师; 数据开发工程师; 客户端开发工程师,2024-12,AI Agent算法工程师; AI Infra工程师; AIGC算法工程师; AI应用工程师; 大模型测试工程师; 大模型算法工程师; 广告算法工程师; 推荐算法工程师; 搜索算法工程师; 数据分析师; 数据挖掘算法工程师; 机器学习算法工程师; 硬件工程师; 算法工程师; 算法研究员; 网络安全工程师; 自动驾驶算法工程师; 芯片设计工程师; 计算机视觉算法工程师; 语音算法工程师; 质量工程师; 通信工程师; 音视频工程师; 风控算法工程师,24,28,4,数据平台工程师; 数据工程师; 多模态算法工程师; 数据开发工程师,2024-12: AI Agent算法工程师; AI Infra工程师; AIGC算法工程师; AI应用工程师; 大模型测试工程师; 大模型算法工程师; 广告算法工程师; 推荐算法工程师; 搜索算法工程师; 数据分析师; 数据挖掘算法工程师; 机器学习算法工程师; 硬件工程师; 算法工程师; 算法研究员; 网络安全工程师; 自动驾驶算法工程师; 芯片设计工程师; 计算机视觉算法工程师; 语音算法工程师; 质量工程师; 通信工程师; 音视频工程师; 风控算法工程师 -> 2025-01: 数据平台工程师 -> 2025-02: 数据工程师 -> 2025-12: 多模态算法工程师 -> 2026-07: 数据开发工程师,27,2024-12,3673,2024-12: AI Agent算法工程师; AI Infra工程师; AIGC算法工程师; AI应用工程师; NLP算法工程师; 多模态算法工程师; 大模型测试工程师; 大模型算法工程师; 广告算法工程师; 推荐算法工程师; 搜索算法工程师; 数据分析师; 数据平台工程师; 数据挖掘算法工程师; 机器学习算法工程师; 硬件工程师; 算法工程师; 算法研究员; 网络安全工程师; 自动驾驶算法工程师; 芯片设计工程师; 计算机视觉算法工程师; 语音算法工程师; 质量工程师; 通信工程师; 音视频工程师; 风控算法工程师 -> 2025-01: 数据工程师 -> 2025-08: 数据开发工程师 -> 2026-03: 客户端开发工程师,2026-08-08T05:14:20+00:00
TensorRT,大模型,new,2,2024-12,AI Infra工程师; 系统软件工程师,2,1,medium,技能在观测起点已出现，首现岗位是观测窗口内首批岗位，不等同于真实起源岗位,2026-07,6,9,7,大模型算法工程师; 芯片设计工程师; FPGA工程师; 云计算工程师; 后端开发工程师; DevOps工程师; 解决方案工程师,AI Infra工程师; 系统软件工程师; 大模型算法工程师; 芯片设计工程师; FPGA工程师; 云计算工程师; 后端开发工程师; DevOps工程师; 解决方案工程师,2024-12,AI Infra工程师; 系统软件工程师,2,9,7,芯片设计工程师; FPGA工程师; DevOps工程师; 后端开发工程师; 云计算工程师; 大模型算法工程师; 解决方案工程师,2024-12: AI Infra工程师; 系统软件工程师 -> 2025-01: 芯片设计工程师 -> 2025-02: FPGA工程师 -> 2025-08: DevOps工程师; 后端开发工程师 -> 2025-11: 云计算工程师 -> 2026-06: 大模型算法工程师; 解决方案工程师,7,2026-06,905,2024-12: AI Infra工程师; 系统软件工程师 -> 2025-01: 大模型算法工程师; 芯片设计工程师 -> 2025-02: FPGA工程师 -> 2025-06: 云计算工程师 -> 2025-07: 后端开发工程师 -> 2025-08: DevOps工程师 -> 2026-02: 解决方案工程师,2026-08-08T05:14:20+00:00
TensorRT-LLM,大模型,new,2,2024-12,通信工程师,1,1,medium,技能在观测起点已出现，首现岗位是观测窗口内首批岗位，不等同于真实起源岗位,2026-07,1,2,1,语音算法工程师,通信工程师; 语音算法工程师,2024-12,通信工程师,1,2,1,语音算法工程师,2024-12: 通信工程师 -> 2025-07: 语音算法工程师,2,2026-05,39,2024-12: 通信工程师 -> 2025-04: 语音算法工程师,2026-08-08T05:14:20+00:00
Tool Use,大模型,new,2,2025-02,AI Agent应用工程师; AI Agent算法工程师,2,0,high,技能在观测期内首次出现，后续扩散路径可用于分析样本内技能迁移,2026-07,2,8,6,大模型应用工程师; 软件架构师; 后端开发工程师; 测试开发工程师; 解决方案工程师; AI产品经理,AI Agent应用工程师; AI Agent算法工程师; 大模型应用工程师; 软件架构师; 后端开发工程师; 测试开发工程师; 解决方案工程师; AI产品经理,2025-03,大模型应用工程师; 软件架构师,2,6,4,AI Agent算法工程师; 后端开发工程师; 测试开发工程师; AI产品经理,2025-03: 大模型应用工程师; 软件架构师 -> 2025-07: AI Agent算法工程师 -> 2025-11: 后端开发工程师 -> 2026-02: 测试开发工程师 -> 2026-05: AI产品经理,3,2025-10,177,2025-02: AI Agent应用工程师; AI Agent算法工程师 -> 2025-03: 大模型应用工程师; 软件架构师 -> 2025-10: 后端开发工程师; 测试开发工程师 -> 2026-01: 解决方案工程师 -> 2026-03: AI产品经理,2026-08-08T05:14:20+00:00
Transformer,大模型,new,2,2024-12,技术支持工程师; 控制算法工程师; 硬件工程师; 算法工程师; 自动驾驶算法工程师; 质量工程师; 音视频工程师,7,1,low,观测起点已覆盖多个岗位，只能说明观测期内的覆盖和扩散，不能推断真实起源岗位,2026-07,12,16,9,数据分析师; 语音算法工程师; 数据开发工程师; 数据挖掘算法工程师; 机器学习算法工程师; 风控算法工程师; 测试工程师; 运维工程师; 推荐算法工程师,技术支持工程师; 控制算法工程师; 硬件工程师; 算法工程师; 自动驾驶算法工程师; 质量工程师; 音视频工程师; 数据分析师; 语音算法工程师; 数据开发工程师; 数据挖掘算法工程师; 机器学习算法工程师; 风控算法工程师; 测试工程师; 运维工程师; 推荐算法工程师,2024-12,控制算法工程师; 硬件工程师; 算法工程师; 质量工程师,4,16,12,技术支持工程师; 自动驾驶算法工程师; 音视频工程师; 数据开发工程师; 语音算法工程师; 数据分析师; 测试工程师; 机器学习算法工程师; 风控算法工程师; 推荐算法工程师; 数据挖掘算法工程师; 运维工程师,2024-12: 控制算法工程师; 硬件工程师; 算法工程师; 质量工程师 -> 2025-01: 技术支持工程师; 自动驾驶算法工程师; 音视频工程师 -> 2025-02: 数据开发工程师; 语音算法工程师 -> 2025-03: 数据分析师 -> 2025-06: 测试工程师 -> 2025-08: 机器学习算法工程师 -> 2025-10: 风控算法工程师 -> 2026-01: 推荐算法工程师 -> 2026-05: 数据挖掘算法工程师; 运维工程师,12,2026-07,567,2024-12: 技术支持工程师; 控制算法工程师; 硬件工程师; 算法工程师; 自动驾驶算法工程师; 质量工程师; 音视频工程师 -> 2025-01: 数据分析师; 语音算法工程师 -> 2025-02: 数据开发工程师 -> 2025-03: 数据挖掘算法工程师 -> 2025-04: 机器学习算法工程师; 风控算法工程师 -> 2025-05: 测试工程师 -> 2025-08: 运维工程师 -> 2025-11: 推荐算法工程师,2026-08-08T05:14:20+00:00
Triton,大模型,new,2,2024-12,AI Infra工程师; 大模型算法工程师; 系统软件工程师,3,1,medium,技能在观测起点已出现，首现岗位是观测窗口内首批岗位，不等同于真实起源岗位,2026-07,5,9,6,FPGA工程师; 芯片设计工程师; 云计算工程师; DevOps工程师; 后端开发工程师; 解决方案工程师,AI Infra工程师; 大模型算法工程师; 系统软件工程师; FPGA工程师; 芯片设计工程师; 云计算工程师; DevOps工程师; 后端开发工程师; 解决方案工程师,2024-12,AI Infra工程师; 系统软件工程师,2,8,6,FPGA工程师; 芯片设计工程师; 大模型算法工程师; DevOps工程师; 云计算工程师; 解决方案工程师,2024-12: AI Infra工程师; 系统软件工程师 -> 2025-01: FPGA工程师 -> 2025-02: 芯片设计工程师 -> 2025-03: 大模型算法工程师 -> 2025-07: DevOps工程师 -> 2026-02: 云计算工程师; 解决方案工程师,7,2026-02,926,2024-12: AI Infra工程师; 大模型算法工程师; 系统软件工程师 -> 2025-01: FPGA工程师 -> 2025-02: 芯片设计工程师 -> 2025-05: 云计算工程师 -> 2025-07: DevOps工程师 -> 2025-08: 后端开发工程师 -> 2026-01: 解决方案工程师,2026-08-08T05:14:20+00:00
TypeScript,编程语言,traditional,2,2024-12,AI安全工程师; AI应用工程师; 全栈开发工程师; 前端开发工程师; 技术支持工程师; 系统软件工程师,6,1,low,观测起点已覆盖多个岗位，只能说明观测期内的覆盖和扩散，不能推断真实起源岗位,2026-07,5,11,5,iOS开发工程师; 数据开发工程师; Android开发工程师; 客户端开发工程师; 网络工程师,AI安全工程师; AI应用工程师; 全栈开发工程师; 前端开发工程师; 技术支持工程师; 系统软件工程师; iOS开发工程师; 数据开发工程师; Android开发工程师; 客户端开发工程师; 网络工程师,2024-12,AI应用工程师; 全栈开发工程师; 前端开发工程师,3,11,8,AI安全工程师; iOS开发工程师; 技术支持工程师; 数据开发工程师; 客户端开发工程师; 系统软件工程师; 网络工程师; Android开发工程师,2024-12: AI应用工程师; 全栈开发工程师; 前端开发工程师 -> 2025-01: AI安全工程师; iOS开发工程师 -> 2025-02: 技术支持工程师 -> 2025-03: 数据开发工程师 -> 2025-07: 客户端开发工程师 -> 2025-08: 系统软件工程师; 网络工程师 -> 2025-09: Android开发工程师,8,2025-03,651,2024-12: AI安全工程师; AI应用工程师; 全栈开发工程师; 前端开发工程师; 技术支持工程师; 系统软件工程师 -> 2025-01: iOS开发工程师; 数据开发工程师 -> 2025-03: Android开发工程师; 客户端开发工程师 -> 2025-08: 网络工程师,2026-08-08T05:14:20+00:00
Unix,系统与运维,traditional,2,2024-12,Go开发工程师; 云计算工程师; 技术支持工程师; 解决方案工程师,4,1,medium,技能在观测起点已出现，首现岗位是观测窗口内首批岗位，不等同于真实起源岗位,2026-07,1,11,7,大模型测试工程师; 数据开发工程师; 系统软件工程师; Python开发工程师; 测试开发工程师; AI Agent应用工程师; 大模型算法工程师,Go开发工程师; 云计算工程师; 技术支持工程师; 解决方案工程师; 大模型测试工程师; 数据开发工程师; 系统软件工程师; Python开发工程师; 测试开发工程师; AI Agent应用工程师; 大模型算法工程师,2024-12,Go开发工程师,1,8,7,Python开发工程师; 大模型测试工程师; 技术支持工程师; 解决方案工程师; 数据开发工程师; 测试开发工程师; 云计算工程师,2024-12: Go开发工程师 -> 2025-02: Python开发工程师; 大模型测试工程师; 技术支持工程师; 解决方案工程师 -> 2025-03: 数据开发工程师; 测试开发工程师 -> 2025-04: 云计算工程师,5,2025-02,87,2024-12: Go开发工程师; 云计算工程师; 技术支持工程师; 解决方案工程师 -> 2025-01: 大模型测试工程师; 数据开发工程师; 系统软件工程师 -> 2025-02: Python开发工程师; 测试开发工程师 -> 2025-09: AI Agent应用工程师 -> 2026-01: 大模型算法工程师,2026-08-08T05:14:20+00:00
Unreal Engine,软件开发,traditional,2,2024-12,DevOps工程师; 云计算工程师; 图形图像工程师; 客户端开发工程师,4,1,medium,技能在观测起点已出现，首现岗位是观测窗口内首批岗位，不等同于真实起源岗位,2026-07,2,8,4,Python开发工程师; 计算机视觉算法工程师; 算法工程师; AIGC算法工程师,DevOps工程师; 云计算工程师; 图形图像工程师; 客户端开发工程师; Python开发工程师; 计算机视觉算法工程师; 算法工程师; AIGC算法工程师,2024-12,DevOps工程师; 图形图像工程师; 客户端开发工程师,3,6,3,Python开发工程师; 计算机视觉算法工程师; 算法工程师,2024-12: DevOps工程师; 图形图像工程师; 客户端开发工程师 -> 2025-06: Python开发工程师 -> 2025-12: 计算机视觉算法工程师 -> 2026-02: 算法工程师,5,2025-12,499,2024-12: DevOps工程师; 云计算工程师; 图形图像工程师; 客户端开发工程师 -> 2025-04: Python开发工程师 -> 2025-05: 计算机视觉算法工程师 -> 2025-08: 算法工程师 -> 2025-12: AIGC算法工程师,2026-08-08T05:14:20+00:00
VLA模型,大模型,new,2,2024-12,机器人算法工程师; 自动驾驶算法工程师,2,1,medium,技能在观测起点已出现，首现岗位是观测窗口内首批岗位，不等同于真实起源岗位,2026-07,2,2,0,,机器人算法工程师; 自动驾驶算法工程师,2024-12,机器人算法工程师,1,2,1,自动驾驶算法工程师,2024-12: 机器人算法工程师 -> 2025-01: 自动驾驶算法工程师,2,2026-07,396,2024-12: 机器人算法工程师; 自动驾驶算法工程师,2026-08-08T05:14:20+00:00
VLM,大模型,new,2,2025-01,多模态算法工程师; 大模型算法工程师; 计算机视觉算法工程师,3,0,high,技能在观测期内首次出现，后续扩散路径可用于分析样本内技能迁移,2026-07,3,10,7,大模型应用工程师; AIGC算法工程师; AI产品经理; AI Agent应用工程师; AI Agent算法工程师; 前端开发工程师; 解决方案工程师,多模态算法工程师; 大模型算法工程师; 计算机视觉算法工程师; 大模型应用工程师; AIGC算法工程师; AI产品经理; AI Agent应用工程师; AI Agent算法工程师; 前端开发工程师; 解决方案工程师,2025-01,多模态算法工程师; 计算机视觉算法工程师,2,8,6,AIGC算法工程师; 大模型应用工程师; 大模型算法工程师; AI Agent算法工程师; 前端开发工程师; AI产品经理,2025-01: 多模态算法工程师; 计算机视觉算法工程师 -> 2025-03: AIGC算法工程师 -> 2025-06: 大模型应用工程师 -> 2025-07: 大模型算法工程师 -> 2025-11: AI Agent算法工程师 -> 2026-02: 前端开发工程师 -> 2026-06: AI产品经理,5,2025-07,605,2025-01: 多模态算法工程师; 大模型算法工程师; 计算机视觉算法工程师 -> 2025-02: 大模型应用工程师 -> 2025-03: AIGC算法工程师 -> 2025-06: AI产品经理 -> 2025-08: AI Agent应用工程师 -> 2025-09: AI Agent算法工程师 -> 2026-01: 前端开发工程师 -> 2026-04: 解决方案工程师,2026-08-08T05:14:20+00:00
Vue.js,编程语言,traditional,2,2024-12,iOS开发工程师; 全栈开发工程师; 前端开发工程师; 网络工程师; 质量工程师,5,1,low,观测起点已覆盖多个岗位，只能说明观测期内的覆盖和扩散，不能推断真实起源岗位,2026-07,5,8,3,Go开发工程师; 嵌入式软件工程师; Android开发工程师,iOS开发工程师; 全栈开发工程师; 前端开发工程师; 网络工程师; 质量工程师; Go开发工程师; 嵌入式软件工程师; Android开发工程师,2024-12,iOS开发工程师; 全栈开发工程师; 前端开发工程师; 网络工程师,4,8,4,嵌入式软件工程师; 质量工程师; Go开发工程师; Android开发工程师,2024-12: iOS开发工程师; 全栈开发工程师; 前端开发工程师; 网络工程师 -> 2025-01: 嵌入式软件工程师; 质量工程师 -> 2025-02: Go开发工程师 -> 2025-05: Android开发工程师,8,2025-10,601,2024-12: iOS开发工程师; 全栈开发工程师; 前端开发工程师; 网络工程师; 质量工程师 -> 2025-01: Go开发工程师; 嵌入式软件工程师 -> 2025-03: Android开发工程师,2026-08-08T05:14:20+00:00
Webpack,软件开发,traditional,2,2024-12,前端开发工程师; 嵌入式软件工程师,2,1,medium,技能在观测起点已出现，首现岗位是观测窗口内首批岗位，不等同于真实起源岗位,2026-07,2,3,1,系统软件工程师,前端开发工程师; 嵌入式软件工程师; 系统软件工程师,2024-12,前端开发工程师; 嵌入式软件工程师,2,3,1,系统软件工程师,2024-12: 前端开发工程师; 嵌入式软件工程师 -> 2025-05: 系统软件工程师,3,2025-07,232,2024-12: 前端开发工程师; 嵌入式软件工程师 -> 2025-01: 系统软件工程师,2026-08-08T05:14:20+00:00
Web爬虫,数据工程,traditional,2,2024-12,AI Agent应用工程师; 网络安全工程师,2,1,medium,技能在观测起点已出现，首现岗位是观测窗口内首批岗位，不等同于真实起源岗位,2026-07,1,4,2,测试开发工程师; 大模型算法工程师,AI Agent应用工程师; 网络安全工程师; 测试开发工程师; 大模型算法工程师,2024-12,AI Agent应用工程师,1,3,2,网络安全工程师; 测试开发工程师,2024-12: AI Agent应用工程师 -> 2025-01: 网络安全工程师 -> 2025-09: 测试开发工程师,2,2026-05,43,2024-12: AI Agent应用工程师; 网络安全工程师 -> 2025-05: 测试开发工程师 -> 2026-05: 大模型算法工程师,2026-08-08T05:14:20+00:00
harness工程,软件工程,traditional,2,2024-12,AI Agent应用工程师,1,1,medium,技能在观测起点已出现，首现岗位是观测窗口内首批岗位，不等同于真实起源岗位,2024-12,1,1,0,,AI Agent应用工程师,,,0,0,0,,,1,2024-12,1,2024-12: AI Agent应用工程师,2026-08-08T05:14:20+00:00
iOS,软件开发,traditional,2,2024-12,Android开发工程师; iOS开发工程师; 多模态算法工程师; 客户端开发工程师; 测试开发工程师; 软件架构师; 音视频工程师,7,1,low,观测起点已覆盖多个岗位，只能说明观测期内的覆盖和扩散，不能推断真实起源岗位,2026-07,5,12,5,大模型测试工程师; 语音算法工程师; Java开发工程师; AI应用工程师; 全栈开发工程师,Android开发工程师; iOS开发工程师; 多模态算法工程师; 客户端开发工程师; 测试开发工程师; 软件架构师; 音视频工程师; 大模型测试工程师; 语音算法工程师; Java开发工程师; AI应用工程师; 全栈开发工程师,2024-12,Android开发工程师; iOS开发工程师; 客户端开发工程师; 软件架构师; 音视频工程师,5,10,5,大模型测试工程师; 测试开发工程师; Java开发工程师; 语音算法工程师; 多模态算法工程师,2024-12: Android开发工程师; iOS开发工程师; 客户端开发工程师; 软件架构师; 音视频工程师 -> 2025-03: 大模型测试工程师 -> 2025-04: 测试开发工程师 -> 2025-05: Java开发工程师; 语音算法工程师 -> 2026-07: 多模态算法工程师,7,2024-12,736,2024-12: Android开发工程师; iOS开发工程师; 多模态算法工程师; 客户端开发工程师; 测试开发工程师; 软件架构师; 音视频工程师 -> 2025-01: 大模型测试工程师 -> 2025-02: 语音算法工程师 -> 2025-03: Java开发工程师 -> 2025-06: AI应用工程师 -> 2025-09: 全栈开发工程师,2026-08-08T05:14:20+00:00
prompt工程,大模型,new,2,2024-12,AI Agent应用工程师; AI产品经理; 大模型应用工程师,3,1,medium,技能在观测起点已出现，首现岗位是观测窗口内首批岗位，不等同于真实起源岗位,2026-07,6,11,8,NLP算法工程师; 解决方案工程师; 大模型算法工程师; 软件架构师; 后端开发工程师; 测试开发工程师; 全栈开发工程师; 前端开发工程师,AI Agent应用工程师; AI产品经理; 大模型应用工程师; NLP算法工程师; 解决方案工程师; 大模型算法工程师; 软件架构师; 后端开发工程师; 测试开发工程师; 全栈开发工程师; 前端开发工程师,2024-12,AI Agent应用工程师; AI产品经理; 大模型应用工程师,3,9,6,NLP算法工程师; 解决方案工程师; 测试开发工程师; 软件架构师; 后端开发工程师; 大模型算法工程师,2024-12: AI Agent应用工程师; AI产品经理; 大模型应用工程师 -> 2025-01: NLP算法工程师; 解决方案工程师 -> 2025-06: 测试开发工程师 -> 2025-07: 软件架构师 -> 2025-10: 后端开发工程师 -> 2026-03: 大模型算法工程师,8,2026-02,1244,2024-12: AI Agent应用工程师; AI产品经理; 大模型应用工程师 -> 2025-01: NLP算法工程师; 解决方案工程师 -> 2025-02: 大模型算法工程师 -> 2025-05: 软件架构师 -> 2025-06: 后端开发工程师; 测试开发工程师 -> 2026-01: 全栈开发工程师 -> 2026-02: 前端开发工程师,2026-08-08T05:14:20+00:00
上下文工程,大模型,new,2,2025-03,AI Agent应用工程师; 大模型应用工程师,2,0,high,技能在观测期内首次出现，后续扩散路径可用于分析样本内技能迁移,2026-07,4,9,7,AI Agent算法工程师; 软件架构师; AI产品经理; 测试开发工程师; 后端开发工程师; 全栈开发工程师; 解决方案工程师,AI Agent应用工程师; 大模型应用工程师; AI Agent算法工程师; 软件架构师; AI产品经理; 测试开发工程师; 后端开发工程师; 全栈开发工程师; 解决方案工程师,2025-03,大模型应用工程师,1,6,5,软件架构师; AI Agent应用工程师; AI产品经理; 后端开发工程师; 测试开发工程师,2025-03: 大模型应用工程师 -> 2025-05: 软件架构师 -> 2025-06: AI Agent应用工程师 -> 2025-12: AI产品经理 -> 2026-05: 后端开发工程师 -> 2026-07: 测试开发工程师,4,2026-07,345,2025-03: AI Agent应用工程师; 大模型应用工程师 -> 2025-04: AI Agent算法工程师 -> 2025-05: 软件架构师 -> 2025-09: AI产品经理 -> 2025-10: 测试开发工程师 -> 2025-11: 后端开发工程师 -> 2026-05: 全栈开发工程师 -> 2026-07: 解决方案工程师,2026-08-08T05:14:20+00:00
世界模型,大模型,new,2,2025-02,数据开发工程师,1,0,high,技能在观测期内首次出现，后续扩散路径可用于分析样本内技能迁移,2026-05,1,2,1,搜索算法工程师,数据开发工程师; 搜索算法工程师,2025-12,数据开发工程师,1,1,0,,2025-12: 数据开发工程师,1,2026-05,5,2025-02: 数据开发工程师 -> 2026-05: 搜索算法工程师,2026-08-08T05:14:20+00:00
云计算,云计算,traditional,2,2024-12,AI Agent应用工程师; DevOps工程师; Go开发工程师; Java开发工程师; 云计算工程师; 技术支持工程师; 数据分析师; 服务器工程师; 机器人软件工程师; 网络安全工程师; 网络工程师; 解决方案工程师; 软件架构师; 运维工程师; 驱动开发工程师,15,1,low,观测起点已覆盖多个岗位，只能说明观测期内的覆盖和扩散，不能推断真实起源岗位,2026-07,13,25,10,Android开发工程师; C++开发工程师; 后端开发工程师; AI应用工程师; 自动驾驶算法工程师; 语音算法工程师; 算法工程师; 搜索算法工程师; 全栈开发工程师; 系统软件工程师,AI Agent应用工程师; DevOps工程师; Go开发工程师; Java开发工程师; 云计算工程师; 技术支持工程师; 数据分析师; 服务器工程师; 机器人软件工程师; 网络安全工程师; 网络工程师; 解决方案工程师; 软件架构师; 运维工程师; 驱动开发工程师; Android开发工程师; C++开发工程师; 后端开发工程师; AI应用工程师; 自动驾驶算法工程师; 语音算法工程师; 算法工程师; 搜索算法工程师; 全栈开发工程师; 系统软件工程师,2024-12,AI Agent应用工程师; Go开发工程师; 云计算工程师; 技术支持工程师; 服务器工程师; 机器人软件工程师; 网络工程师; 解决方案工程师; 软件架构师; 运维工程师; 驱动开发工程师,11,21,10,Android开发工程师; DevOps工程师; 数据分析师; 网络安全工程师; C++开发工程师; 自动驾驶算法工程师; 语音算法工程师; Java开发工程师; AI应用工程师; 后端开发工程师,2024-12: AI Agent应用工程师; Go开发工程师; 云计算工程师; 技术支持工程师; 服务器工程师; 机器人软件工程师; 网络工程师; 解决方案工程师; 软件架构师; 运维工程师; 驱动开发工程师 -> 2025-01: Android开发工程师; DevOps工程师; 数据分析师 -> 2025-02: 网络安全工程师 -> 2025-03: C++开发工程师 -> 2025-05: 自动驾驶算法工程师 -> 2025-08: 语音算法工程师 -> 2026-01: Java开发工程师 -> 2026-02: AI应用工程师 -> 2026-07: 后端开发工程师,16,2025-08,2072,2024-12: AI Agent应用工程师; DevOps工程师; Go开发工程师; Java开发工程师; 云计算工程师; 技术支持工程师; 数据分析师; 服务器工程师; 机器人软件工程师; 网络安全工程师; 网络工程师; 解决方案工程师; 软件架构师; 运维工程师; 驱动开发工程师 -> 2025-01: Android开发工程师; C++开发工程师 -> 2025-03: 后端开发工程师 -> 2025-04: AI应用工程师; 自动驾驶算法工程师 -> 2025-06: 语音算法工程师 -> 2025-07: 算法工程师 -> 2025-08: 搜索算法工程师 -> 2026-06: 全栈开发工程师 -> 2026-07: 系统软件工程师,2026-08-08T05:14:20+00:00
交互技术,交互体验,traditional,2,2024-12,数据分析师; 自动驾驶算法工程师,2,1,medium,技能在观测起点已出现，首现岗位是观测窗口内首批岗位，不等同于真实起源岗位,2026-07,2,5,3,算法研究员; AI应用工程师; 搜索算法工程师,数据分析师; 自动驾驶算法工程师; 算法研究员; AI应用工程师; 搜索算法工程师,2024-12,数据分析师,1,4,3,自动驾驶算法工程师; 算法研究员; 搜索算法工程师,2024-12: 数据分析师 -> 2025-01: 自动驾驶算法工程师 -> 2025-03: 算法研究员 -> 2026-02: 搜索算法工程师,4,2025-03,55,2024-12: 数据分析师; 自动驾驶算法工程师 -> 2025-02: 算法研究员 -> 2025-03: AI应用工程师 -> 2026-02: 搜索算法工程师,2026-08-08T05:14:20+00:00
人因工程,交互体验,traditional,2,2024-12,数据分析师,1,1,medium,技能在观测起点已出现，首现岗位是观测窗口内首批岗位，不等同于真实起源岗位,2026-07,1,1,0,,数据分析师,2024-12,数据分析师,1,1,0,,2024-12: 数据分析师,1,2026-07,37,2024-12: 数据分析师,2026-08-08T05:14:20+00:00
代价模型,算法与数学,traditional,2,2024-12,云计算工程师; 数据库工程师,2,1,medium,技能在观测起点已出现，首现岗位是观测窗口内首批岗位，不等同于真实起源岗位,2026-03,1,2,0,,云计算工程师; 数据库工程师,2025-01,云计算工程师,1,2,1,数据库工程师,2025-01: 云计算工程师 -> 2025-08: 数据库工程师,2,2025-08,16,2024-12: 云计算工程师; 数据库工程师,2026-08-08T05:14:20+00:00
仿真技术,科学计算与仿真,traditional,2,2024-12,C++开发工程师; 控制算法工程师; 机器人算法工程师; 机器人软件工程师; 热设计工程师; 电源工程师; 硬件工程师; 算法研究员; 结构工程师; 网络安全工程师; 通信工程师,11,1,low,观测起点已覆盖多个岗位，只能说明观测期内的覆盖和扩散，不能推断真实起源岗位,2026-07,10,20,9,服务器工程师; 芯片验证工程师; AI安全工程师; 安全工程师; 软件开发工程师; AI Agent算法工程师; 客户端开发工程师; 算法工程师; 计算机视觉算法工程师,C++开发工程师; 控制算法工程师; 机器人算法工程师; 机器人软件工程师; 热设计工程师; 电源工程师; 硬件工程师; 算法研究员; 结构工程师; 网络安全工程师; 通信工程师; 服务器工程师; 芯片验证工程师; AI安全工程师; 安全工程师; 软件开发工程师; AI Agent算法工程师; 客户端开发工程师; 算法工程师; 计算机视觉算法工程师,2024-12,控制算法工程师; 机器人算法工程师; 机器人软件工程师; 热设计工程师; 电源工程师; 硬件工程师; 结构工程师,7,18,11,C++开发工程师; 服务器工程师; 网络安全工程师; 安全工程师; 通信工程师; AI安全工程师; 芯片验证工程师; 客户端开发工程师; 算法研究员; 算法工程师; 软件开发工程师,2024-12: 控制算法工程师; 机器人算法工程师; 机器人软件工程师; 热设计工程师; 电源工程师; 硬件工程师; 结构工程师 -> 2025-01: C++开发工程师; 服务器工程师; 网络安全工程师 -> 2025-02: 安全工程师; 通信工程师 -> 2025-04: AI安全工程师; 芯片验证工程师 -> 2025-07: 客户端开发工程师 -> 2025-11: 算法研究员 -> 2026-01: 算法工程师 -> 2026-07: 软件开发工程师,15,2025-11,2225,2024-12: C++开发工程师; 控制算法工程师; 机器人算法工程师; 机器人软件工程师; 热设计工程师; 电源工程师; 硬件工程师; 算法研究员; 结构工程师; 网络安全工程师; 通信工程师 -> 2025-01: 服务器工程师; 芯片验证工程师 -> 2025-02: AI安全工程师; 安全工程师 -> 2025-04: 软件开发工程师 -> 2025-05: AI Agent算法工程师; 客户端开发工程师 -> 2025-09: 算法工程师 -> 2025-11: 计算机视觉算法工程师,2026-08-08T05:14:20+00:00
信号处理,硬件与芯片,traditional,2,2024-12,C++开发工程师; Python开发工程师; 解决方案工程师; 计算机视觉算法工程师; 语音算法工程师; 质量工程师; 通信工程师; 音视频工程师,8,1,low,观测起点已覆盖多个岗位，只能说明观测期内的覆盖和扩散，不能推断真实起源岗位,2026-07,9,13,5,嵌入式软件工程师; 测试工程师; 硬件工程师; 驱动开发工程师; 算法工程师,C++开发工程师; Python开发工程师; 解决方案工程师; 计算机视觉算法工程师; 语音算法工程师; 质量工程师; 通信工程师; 音视频工程师; 嵌入式软件工程师; 测试工程师; 硬件工程师; 驱动开发工程师; 算法工程师,2024-12,解决方案工程师; 计算机视觉算法工程师; 语音算法工程师; 通信工程师,4,12,8,Python开发工程师; 测试工程师; 硬件工程师; 质量工程师; 音视频工程师; C++开发工程师; 嵌入式软件工程师; 驱动开发工程师,2024-12: 解决方案工程师; 计算机视觉算法工程师; 语音算法工程师; 通信工程师 -> 2025-01: Python开发工程师; 测试工程师; 硬件工程师; 质量工程师; 音视频工程师 -> 2025-02: C++开发工程师; 嵌入式软件工程师 -> 2025-03: 驱动开发工程师,11,2025-10,635,2024-12: C++开发工程师; Python开发工程师; 解决方案工程师; 计算机视觉算法工程师; 语音算法工程师; 质量工程师; 通信工程师; 音视频工程师 -> 2025-01: 嵌入式软件工程师; 测试工程师; 硬件工程师; 驱动开发工程师 -> 2025-11: 算法工程师,2026-08-08T05:14:20+00:00
信号完整性,硬件与芯片,traditional,2,2024-12,电源工程师; 硬件工程师; 解决方案工程师; 质量工程师,4,1,medium,技能在观测起点已出现，首现岗位是观测窗口内首批岗位，不等同于真实起源岗位,2026-07,3,4,0,,电源工程师; 硬件工程师; 解决方案工程师; 质量工程师,2024-12,硬件工程师; 解决方案工程师; 质量工程师,3,4,1,电源工程师,2024-12: 硬件工程师; 解决方案工程师; 质量工程师 -> 2025-01: 电源工程师,4,2026-02,341,2024-12: 电源工程师; 硬件工程师; 解决方案工程师; 质量工程师,2026-08-08T05:14:20+00:00
信息安全,安全,traditional,2,2024-12,AI Agent算法工程师; AI产品经理; Android开发工程师; C++开发工程师; NLP算法工程师; Python开发工程师; 信息安全工程师; 安全工程师; 数据分析师; 数据平台工程师; 算法研究员; 网络安全工程师,12,1,low,观测起点已覆盖多个岗位，只能说明观测期内的覆盖和扩散，不能推断真实起源岗位,2026-07,6,16,4,iOS开发工程师; 系统软件工程师; 风控算法工程师; 后端开发工程师,AI Agent算法工程师; AI产品经理; Android开发工程师; C++开发工程师; NLP算法工程师; Python开发工程师; 信息安全工程师; 安全工程师; 数据分析师; 数据平台工程师; 算法研究员; 网络安全工程师; iOS开发工程师; 系统软件工程师; 风控算法工程师; 后端开发工程师,2024-12,AI产品经理; Python开发工程师; 信息安全工程师; 安全工程师; 数据平台工程师; 算法研究员; 网络安全工程师,7,14,7,AI Agent算法工程师; Android开发工程师; C++开发工程师; iOS开发工程师; 数据分析师; NLP算法工程师; 风控算法工程师,2024-12: AI产品经理; Python开发工程师; 信息安全工程师; 安全工程师; 数据平台工程师; 算法研究员; 网络安全工程师 -> 2025-01: AI Agent算法工程师; Android开发工程师; C++开发工程师; iOS开发工程师 -> 2025-03: 数据分析师 -> 2025-11: NLP算法工程师 -> 2026-05: 风控算法工程师,12,2025-01,974,2024-12: AI Agent算法工程师; AI产品经理; Android开发工程师; C++开发工程师; NLP算法工程师; Python开发工程师; 信息安全工程师; 安全工程师; 数据分析师; 数据平台工程师; 算法研究员; 网络安全工程师 -> 2025-01: iOS开发工程师; 系统软件工程师 -> 2025-02: 风控算法工程师 -> 2026-06: 后端开发工程师,2026-08-08T05:14:20+00:00
信息检索,AI,traditional,2,2024-12,NLP算法工程师; 推荐算法工程师,2,1,medium,技能在观测起点已出现，首现岗位是观测窗口内首批岗位，不等同于真实起源岗位,2026-07,1,7,5,云计算工程师; 芯片设计工程师; 搜索算法工程师; 数据挖掘算法工程师; 广告算法工程师,NLP算法工程师; 推荐算法工程师; 云计算工程师; 芯片设计工程师; 搜索算法工程师; 数据挖掘算法工程师; 广告算法工程师,2024-12,NLP算法工程师; 推荐算法工程师,2,5,3,芯片设计工程师; 搜索算法工程师; 数据挖掘算法工程师,2024-12: NLP算法工程师; 推荐算法工程师 -> 2025-03: 芯片设计工程师 -> 2025-06: 搜索算法工程师; 数据挖掘算法工程师,3,2025-06,203,2024-12: NLP算法工程师; 推荐算法工程师 -> 2025-01: 云计算工程师; 芯片设计工程师 -> 2025-05: 搜索算法工程师; 数据挖掘算法工程师 -> 2025-08: 广告算法工程师,2026-08-08T05:14:20+00:00
信息论,算法与数学,traditional,2,2024-12,AI Agent算法工程师; 音视频工程师,2,1,medium,技能在观测起点已出现，首现岗位是观测窗口内首批岗位，不等同于真实起源岗位,2026-07,1,2,0,,AI Agent算法工程师; 音视频工程师,2024-12,AI Agent算法工程师; 音视频工程师,2,2,0,,2024-12: AI Agent算法工程师; 音视频工程师,2,2025-01,30,2024-12: AI Agent算法工程师; 音视频工程师,2026-08-08T05:14:20+00:00
健康算法,行业应用,traditional,2,2024-12,驱动开发工程师,1,1,medium,技能在观测起点已出现，首现岗位是观测窗口内首批岗位，不等同于真实起源岗位,2026-07,1,1,0,,驱动开发工程师,2025-01,驱动开发工程师,1,1,0,,2025-01: 驱动开发工程师,1,2026-07,20,2024-12: 驱动开发工程师,2026-08-08T05:14:20+00:00
充电系统,硬件与芯片,traditional,2,2024-12,电源工程师; 驱动开发工程师,2,1,medium,技能在观测起点已出现，首现岗位是观测窗口内首批岗位，不等同于真实起源岗位,2026-07,2,3,1,通信工程师,电源工程师; 驱动开发工程师; 通信工程师,2024-12,电源工程师; 驱动开发工程师,2,3,1,通信工程师,2024-12: 电源工程师; 驱动开发工程师 -> 2025-03: 通信工程师,3,2026-06,98,2024-12: 电源工程师; 驱动开发工程师 -> 2025-03: 通信工程师,2026-08-08T05:14:20+00:00
光学技术,硬件与芯片,traditional,2,2024-12,图形图像工程师; 嵌入式软件工程师; 硬件工程师; 结构工程师,4,1,medium,技能在观测起点已出现，首现岗位是观测窗口内首批岗位，不等同于真实起源岗位,2026-07,4,6,2,系统软件工程师; 计算机视觉算法工程师,图形图像工程师; 嵌入式软件工程师; 硬件工程师; 结构工程师; 系统软件工程师; 计算机视觉算法工程师,2024-12,图形图像工程师; 嵌入式软件工程师; 硬件工程师; 结构工程师,4,4,0,,2024-12: 图形图像工程师; 嵌入式软件工程师; 硬件工程师; 结构工程师,5,2025-10,814,2024-12: 图形图像工程师; 嵌入式软件工程师; 硬件工程师; 结构工程师 -> 2025-01: 系统软件工程师 -> 2025-10: 计算机视觉算法工程师,2026-08-08T05:14:20+00:00
内存管理,软件工程,traditional,2,2024-12,Android开发工程师; C++开发工程师; iOS开发工程师; 云计算工程师; 安全工程师; 嵌入式软件工程师; 解决方案工程师; 通信工程师,8,1,low,观测起点已覆盖多个岗位，只能说明观测期内的覆盖和扩散，不能推断真实起源岗位,2026-07,3,20,12,全栈开发工程师; 推荐算法工程师; 数据库工程师; 算法研究员; 系统软件工程师; 软件开发工程师; 数据开发工程师; 多模态算法工程师; 运维工程师; AI Infra工程师; 前端开发工程师; 机器学习算法工程师,Android开发工程师; C++开发工程师; iOS开发工程师; 云计算工程师; 安全工程师; 嵌入式软件工程师; 解决方案工程师; 通信工程师; 全栈开发工程师; 推荐算法工程师; 数据库工程师; 算法研究员; 系统软件工程师; 软件开发工程师; 数据开发工程师; 多模态算法工程师; 运维工程师; AI Infra工程师; 前端开发工程师; 机器学习算法工程师,2024-12,C++开发工程师; iOS开发工程师; 云计算工程师; 安全工程师; 嵌入式软件工程师; 解决方案工程师; 通信工程师,7,14,7,Android开发工程师; 数据库工程师; 算法研究员; 推荐算法工程师; 数据开发工程师; 系统软件工程师; 软件开发工程师,2024-12: C++开发工程师; iOS开发工程师; 云计算工程师; 安全工程师; 嵌入式软件工程师; 解决方案工程师; 通信工程师 -> 2025-01: Android开发工程师 -> 2025-02: 数据库工程师; 算法研究员 -> 2025-06: 推荐算法工程师 -> 2025-09: 数据开发工程师 -> 2026-04: 系统软件工程师; 软件开发工程师,11,2025-01,660,2024-12: Android开发工程师; C++开发工程师; iOS开发工程师; 云计算工程师; 安全工程师; 嵌入式软件工程师; 解决方案工程师; 通信工程师 -> 2025-01: 全栈开发工程师; 推荐算法工程师; 数据库工程师; 算法研究员; 系统软件工程师 -> 2025-03: 软件开发工程师 -> 2025-04: 数据开发工程师 -> 2025-05: 多模态算法工程师; 运维工程师 -> 2026-01: AI Infra工程师 -> 2026-04: 前端开发工程师 -> 2026-06: 机器学习算法工程师,2026-08-08T05:14:20+00:00
分布式存储,数据工程,traditional,2,2024-12,DevOps工程师; Go开发工程师; Python开发工程师; 云计算工程师; 多模态算法工程师; 自动驾驶算法工程师,6,1,low,观测起点已覆盖多个岗位，只能说明观测期内的覆盖和扩散，不能推断真实起源岗位,2026-07,3,12,6,技术支持工程师; 数据工程师; 芯片设计工程师; 数据开发工程师; 机器学习算法工程师; 搜索算法工程师,DevOps工程师; Go开发工程师; Python开发工程师; 云计算工程师; 多模态算法工程师; 自动驾驶算法工程师; 技术支持工程师; 数据工程师; 芯片设计工程师; 数据开发工程师; 机器学习算法工程师; 搜索算法工程师,2024-12,DevOps工程师; Python开发工程师; 云计算工程师; 自动驾驶算法工程师,4,9,5,技术支持工程师; Go开发工程师; 数据工程师; 芯片设计工程师; 数据开发工程师,2024-12: DevOps工程师; Python开发工程师; 云计算工程师; 自动驾驶算法工程师 -> 2025-02: 技术支持工程师 -> 2025-03: Go开发工程师; 数据工程师 -> 2026-01: 芯片设计工程师 -> 2026-02: 数据开发工程师,6,2025-03,124,2024-12: DevOps工程师; Go开发工程师; Python开发工程师; 云计算工程师; 多模态算法工程师; 自动驾驶算法工程师 -> 2025-01: 技术支持工程师 -> 2025-02: 数据工程师 -> 2025-05: 芯片设计工程师 -> 2025-06: 数据开发工程师 -> 2025-08: 机器学习算法工程师 -> 2026-05: 搜索算法工程师,2026-08-08T05:14:20+00:00
分布式系统,软件工程,traditional,2,2024-12,AI Agent应用工程师; AI Infra工程师; AI产品经理; AI安全工程师; Go开发工程师; Java开发工程师; 云计算工程师; 全栈开发工程师; 后端开发工程师; 多模态算法工程师; 大模型应用工程师; 安全工程师; 技术支持工程师; 搜索算法工程师; 数据分析师; 数据库工程师; 数据开发工程师; 机器人算法工程师; 机器学习算法工程师; 硬件工程师; 芯片设计工程师; 解决方案工程师; 软件开发工程师; 软件架构师; 运维工程师; 音视频工程师,26,1,low,观测起点已覆盖多个岗位，只能说明观测期内的覆盖和扩散，不能推断真实起源岗位,2026-07,17,33,7,服务器工程师; Android开发工程师; 通信工程师; 数据平台工程师; 风控算法工程师; NLP算法工程师; 系统软件工程师,AI Agent应用工程师; AI Infra工程师; AI产品经理; AI安全工程师; Go开发工程师; Java开发工程师; 云计算工程师; 全栈开发工程师; 后端开发工程师; 多模态算法工程师; 大模型应用工程师; 安全工程师; 技术支持工程师; 搜索算法工程师; 数据分析师; 数据库工程师; 数据开发工程师; 机器人算法工程师; 机器学习算法工程师; 硬件工程师; 芯片设计工程师; 解决方案工程师; 软件开发工程师; 软件架构师; 运维工程师; 音视频工程师; 服务器工程师; Android开发工程师; 通信工程师; 数据平台工程师; 风控算法工程师; NLP算法工程师; 系统软件工程师,2024-12,AI Agent应用工程师; AI Infra工程师; AI产品经理; Go开发工程师; Java开发工程师; 云计算工程师; 全栈开发工程师; 后端开发工程师; 技术支持工程师; 搜索算法工程师; 数据分析师; 数据库工程师; 机器人算法工程师; 机器学习算法工程师; 解决方案工程师; 软件开发工程师; 软件架构师; 运维工程师; 音视频工程师,19,29,10,安全工程师; 服务器工程师; 硬件工程师; AI安全工程师; 大模型应用工程师; 芯片设计工程师; Android开发工程师; 通信工程师; 数据平台工程师; 风控算法工程师,2024-12: AI Agent应用工程师; AI Infra工程师; AI产品经理; Go开发工程师; Java开发工程师; 云计算工程师; 全栈开发工程师; 后端开发工程师; 技术支持工程师; 搜索算法工程师; 数据分析师; 数据库工程师; 机器人算法工程师; 机器学习算法工程师; 解决方案工程师; 软件开发工程师; 软件架构师; 运维工程师; 音视频工程师 -> 2025-01: 安全工程师; 服务器工程师; 硬件工程师 -> 2025-02: AI安全工程师; 大模型应用工程师; 芯片设计工程师 -> 2025-03: Android开发工程师 -> 2025-04: 通信工程师 -> 2025-05: 数据平台工程师; 风控算法工程师,26,2025-02,3078,2024-12: AI Agent应用工程师; AI Infra工程师; AI产品经理; AI安全工程师; Go开发工程师; Java开发工程师; 云计算工程师; 全栈开发工程师; 后端开发工程师; 多模态算法工程师; 大模型应用工程师; 安全工程师; 技术支持工程师; 搜索算法工程师; 数据分析师; 数据库工程师; 数据开发工程师; 机器人算法工程师; 机器学习算法工程师; 硬件工程师; 芯片设计工程师; 解决方案工程师; 软件开发工程师; 软件架构师; 运维工程师; 音视频工程师 -> 2025-01: 服务器工程师 -> 2025-02: Android开发工程师; 通信工程师 -> 2025-05: 数据平台工程师; 风控算法工程师 -> 2025-12: NLP算法工程师 -> 2026-05: 系统软件工程师,2026-08-08T05:14:20+00:00
分布式计算,数据工程,traditional,2,2024-12,广告算法工程师; 数据工程师; 服务器工程师,3,1,medium,技能在观测起点已出现，首现岗位是观测窗口内首批岗位，不等同于真实起源岗位,2026-07,4,9,6,NLP算法工程师; Python开发工程师; 推荐算法工程师; 机器学习算法工程师; 算法工程师; 数据开发工程师,广告算法工程师; 数据工程师; 服务器工程师; NLP算法工程师; Python开发工程师; 推荐算法工程师; 机器学习算法工程师; 算法工程师; 数据开发工程师,2024-12,广告算法工程师; 数据工程师,2,6,4,Python开发工程师; 服务器工程师; 推荐算法工程师; 机器学习算法工程师,2024-12: 广告算法工程师; 数据工程师 -> 2025-03: Python开发工程师; 服务器工程师 -> 2025-04: 推荐算法工程师 -> 2025-07: 机器学习算法工程师,5,2025-05,263,2024-12: 广告算法工程师; 数据工程师; 服务器工程师 -> 2025-01: NLP算法工程师; Python开发工程师; 推荐算法工程师 -> 2025-05: 机器学习算法工程师 -> 2025-06: 算法工程师 -> 2026-07: 数据开发工程师,2026-08-08T05:14:20+00:00
分布式训练,大模型,new,2,2024-12,AI Infra工程师; 大模型算法工程师,2,1,medium,技能在观测起点已出现，首现岗位是观测窗口内首批岗位，不等同于真实起源岗位,2026-07,5,9,7,NLP算法工程师; 多模态算法工程师; 系统软件工程师; 云计算工程师; DevOps工程师; 后端开发工程师; 解决方案工程师,AI Infra工程师; 大模型算法工程师; NLP算法工程师; 多模态算法工程师; 系统软件工程师; 云计算工程师; DevOps工程师; 后端开发工程师; 解决方案工程师,2024-12,AI Infra工程师,1,7,6,NLP算法工程师; 多模态算法工程师; 系统软件工程师; DevOps工程师; 云计算工程师; 解决方案工程师,2024-12: AI Infra工程师 -> 2025-01: NLP算法工程师 -> 2025-02: 多模态算法工程师; 系统软件工程师 -> 2025-08: DevOps工程师 -> 2025-10: 云计算工程师 -> 2026-02: 解决方案工程师,6,2026-03,867,2024-12: AI Infra工程师; 大模型算法工程师 -> 2025-01: NLP算法工程师 -> 2025-02: 多模态算法工程师; 系统软件工程师 -> 2025-06: 云计算工程师 -> 2025-08: DevOps工程师 -> 2025-12: 后端开发工程师 -> 2026-02: 解决方案工程师,2026-08-08T05:14:20+00:00
功能安全,安全,traditional,2,2024-12,信息安全工程师; 硬件工程师,2,1,medium,技能在观测起点已出现，首现岗位是观测窗口内首批岗位，不等同于真实起源岗位,2026-07,1,3,1,测试工程师,信息安全工程师; 硬件工程师; 测试工程师,2024-12,硬件工程师,1,3,2,信息安全工程师; 测试工程师,2024-12: 硬件工程师 -> 2025-01: 信息安全工程师 -> 2025-02: 测试工程师,3,2025-06,64,2024-12: 信息安全工程师; 硬件工程师 -> 2025-02: 测试工程师,2026-08-08T05:14:20+00:00
动画技术,计算机视觉与图形,traditional,2,2024-12,前端开发工程师; 客户端开发工程师,2,1,medium,技能在观测起点已出现，首现岗位是观测窗口内首批岗位，不等同于真实起源岗位,2026-07,1,3,1,iOS开发工程师,前端开发工程师; 客户端开发工程师; iOS开发工程师,2024-12,客户端开发工程师,1,3,2,iOS开发工程师; 前端开发工程师,2024-12: 客户端开发工程师 -> 2025-01: iOS开发工程师; 前端开发工程师,3,2025-04,197,2024-12: 前端开发工程师; 客户端开发工程师 -> 2025-01: iOS开发工程师,2026-08-08T05:14:20+00:00
参数估计,算法与数学,traditional,2,2024-12,电源工程师,1,1,medium,技能在观测起点已出现，首现岗位是观测窗口内首批岗位，不等同于真实起源岗位,2026-07,1,1,0,,电源工程师,2024-12,电源工程师,1,1,0,,2024-12: 电源工程师,1,2026-07,279,2024-12: 电源工程师,2026-08-08T05:14:20+00:00
可靠性设计,系统与运维,traditional,2,2025-01,芯片验证工程师,1,0,medium,传统技能在观测期内首次出现，可分析样本内扩散，但不代表行业真实首次出现,2026-04,1,1,0,,芯片验证工程师,2025-02,芯片验证工程师,1,1,0,,2025-02: 芯片验证工程师,1,2026-04,14,2025-01: 芯片验证工程师,2026-08-08T05:14:20+00:00
向量数据库,数据工程,new,2,2024-12,大模型应用工程师; 搜索算法工程师; 数据开发工程师,3,1,medium,技能在观测起点已出现，首现岗位是观测窗口内首批岗位，不等同于真实起源岗位,2026-07,5,11,8,数据平台工程师; AI Agent应用工程师; 后端开发工程师; 软件架构师; AI产品经理; 解决方案工程师; 全栈开发工程师; DevOps工程师,大模型应用工程师; 搜索算法工程师; 数据开发工程师; 数据平台工程师; AI Agent应用工程师; 后端开发工程师; 软件架构师; AI产品经理; 解决方案工程师; 全栈开发工程师; DevOps工程师,2024-12,大模型应用工程师; 搜索算法工程师; 数据开发工程师,3,8,5,数据平台工程师; 后端开发工程师; 解决方案工程师; AI Agent应用工程师; 软件架构师,2024-12: 大模型应用工程师; 搜索算法工程师; 数据开发工程师 -> 2025-01: 数据平台工程师 -> 2025-07: 后端开发工程师 -> 2025-08: 解决方案工程师 -> 2025-09: AI Agent应用工程师; 软件架构师,8,2025-09,1066,2024-12: 大模型应用工程师; 搜索算法工程师; 数据开发工程师 -> 2025-01: 数据平台工程师 -> 2025-02: AI Agent应用工程师; 后端开发工程师 -> 2025-06: 软件架构师 -> 2025-08: AI产品经理; 解决方案工程师 -> 2026-02: 全栈开发工程师 -> 2026-04: DevOps工程师,2026-08-08T05:14:20+00:00
因果推断,算法与数学,new,2,2024-12,数据分析师; 算法工程师,2,1,medium,技能在观测起点已出现，首现岗位是观测窗口内首批岗位，不等同于真实起源岗位,2026-07,6,8,6,机器学习算法工程师; 数据平台工程师; 测试工程师; 推荐算法工程师; 数据挖掘算法工程师; 广告算法工程师,数据分析师; 算法工程师; 机器学习算法工程师; 数据平台工程师; 测试工程师; 推荐算法工程师; 数据挖掘算法工程师; 广告算法工程师,2024-12,数据分析师; 算法工程师,2,8,6,测试工程师; 推荐算法工程师; 机器学习算法工程师; 数据平台工程师; 广告算法工程师; 数据挖掘算法工程师,2024-12: 数据分析师; 算法工程师 -> 2025-02: 测试工程师 -> 2025-03: 推荐算法工程师; 机器学习算法工程师 -> 2025-05: 数据平台工程师 -> 2025-09: 广告算法工程师 -> 2025-10: 数据挖掘算法工程师,6,2026-07,537,2024-12: 数据分析师; 算法工程师 -> 2025-01: 机器学习算法工程师 -> 2025-02: 数据平台工程师; 测试工程师 -> 2025-03: 推荐算法工程师 -> 2025-07: 数据挖掘算法工程师 -> 2025-08: 广告算法工程师,2026-08-08T05:14:20+00:00
国产化适配,系统与运维,traditional,2,2024-12,服务器工程师; 通信工程师,2,1,medium,技能在观测起点已出现，首现岗位是观测窗口内首批岗位，不等同于真实起源岗位,2026-07,1,3,1,硬件工程师,服务器工程师; 通信工程师; 硬件工程师,2025-01,服务器工程师; 通信工程师,2,3,1,硬件工程师,2025-01: 服务器工程师; 通信工程师 -> 2025-03: 硬件工程师,3,2025-10,51,2024-12: 服务器工程师; 通信工程师 -> 2025-02: 硬件工程师,2026-08-08T05:14:20+00:00
图像图形技术,计算机视觉与图形,traditional,2,2024-12,AIGC算法工程师; Android开发工程师; iOS开发工程师; 图形图像工程师; 多模态算法工程师; 大模型测试工程师; 控制算法工程师; 推荐算法工程师; 测试工程师; 算法工程师; 算法研究员; 计算机视觉算法工程师; 音视频工程师,13,1,low,观测起点已覆盖多个岗位，只能说明观测期内的覆盖和扩散，不能推断真实起源岗位,2026-07,11,20,7,AI Agent算法工程师; 语音算法工程师; 大模型算法工程师; 数据工程师; AI应用工程师; 风控算法工程师; 广告算法工程师,AIGC算法工程师; Android开发工程师; iOS开发工程师; 图形图像工程师; 多模态算法工程师; 大模型测试工程师; 控制算法工程师; 推荐算法工程师; 测试工程师; 算法工程师; 算法研究员; 计算机视觉算法工程师; 音视频工程师; AI Agent算法工程师; 语音算法工程师; 大模型算法工程师; 数据工程师; AI应用工程师; 风控算法工程师; 广告算法工程师,2024-12,AIGC算法工程师; iOS开发工程师; 图形图像工程师; 多模态算法工程师; 大模型测试工程师; 控制算法工程师; 算法工程师; 计算机视觉算法工程师; 音视频工程师,9,18,9,AI Agent算法工程师; Android开发工程师; 算法研究员; 数据工程师; 测试工程师; 推荐算法工程师; 风控算法工程师; 广告算法工程师; 大模型算法工程师,2024-12: AIGC算法工程师; iOS开发工程师; 图形图像工程师; 多模态算法工程师; 大模型测试工程师; 控制算法工程师; 算法工程师; 计算机视觉算法工程师; 音视频工程师 -> 2025-01: AI Agent算法工程师 -> 2025-02: Android开发工程师; 算法研究员 -> 2025-03: 数据工程师 -> 2025-04: 测试工程师 -> 2025-08: 推荐算法工程师 -> 2025-09: 风控算法工程师 -> 2026-02: 广告算法工程师 -> 2026-03: 大模型算法工程师,13,2024-12,1360,2024-12: AIGC算法工程师; Android开发工程师; iOS开发工程师; 图形图像工程师; 多模态算法工程师; 大模型测试工程师; 控制算法工程师; 推荐算法工程师; 测试工程师; 算法工程师; 算法研究员; 计算机视觉算法工程师; 音视频工程师 -> 2025-01: AI Agent算法工程师; 语音算法工程师 -> 2025-02: 大模型算法工程师; 数据工程师 -> 2025-05: AI应用工程师; 风控算法工程师 -> 2025-08: 广告算法工程师,2026-08-08T05:14:20+00:00
地图算法,行业应用,traditional,2,2024-12,AI Agent算法工程师; iOS开发工程师; 自动驾驶算法工程师,3,1,medium,技能在观测起点已出现，首现岗位是观测窗口内首批岗位，不等同于真实起源岗位,2026-07,2,5,2,算法工程师; 计算机视觉算法工程师,AI Agent算法工程师; iOS开发工程师; 自动驾驶算法工程师; 算法工程师; 计算机视觉算法工程师,2025-01,自动驾驶算法工程师,1,4,3,iOS开发工程师; 算法工程师; AI Agent算法工程师,2025-01: 自动驾驶算法工程师 -> 2025-02: iOS开发工程师; 算法工程师 -> 2025-05: AI Agent算法工程师,3,2026-01,36,2024-12: AI Agent算法工程师; iOS开发工程师; 自动驾驶算法工程师 -> 2025-02: 算法工程师 -> 2025-05: 计算机视觉算法工程师,2026-08-08T05:14:20+00:00
多模态,大模型,new,2,2024-12,AIGC算法工程师; 多模态算法工程师; 计算机视觉算法工程师,3,1,medium,技能在观测起点已出现，首现岗位是观测窗口内首批岗位，不等同于真实起源岗位,2026-07,6,10,7,NLP算法工程师; 大模型算法工程师; 大模型应用工程师; 音视频工程师; AI产品经理; 前端开发工程师; AI Agent应用工程师,AIGC算法工程师; 多模态算法工程师; 计算机视觉算法工程师; NLP算法工程师; 大模型算法工程师; 大模型应用工程师; 音视频工程师; AI产品经理; 前端开发工程师; AI Agent应用工程师,2024-12,AIGC算法工程师; 多模态算法工程师; 计算机视觉算法工程师,3,7,4,NLP算法工程师; 大模型算法工程师; 音视频工程师; AI产品经理,2024-12: AIGC算法工程师; 多模态算法工程师; 计算机视觉算法工程师 -> 2025-02: NLP算法工程师; 大模型算法工程师 -> 2025-05: 音视频工程师 -> 2025-07: AI产品经理,7,2026-03,1243,2024-12: AIGC算法工程师; 多模态算法工程师; 计算机视觉算法工程师 -> 2025-02: NLP算法工程师; 大模型算法工程师 -> 2025-05: 大模型应用工程师; 音视频工程师 -> 2025-07: AI产品经理 -> 2026-02: 前端开发工程师 -> 2026-03: AI Agent应用工程师,2026-08-08T05:14:20+00:00
多目标优化,算法与数学,traditional,2,2024-12,AI产品经理,1,1,medium,技能在观测起点已出现，首现岗位是观测窗口内首批岗位，不等同于真实起源岗位,2026-07,2,5,4,推荐算法工程师; 算法研究员; 广告算法工程师; 数据挖掘算法工程师,AI产品经理; 推荐算法工程师; 算法研究员; 广告算法工程师; 数据挖掘算法工程师,2024-12,AI产品经理,1,5,4,算法研究员; 推荐算法工程师; 数据挖掘算法工程师; 广告算法工程师,2024-12: AI产品经理 -> 2025-02: 算法研究员 -> 2025-04: 推荐算法工程师 -> 2025-09: 数据挖掘算法工程师 -> 2025-11: 广告算法工程师,3,2025-07,78,2024-12: AI产品经理 -> 2025-02: 推荐算法工程师; 算法研究员 -> 2025-04: 广告算法工程师 -> 2025-07: 数据挖掘算法工程师,2026-08-08T05:14:20+00:00
多租户架构,系统与运维,traditional,2,2025-01,后端开发工程师,1,0,medium,传统技能在观测期内首次出现，可分析样本内扩散，但不代表行业真实首次出现,2025-01,1,1,0,,后端开发工程师,,,0,0,0,,,1,2025-01,1,2025-01: 后端开发工程师,2026-08-08T05:14:20+00:00
大模型安全,大模型,new,2,2024-12,AI安全工程师; 大模型算法工程师,2,1,medium,技能在观测起点已出现，首现岗位是观测窗口内首批岗位，不等同于真实起源岗位,2026-07,5,8,6,信息安全工程师; 大模型测试工程师; 网络安全工程师; AI产品经理; AI Agent算法工程师; 解决方案工程师,AI安全工程师; 大模型算法工程师; 信息安全工程师; 大模型测试工程师; 网络安全工程师; AI产品经理; AI Agent算法工程师; 解决方案工程师,2024-12,AI安全工程师; 大模型算法工程师,2,8,6,信息安全工程师; 大模型测试工程师; 网络安全工程师; AI产品经理; AI Agent算法工程师; 解决方案工程师,2024-12: AI安全工程师; 大模型算法工程师 -> 2025-01: 信息安全工程师; 大模型测试工程师 -> 2025-02: 网络安全工程师 -> 2025-05: AI产品经理 -> 2025-07: AI Agent算法工程师 -> 2026-04: 解决方案工程师,7,2025-06,1390,2024-12: AI安全工程师; 大模型算法工程师 -> 2025-01: 信息安全工程师; 大模型测试工程师 -> 2025-02: 网络安全工程师 -> 2025-05: AI产品经理 -> 2025-06: AI Agent算法工程师 -> 2026-01: 解决方案工程师,2026-08-08T05:14:20+00:00
大模型应用,大模型,new,2,2024-12,AI应用工程师; 大模型应用工程师,2,1,medium,技能在观测起点已出现，首现岗位是观测窗口内首批岗位，不等同于真实起源岗位,2026-07,5,9,7,AI Agent应用工程师; AI产品经理; 软件开发工程师; 后端开发工程师; 解决方案工程师; 测试开发工程师; 前端开发工程师,AI应用工程师; 大模型应用工程师; AI Agent应用工程师; AI产品经理; 软件开发工程师; 后端开发工程师; 解决方案工程师; 测试开发工程师; 前端开发工程师,2024-12,AI应用工程师; 大模型应用工程师,2,8,6,AI产品经理; AI Agent应用工程师; 解决方案工程师; 测试开发工程师; 软件开发工程师; 前端开发工程师,2024-12: AI应用工程师; 大模型应用工程师 -> 2025-02: AI产品经理 -> 2025-04: AI Agent应用工程师 -> 2025-08: 解决方案工程师 -> 2026-01: 测试开发工程师 -> 2026-06: 软件开发工程师 -> 2026-07: 前端开发工程师,6,2026-01,759,2024-12: AI应用工程师; 大模型应用工程师 -> 2025-02: AI Agent应用工程师; AI产品经理 -> 2025-05: 软件开发工程师 -> 2025-06: 后端开发工程师 -> 2025-08: 解决方案工程师 -> 2026-01: 测试开发工程师 -> 2026-03: 前端开发工程师,2026-08-08T05:14:20+00:00
封装EDA,硬件与芯片,traditional,2,2024-12,芯片测试工程师; 芯片设计工程师,2,1,medium,技能在观测起点已出现，首现岗位是观测窗口内首批岗位，不等同于真实起源岗位,2026-07,1,2,0,,芯片测试工程师; 芯片设计工程师,2024-12,芯片测试工程师; 芯片设计工程师,2,2,0,,2024-12: 芯片测试工程师; 芯片设计工程师,2,2024-12,336,2024-12: 芯片测试工程师; 芯片设计工程师,2026-08-08T05:14:20+00:00
工业自动化,工业与物联网,traditional,2,2024-12,电源工程师; 结构工程师; 自动驾驶算法工程师; 芯片测试工程师,4,1,medium,技能在观测起点已出现，首现岗位是观测窗口内首批岗位，不等同于真实起源岗位,2026-07,4,6,2,计算机视觉算法工程师; 全栈开发工程师,电源工程师; 结构工程师; 自动驾驶算法工程师; 芯片测试工程师; 计算机视觉算法工程师; 全栈开发工程师,2024-12,结构工程师; 芯片测试工程师,2,6,4,电源工程师; 自动驾驶算法工程师; 计算机视觉算法工程师; 全栈开发工程师,2024-12: 结构工程师; 芯片测试工程师 -> 2025-01: 电源工程师; 自动驾驶算法工程师 -> 2025-04: 计算机视觉算法工程师 -> 2025-11: 全栈开发工程师,5,2025-12,816,2024-12: 电源工程师; 结构工程师; 自动驾驶算法工程师; 芯片测试工程师 -> 2025-02: 计算机视觉算法工程师 -> 2025-07: 全栈开发工程师,2026-08-08T05:14:20+00:00
序列建模,AI,new,2,2024-12,数据分析师; 数据开发工程师; 自动驾驶算法工程师,3,1,medium,技能在观测起点已出现，首现岗位是观测窗口内首批岗位，不等同于真实起源岗位,2026-07,3,7,4,技术支持工程师; 算法研究员; 推荐算法工程师; 机器学习算法工程师,数据分析师; 数据开发工程师; 自动驾驶算法工程师; 技术支持工程师; 算法研究员; 推荐算法工程师; 机器学习算法工程师,2024-12,数据开发工程师,1,6,5,数据分析师; 自动驾驶算法工程师; 算法研究员; 推荐算法工程师; 技术支持工程师,2024-12: 数据开发工程师 -> 2025-01: 数据分析师; 自动驾驶算法工程师 -> 2025-05: 算法研究员 -> 2025-07: 推荐算法工程师 -> 2026-02: 技术支持工程师,6,2025-09,119,2024-12: 数据分析师; 数据开发工程师; 自动驾驶算法工程师 -> 2025-01: 技术支持工程师 -> 2025-04: 算法研究员 -> 2025-06: 推荐算法工程师 -> 2025-09: 机器学习算法工程师,2026-08-08T05:14:20+00:00
异常检测,软件工程,new,2,2024-12,信息安全工程师; 数据平台工程师; 通信工程师; 风控算法工程师,4,1,medium,技能在观测起点已出现，首现岗位是观测窗口内首批岗位，不等同于真实起源岗位,2026-07,9,10,6,Python开发工程师; 数据分析师; 数据工程师; 数据库工程师; 安全工程师; 运维工程师,信息安全工程师; 数据平台工程师; 通信工程师; 风控算法工程师; Python开发工程师; 数据分析师; 数据工程师; 数据库工程师; 安全工程师; 运维工程师,2024-12,信息安全工程师; 通信工程师; 风控算法工程师,3,10,7,数据工程师; 数据平台工程师; Python开发工程师; 安全工程师; 数据分析师; 数据库工程师; 运维工程师,2024-12: 信息安全工程师; 通信工程师; 风控算法工程师 -> 2025-01: 数据工程师; 数据平台工程师 -> 2025-02: Python开发工程师; 安全工程师; 数据分析师 -> 2025-04: 数据库工程师 -> 2025-07: 运维工程师,9,2026-07,419,2024-12: 信息安全工程师; 数据平台工程师; 通信工程师; 风控算法工程师 -> 2025-01: Python开发工程师; 数据分析师; 数据工程师; 数据库工程师 -> 2025-02: 安全工程师; 运维工程师,2026-08-08T05:14:20+00:00
异构计算,硬件与芯片,new,2,2024-12,Python开发工程师; 安全工程师; 嵌入式软件工程师; 推荐算法工程师; 硬件工程师; 质量工程师; 驱动开发工程师,7,1,low,观测起点已覆盖多个岗位，只能说明观测期内的覆盖和扩散，不能推断真实起源岗位,2026-07,5,10,3,测试工程师; 通信工程师; 运维工程师,Python开发工程师; 安全工程师; 嵌入式软件工程师; 推荐算法工程师; 硬件工程师; 质量工程师; 驱动开发工程师; 测试工程师; 通信工程师; 运维工程师,2024-12,安全工程师,1,9,8,Python开发工程师; 推荐算法工程师; 硬件工程师; 质量工程师; 驱动开发工程师; 嵌入式软件工程师; 通信工程师; 测试工程师,2024-12: 安全工程师 -> 2025-01: Python开发工程师; 推荐算法工程师; 硬件工程师; 质量工程师; 驱动开发工程师 -> 2025-03: 嵌入式软件工程师 -> 2025-07: 通信工程师 -> 2025-11: 测试工程师,8,2026-04,284,2024-12: Python开发工程师; 安全工程师; 嵌入式软件工程师; 推荐算法工程师; 硬件工程师; 质量工程师; 驱动开发工程师 -> 2025-01: 测试工程师 -> 2025-04: 通信工程师 -> 2025-09: 运维工程师,2026-08-08T05:14:20+00:00
引擎开发,软件开发,traditional,2,2024-12,图形图像工程师; 数据平台工程师,2,1,medium,技能在观测起点已出现，首现岗位是观测窗口内首批岗位，不等同于真实起源岗位,2026-07,1,3,1,客户端开发工程师,图形图像工程师; 数据平台工程师; 客户端开发工程师,2024-12,图形图像工程师,1,3,2,数据平台工程师; 客户端开发工程师,2024-12: 图形图像工程师 -> 2025-01: 数据平台工程师 -> 2026-03: 客户端开发工程师,3,2025-11,75,2024-12: 图形图像工程师; 数据平台工程师 -> 2025-11: 客户端开发工程师,2026-08-08T05:14:20+00:00
归因分析,软件工程,traditional,2,2024-12,AI产品经理,1,1,medium,技能在观测起点已出现，首现岗位是观测窗口内首批岗位，不等同于真实起源岗位,2025-05,1,1,0,,AI产品经理,2024-12,AI产品经理,1,1,0,,2024-12: AI产品经理,1,2025-05,29,2024-12: AI产品经理,2026-08-08T05:14:20+00:00
形式化验证,软件工程,traditional,2,2024-12,芯片验证工程师,1,1,medium,技能在观测起点已出现，首现岗位是观测窗口内首批岗位，不等同于真实起源岗位,2026-07,2,3,2,Python开发工程师; 算法研究员,芯片验证工程师; Python开发工程师; 算法研究员,2024-12,芯片验证工程师,1,3,2,Python开发工程师; 算法研究员,2024-12: 芯片验证工程师 -> 2025-02: Python开发工程师; 算法研究员,3,2026-01,90,2024-12: 芯片验证工程师 -> 2025-01: Python开发工程师 -> 2025-02: 算法研究员,2026-08-08T05:14:20+00:00
微服务安全,系统与运维,traditional,2,2024-12,信息安全工程师,1,1,medium,技能在观测起点已出现，首现岗位是观测窗口内首批岗位，不等同于真实起源岗位,2026-05,1,1,0,,信息安全工程师,2024-12,信息安全工程师,1,1,0,,2024-12: 信息安全工程师,1,2026-05,15,2024-12: 信息安全工程师,2026-08-08T05:14:20+00:00
微服务架构,软件工程,traditional,2,2024-12,DevOps工程师; NLP算法工程师; 软件架构师,3,1,medium,技能在观测起点已出现，首现岗位是观测窗口内首批岗位，不等同于真实起源岗位,2026-06,1,5,2,Go开发工程师; Java开发工程师,DevOps工程师; NLP算法工程师; 软件架构师; Go开发工程师; Java开发工程师,2024-12,DevOps工程师,1,4,3,NLP算法工程师; 软件架构师; Go开发工程师,2024-12: DevOps工程师 -> 2025-01: NLP算法工程师; 软件架构师 -> 2025-05: Go开发工程师,3,2025-03,63,2024-12: DevOps工程师; NLP算法工程师; 软件架构师 -> 2025-03: Go开发工程师 -> 2025-11: Java开发工程师,2026-08-08T05:14:20+00:00
性能优化,软件工程,traditional,2,2024-12,AI Infra工程师; AI安全工程师; Android开发工程师; iOS开发工程师; 前端开发工程师; 图形图像工程师; 客户端开发工程师; 嵌入式软件工程师; 数据分析师; 数据库工程师; 机器学习算法工程师; 算法工程师; 自动驾驶算法工程师; 解决方案工程师,14,1,low,观测起点已覆盖多个岗位，只能说明观测期内的覆盖和扩散，不能推断真实起源岗位,2026-07,6,21,7,技术支持工程师; 服务器工程师; Go开发工程师; 大模型应用工程师; 芯片设计工程师; 运维工程师; Java开发工程师,AI Infra工程师; AI安全工程师; Android开发工程师; iOS开发工程师; 前端开发工程师; 图形图像工程师; 客户端开发工程师; 嵌入式软件工程师; 数据分析师; 数据库工程师; 机器学习算法工程师; 算法工程师; 自动驾驶算法工程师; 解决方案工程师; 技术支持工程师; 服务器工程师; Go开发工程师; 大模型应用工程师; 芯片设计工程师; 运维工程师; Java开发工程师,2024-12,AI安全工程师; Android开发工程师; 前端开发工程师; 图形图像工程师; 客户端开发工程师; 嵌入式软件工程师; 数据库工程师,7,19,12,数据分析师; 算法工程师; 自动驾驶算法工程师; 解决方案工程师; iOS开发工程师; 服务器工程师; Go开发工程师; 技术支持工程师; 机器学习算法工程师; 芯片设计工程师; 运维工程师; Java开发工程师,2024-12: AI安全工程师; Android开发工程师; 前端开发工程师; 图形图像工程师; 客户端开发工程师; 嵌入式软件工程师; 数据库工程师 -> 2025-01: 数据分析师; 算法工程师; 自动驾驶算法工程师; 解决方案工程师 -> 2025-02: iOS开发工程师; 服务器工程师 -> 2025-04: Go开发工程师; 技术支持工程师 -> 2025-05: 机器学习算法工程师 -> 2025-07: 芯片设计工程师 -> 2025-11: 运维工程师 -> 2026-01: Java开发工程师,15,2025-05,864,2024-12: AI Infra工程师; AI安全工程师; Android开发工程师; iOS开发工程师; 前端开发工程师; 图形图像工程师; 客户端开发工程师; 嵌入式软件工程师; 数据分析师; 数据库工程师; 机器学习算法工程师; 算法工程师; 自动驾驶算法工程师; 解决方案工程师 -> 2025-01: 技术支持工程师; 服务器工程师 -> 2025-02: Go开发工程师; 大模型应用工程师 -> 2025-04: 芯片设计工程师 -> 2025-05: 运维工程师 -> 2026-01: Java开发工程师,2026-08-08T05:14:20+00:00
惯性导航,机器人与自动驾驶,new,2,2025-08,C++开发工程师,1,0,high,技能在观测期内首次出现，但目前尚未扩散到其他标准岗位,2026-07,1,1,0,,C++开发工程师,2025-08,C++开发工程师,1,1,0,,2025-08: C++开发工程师,1,2026-07,7,2025-08: C++开发工程师,2026-08-08T05:14:20+00:00
感知算法,AI,new,2,2024-12,C++开发工程师; 电源工程师; 结构工程师; 自动驾驶算法工程师; 质量工程师,5,1,low,观测起点已覆盖多个岗位，只能说明观测期内的覆盖和扩散，不能推断真实起源岗位,2026-07,5,5,0,,C++开发工程师; 电源工程师; 结构工程师; 自动驾驶算法工程师; 质量工程师,2024-12,电源工程师; 结构工程师; 自动驾驶算法工程师; 质量工程师,4,5,1,C++开发工程师,2024-12: 电源工程师; 结构工程师; 自动驾驶算法工程师; 质量工程师 -> 2025-01: C++开发工程师,5,2026-07,530,2024-12: C++开发工程师; 电源工程师; 结构工程师; 自动驾驶算法工程师; 质量工程师,2026-08-08T05:14:20+00:00
推理优化,大模型,new,2,2024-12,AI Infra工程师; 大模型算法工程师; 系统软件工程师,3,1,medium,技能在观测起点已出现，首现岗位是观测窗口内首批岗位，不等同于真实起源岗位,2026-07,3,9,6,云计算工程师; 后端开发工程师; 软件架构师; DevOps工程师; AI Agent算法工程师; 解决方案工程师,AI Infra工程师; 大模型算法工程师; 系统软件工程师; 云计算工程师; 后端开发工程师; 软件架构师; DevOps工程师; AI Agent算法工程师; 解决方案工程师,2024-12,大模型算法工程师; 系统软件工程师,2,6,4,云计算工程师; 后端开发工程师; AI Infra工程师; DevOps工程师,2024-12: 大模型算法工程师; 系统软件工程师 -> 2025-01: 云计算工程师 -> 2025-02: 后端开发工程师 -> 2025-06: AI Infra工程师 -> 2025-07: DevOps工程师,5,2025-08,571,2024-12: AI Infra工程师; 大模型算法工程师; 系统软件工程师 -> 2025-01: 云计算工程师 -> 2025-02: 后端开发工程师 -> 2025-05: 软件架构师 -> 2025-07: DevOps工程师 -> 2025-08: AI Agent算法工程师 -> 2026-03: 解决方案工程师,2026-08-08T05:14:20+00:00
推荐算法,AI,traditional,2,2024-12,AI Agent算法工程师; 多模态算法工程师; 广告算法工程师; 推荐算法工程师; 搜索算法工程师; 数据分析师; 数据工程师; 算法工程师; 驱动开发工程师,9,1,low,观测起点已覆盖多个岗位，只能说明观测期内的覆盖和扩散，不能推断真实起源岗位,2026-07,8,14,5,技术支持工程师; 数据挖掘算法工程师; 大模型测试工程师; 测试开发工程师; 风控算法工程师,AI Agent算法工程师; 多模态算法工程师; 广告算法工程师; 推荐算法工程师; 搜索算法工程师; 数据分析师; 数据工程师; 算法工程师; 驱动开发工程师; 技术支持工程师; 数据挖掘算法工程师; 大模型测试工程师; 测试开发工程师; 风控算法工程师,2024-12,AI Agent算法工程师; 广告算法工程师; 推荐算法工程师; 搜索算法工程师; 数据分析师; 算法工程师; 驱动开发工程师,7,13,6,多模态算法工程师; 数据工程师; 数据挖掘算法工程师; 大模型测试工程师; 技术支持工程师; 测试开发工程师,2024-12: AI Agent算法工程师; 广告算法工程师; 推荐算法工程师; 搜索算法工程师; 数据分析师; 算法工程师; 驱动开发工程师 -> 2025-01: 多模态算法工程师; 数据工程师 -> 2025-05: 数据挖掘算法工程师 -> 2025-06: 大模型测试工程师; 技术支持工程师; 测试开发工程师,10,2025-01,900,2024-12: AI Agent算法工程师; 多模态算法工程师; 广告算法工程师; 推荐算法工程师; 搜索算法工程师; 数据分析师; 数据工程师; 算法工程师; 驱动开发工程师 -> 2025-01: 技术支持工程师; 数据挖掘算法工程师 -> 2025-03: 大模型测试工程师; 测试开发工程师 -> 2026-05: 风控算法工程师,2026-08-08T05:14:20+00:00
搜索算法,AI,traditional,2,2024-12,AI Agent算法工程师; DevOps工程师; 广告算法工程师; 推荐算法工程师; 搜索算法工程师; 数据工程师; 数据挖掘算法工程师; 驱动开发工程师,8,1,low,观测起点已覆盖多个岗位，只能说明观测期内的覆盖和扩散，不能推断真实起源岗位,2026-07,5,12,4,AIGC算法工程师; NLP算法工程师; 大模型算法工程师; 机器学习算法工程师,AI Agent算法工程师; DevOps工程师; 广告算法工程师; 推荐算法工程师; 搜索算法工程师; 数据工程师; 数据挖掘算法工程师; 驱动开发工程师; AIGC算法工程师; NLP算法工程师; 大模型算法工程师; 机器学习算法工程师,2024-12,AI Agent算法工程师; DevOps工程师; 广告算法工程师; 推荐算法工程师; 搜索算法工程师,5,9,4,数据工程师; 驱动开发工程师; 数据挖掘算法工程师; 机器学习算法工程师,2024-12: AI Agent算法工程师; DevOps工程师; 广告算法工程师; 推荐算法工程师; 搜索算法工程师 -> 2025-01: 数据工程师; 驱动开发工程师 -> 2025-03: 数据挖掘算法工程师 -> 2025-12: 机器学习算法工程师,8,2025-01,650,2024-12: AI Agent算法工程师; DevOps工程师; 广告算法工程师; 推荐算法工程师; 搜索算法工程师; 数据工程师; 数据挖掘算法工程师; 驱动开发工程师 -> 2025-01: AIGC算法工程师; NLP算法工程师 -> 2025-04: 大模型算法工程师 -> 2025-07: 机器学习算法工程师,2026-08-08T05:14:20+00:00
操作系统,系统与运维,traditional,2,2024-12,AI Agent算法工程师; AI应用工程师; C++开发工程师; Go开发工程师; 信息安全工程师; 全栈开发工程师; 后端开发工程师; 安全工程师; 客户端开发工程师; 技术支持工程师; 数据仓库工程师; 数据平台工程师; 测试工程师; 硬件工程师; 网络安全工程师; 芯片设计工程师; 软件开发工程师,17,1,low,观测起点已覆盖多个岗位，只能说明观测期内的覆盖和扩散，不能推断真实起源岗位,2026-07,16,30,13,iOS开发工程师; 推荐算法工程师; 服务器工程师; 算法研究员; 语音算法工程师; 通信工程师; AI Infra工程师; 数据库工程师; 音视频工程师; 大模型测试工程师; 大模型算法工程师; 前端开发工程师; 广告算法工程师,AI Agent算法工程师; AI应用工程师; C++开发工程师; Go开发工程师; 信息安全工程师; 全栈开发工程师; 后端开发工程师; 安全工程师; 客户端开发工程师; 技术支持工程师; 数据仓库工程师; 数据平台工程师; 测试工程师; 硬件工程师; 网络安全工程师; 芯片设计工程师; 软件开发工程师; iOS开发工程师; 推荐算法工程师; 服务器工程师; 算法研究员; 语音算法工程师; 通信工程师; AI Infra工程师; 数据库工程师; 音视频工程师; 大模型测试工程师; 大模型算法工程师; 前端开发工程师; 广告算法工程师,2024-12,AI应用工程师; C++开发工程师; 信息安全工程师; 全栈开发工程师; 后端开发工程师; 安全工程师; 客户端开发工程师; 数据仓库工程师; 测试工程师; 硬件工程师; 软件开发工程师,11,27,16,AI Agent算法工程师; Go开发工程师; 技术支持工程师; 推荐算法工程师; 数据平台工程师; 算法研究员; 网络安全工程师; iOS开发工程师; 数据库工程师; 服务器工程师; 通信工程师; 大模型测试工程师; 音视频工程师; 语音算法工程师; 前端开发工程师; 芯片设计工程师,2024-12: AI应用工程师; C++开发工程师; 信息安全工程师; 全栈开发工程师; 后端开发工程师; 安全工程师; 客户端开发工程师; 数据仓库工程师; 测试工程师; 硬件工程师; 软件开发工程师 -> 2025-01: AI Agent算法工程师; Go开发工程师; 技术支持工程师; 推荐算法工程师; 数据平台工程师; 算法研究员; 网络安全工程师 -> 2025-02: iOS开发工程师; 数据库工程师; 服务器工程师 -> 2025-03: 通信工程师 -> 2025-04: 大模型测试工程师; 音视频工程师 -> 2025-05: 语音算法工程师 -> 2025-08: 前端开发工程师 -> 2026-01: 芯片设计工程师,21,2025-05,1413,2024-12: AI Agent算法工程师; AI应用工程师; C++开发工程师; Go开发工程师; 信息安全工程师; 全栈开发工程师; 后端开发工程师; 安全工程师; 客户端开发工程师; 技术支持工程师; 数据仓库工程师; 数据平台工程师; 测试工程师; 硬件工程师; 网络安全工程师; 芯片设计工程师; 软件开发工程师 -> 2025-01: iOS开发工程师; 推荐算法工程师; 服务器工程师; 算法研究员; 语音算法工程师; 通信工程师 -> 2025-02: AI Infra工程师; 数据库工程师; 音视频工程师 -> 2025-03: 大模型测试工程师 -> 2025-07: 大模型算法工程师 -> 2025-08: 前端开发工程师 -> 2025-12: 广告算法工程师,2026-08-08T05:14:20+00:00
数字人技术,AI,new,2,2024-12,算法研究员; 音视频工程师,2,1,medium,技能在观测起点已出现，首现岗位是观测窗口内首批岗位，不等同于真实起源岗位,2026-07,1,2,0,,算法研究员; 音视频工程师,2024-12,音视频工程师,1,2,1,算法研究员,2024-12: 音视频工程师 -> 2025-03: 算法研究员,2,2026-06,54,2024-12: 算法研究员; 音视频工程师,2026-08-08T05:14:20+00:00
数字取证,安全,traditional,2,2024-12,信息安全工程师; 网络安全工程师,2,1,medium,技能在观测起点已出现，首现岗位是观测窗口内首批岗位，不等同于真实起源岗位,2026-06,1,2,0,,信息安全工程师; 网络安全工程师,2024-12,信息安全工程师,1,2,1,网络安全工程师,2024-12: 信息安全工程师 -> 2025-01: 网络安全工程师,2,2026-03,31,2024-12: 信息安全工程师; 网络安全工程师,2026-08-08T05:14:20+00:00
数据工程,数据工程,traditional,2,2024-12,AI Agent算法工程师; AI产品经理; AI安全工程师; Java开发工程师; Python开发工程师; 云计算工程师; 信息安全工程师; 全栈开发工程师; 后端开发工程师; 大模型测试工程师; 安全工程师; 技术支持工程师; 数据仓库工程师; 数据分析师; 数据平台工程师; 数据库工程师; 数据开发工程师; 数据挖掘算法工程师; 数据治理工程师; 服务器工程师; 机器学习算法工程师; 测试工程师; 测试开发工程师; 网络安全工程师; 自动驾驶算法工程师; 芯片验证工程师; 解决方案工程师; 质量工程师; 软件开发工程师; 软件架构师; 运维工程师; 风控算法工程师,32,1,low,观测起点已覆盖多个岗位，只能说明观测期内的覆盖和扩散，不能推断真实起源岗位,2026-07,28,41,9,Go开发工程师; 多模态算法工程师; 数据工程师; 驱动开发工程师; iOS开发工程师; 搜索算法工程师; AI应用工程师; NLP算法工程师; 推荐算法工程师,AI Agent算法工程师; AI产品经理; AI安全工程师; Java开发工程师; Python开发工程师; 云计算工程师; 信息安全工程师; 全栈开发工程师; 后端开发工程师; 大模型测试工程师; 安全工程师; 技术支持工程师; 数据仓库工程师; 数据分析师; 数据平台工程师; 数据库工程师; 数据开发工程师; 数据挖掘算法工程师; 数据治理工程师; 服务器工程师; 机器学习算法工程师; 测试工程师; 测试开发工程师; 网络安全工程师; 自动驾驶算法工程师; 芯片验证工程师; 解决方案工程师; 质量工程师; 软件开发工程师; 软件架构师; 运维工程师; 风控算法工程师; Go开发工程师; 多模态算法工程师; 数据工程师; 驱动开发工程师; iOS开发工程师; 搜索算法工程师; AI应用工程师; NLP算法工程师; 推荐算法工程师,2024-12,AI Agent算法工程师; AI产品经理; AI安全工程师; Java开发工程师; Python开发工程师; 云计算工程师; 信息安全工程师; 后端开发工程师; 技术支持工程师; 数据仓库工程师; 数据分析师; 数据平台工程师; 数据库工程师; 数据开发工程师; 数据挖掘算法工程师; 数据治理工程师; 服务器工程师; 机器学习算法工程师; 测试工程师; 测试开发工程师; 网络安全工程师; 自动驾驶算法工程师; 解决方案工程师; 质量工程师; 软件开发工程师; 软件架构师; 运维工程师; 风控算法工程师,28,39,11,大模型测试工程师; 安全工程师; 驱动开发工程师; Go开发工程师; 全栈开发工程师; 数据工程师; iOS开发工程师; 芯片验证工程师; AI应用工程师; 推荐算法工程师; 搜索算法工程师,2024-12: AI Agent算法工程师; AI产品经理; AI安全工程师; Java开发工程师; Python开发工程师; 云计算工程师; 信息安全工程师; 后端开发工程师; 技术支持工程师; 数据仓库工程师; 数据分析师; 数据平台工程师; 数据库工程师; 数据开发工程师; 数据挖掘算法工程师; 数据治理工程师; 服务器工程师; 机器学习算法工程师; 测试工程师; 测试开发工程师; 网络安全工程师; 自动驾驶算法工程师; 解决方案工程师; 质量工程师; 软件开发工程师; 软件架构师; 运维工程师; 风控算法工程师 -> 2025-01: 大模型测试工程师; 安全工程师; 驱动开发工程师 -> 2025-02: Go开发工程师; 全栈开发工程师; 数据工程师 -> 2025-03: iOS开发工程师 -> 2025-05: 芯片验证工程师 -> 2025-07: AI应用工程师 -> 2026-01: 推荐算法工程师 -> 2026-07: 搜索算法工程师,34,2025-02,5558,2024-12: AI Agent算法工程师; AI产品经理; AI安全工程师; Java开发工程师; Python开发工程师; 云计算工程师; 信息安全工程师; 全栈开发工程师; 后端开发工程师; 大模型测试工程师; 安全工程师; 技术支持工程师; 数据仓库工程师; 数据分析师; 数据平台工程师; 数据库工程师; 数据开发工程师; 数据挖掘算法工程师; 数据治理工程师; 服务器工程师; 机器学习算法工程师; 测试工程师; 测试开发工程师; 网络安全工程师; 自动驾驶算法工程师; 芯片验证工程师; 解决方案工程师; 质量工程师; 软件开发工程师; 软件架构师; 运维工程师; 风控算法工程师 -> 2025-01: Go开发工程师; 多模态算法工程师; 数据工程师; 驱动开发工程师 -> 2025-02: iOS开发工程师; 搜索算法工程师 -> 2025-06: AI应用工程师 -> 2025-12: NLP算法工程师 -> 2026-01: 推荐算法工程师,2026-08-08T05:14:20+00:00
时间序列算法,算法与数学,traditional,2,2024-12,DevOps工程师; 算法研究员; 解决方案工程师; 驱动开发工程师,4,1,medium,技能在观测起点已出现，首现岗位是观测窗口内首批岗位，不等同于真实起源岗位,2026-07,4,12,8,AI Agent算法工程师; 嵌入式软件工程师; 机器学习算法工程师; 芯片设计工程师; 算法工程师; 计算机视觉算法工程师; 风控算法工程师; 语音算法工程师,DevOps工程师; 算法研究员; 解决方案工程师; 驱动开发工程师; AI Agent算法工程师; 嵌入式软件工程师; 机器学习算法工程师; 芯片设计工程师; 算法工程师; 计算机视觉算法工程师; 风控算法工程师; 语音算法工程师,2024-12,DevOps工程师; 驱动开发工程师,2,8,6,嵌入式软件工程师; 算法研究员; 解决方案工程师; 芯片设计工程师; 算法工程师; 风控算法工程师,2024-12: DevOps工程师; 驱动开发工程师 -> 2025-01: 嵌入式软件工程师; 算法研究员; 解决方案工程师 -> 2025-02: 芯片设计工程师 -> 2025-12: 算法工程师 -> 2026-03: 风控算法工程师,7,2025-01,97,2024-12: DevOps工程师; 算法研究员; 解决方案工程师; 驱动开发工程师 -> 2025-01: AI Agent算法工程师; 嵌入式软件工程师; 机器学习算法工程师 -> 2025-02: 芯片设计工程师 -> 2025-03: 算法工程师 -> 2025-09: 计算机视觉算法工程师 -> 2025-10: 风控算法工程师 -> 2026-02: 语音算法工程师,2026-08-08T05:14:20+00:00
机器人与自动驾驶,机器人与自动驾驶,new,2,2024-12,C++开发工程师; 安全工程师; 嵌入式软件工程师; 控制算法工程师; 电源工程师; 算法研究员; 结构工程师,7,1,low,观测起点已覆盖多个岗位，只能说明观测期内的覆盖和扩散，不能推断真实起源岗位,2026-07,11,15,8,Python开发工程师; 硬件工程师; 驱动开发工程师; 测试工程师; AI应用工程师; Android开发工程师; 通信工程师; 数据开发工程师,C++开发工程师; 安全工程师; 嵌入式软件工程师; 控制算法工程师; 电源工程师; 算法研究员; 结构工程师; Python开发工程师; 硬件工程师; 驱动开发工程师; 测试工程师; AI应用工程师; Android开发工程师; 通信工程师; 数据开发工程师,2024-12,C++开发工程师; 安全工程师; 控制算法工程师; 电源工程师; 算法研究员; 结构工程师,6,14,8,Python开发工程师; 嵌入式软件工程师; 硬件工程师; 驱动开发工程师; 测试工程师; 通信工程师; Android开发工程师; 数据开发工程师,2024-12: C++开发工程师; 安全工程师; 控制算法工程师; 电源工程师; 算法研究员; 结构工程师 -> 2025-02: Python开发工程师; 嵌入式软件工程师; 硬件工程师; 驱动开发工程师 -> 2025-05: 测试工程师 -> 2025-07: 通信工程师 -> 2026-03: Android开发工程师 -> 2026-05: 数据开发工程师,12,2026-05,1079,2024-12: C++开发工程师; 安全工程师; 嵌入式软件工程师; 控制算法工程师; 电源工程师; 算法研究员; 结构工程师 -> 2025-01: Python开发工程师 -> 2025-02: 硬件工程师; 驱动开发工程师 -> 2025-03: 测试工程师 -> 2025-04: AI应用工程师; Android开发工程师 -> 2025-07: 通信工程师 -> 2025-10: 数据开发工程师,2026-08-08T05:14:20+00:00
机器学习,AI,traditional,2,2024-12,AI Agent算法工程师; AIGC算法工程师; AI产品经理; AI安全工程师; AI应用工程师; NLP算法工程师; 信息安全工程师; 后端开发工程师; 多模态算法工程师; 大模型测试工程师; 大模型算法工程师; 安全工程师; 广告算法工程师; 推荐算法工程师; 搜索算法工程师; 数据分析师; 数据工程师; 数据平台工程师; 数据开发工程师; 数据挖掘算法工程师; 机器学习算法工程师; 电源工程师; 算法工程师; 算法研究员; 网络安全工程师; 自动驾驶算法工程师; 芯片测试工程师; 解决方案工程师; 语音算法工程师; 软件架构师; 风控算法工程师; 驱动开发工程师,32,1,low,观测起点已覆盖多个岗位，只能说明观测期内的覆盖和扩散，不能推断真实起源岗位,2026-07,27,44,12,Android开发工程师; 控制算法工程师; 数据仓库工程师; 测试开发工程师; 计算机视觉算法工程师; AI Infra工程师; Java开发工程师; 客户端开发工程师; 运维工程师; 技术支持工程师; 芯片设计工程师; Go开发工程师,AI Agent算法工程师; AIGC算法工程师; AI产品经理; AI安全工程师; AI应用工程师; NLP算法工程师; 信息安全工程师; 后端开发工程师; 多模态算法工程师; 大模型测试工程师; 大模型算法工程师; 安全工程师; 广告算法工程师; 推荐算法工程师; 搜索算法工程师; 数据分析师; 数据工程师; 数据平台工程师; 数据开发工程师; 数据挖掘算法工程师; 机器学习算法工程师; 电源工程师; 算法工程师; 算法研究员; 网络安全工程师; 自动驾驶算法工程师; 芯片测试工程师; 解决方案工程师; 语音算法工程师; 软件架构师; 风控算法工程师; 驱动开发工程师; Android开发工程师; 控制算法工程师; 数据仓库工程师; 测试开发工程师; 计算机视觉算法工程师; AI Infra工程师; Java开发工程师; 客户端开发工程师; 运维工程师; 技术支持工程师; 芯片设计工程师; Go开发工程师,2024-12,AI Agent算法工程师; AIGC算法工程师; AI产品经理; AI安全工程师; AI应用工程师; NLP算法工程师; 信息安全工程师; 多模态算法工程师; 大模型测试工程师; 大模型算法工程师; 安全工程师; 广告算法工程师; 推荐算法工程师; 搜索算法工程师; 数据分析师; 数据工程师; 数据挖掘算法工程师; 机器学习算法工程师; 电源工程师; 算法工程师; 算法研究员; 自动驾驶算法工程师; 芯片测试工程师; 解决方案工程师; 语音算法工程师; 软件架构师; 风控算法工程师; 驱动开发工程师,28,43,15,Android开发工程师; 控制算法工程师; 数据仓库工程师; 数据平台工程师; 数据开发工程师; 网络安全工程师; 计算机视觉算法工程师; AI Infra工程师; Java开发工程师; 运维工程师; 后端开发工程师; 技术支持工程师; 芯片设计工程师; 测试开发工程师; Go开发工程师,2024-12: AI Agent算法工程师; AIGC算法工程师; AI产品经理; AI安全工程师; AI应用工程师; NLP算法工程师; 信息安全工程师; 多模态算法工程师; 大模型测试工程师; 大模型算法工程师; 安全工程师; 广告算法工程师; 推荐算法工程师; 搜索算法工程师; 数据分析师; 数据工程师; 数据挖掘算法工程师; 机器学习算法工程师; 电源工程师; 算法工程师; 算法研究员; 自动驾驶算法工程师; 芯片测试工程师; 解决方案工程师; 语音算法工程师; 软件架构师; 风控算法工程师; 驱动开发工程师 -> 2025-01: Android开发工程师; 控制算法工程师; 数据仓库工程师; 数据平台工程师; 数据开发工程师; 网络安全工程师; 计算机视觉算法工程师 -> 2025-04: AI Infra工程师 -> 2025-05: Java开发工程师 -> 2025-06: 运维工程师 -> 2025-07: 后端开发工程师; 技术支持工程师 -> 2025-08: 芯片设计工程师 -> 2025-11: 测试开发工程师 -> 2026-04: Go开发工程师,33,2025-01,4784,2024-12: AI Agent算法工程师; AIGC算法工程师; AI产品经理; AI安全工程师; AI应用工程师; NLP算法工程师; 信息安全工程师; 后端开发工程师; 多模态算法工程师; 大模型测试工程师; 大模型算法工程师; 安全工程师; 广告算法工程师; 推荐算法工程师; 搜索算法工程师; 数据分析师; 数据工程师; 数据平台工程师; 数据开发工程师; 数据挖掘算法工程师; 机器学习算法工程师; 电源工程师; 算法工程师; 算法研究员; 网络安全工程师; 自动驾驶算法工程师; 芯片测试工程师; 解决方案工程师; 语音算法工程师; 软件架构师; 风控算法工程师; 驱动开发工程师 -> 2025-01: Android开发工程师; 控制算法工程师; 数据仓库工程师; 测试开发工程师; 计算机视觉算法工程师 -> 2025-02: AI Infra工程师 -> 2025-05: Java开发工程师; 客户端开发工程师 -> 2025-06: 运维工程师 -> 2025-07: 技术支持工程师; 芯片设计工程师 -> 2026-03: Go开发工程师,2026-08-08T05:14:20+00:00
查询优化,数据工程,traditional,2,2024-12,Java开发工程师; 云计算工程师; 数据分析师; 数据库工程师; 软件开发工程师,5,1,low,观测起点已覆盖多个岗位，只能说明观测期内的覆盖和扩散，不能推断真实起源岗位,2026-06,2,7,2,软件架构师; 数据开发工程师,Java开发工程师; 云计算工程师; 数据分析师; 数据库工程师; 软件开发工程师; 软件架构师; 数据开发工程师,2024-12,云计算工程师; 数据分析师,2,5,3,Java开发工程师; 数据库工程师; 数据开发工程师,2024-12: 云计算工程师; 数据分析师 -> 2025-01: Java开发工程师; 数据库工程师 -> 2025-07: 数据开发工程师,5,2024-12,81,2024-12: Java开发工程师; 云计算工程师; 数据分析师; 数据库工程师; 软件开发工程师 -> 2025-02: 软件架构师 -> 2025-04: 数据开发工程师,2026-08-08T05:14:20+00:00
模型压缩,大模型,new,2,2024-12,AI Infra工程师; C++开发工程师; 嵌入式软件工程师; 算法工程师; 自动驾驶算法工程师; 计算机视觉算法工程师; 通信工程师,7,1,low,观测起点已覆盖多个岗位，只能说明观测期内的覆盖和扩散，不能推断真实起源岗位,2026-07,9,13,6,客户端开发工程师; 技术支持工程师; 语音算法工程师; 运维工程师; 推荐算法工程师; AI应用工程师,AI Infra工程师; C++开发工程师; 嵌入式软件工程师; 算法工程师; 自动驾驶算法工程师; 计算机视觉算法工程师; 通信工程师; 客户端开发工程师; 技术支持工程师; 语音算法工程师; 运维工程师; 推荐算法工程师; AI应用工程师,2024-12,AI Infra工程师; 算法工程师; 自动驾驶算法工程师; 计算机视觉算法工程师; 通信工程师,5,11,6,C++开发工程师; 技术支持工程师; 嵌入式软件工程师; 推荐算法工程师; 语音算法工程师; 客户端开发工程师,2024-12: AI Infra工程师; 算法工程师; 自动驾驶算法工程师; 计算机视觉算法工程师; 通信工程师 -> 2025-01: C++开发工程师; 技术支持工程师 -> 2025-02: 嵌入式软件工程师 -> 2025-07: 推荐算法工程师 -> 2025-08: 语音算法工程师 -> 2025-10: 客户端开发工程师,11,2025-12,898,2024-12: AI Infra工程师; C++开发工程师; 嵌入式软件工程师; 算法工程师; 自动驾驶算法工程师; 计算机视觉算法工程师; 通信工程师 -> 2025-01: 客户端开发工程师; 技术支持工程师 -> 2025-04: 语音算法工程师; 运维工程师 -> 2025-06: 推荐算法工程师 -> 2026-07: AI应用工程师,2026-08-08T05:14:20+00:00
模型工程,大模型,new,2,2024-12,AI Infra工程师; 大模型应用工程师; 大模型算法工程师,3,1,medium,技能在观测起点已出现，首现岗位是观测窗口内首批岗位，不等同于真实起源岗位,2026-07,3,10,7,NLP算法工程师; 多模态算法工程师; DevOps工程师; 软件架构师; 后端开发工程师; 解决方案工程师; 测试开发工程师,AI Infra工程师; 大模型应用工程师; 大模型算法工程师; NLP算法工程师; 多模态算法工程师; DevOps工程师; 软件架构师; 后端开发工程师; 解决方案工程师; 测试开发工程师,2024-12,大模型应用工程师,1,8,7,大模型算法工程师; AI Infra工程师; DevOps工程师; 软件架构师; NLP算法工程师; 多模态算法工程师; 后端开发工程师,2024-12: 大模型应用工程师 -> 2025-01: 大模型算法工程师 -> 2025-04: AI Infra工程师 -> 2025-05: DevOps工程师 -> 2025-08: 软件架构师 -> 2025-12: NLP算法工程师 -> 2026-01: 多模态算法工程师 -> 2026-07: 后端开发工程师,5,2025-08,394,2024-12: AI Infra工程师; 大模型应用工程师; 大模型算法工程师 -> 2025-01: NLP算法工程师 -> 2025-02: 多模态算法工程师 -> 2025-05: DevOps工程师 -> 2025-07: 软件架构师 -> 2025-08: 后端开发工程师 -> 2026-03: 解决方案工程师 -> 2026-04: 测试开发工程师,2026-08-08T05:14:20+00:00
模型并行,大模型,new,2,2024-12,AI Infra工程师; 大模型算法工程师; 系统软件工程师,3,1,medium,技能在观测起点已出现，首现岗位是观测窗口内首批岗位，不等同于真实起源岗位,2026-07,2,9,6,多模态算法工程师; NLP算法工程师; 云计算工程师; DevOps工程师; 后端开发工程师; 解决方案工程师,AI Infra工程师; 大模型算法工程师; 系统软件工程师; 多模态算法工程师; NLP算法工程师; 云计算工程师; DevOps工程师; 后端开发工程师; 解决方案工程师,2024-12,系统软件工程师,1,7,6,AI Infra工程师; DevOps工程师; NLP算法工程师; 多模态算法工程师; 云计算工程师; 大模型算法工程师,2024-12: 系统软件工程师 -> 2025-03: AI Infra工程师 -> 2025-08: DevOps工程师 -> 2025-11: NLP算法工程师 -> 2026-04: 多模态算法工程师 -> 2026-05: 云计算工程师 -> 2026-06: 大模型算法工程师,5,2025-11,340,2024-12: AI Infra工程师; 大模型算法工程师; 系统软件工程师 -> 2025-01: 多模态算法工程师 -> 2025-02: NLP算法工程师 -> 2025-06: 云计算工程师 -> 2025-08: DevOps工程师 -> 2025-11: 后端开发工程师 -> 2026-04: 解决方案工程师,2026-08-08T05:14:20+00:00
模型强化,大模型,,2,2025-08,算法工程师,1,0,high,技能在观测期内首次出现，但目前尚未扩散到其他标准岗位,2025-10,1,1,0,,算法工程师,2025-10,算法工程师,1,1,0,,2025-10: 算法工程师,1,2025-10,2,2025-08: 算法工程师,2026-08-08T05:14:20+00:00
模型微调,大模型,new,2,2024-12,大模型应用工程师; 大模型算法工程师; 质量工程师,3,1,medium,技能在观测起点已出现，首现岗位是观测窗口内首批岗位，不等同于真实起源岗位,2026-07,7,14,11,AI Agent算法工程师; 数据分析师; 算法研究员; AI应用工程师; NLP算法工程师; 芯片设计工程师; 后端开发工程师; 语音算法工程师; AI产品经理; 解决方案工程师; 测试开发工程师,大模型应用工程师; 大模型算法工程师; 质量工程师; AI Agent算法工程师; 数据分析师; 算法研究员; AI应用工程师; NLP算法工程师; 芯片设计工程师; 后端开发工程师; 语音算法工程师; AI产品经理; 解决方案工程师; 测试开发工程师,2024-12,大模型应用工程师,1,12,11,AI Agent算法工程师; 数据分析师; 质量工程师; 算法研究员; NLP算法工程师; AI应用工程师; 后端开发工程师; 芯片设计工程师; 解决方案工程师; 语音算法工程师; 测试开发工程师,2024-12: 大模型应用工程师 -> 2025-01: AI Agent算法工程师; 数据分析师; 质量工程师 -> 2025-04: 算法研究员 -> 2025-05: NLP算法工程师 -> 2025-08: AI应用工程师; 后端开发工程师; 芯片设计工程师; 解决方案工程师; 语音算法工程师 -> 2026-03: 测试开发工程师,9,2025-08,452,2024-12: 大模型应用工程师; 大模型算法工程师; 质量工程师 -> 2025-01: AI Agent算法工程师; 数据分析师; 算法研究员 -> 2025-02: AI应用工程师; NLP算法工程师 -> 2025-05: 芯片设计工程师 -> 2025-07: 后端开发工程师; 语音算法工程师 -> 2025-08: AI产品经理; 解决方案工程师 -> 2025-11: 测试开发工程师,2026-08-08T05:14:20+00:00
模型推理,大模型,new,2,2024-12,AI Infra工程师; 大模型算法工程师; 系统软件工程师,3,1,medium,技能在观测起点已出现，首现岗位是观测窗口内首批岗位，不等同于真实起源岗位,2026-07,3,9,6,后端开发工程师; 云计算工程师; DevOps工程师; AI Agent算法工程师; 软件架构师; 解决方案工程师,AI Infra工程师; 大模型算法工程师; 系统软件工程师; 后端开发工程师; 云计算工程师; DevOps工程师; AI Agent算法工程师; 软件架构师; 解决方案工程师,2024-12,系统软件工程师,1,8,7,大模型算法工程师; 云计算工程师; 后端开发工程师; AI Infra工程师; DevOps工程师; 软件架构师; 解决方案工程师,2024-12: 系统软件工程师 -> 2025-01: 大模型算法工程师 -> 2025-02: 云计算工程师 -> 2025-03: 后端开发工程师 -> 2025-05: AI Infra工程师 -> 2025-06: DevOps工程师 -> 2025-12: 软件架构师 -> 2026-05: 解决方案工程师,6,2026-04,593,2024-12: AI Infra工程师; 大模型算法工程师; 系统软件工程师 -> 2025-01: 后端开发工程师 -> 2025-02: 云计算工程师 -> 2025-06: DevOps工程师 -> 2025-07: AI Agent算法工程师 -> 2025-08: 软件架构师 -> 2026-04: 解决方案工程师,2026-08-08T05:14:20+00:00
模型服务化,大模型,new,2,2024-12,AI Infra工程师; 后端开发工程师; 大模型应用工程师,3,1,medium,技能在观测起点已出现，首现岗位是观测窗口内首批岗位，不等同于真实起源岗位,2026-07,6,9,6,DevOps工程师; 云计算工程师; 软件架构师; 解决方案工程师; 测试开发工程师; AI产品经理,AI Infra工程师; 后端开发工程师; 大模型应用工程师; DevOps工程师; 云计算工程师; 软件架构师; 解决方案工程师; 测试开发工程师; AI产品经理,2024-12,后端开发工程师,1,9,8,AI Infra工程师; DevOps工程师; 云计算工程师; 大模型应用工程师; 软件架构师; 解决方案工程师; 测试开发工程师; AI产品经理,2024-12: 后端开发工程师 -> 2025-01: AI Infra工程师 -> 2025-02: DevOps工程师; 云计算工程师; 大模型应用工程师; 软件架构师 -> 2025-06: 解决方案工程师 -> 2025-11: 测试开发工程师 -> 2026-05: AI产品经理,7,2026-04,911,2024-12: AI Infra工程师; 后端开发工程师; 大模型应用工程师 -> 2025-02: DevOps工程师; 云计算工程师; 软件架构师 -> 2025-06: 解决方案工程师 -> 2025-07: 测试开发工程师 -> 2026-04: AI产品经理,2026-08-08T05:14:20+00:00
模型训练,大模型,new,2,2024-12,AI Infra工程师; 大模型算法工程师; 数据分析师; 机器人算法工程师; 网络安全工程师; 自动驾驶算法工程师; 音视频工程师,7,1,low,观测起点已覆盖多个岗位，只能说明观测期内的覆盖和扩散，不能推断真实起源岗位,2026-07,10,22,15,多模态算法工程师; 数据仓库工程师; NLP算法工程师; 数据平台工程师; 算法工程师; 通信工程师; 数据开发工程师; 系统软件工程师; AI Agent算法工程师; 机器学习算法工程师; 数据挖掘算法工程师; 运维工程师; 云计算工程师; DevOps工程师; AI应用工程师,AI Infra工程师; 大模型算法工程师; 数据分析师; 机器人算法工程师; 网络安全工程师; 自动驾驶算法工程师; 音视频工程师; 多模态算法工程师; 数据仓库工程师; NLP算法工程师; 数据平台工程师; 算法工程师; 通信工程师; 数据开发工程师; 系统软件工程师; AI Agent算法工程师; 机器学习算法工程师; 数据挖掘算法工程师; 运维工程师; 云计算工程师; DevOps工程师; AI应用工程师,2024-12,AI Infra工程师; 机器人算法工程师; 网络安全工程师; 自动驾驶算法工程师; 音视频工程师,5,18,13,多模态算法工程师; 数据仓库工程师; 数据分析师; NLP算法工程师; 数据平台工程师; 算法工程师; 通信工程师; 数据开发工程师; 系统软件工程师; AI Agent算法工程师; 数据挖掘算法工程师; 机器学习算法工程师; 运维工程师,2024-12: AI Infra工程师; 机器人算法工程师; 网络安全工程师; 自动驾驶算法工程师; 音视频工程师 -> 2025-01: 多模态算法工程师; 数据仓库工程师; 数据分析师 -> 2025-02: NLP算法工程师 -> 2025-04: 数据平台工程师; 算法工程师; 通信工程师 -> 2025-05: 数据开发工程师; 系统软件工程师 -> 2025-06: AI Agent算法工程师 -> 2025-09: 数据挖掘算法工程师 -> 2025-11: 机器学习算法工程师 -> 2026-04: 运维工程师,15,2025-12,1179,2024-12: AI Infra工程师; 大模型算法工程师; 数据分析师; 机器人算法工程师; 网络安全工程师; 自动驾驶算法工程师; 音视频工程师 -> 2025-01: 多模态算法工程师; 数据仓库工程师 -> 2025-02: NLP算法工程师 -> 2025-03: 数据平台工程师; 算法工程师; 通信工程师 -> 2025-04: 数据开发工程师 -> 2025-05: 系统软件工程师 -> 2025-06: AI Agent算法工程师; 机器学习算法工程师 -> 2025-09: 数据挖掘算法工程师 -> 2025-12: 运维工程师 -> 2026-01: 云计算工程师 -> 2026-03: DevOps工程师 -> 2026-06: AI应用工程师,2026-08-08T05:14:20+00:00
模型评测,大模型,new,2,2024-12,AI安全工程师; 大模型测试工程师; 大模型算法工程师,3,1,medium,技能在观测起点已出现，首现岗位是观测窗口内首批岗位，不等同于真实起源岗位,2026-07,4,9,6,AI Agent算法工程师; 大模型应用工程师; 测试开发工程师; 质量工程师; AI产品经理; 解决方案工程师,AI安全工程师; 大模型测试工程师; 大模型算法工程师; AI Agent算法工程师; 大模型应用工程师; 测试开发工程师; 质量工程师; AI产品经理; 解决方案工程师,2024-12,AI安全工程师; 大模型测试工程师; 大模型算法工程师,3,9,6,AI Agent算法工程师; 大模型应用工程师; 质量工程师; 测试开发工程师; AI产品经理; 解决方案工程师,2024-12: AI安全工程师; 大模型测试工程师; 大模型算法工程师 -> 2025-01: AI Agent算法工程师 -> 2025-02: 大模型应用工程师 -> 2025-05: 质量工程师 -> 2025-06: 测试开发工程师 -> 2025-07: AI产品经理 -> 2026-01: 解决方案工程师,6,2026-01,993,2024-12: AI安全工程师; 大模型测试工程师; 大模型算法工程师 -> 2025-01: AI Agent算法工程师; 大模型应用工程师 -> 2025-05: 测试开发工程师; 质量工程师 -> 2025-06: AI产品经理 -> 2025-12: 解决方案工程师,2026-08-08T05:14:20+00:00
模型调优,大模型,new,2,2024-12,大模型应用工程师; 大模型算法工程师,2,1,medium,技能在观测起点已出现，首现岗位是观测窗口内首批岗位，不等同于真实起源岗位,2026-07,5,9,7,AI Agent算法工程师; NLP算法工程师; AI安全工程师; 大模型测试工程师; AI产品经理; 解决方案工程师; 后端开发工程师,大模型应用工程师; 大模型算法工程师; AI Agent算法工程师; NLP算法工程师; AI安全工程师; 大模型测试工程师; AI产品经理; 解决方案工程师; 后端开发工程师,2024-12,大模型应用工程师; 大模型算法工程师,2,8,6,AI Agent算法工程师; NLP算法工程师; AI安全工程师; 大模型测试工程师; 解决方案工程师; AI产品经理,2024-12: 大模型应用工程师; 大模型算法工程师 -> 2025-01: AI Agent算法工程师; NLP算法工程师 -> 2025-05: AI安全工程师 -> 2025-07: 大模型测试工程师 -> 2025-08: 解决方案工程师 -> 2025-09: AI产品经理,6,2026-05,572,2024-12: 大模型应用工程师; 大模型算法工程师 -> 2025-01: AI Agent算法工程师; NLP算法工程师 -> 2025-05: AI安全工程师 -> 2025-07: 大模型测试工程师 -> 2025-08: AI产品经理; 解决方案工程师 -> 2026-02: 后端开发工程师,2026-08-08T05:14:20+00:00
模型部署,大模型,new,2,2024-12,AI Infra工程师; 后端开发工程师; 大模型应用工程师,3,1,medium,技能在观测起点已出现，首现岗位是观测窗口内首批岗位，不等同于真实起源岗位,2026-07,4,9,6,大模型算法工程师; DevOps工程师; 云计算工程师; 解决方案工程师; 软件架构师; 测试开发工程师,AI Infra工程师; 后端开发工程师; 大模型应用工程师; 大模型算法工程师; DevOps工程师; 云计算工程师; 解决方案工程师; 软件架构师; 测试开发工程师,2025-01,大模型应用工程师,1,8,7,AI Infra工程师; DevOps工程师; 云计算工程师; 后端开发工程师; 解决方案工程师; 大模型算法工程师; 软件架构师,2025-01: 大模型应用工程师 -> 2025-02: AI Infra工程师; DevOps工程师; 云计算工程师 -> 2025-05: 后端开发工程师 -> 2025-06: 解决方案工程师 -> 2025-11: 大模型算法工程师 -> 2026-01: 软件架构师,5,2026-01,556,2024-12: AI Infra工程师; 后端开发工程师; 大模型应用工程师 -> 2025-01: 大模型算法工程师 -> 2025-02: DevOps工程师; 云计算工程师 -> 2025-06: 解决方案工程师 -> 2025-08: 软件架构师 -> 2026-01: 测试开发工程师,2026-08-08T05:14:20+00:00
模型预训练,大模型,,2,2024-12,技术支持工程师,1,1,medium,技能在观测起点已出现，首现岗位是观测窗口内首批岗位，不等同于真实起源岗位,2026-05,1,1,0,,技术支持工程师,2025-01,技术支持工程师,1,1,0,,2025-01: 技术支持工程师,1,2026-05,8,2024-12: 技术支持工程师,2026-08-08T05:14:20+00:00
模式识别,AI,new,2,2025-01,推荐算法工程师,1,0,high,技能在观测期内首次出现，后续扩散路径可用于分析样本内技能迁移,2026-07,1,2,1,嵌入式软件工程师,推荐算法工程师; 嵌入式软件工程师,2025-02,嵌入式软件工程师,1,2,1,推荐算法工程师,2025-02: 嵌入式软件工程师 -> 2025-10: 推荐算法工程师,2,2026-06,54,2025-01: 推荐算法工程师 -> 2025-02: 嵌入式软件工程师,2026-08-08T05:14:20+00:00
模拟电路设计,硬件与芯片,traditional,2,2024-12,图形图像工程师; 大模型测试工程师; 电源工程师; 质量工程师,4,1,medium,技能在观测起点已出现，首现岗位是观测窗口内首批岗位，不等同于真实起源岗位,2026-07,4,7,3,芯片验证工程师; 软件架构师; 芯片设计工程师,图形图像工程师; 大模型测试工程师; 电源工程师; 质量工程师; 芯片验证工程师; 软件架构师; 芯片设计工程师,2024-12,图形图像工程师; 电源工程师; 质量工程师,3,6,3,芯片验证工程师; 大模型测试工程师; 芯片设计工程师,2024-12: 图形图像工程师; 电源工程师; 质量工程师 -> 2025-03: 芯片验证工程师 -> 2025-04: 大模型测试工程师 -> 2025-06: 芯片设计工程师,5,2025-10,419,2024-12: 图形图像工程师; 大模型测试工程师; 电源工程师; 质量工程师 -> 2025-01: 芯片验证工程师; 软件架构师 -> 2025-05: 芯片设计工程师,2026-08-08T05:14:20+00:00
汇编语言,编程语言,traditional,2,2024-12,DevOps工程师; Java开发工程师; 服务器工程师; 通信工程师,4,1,medium,技能在观测起点已出现，首现岗位是观测窗口内首批岗位，不等同于真实起源岗位,2026-07,3,12,8,Python开发工程师; 安全工程师; 嵌入式软件工程师; 芯片验证工程师; iOS开发工程师; 客户端开发工程师; 系统软件工程师; 语音算法工程师,DevOps工程师; Java开发工程师; 服务器工程师; 通信工程师; Python开发工程师; 安全工程师; 嵌入式软件工程师; 芯片验证工程师; iOS开发工程师; 客户端开发工程师; 系统软件工程师; 语音算法工程师,2024-12,服务器工程师,1,11,10,DevOps工程师; iOS开发工程师; 嵌入式软件工程师; 通信工程师; 安全工程师; 客户端开发工程师; Python开发工程师; 系统软件工程师; 芯片验证工程师; 语音算法工程师,2024-12: 服务器工程师 -> 2025-01: DevOps工程师 -> 2025-02: iOS开发工程师 -> 2025-03: 嵌入式软件工程师; 通信工程师 -> 2025-06: 安全工程师; 客户端开发工程师 -> 2025-08: Python开发工程师; 系统软件工程师 -> 2025-09: 芯片验证工程师 -> 2025-10: 语音算法工程师,7,2025-03,156,2024-12: DevOps工程师; Java开发工程师; 服务器工程师; 通信工程师 -> 2025-01: Python开发工程师; 安全工程师; 嵌入式软件工程师; 芯片验证工程师 -> 2025-02: iOS开发工程师; 客户端开发工程师 -> 2025-03: 系统软件工程师; 语音算法工程师,2026-08-08T05:14:20+00:00
汽车电子,行业应用,traditional,2,2024-12,机器人软件工程师; 电源工程师; 自动驾驶算法工程师,3,1,medium,技能在观测起点已出现，首现岗位是观测窗口内首批岗位，不等同于真实起源岗位,2026-07,3,3,0,,机器人软件工程师; 电源工程师; 自动驾驶算法工程师,2024-12,机器人软件工程师; 电源工程师; 自动驾驶算法工程师,3,3,0,,2024-12: 机器人软件工程师; 电源工程师; 自动驾驶算法工程师,3,2026-07,683,2024-12: 机器人软件工程师; 电源工程师; 自动驾驶算法工程师,2026-08-08T05:14:20+00:00
流式计算,数据工程,traditional,2,2024-12,AI Agent算法工程师; 信息安全工程师; 数据仓库工程师; 数据工程师; 软件开发工程师; 软件架构师,6,1,low,观测起点已覆盖多个岗位，只能说明观测期内的覆盖和扩散，不能推断真实起源岗位,2026-07,2,9,3,Python开发工程师; 前端开发工程师; 风控算法工程师,AI Agent算法工程师; 信息安全工程师; 数据仓库工程师; 数据工程师; 软件开发工程师; 软件架构师; Python开发工程师; 前端开发工程师; 风控算法工程师,2024-12,信息安全工程师,1,8,7,AI Agent算法工程师; 数据仓库工程师; 软件开发工程师; 软件架构师; 数据工程师; 前端开发工程师; Python开发工程师,2024-12: 信息安全工程师 -> 2025-01: AI Agent算法工程师; 数据仓库工程师; 软件开发工程师; 软件架构师 -> 2025-02: 数据工程师 -> 2025-04: 前端开发工程师 -> 2025-05: Python开发工程师,7,2025-01,85,2024-12: AI Agent算法工程师; 信息安全工程师; 数据仓库工程师; 数据工程师; 软件开发工程师; 软件架构师 -> 2025-01: Python开发工程师; 前端开发工程师 -> 2025-02: 风控算法工程师,2026-08-08T05:14:20+00:00
流程自动化,软件工程,traditional,2,2024-12,图形图像工程师; 网络安全工程师,2,1,medium,技能在观测起点已出现，首现岗位是观测窗口内首批岗位，不等同于真实起源岗位,2026-07,1,3,1,嵌入式软件工程师,图形图像工程师; 网络安全工程师; 嵌入式软件工程师,2024-12,图形图像工程师; 网络安全工程师,2,3,1,嵌入式软件工程师,2024-12: 图形图像工程师; 网络安全工程师 -> 2025-04: 嵌入式软件工程师,3,2025-07,71,2024-12: 图形图像工程师; 网络安全工程师 -> 2025-01: 嵌入式软件工程师,2026-08-08T05:14:20+00:00
消息队列,数据工程,traditional,2,2024-12,AI安全工程师; C++开发工程师; Java开发工程师; 全栈开发工程师; 后端开发工程师; 数据仓库工程师; 数据开发工程师; 服务器工程师; 算法研究员; 软件开发工程师,10,1,low,观测起点已覆盖多个岗位，只能说明观测期内的覆盖和扩散，不能推断真实起源岗位,2026-07,7,18,8,Go开发工程师; 客户端开发工程师; 运维工程师; AI Agent应用工程师; 网络工程师; AI应用工程师; 芯片设计工程师; 推荐算法工程师,AI安全工程师; C++开发工程师; Java开发工程师; 全栈开发工程师; 后端开发工程师; 数据仓库工程师; 数据开发工程师; 服务器工程师; 算法研究员; 软件开发工程师; Go开发工程师; 客户端开发工程师; 运维工程师; AI Agent应用工程师; 网络工程师; AI应用工程师; 芯片设计工程师; 推荐算法工程师,2024-12,C++开发工程师; Java开发工程师; 后端开发工程师; 数据仓库工程师; 算法研究员; 软件开发工程师,6,17,11,服务器工程师; Go开发工程师; 网络工程师; AI Agent应用工程师; 运维工程师; AI安全工程师; 芯片设计工程师; AI应用工程师; 客户端开发工程师; 数据开发工程师; 全栈开发工程师,2024-12: C++开发工程师; Java开发工程师; 后端开发工程师; 数据仓库工程师; 算法研究员; 软件开发工程师 -> 2025-01: 服务器工程师 -> 2025-02: Go开发工程师; 网络工程师 -> 2025-03: AI Agent应用工程师; 运维工程师 -> 2025-04: AI安全工程师 -> 2025-06: 芯片设计工程师 -> 2025-08: AI应用工程师 -> 2025-12: 客户端开发工程师 -> 2026-01: 数据开发工程师 -> 2026-05: 全栈开发工程师,11,2026-01,775,2024-12: AI安全工程师; C++开发工程师; Java开发工程师; 全栈开发工程师; 后端开发工程师; 数据仓库工程师; 数据开发工程师; 服务器工程师; 算法研究员; 软件开发工程师 -> 2025-01: Go开发工程师; 客户端开发工程师; 运维工程师 -> 2025-02: AI Agent应用工程师; 网络工程师 -> 2025-04: AI应用工程师; 芯片设计工程师 -> 2026-07: 推荐算法工程师,2026-08-08T05:14:20+00:00
深度学习,AI,traditional,2,2024-12,AI Agent算法工程师; AIGC算法工程师; AI产品经理; AI安全工程师; Android开发工程师; NLP算法工程师; 信息安全工程师; 图形图像工程师; 大模型测试工程师; 大模型算法工程师; 安全工程师; 广告算法工程师; 控制算法工程师; 推荐算法工程师; 搜索算法工程师; 数据工程师; 数据挖掘算法工程师; 机器学习算法工程师; 测试开发工程师; 电源工程师; 算法工程师; 算法研究员; 网络安全工程师; 自动驾驶算法工程师; 芯片测试工程师; 解决方案工程师; 计算机视觉算法工程师; 语音算法工程师; 质量工程师; 通信工程师; 音视频工程师; 风控算法工程师,32,1,low,观测起点已覆盖多个岗位，只能说明观测期内的覆盖和扩散，不能推断真实起源岗位,2026-07,22,38,6,Java开发工程师; C++开发工程师; 全栈开发工程师; 数据分析师; 多模态算法工程师; 大模型应用工程师,AI Agent算法工程师; AIGC算法工程师; AI产品经理; AI安全工程师; Android开发工程师; NLP算法工程师; 信息安全工程师; 图形图像工程师; 大模型测试工程师; 大模型算法工程师; 安全工程师; 广告算法工程师; 控制算法工程师; 推荐算法工程师; 搜索算法工程师; 数据工程师; 数据挖掘算法工程师; 机器学习算法工程师; 测试开发工程师; 电源工程师; 算法工程师; 算法研究员; 网络安全工程师; 自动驾驶算法工程师; 芯片测试工程师; 解决方案工程师; 计算机视觉算法工程师; 语音算法工程师; 质量工程师; 通信工程师; 音视频工程师; 风控算法工程师; Java开发工程师; C++开发工程师; 全栈开发工程师; 数据分析师; 多模态算法工程师; 大模型应用工程师,2024-12,AI Agent算法工程师; AIGC算法工程师; AI产品经理; NLP算法工程师; 信息安全工程师; 图形图像工程师; 大模型算法工程师; 安全工程师; 广告算法工程师; 控制算法工程师; 推荐算法工程师; 搜索算法工程师; 数据挖掘算法工程师; 机器学习算法工程师; 电源工程师; 算法工程师; 算法研究员; 网络安全工程师; 自动驾驶算法工程师; 芯片测试工程师; 解决方案工程师; 计算机视觉算法工程师; 语音算法工程师; 质量工程师; 通信工程师; 音视频工程师; 风控算法工程师,27,37,10,AI安全工程师; 数据工程师; Android开发工程师; 大模型测试工程师; 测试开发工程师; Java开发工程师; C++开发工程师; 数据分析师; 全栈开发工程师; 多模态算法工程师,2024-12: AI Agent算法工程师; AIGC算法工程师; AI产品经理; NLP算法工程师; 信息安全工程师; 图形图像工程师; 大模型算法工程师; 安全工程师; 广告算法工程师; 控制算法工程师; 推荐算法工程师; 搜索算法工程师; 数据挖掘算法工程师; 机器学习算法工程师; 电源工程师; 算法工程师; 算法研究员; 网络安全工程师; 自动驾驶算法工程师; 芯片测试工程师; 解决方案工程师; 计算机视觉算法工程师; 语音算法工程师; 质量工程师; 通信工程师; 音视频工程师; 风控算法工程师 -> 2025-01: AI安全工程师; 数据工程师 -> 2025-02: Android开发工程师; 大模型测试工程师; 测试开发工程师 -> 2025-04: Java开发工程师 -> 2025-05: C++开发工程师; 数据分析师 -> 2025-11: 全栈开发工程师 -> 2026-05: 多模态算法工程师,32,2024-12,3983,2024-12: AI Agent算法工程师; AIGC算法工程师; AI产品经理; AI安全工程师; Android开发工程师; NLP算法工程师; 信息安全工程师; 图形图像工程师; 大模型测试工程师; 大模型算法工程师; 安全工程师; 广告算法工程师; 控制算法工程师; 推荐算法工程师; 搜索算法工程师; 数据工程师; 数据挖掘算法工程师; 机器学习算法工程师; 测试开发工程师; 电源工程师; 算法工程师; 算法研究员; 网络安全工程师; 自动驾驶算法工程师; 芯片测试工程师; 解决方案工程师; 计算机视觉算法工程师; 语音算法工程师; 质量工程师; 通信工程师; 音视频工程师; 风控算法工程师 -> 2025-03: Java开发工程师 -> 2025-04: C++开发工程师; 全栈开发工程师 -> 2025-05: 数据分析师 -> 2025-06: 多模态算法工程师 -> 2026-04: 大模型应用工程师,2026-08-08T05:14:20+00:00
深度学习框架,AI,traditional,2,2024-12,AI Infra工程师; 后端开发工程师; 图形图像工程师; 推荐算法工程师; 算法研究员; 计算机视觉算法工程师; 音视频工程师,7,1,low,观测起点已覆盖多个岗位，只能说明观测期内的覆盖和扩散，不能推断真实起源岗位,2026-07,6,15,8,AI Agent算法工程师; 大模型算法工程师; 软件架构师; 数据挖掘算法工程师; 广告算法工程师; 算法工程师; 搜索算法工程师; AI Agent应用工程师,AI Infra工程师; 后端开发工程师; 图形图像工程师; 推荐算法工程师; 算法研究员; 计算机视觉算法工程师; 音视频工程师; AI Agent算法工程师; 大模型算法工程师; 软件架构师; 数据挖掘算法工程师; 广告算法工程师; 算法工程师; 搜索算法工程师; AI Agent应用工程师,2024-12,推荐算法工程师; 算法研究员; 音视频工程师,3,6,3,图形图像工程师; 软件架构师; 搜索算法工程师,2024-12: 推荐算法工程师; 算法研究员; 音视频工程师 -> 2025-01: 图形图像工程师; 软件架构师 -> 2026-07: 搜索算法工程师,7,2025-01,98,2024-12: AI Infra工程师; 后端开发工程师; 图形图像工程师; 推荐算法工程师; 算法研究员; 计算机视觉算法工程师; 音视频工程师 -> 2025-01: AI Agent算法工程师; 大模型算法工程师; 软件架构师 -> 2025-05: 数据挖掘算法工程师 -> 2025-07: 广告算法工程师 -> 2025-09: 算法工程师 -> 2026-01: 搜索算法工程师 -> 2026-07: AI Agent应用工程师,2026-08-08T05:14:20+00:00
混沌工程,软件工程,traditional,2,2024-12,DevOps工程师,1,1,medium,技能在观测起点已出现，首现岗位是观测窗口内首批岗位，不等同于真实起源岗位,2025-05,1,1,0,,DevOps工程师,2024-12,DevOps工程师,1,1,0,,2024-12: DevOps工程师,1,2025-05,18,2024-12: DevOps工程师,2026-08-08T05:14:20+00:00
游戏与图形开发,游戏与图形,traditional,2,2024-12,C++开发工程师; 图形图像工程师; 嵌入式软件工程师; 数据工程师; 数据挖掘算法工程师; 算法研究员; 通信工程师,7,1,low,观测起点已覆盖多个岗位，只能说明观测期内的覆盖和扩散，不能推断真实起源岗位,2026-07,5,9,2,客户端开发工程师; 软件开发工程师,C++开发工程师; 图形图像工程师; 嵌入式软件工程师; 数据工程师; 数据挖掘算法工程师; 算法研究员; 通信工程师; 客户端开发工程师; 软件开发工程师,2024-12,图形图像工程师; 嵌入式软件工程师; 通信工程师,3,8,5,数据工程师; C++开发工程师; 数据挖掘算法工程师; 算法研究员; 客户端开发工程师,2024-12: 图形图像工程师; 嵌入式软件工程师; 通信工程师 -> 2025-01: 数据工程师 -> 2025-02: C++开发工程师; 数据挖掘算法工程师 -> 2025-03: 算法研究员 -> 2025-08: 客户端开发工程师,7,2024-12,384,2024-12: C++开发工程师; 图形图像工程师; 嵌入式软件工程师; 数据工程师; 数据挖掘算法工程师; 算法研究员; 通信工程师 -> 2025-07: 客户端开发工程师 -> 2026-05: 软件开发工程师,2026-08-08T05:14:20+00:00
版图设计,硬件与芯片,traditional,2,2024-12,图形图像工程师,1,1,medium,技能在观测起点已出现，首现岗位是观测窗口内首批岗位，不等同于真实起源岗位,2026-07,1,1,0,,图形图像工程师,2024-12,图形图像工程师,1,1,0,,2024-12: 图形图像工程师,1,2026-07,74,2024-12: 图形图像工程师,2026-08-08T05:14:20+00:00
物联网,工业与物联网,new,2,2025-01,嵌入式软件工程师; 数据库工程师,2,0,high,技能在观测期内首次出现，后续扩散路径可用于分析样本内技能迁移,2026-07,3,3,1,硬件工程师,嵌入式软件工程师; 数据库工程师; 硬件工程师,2025-03,嵌入式软件工程师,1,3,2,数据库工程师; 硬件工程师,2025-03: 嵌入式软件工程师 -> 2025-07: 数据库工程师 -> 2026-02: 硬件工程师,3,2026-07,53,2025-01: 嵌入式软件工程师; 数据库工程师 -> 2025-05: 硬件工程师,2026-08-08T05:14:20+00:00
特征工程,数据工程,traditional,2,2024-12,AI产品经理; 信息安全工程师; 数据分析师,3,1,medium,技能在观测起点已出现，首现岗位是观测窗口内首批岗位，不等同于真实起源岗位,2026-05,2,9,6,推荐算法工程师; 数据开发工程师; 数据挖掘算法工程师; 后端开发工程师; 机器学习算法工程师; 风控算法工程师,AI产品经理; 信息安全工程师; 数据分析师; 推荐算法工程师; 数据开发工程师; 数据挖掘算法工程师; 后端开发工程师; 机器学习算法工程师; 风控算法工程师,2024-12,AI产品经理; 信息安全工程师,2,5,3,数据分析师; 推荐算法工程师; 数据开发工程师,2024-12: AI产品经理; 信息安全工程师 -> 2025-01: 数据分析师 -> 2025-02: 推荐算法工程师; 数据开发工程师,4,2025-02,75,2024-12: AI产品经理; 信息安全工程师; 数据分析师 -> 2025-01: 推荐算法工程师 -> 2025-02: 数据开发工程师; 数据挖掘算法工程师 -> 2025-06: 后端开发工程师 -> 2026-03: 机器学习算法工程师 -> 2026-05: 风控算法工程师,2026-08-08T05:14:20+00:00
知识图谱,知识图谱,new,2,2024-12,NLP算法工程师; 大模型应用工程师; 搜索算法工程师,3,1,medium,技能在观测起点已出现，首现岗位是观测窗口内首批岗位，不等同于真实起源岗位,2026-07,6,9,6,AI Agent算法工程师; AI Agent应用工程师; 后端开发工程师; 数据开发工程师; 解决方案工程师; AI产品经理,NLP算法工程师; 大模型应用工程师; 搜索算法工程师; AI Agent算法工程师; AI Agent应用工程师; 后端开发工程师; 数据开发工程师; 解决方案工程师; AI产品经理,2024-12,NLP算法工程师; 搜索算法工程师,2,9,7,AI Agent算法工程师; 大模型应用工程师; AI Agent应用工程师; 后端开发工程师; 数据开发工程师; 解决方案工程师; AI产品经理,2024-12: NLP算法工程师; 搜索算法工程师 -> 2025-01: AI Agent算法工程师; 大模型应用工程师 -> 2025-04: AI Agent应用工程师 -> 2025-06: 后端开发工程师; 数据开发工程师; 解决方案工程师 -> 2026-04: AI产品经理,7,2025-12,711,2024-12: NLP算法工程师; 大模型应用工程师; 搜索算法工程师 -> 2025-01: AI Agent算法工程师 -> 2025-02: AI Agent应用工程师 -> 2025-05: 后端开发工程师 -> 2025-06: 数据开发工程师; 解决方案工程师 -> 2025-12: AI产品经理,2026-08-08T05:14:20+00:00
研发效能,软件工程,traditional,2,2024-12,AIGC算法工程师; DevOps工程师; 质量工程师,3,1,medium,技能在观测起点已出现，首现岗位是观测窗口内首批岗位，不等同于真实起源岗位,2026-04,1,7,4,AI安全工程师; 软件架构师; 客户端开发工程师; 测试开发工程师,AIGC算法工程师; DevOps工程师; 质量工程师; AI安全工程师; 软件架构师; 客户端开发工程师; 测试开发工程师,2024-12,DevOps工程师; 质量工程师,2,4,2,软件架构师; 客户端开发工程师,2024-12: DevOps工程师; 质量工程师 -> 2025-01: 软件架构师 -> 2025-08: 客户端开发工程师,4,2025-01,78,2024-12: AIGC算法工程师; DevOps工程师; 质量工程师 -> 2025-01: AI安全工程师; 软件架构师 -> 2025-07: 客户端开发工程师 -> 2025-11: 测试开发工程师,2026-08-08T05:14:20+00:00
硬件开发,硬件与芯片,traditional,2,2024-12,AI应用工程师; C++开发工程师; Python开发工程师; 嵌入式软件工程师; 数据分析师; 测试工程师; 热设计工程师; 电源工程师; 硬件工程师; 系统软件工程师; 结构工程师; 芯片设计工程师; 芯片验证工程师; 质量工程师; 音视频工程师; 驱动开发工程师,16,1,low,观测起点已覆盖多个岗位，只能说明观测期内的覆盖和扩散，不能推断真实起源岗位,2026-07,14,23,7,AI Infra工程师; 大模型测试工程师; 服务器工程师; 安全工程师; 软件开发工程师; 风控算法工程师; 语音算法工程师,AI应用工程师; C++开发工程师; Python开发工程师; 嵌入式软件工程师; 数据分析师; 测试工程师; 热设计工程师; 电源工程师; 硬件工程师; 系统软件工程师; 结构工程师; 芯片设计工程师; 芯片验证工程师; 质量工程师; 音视频工程师; 驱动开发工程师; AI Infra工程师; 大模型测试工程师; 服务器工程师; 安全工程师; 软件开发工程师; 风控算法工程师; 语音算法工程师,2024-12,C++开发工程师; 测试工程师; 热设计工程师; 电源工程师; 硬件工程师; 系统软件工程师; 结构工程师; 芯片设计工程师; 芯片验证工程师; 质量工程师; 音视频工程师,11,21,10,驱动开发工程师; Python开发工程师; 安全工程师; 数据分析师; 嵌入式软件工程师; 大模型测试工程师; 风控算法工程师; AI Infra工程师; 服务器工程师; 语音算法工程师,2024-12: C++开发工程师; 测试工程师; 热设计工程师; 电源工程师; 硬件工程师; 系统软件工程师; 结构工程师; 芯片设计工程师; 芯片验证工程师; 质量工程师; 音视频工程师 -> 2025-01: 驱动开发工程师 -> 2025-02: Python开发工程师; 安全工程师; 数据分析师 -> 2025-03: 嵌入式软件工程师 -> 2025-05: 大模型测试工程师; 风控算法工程师 -> 2025-06: AI Infra工程师; 服务器工程师 -> 2026-01: 语音算法工程师,18,2025-06,2362,2024-12: AI应用工程师; C++开发工程师; Python开发工程师; 嵌入式软件工程师; 数据分析师; 测试工程师; 热设计工程师; 电源工程师; 硬件工程师; 系统软件工程师; 结构工程师; 芯片设计工程师; 芯片验证工程师; 质量工程师; 音视频工程师; 驱动开发工程师 -> 2025-01: AI Infra工程师; 大模型测试工程师; 服务器工程师 -> 2025-02: 安全工程师 -> 2025-03: 软件开发工程师; 风控算法工程师 -> 2025-06: 语音算法工程师,2026-08-08T05:14:20+00:00
科学计算,科学计算与仿真,traditional,2,2024-12,算法研究员; 驱动开发工程师,2,1,medium,技能在观测起点已出现，首现岗位是观测窗口内首批岗位，不等同于真实起源岗位,2026-07,2,3,1,算法工程师,算法研究员; 驱动开发工程师; 算法工程师,2024-12,算法研究员,1,2,1,驱动开发工程师,2024-12: 算法研究员 -> 2025-01: 驱动开发工程师,3,2025-07,69,2024-12: 算法研究员; 驱动开发工程师 -> 2025-07: 算法工程师,2026-08-08T05:14:20+00:00
算法工程,算法与数学,traditional,2,2024-12,AI Agent算法工程师; AI产品经理; NLP算法工程师; 信息安全工程师; 多模态算法工程师; 嵌入式软件工程师; 数据分析师; 数据挖掘算法工程师; 热设计工程师; 算法工程师; 算法研究员; 芯片设计工程师; 计算机视觉算法工程师; 音视频工程师; 风控算法工程师,15,1,low,观测起点已覆盖多个岗位，只能说明观测期内的覆盖和扩散，不能推断真实起源岗位,2026-07,9,22,7,AIGC算法工程师; 通信工程师; 推荐算法工程师; 数据开发工程师; 广告算法工程师; 机器学习算法工程师; 大模型算法工程师,AI Agent算法工程师; AI产品经理; NLP算法工程师; 信息安全工程师; 多模态算法工程师; 嵌入式软件工程师; 数据分析师; 数据挖掘算法工程师; 热设计工程师; 算法工程师; 算法研究员; 芯片设计工程师; 计算机视觉算法工程师; 音视频工程师; 风控算法工程师; AIGC算法工程师; 通信工程师; 推荐算法工程师; 数据开发工程师; 广告算法工程师; 机器学习算法工程师; 大模型算法工程师,2024-12,AI Agent算法工程师; AI产品经理; 信息安全工程师; 嵌入式软件工程师; 数据分析师; 数据挖掘算法工程师; 热设计工程师; 算法工程师; 算法研究员; 计算机视觉算法工程师; 风控算法工程师,11,21,10,多模态算法工程师; 音视频工程师; 数据开发工程师; 芯片设计工程师; 通信工程师; 广告算法工程师; NLP算法工程师; 推荐算法工程师; 机器学习算法工程师; AIGC算法工程师,2024-12: AI Agent算法工程师; AI产品经理; 信息安全工程师; 嵌入式软件工程师; 数据分析师; 数据挖掘算法工程师; 热设计工程师; 算法工程师; 算法研究员; 计算机视觉算法工程师; 风控算法工程师 -> 2025-01: 多模态算法工程师; 音视频工程师 -> 2025-02: 数据开发工程师; 芯片设计工程师 -> 2025-03: 通信工程师 -> 2025-05: 广告算法工程师 -> 2025-07: NLP算法工程师; 推荐算法工程师 -> 2025-09: 机器学习算法工程师 -> 2025-12: AIGC算法工程师,15,2025-01,1643,2024-12: AI Agent算法工程师; AI产品经理; NLP算法工程师; 信息安全工程师; 多模态算法工程师; 嵌入式软件工程师; 数据分析师; 数据挖掘算法工程师; 热设计工程师; 算法工程师; 算法研究员; 芯片设计工程师; 计算机视觉算法工程师; 音视频工程师; 风控算法工程师 -> 2025-01: AIGC算法工程师; 通信工程师 -> 2025-02: 推荐算法工程师; 数据开发工程师 -> 2025-03: 广告算法工程师 -> 2025-07: 机器学习算法工程师 -> 2026-06: 大模型算法工程师,2026-08-08T05:14:20+00:00
系统开发,系统与运维,traditional,2,2024-12,AI产品经理; C++开发工程师; Python开发工程师; 大模型测试工程师; 嵌入式软件工程师; 数据库工程师; 服务器工程师; 测试工程师; 测试开发工程师; 芯片验证工程师; 解决方案工程师; 计算机视觉算法工程师; 质量工程师; 驱动开发工程师,14,1,low,观测起点已覆盖多个岗位，只能说明观测期内的覆盖和扩散，不能推断真实起源岗位,2026-07,10,24,10,AI安全工程师; Android开发工程师; Java开发工程师; iOS开发工程师; 数据分析师; 机器学习算法工程师; 硬件工程师; 技术支持工程师; 软件开发工程师; AIGC算法工程师,AI产品经理; C++开发工程师; Python开发工程师; 大模型测试工程师; 嵌入式软件工程师; 数据库工程师; 服务器工程师; 测试工程师; 测试开发工程师; 芯片验证工程师; 解决方案工程师; 计算机视觉算法工程师; 质量工程师; 驱动开发工程师; AI安全工程师; Android开发工程师; Java开发工程师; iOS开发工程师; 数据分析师; 机器学习算法工程师; 硬件工程师; 技术支持工程师; 软件开发工程师; AIGC算法工程师,2024-12,AI产品经理; 嵌入式软件工程师; 服务器工程师; 测试工程师; 测试开发工程师; 芯片验证工程师; 解决方案工程师; 质量工程师; 驱动开发工程师,9,19,10,Python开发工程师; 数据分析师; C++开发工程师; iOS开发工程师; 技术支持工程师; 大模型测试工程师; 数据库工程师; Android开发工程师; 硬件工程师; Java开发工程师,2024-12: AI产品经理; 嵌入式软件工程师; 服务器工程师; 测试工程师; 测试开发工程师; 芯片验证工程师; 解决方案工程师; 质量工程师; 驱动开发工程师 -> 2025-01: Python开发工程师; 数据分析师 -> 2025-02: C++开发工程师; iOS开发工程师; 技术支持工程师 -> 2025-03: 大模型测试工程师; 数据库工程师 -> 2025-04: Android开发工程师 -> 2025-07: 硬件工程师 -> 2025-12: Java开发工程师,16,2025-01,1353,2024-12: AI产品经理; C++开发工程师; Python开发工程师; 大模型测试工程师; 嵌入式软件工程师; 数据库工程师; 服务器工程师; 测试工程师; 测试开发工程师; 芯片验证工程师; 解决方案工程师; 计算机视觉算法工程师; 质量工程师; 驱动开发工程师 -> 2025-01: AI安全工程师; Android开发工程师; Java开发工程师; iOS开发工程师; 数据分析师; 机器学习算法工程师; 硬件工程师 -> 2025-02: 技术支持工程师 -> 2025-12: 软件开发工程师 -> 2026-05: AIGC算法工程师,2026-08-08T05:14:20+00:00
编程语言,编程语言,traditional,2,2024-12,AI Agent算法工程师; Java开发工程师; 客户端开发工程师; 数据分析师; 服务器工程师; 机器人软件工程师; 测试工程师; 测试开发工程师; 硬件工程师; 自动驾驶算法工程师; 芯片验证工程师; 质量工程师,12,1,low,观测起点已覆盖多个岗位，只能说明观测期内的覆盖和扩散，不能推断真实起源岗位,2026-07,12,20,8,AI Agent应用工程师; AI Infra工程师; AIGC算法工程师; iOS开发工程师; Android开发工程师; AI安全工程师; 软件开发工程师; 机器学习算法工程师,AI Agent算法工程师; Java开发工程师; 客户端开发工程师; 数据分析师; 服务器工程师; 机器人软件工程师; 测试工程师; 测试开发工程师; 硬件工程师; 自动驾驶算法工程师; 芯片验证工程师; 质量工程师; AI Agent应用工程师; AI Infra工程师; AIGC算法工程师; iOS开发工程师; Android开发工程师; AI安全工程师; 软件开发工程师; 机器学习算法工程师,2024-12,AI Agent算法工程师; Java开发工程师; 客户端开发工程师; 数据分析师; 机器人软件工程师; 测试开发工程师; 硬件工程师; 质量工程师,8,16,8,测试工程师; 自动驾驶算法工程师; iOS开发工程师; 服务器工程师; 芯片验证工程师; AI Agent应用工程师; Android开发工程师; 机器学习算法工程师,2024-12: AI Agent算法工程师; Java开发工程师; 客户端开发工程师; 数据分析师; 机器人软件工程师; 测试开发工程师; 硬件工程师; 质量工程师 -> 2025-01: 测试工程师; 自动驾驶算法工程师 -> 2025-02: iOS开发工程师; 服务器工程师; 芯片验证工程师 -> 2025-03: AI Agent应用工程师; Android开发工程师 -> 2026-07: 机器学习算法工程师,12,2026-07,1141,2024-12: AI Agent算法工程师; Java开发工程师; 客户端开发工程师; 数据分析师; 服务器工程师; 机器人软件工程师; 测试工程师; 测试开发工程师; 硬件工程师; 自动驾驶算法工程师; 芯片验证工程师; 质量工程师 -> 2025-01: AI Agent应用工程师; AI Infra工程师 -> 2025-02: AIGC算法工程师; iOS开发工程师 -> 2025-03: Android开发工程师 -> 2025-08: AI安全工程师 -> 2025-09: 软件开发工程师 -> 2026-01: 机器学习算法工程师,2026-08-08T05:14:20+00:00
编解码技术,音视频技术,traditional,2,2025-01,音视频工程师,1,0,medium,传统技能在观测期内首次出现，可分析样本内扩散，但不代表行业真实首次出现,2026-07,1,1,0,,音视频工程师,2025-02,音视频工程师,1,1,0,,2025-02: 音视频工程师,1,2026-07,29,2025-01: 音视频工程师,2026-08-08T05:14:20+00:00
网络协议,系统与运维,traditional,2,2024-12,Python开发工程师; 服务器工程师; 网络工程师; 软件架构师; 驱动开发工程师,5,1,low,观测起点已覆盖多个岗位，只能说明观测期内的覆盖和扩散，不能推断真实起源岗位,2026-07,3,6,1,前端开发工程师,Python开发工程师; 服务器工程师; 网络工程师; 软件架构师; 驱动开发工程师; 前端开发工程师,2024-12,Python开发工程师; 服务器工程师,2,5,3,软件架构师; 驱动开发工程师; 网络工程师,2024-12: Python开发工程师; 服务器工程师 -> 2025-01: 软件架构师; 驱动开发工程师 -> 2025-02: 网络工程师,5,2025-01,121,2024-12: Python开发工程师; 服务器工程师; 网络工程师; 软件架构师; 驱动开发工程师 -> 2025-01: 前端开发工程师,2026-08-08T05:14:20+00:00
网络技术,通信与网络,traditional,2,2024-12,Python开发工程师; iOS开发工程师; 云计算工程师; 信息安全工程师; 嵌入式软件工程师; 数据仓库工程师; 数据分析师; 数据库工程师; 服务器工程师; 硬件工程师; 网络工程师; 芯片设计工程师; 芯片验证工程师; 解决方案工程师; 软件开发工程师; 运维工程师; 音视频工程师; 驱动开发工程师,18,1,low,观测起点已覆盖多个岗位，只能说明观测期内的覆盖和扩散，不能推断真实起源岗位,2026-07,14,24,6,Android开发工程师; 后端开发工程师; 大模型应用工程师; AI Infra工程师; 前端开发工程师; 测试开发工程师,Python开发工程师; iOS开发工程师; 云计算工程师; 信息安全工程师; 嵌入式软件工程师; 数据仓库工程师; 数据分析师; 数据库工程师; 服务器工程师; 硬件工程师; 网络工程师; 芯片设计工程师; 芯片验证工程师; 解决方案工程师; 软件开发工程师; 运维工程师; 音视频工程师; 驱动开发工程师; Android开发工程师; 后端开发工程师; 大模型应用工程师; AI Infra工程师; 前端开发工程师; 测试开发工程师,2024-12,iOS开发工程师; 信息安全工程师; 嵌入式软件工程师; 服务器工程师; 硬件工程师; 网络工程师; 芯片设计工程师; 芯片验证工程师; 解决方案工程师; 软件开发工程师; 运维工程师; 音视频工程师; 驱动开发工程师,13,22,9,Android开发工程师; Python开发工程师; 数据仓库工程师; 数据库工程师; 数据分析师; 后端开发工程师; 云计算工程师; 前端开发工程师; AI Infra工程师,2024-12: iOS开发工程师; 信息安全工程师; 嵌入式软件工程师; 服务器工程师; 硬件工程师; 网络工程师; 芯片设计工程师; 芯片验证工程师; 解决方案工程师; 软件开发工程师; 运维工程师; 音视频工程师; 驱动开发工程师 -> 2025-01: Android开发工程师; Python开发工程师; 数据仓库工程师; 数据库工程师 -> 2025-02: 数据分析师 -> 2025-03: 后端开发工程师 -> 2025-05: 云计算工程师 -> 2025-09: 前端开发工程师 -> 2025-12: AI Infra工程师,18,2025-01,1256,2024-12: Python开发工程师; iOS开发工程师; 云计算工程师; 信息安全工程师; 嵌入式软件工程师; 数据仓库工程师; 数据分析师; 数据库工程师; 服务器工程师; 硬件工程师; 网络工程师; 芯片设计工程师; 芯片验证工程师; 解决方案工程师; 软件开发工程师; 运维工程师; 音视频工程师; 驱动开发工程师 -> 2025-01: Android开发工程师; 后端开发工程师; 大模型应用工程师 -> 2025-02: AI Infra工程师 -> 2025-03: 前端开发工程师 -> 2026-04: 测试开发工程师,2026-08-08T05:14:20+00:00
网络编程,软件工程,traditional,2,2024-12,Android开发工程师; C++开发工程师; Go开发工程师; iOS开发工程师; 数据库工程师,5,1,low,观测起点已覆盖多个岗位，只能说明观测期内的覆盖和扩散，不能推断真实起源岗位,2026-07,5,14,9,云计算工程师; 芯片设计工程师; 后端开发工程师; 客户端开发工程师; 推荐算法工程师; 通信工程师; 运维工程师; 数据挖掘算法工程师; 搜索算法工程师,Android开发工程师; C++开发工程师; Go开发工程师; iOS开发工程师; 数据库工程师; 云计算工程师; 芯片设计工程师; 后端开发工程师; 客户端开发工程师; 推荐算法工程师; 通信工程师; 运维工程师; 数据挖掘算法工程师; 搜索算法工程师,2024-12,Android开发工程师; C++开发工程师; Go开发工程师; 数据库工程师,4,11,7,iOS开发工程师; 云计算工程师; 后端开发工程师; 客户端开发工程师; 推荐算法工程师; 通信工程师; 芯片设计工程师,2024-12: Android开发工程师; C++开发工程师; Go开发工程师; 数据库工程师 -> 2025-01: iOS开发工程师; 云计算工程师 -> 2025-05: 后端开发工程师; 客户端开发工程师; 推荐算法工程师 -> 2025-06: 通信工程师 -> 2025-11: 芯片设计工程师,7,2025-05,320,2024-12: Android开发工程师; C++开发工程师; Go开发工程师; iOS开发工程师; 数据库工程师 -> 2025-01: 云计算工程师; 芯片设计工程师 -> 2025-02: 后端开发工程师 -> 2025-04: 客户端开发工程师 -> 2025-05: 推荐算法工程师; 通信工程师 -> 2025-06: 运维工程师 -> 2025-08: 数据挖掘算法工程师 -> 2026-07: 搜索算法工程师,2026-08-08T05:14:20+00:00
自动化技术,系统与运维,traditional,2,2024-12,AI Agent算法工程师; AI产品经理; AI安全工程师; DevOps工程师; 信息安全工程师; 大模型测试工程师; 控制算法工程师; 测试工程师; 硬件工程师; 结构工程师,10,1,low,观测起点已覆盖多个岗位，只能说明观测期内的覆盖和扩散，不能推断真实起源岗位,2026-07,4,12,2,芯片设计工程师; 数据分析师,AI Agent算法工程师; AI产品经理; AI安全工程师; DevOps工程师; 信息安全工程师; 大模型测试工程师; 控制算法工程师; 测试工程师; 硬件工程师; 结构工程师; 芯片设计工程师; 数据分析师,2024-12,AI产品经理; AI安全工程师; DevOps工程师; 信息安全工程师; 大模型测试工程师; 控制算法工程师; 硬件工程师; 结构工程师,8,12,4,AI Agent算法工程师; 测试工程师; 数据分析师; 芯片设计工程师,2024-12: AI产品经理; AI安全工程师; DevOps工程师; 信息安全工程师; 大模型测试工程师; 控制算法工程师; 硬件工程师; 结构工程师 -> 2025-01: AI Agent算法工程师; 测试工程师 -> 2025-05: 数据分析师 -> 2025-11: 芯片设计工程师,10,2024-12,841,2024-12: AI Agent算法工程师; AI产品经理; AI安全工程师; DevOps工程师; 信息安全工程师; 大模型测试工程师; 控制算法工程师; 测试工程师; 硬件工程师; 结构工程师 -> 2025-01: 芯片设计工程师 -> 2025-03: 数据分析师,2026-08-08T05:14:20+00:00
自动化测试,软件开发,traditional,2,2024-12,AI Agent算法工程师; DevOps工程师; Python开发工程师; 测试开发工程师; 网络工程师,5,1,low,观测起点已覆盖多个岗位，只能说明观测期内的覆盖和扩散，不能推断真实起源岗位,2026-07,5,11,6,AI Agent应用工程师; 安全工程师; 软件架构师; 自动驾驶算法工程师; 大模型测试工程师; 系统软件工程师,AI Agent算法工程师; DevOps工程师; Python开发工程师; 测试开发工程师; 网络工程师; AI Agent应用工程师; 安全工程师; 软件架构师; 自动驾驶算法工程师; 大模型测试工程师; 系统软件工程师,2024-12,DevOps工程师; 测试开发工程师,2,8,6,Python开发工程师; 网络工程师; 自动驾驶算法工程师; 大模型测试工程师; 安全工程师; 系统软件工程师,2024-12: DevOps工程师; 测试开发工程师 -> 2025-02: Python开发工程师 -> 2025-03: 网络工程师; 自动驾驶算法工程师 -> 2025-04: 大模型测试工程师 -> 2025-08: 安全工程师; 系统软件工程师,5,2026-07,298,2024-12: AI Agent算法工程师; DevOps工程师; Python开发工程师; 测试开发工程师; 网络工程师 -> 2025-01: AI Agent应用工程师; 安全工程师; 软件架构师 -> 2025-02: 自动驾驶算法工程师 -> 2025-04: 大模型测试工程师 -> 2025-08: 系统软件工程师,2026-08-08T05:14:20+00:00
自动化运维,系统与运维,traditional,2,2024-12,DevOps工程师; 数据库工程师,2,1,medium,技能在观测起点已出现，首现岗位是观测窗口内首批岗位，不等同于真实起源岗位,2026-07,2,3,1,网络工程师,DevOps工程师; 数据库工程师; 网络工程师,2024-12,DevOps工程师,1,3,2,数据库工程师; 网络工程师,2024-12: DevOps工程师 -> 2025-02: 数据库工程师 -> 2025-06: 网络工程师,3,2025-06,69,2024-12: DevOps工程师; 数据库工程师 -> 2025-05: 网络工程师,2026-08-08T05:14:20+00:00
自然语言处理,AI,traditional,2,2024-12,大模型测试工程师; 解决方案工程师,2,1,medium,技能在观测起点已出现，首现岗位是观测窗口内首批岗位，不等同于真实起源岗位,2026-05,1,11,9,推荐算法工程师; AI应用工程师; 搜索算法工程师; 语音算法工程师; NLP算法工程师; 广告算法工程师; 数据挖掘算法工程师; 算法工程师; AIGC算法工程师,大模型测试工程师; 解决方案工程师; 推荐算法工程师; AI应用工程师; 搜索算法工程师; 语音算法工程师; NLP算法工程师; 广告算法工程师; 数据挖掘算法工程师; 算法工程师; AIGC算法工程师,2024-12,大模型测试工程师; 解决方案工程师,2,9,7,语音算法工程师; NLP算法工程师; AI应用工程师; 推荐算法工程师; 数据挖掘算法工程师; 搜索算法工程师; 广告算法工程师,2024-12: 大模型测试工程师; 解决方案工程师 -> 2025-05: 语音算法工程师 -> 2025-06: NLP算法工程师 -> 2025-09: AI应用工程师; 推荐算法工程师 -> 2025-10: 数据挖掘算法工程师 -> 2026-02: 搜索算法工程师 -> 2026-03: 广告算法工程师,3,2025-09,47,2024-12: 大模型测试工程师; 解决方案工程师 -> 2025-01: 推荐算法工程师 -> 2025-02: AI应用工程师 -> 2025-03: 搜索算法工程师; 语音算法工程师 -> 2025-04: NLP算法工程师; 广告算法工程师 -> 2025-06: 数据挖掘算法工程师 -> 2025-09: 算法工程师 -> 2025-10: AIGC算法工程师,2026-08-08T05:14:20+00:00
触觉技术,交互体验,traditional,2,2024-12,机器人软件工程师; 通信工程师,2,1,medium,技能在观测起点已出现，首现岗位是观测窗口内首批岗位，不等同于真实起源岗位,2026-07,2,3,1,算法工程师,机器人软件工程师; 通信工程师; 算法工程师,2024-12,机器人软件工程师; 通信工程师,2,2,0,,2024-12: 机器人软件工程师; 通信工程师,3,2025-01,346,2024-12: 机器人软件工程师; 通信工程师 -> 2025-01: 算法工程师,2026-08-08T05:14:20+00:00
计算机体系结构,硬件与芯片,traditional,2,2024-12,C++开发工程师; DevOps工程师; Go开发工程师; 嵌入式软件工程师; 服务器工程师; 硬件工程师; 网络工程师; 自动驾驶算法工程师; 芯片设计工程师; 芯片验证工程师; 语音算法工程师; 软件架构师; 通信工程师; 驱动开发工程师,14,1,low,观测起点已覆盖多个岗位，只能说明观测期内的覆盖和扩散，不能推断真实起源岗位,2026-07,8,21,7,技术支持工程师; 数据库工程师; 系统软件工程师; 计算机视觉算法工程师; 推荐算法工程师; 大模型应用工程师; 客户端开发工程师,C++开发工程师; DevOps工程师; Go开发工程师; 嵌入式软件工程师; 服务器工程师; 硬件工程师; 网络工程师; 自动驾驶算法工程师; 芯片设计工程师; 芯片验证工程师; 语音算法工程师; 软件架构师; 通信工程师; 驱动开发工程师; 技术支持工程师; 数据库工程师; 系统软件工程师; 计算机视觉算法工程师; 推荐算法工程师; 大模型应用工程师; 客户端开发工程师,2024-12,C++开发工程师; DevOps工程师; 嵌入式软件工程师; 服务器工程师; 硬件工程师; 自动驾驶算法工程师; 芯片设计工程师; 软件架构师; 通信工程师; 驱动开发工程师,10,19,9,Go开发工程师; 技术支持工程师; 网络工程师; 系统软件工程师; 芯片验证工程师; 语音算法工程师; 数据库工程师; 推荐算法工程师; 计算机视觉算法工程师,2024-12: C++开发工程师; DevOps工程师; 嵌入式软件工程师; 服务器工程师; 硬件工程师; 自动驾驶算法工程师; 芯片设计工程师; 软件架构师; 通信工程师; 驱动开发工程师 -> 2025-01: Go开发工程师; 技术支持工程师; 网络工程师 -> 2025-03: 系统软件工程师; 芯片验证工程师; 语音算法工程师 -> 2025-04: 数据库工程师 -> 2025-06: 推荐算法工程师 -> 2026-04: 计算机视觉算法工程师,14,2025-01,939,2024-12: C++开发工程师; DevOps工程师; Go开发工程师; 嵌入式软件工程师; 服务器工程师; 硬件工程师; 网络工程师; 自动驾驶算法工程师; 芯片设计工程师; 芯片验证工程师; 语音算法工程师; 软件架构师; 通信工程师; 驱动开发工程师 -> 2025-01: 技术支持工程师; 数据库工程师 -> 2025-02: 系统软件工程师 -> 2025-04: 计算机视觉算法工程师 -> 2025-05: 推荐算法工程师 -> 2025-08: 大模型应用工程师 -> 2026-07: 客户端开发工程师,2026-08-08T05:14:20+00:00
计算机网络,通信与网络,traditional,2,2024-12,AI应用工程师; Android开发工程师; DevOps工程师; Go开发工程师; iOS开发工程师; 信息安全工程师; 全栈开发工程师; 大模型测试工程师; 客户端开发工程师; 技术支持工程师; 数据平台工程师; 测试工程师; 网络安全工程师; 解决方案工程师,14,1,low,观测起点已覆盖多个岗位，只能说明观测期内的覆盖和扩散，不能推断真实起源岗位,2026-07,10,20,6,安全工程师; 网络工程师; 服务器工程师; 软件架构师; 大模型算法工程师; 推荐算法工程师,AI应用工程师; Android开发工程师; DevOps工程师; Go开发工程师; iOS开发工程师; 信息安全工程师; 全栈开发工程师; 大模型测试工程师; 客户端开发工程师; 技术支持工程师; 数据平台工程师; 测试工程师; 网络安全工程师; 解决方案工程师; 安全工程师; 网络工程师; 服务器工程师; 软件架构师; 大模型算法工程师; 推荐算法工程师,2024-12,AI应用工程师; Android开发工程师; DevOps工程师; 信息安全工程师; 客户端开发工程师; 数据平台工程师; 网络安全工程师,7,19,12,Go开发工程师; iOS开发工程师; 全栈开发工程师; 解决方案工程师; 测试工程师; 网络工程师; 软件架构师; 大模型测试工程师; 安全工程师; 服务器工程师; 推荐算法工程师; 技术支持工程师,2024-12: AI应用工程师; Android开发工程师; DevOps工程师; 信息安全工程师; 客户端开发工程师; 数据平台工程师; 网络安全工程师 -> 2025-01: Go开发工程师; iOS开发工程师; 全栈开发工程师; 解决方案工程师 -> 2025-02: 测试工程师; 网络工程师; 软件架构师 -> 2025-03: 大模型测试工程师; 安全工程师; 服务器工程师 -> 2025-07: 推荐算法工程师 -> 2025-08: 技术支持工程师,16,2025-03,633,2024-12: AI应用工程师; Android开发工程师; DevOps工程师; Go开发工程师; iOS开发工程师; 信息安全工程师; 全栈开发工程师; 大模型测试工程师; 客户端开发工程师; 技术支持工程师; 数据平台工程师; 测试工程师; 网络安全工程师; 解决方案工程师 -> 2025-01: 安全工程师; 网络工程师 -> 2025-02: 服务器工程师; 软件架构师 -> 2025-03: 大模型算法工程师 -> 2025-07: 推荐算法工程师,2026-08-08T05:14:20+00:00
计算机视觉,计算机视觉与图形,new,2,2024-12,AI Agent算法工程师; AIGC算法工程师; 多模态算法工程师; 大模型算法工程师; 广告算法工程师; 技术支持工程师; 控制算法工程师; 数据分析师; 机器学习算法工程师; 测试工程师; 硬件工程师; 算法工程师; 算法研究员; 自动驾驶算法工程师; 计算机视觉算法工程师; 音视频工程师; 风控算法工程师; 驱动开发工程师,18,1,low,观测起点已覆盖多个岗位，只能说明观测期内的覆盖和扩散，不能推断真实起源岗位,2026-07,26,28,10,图形图像工程师; 嵌入式软件工程师; 推荐算法工程师; 数据工程师; C++开发工程师; 通信工程师; AI应用工程师; 数据挖掘算法工程师; 语音算法工程师; 芯片设计工程师,AI Agent算法工程师; AIGC算法工程师; 多模态算法工程师; 大模型算法工程师; 广告算法工程师; 技术支持工程师; 控制算法工程师; 数据分析师; 机器学习算法工程师; 测试工程师; 硬件工程师; 算法工程师; 算法研究员; 自动驾驶算法工程师; 计算机视觉算法工程师; 音视频工程师; 风控算法工程师; 驱动开发工程师; 图形图像工程师; 嵌入式软件工程师; 推荐算法工程师; 数据工程师; C++开发工程师; 通信工程师; AI应用工程师; 数据挖掘算法工程师; 语音算法工程师; 芯片设计工程师,2024-12,AI Agent算法工程师; AIGC算法工程师; 多模态算法工程师; 大模型算法工程师; 广告算法工程师; 技术支持工程师; 控制算法工程师; 数据分析师; 机器学习算法工程师; 算法工程师; 算法研究员; 自动驾驶算法工程师; 计算机视觉算法工程师; 音视频工程师; 风控算法工程师; 驱动开发工程师,16,27,11,图形图像工程师; 嵌入式软件工程师; 数据工程师; 测试工程师; C++开发工程师; 硬件工程师; 通信工程师; AI应用工程师; 推荐算法工程师; 数据挖掘算法工程师; 语音算法工程师,2024-12: AI Agent算法工程师; AIGC算法工程师; 多模态算法工程师; 大模型算法工程师; 广告算法工程师; 技术支持工程师; 控制算法工程师; 数据分析师; 机器学习算法工程师; 算法工程师; 算法研究员; 自动驾驶算法工程师; 计算机视觉算法工程师; 音视频工程师; 风控算法工程师; 驱动开发工程师 -> 2025-01: 图形图像工程师; 嵌入式软件工程师; 数据工程师 -> 2025-02: 测试工程师 -> 2025-03: C++开发工程师; 硬件工程师; 通信工程师 -> 2025-04: AI应用工程师; 推荐算法工程师 -> 2025-12: 数据挖掘算法工程师 -> 2026-07: 语音算法工程师,26,2026-07,3097,2024-12: AI Agent算法工程师; AIGC算法工程师; 多模态算法工程师; 大模型算法工程师; 广告算法工程师; 技术支持工程师; 控制算法工程师; 数据分析师; 机器学习算法工程师; 测试工程师; 硬件工程师; 算法工程师; 算法研究员; 自动驾驶算法工程师; 计算机视觉算法工程师; 音视频工程师; 风控算法工程师; 驱动开发工程师 -> 2025-01: 图形图像工程师; 嵌入式软件工程师; 推荐算法工程师; 数据工程师 -> 2025-02: C++开发工程师; 通信工程师 -> 2025-03: AI应用工程师 -> 2025-10: 数据挖掘算法工程师 -> 2026-04: 语音算法工程师 -> 2026-07: 芯片设计工程师,2026-08-08T05:14:20+00:00
设备安全,安全,traditional,2,2024-12,安全工程师; 通信工程师; 风控算法工程师,3,1,medium,技能在观测起点已出现，首现岗位是观测窗口内首批岗位，不等同于真实起源岗位,2026-07,2,5,2,iOS开发工程师; 网络安全工程师,安全工程师; 通信工程师; 风控算法工程师; iOS开发工程师; 网络安全工程师,2024-12,安全工程师,1,5,4,通信工程师; 网络安全工程师; iOS开发工程师; 风控算法工程师,2024-12: 安全工程师 -> 2025-01: 通信工程师 -> 2025-02: 网络安全工程师 -> 2025-06: iOS开发工程师 -> 2025-07: 风控算法工程师,4,2026-04,71,2024-12: 安全工程师; 通信工程师; 风控算法工程师 -> 2025-01: iOS开发工程师; 网络安全工程师,2026-08-08T05:14:20+00:00
调试工具,软件工程,traditional,2,2024-12,AI Agent应用工程师; iOS开发工程师; 数据分析师; 系统软件工程师,4,1,medium,技能在观测起点已出现，首现岗位是观测窗口内首批岗位，不等同于真实起源岗位,2026-07,3,6,2,网络安全工程师; 自动驾驶算法工程师,AI Agent应用工程师; iOS开发工程师; 数据分析师; 系统软件工程师; 网络安全工程师; 自动驾驶算法工程师,2024-12,iOS开发工程师; 数据分析师,2,6,4,AI Agent应用工程师; 网络安全工程师; 自动驾驶算法工程师; 系统软件工程师,2024-12: iOS开发工程师; 数据分析师 -> 2025-01: AI Agent应用工程师; 网络安全工程师; 自动驾驶算法工程师 -> 2025-07: 系统软件工程师,5,2025-01,79,2024-12: AI Agent应用工程师; iOS开发工程师; 数据分析师; 系统软件工程师 -> 2025-01: 网络安全工程师; 自动驾驶算法工程师,2026-08-08T05:14:20+00:00
跨平台开发,软件开发,traditional,2,2024-12,Android开发工程师; iOS开发工程师; 前端开发工程师; 客户端开发工程师; 嵌入式软件工程师,5,1,low,观测起点已覆盖多个岗位，只能说明观测期内的覆盖和扩散，不能推断真实起源岗位,2026-07,5,6,1,软件架构师,Android开发工程师; iOS开发工程师; 前端开发工程师; 客户端开发工程师; 嵌入式软件工程师; 软件架构师,2024-12,Android开发工程师; iOS开发工程师; 前端开发工程师; 客户端开发工程师; 嵌入式软件工程师,5,6,1,软件架构师,2024-12: Android开发工程师; iOS开发工程师; 前端开发工程师; 客户端开发工程师; 嵌入式软件工程师 -> 2026-05: 软件架构师,5,2026-07,796,2024-12: Android开发工程师; iOS开发工程师; 前端开发工程师; 客户端开发工程师; 嵌入式软件工程师 -> 2025-08: 软件架构师,2026-08-08T05:14:20+00:00
软件工程,软件工程,traditional,2,2024-12,AI产品经理; Android开发工程师; C++开发工程师; DevOps工程师; NLP算法工程师; Python开发工程师; iOS开发工程师; 数据库工程师; 服务器工程师; 机器人软件工程师; 测试工程师; 硬件工程师; 驱动开发工程师,13,1,low,观测起点已覆盖多个岗位，只能说明观测期内的覆盖和扩散，不能推断真实起源岗位,2026-07,6,21,8,AI Agent算法工程师; AI Infra工程师; 云计算工程师; 技术支持工程师; 数据平台工程师; 测试开发工程师; 软件开发工程师; 算法工程师,AI产品经理; Android开发工程师; C++开发工程师; DevOps工程师; NLP算法工程师; Python开发工程师; iOS开发工程师; 数据库工程师; 服务器工程师; 机器人软件工程师; 测试工程师; 硬件工程师; 驱动开发工程师; AI Agent算法工程师; AI Infra工程师; 云计算工程师; 技术支持工程师; 数据平台工程师; 测试开发工程师; 软件开发工程师; 算法工程师,2024-12,AI产品经理; DevOps工程师; Python开发工程师; iOS开发工程师; 数据库工程师; 服务器工程师; 机器人软件工程师; 测试工程师; 驱动开发工程师,9,18,9,AI Agent算法工程师; Android开发工程师; 技术支持工程师; 硬件工程师; C++开发工程师; 云计算工程师; 数据平台工程师; 测试开发工程师; 软件开发工程师,2024-12: AI产品经理; DevOps工程师; Python开发工程师; iOS开发工程师; 数据库工程师; 服务器工程师; 机器人软件工程师; 测试工程师; 驱动开发工程师 -> 2025-01: AI Agent算法工程师; Android开发工程师; 技术支持工程师; 硬件工程师 -> 2025-02: C++开发工程师 -> 2025-04: 云计算工程师; 数据平台工程师 -> 2025-10: 测试开发工程师 -> 2026-04: 软件开发工程师,16,2025-01,428,2024-12: AI产品经理; Android开发工程师; C++开发工程师; DevOps工程师; NLP算法工程师; Python开发工程师; iOS开发工程师; 数据库工程师; 服务器工程师; 机器人软件工程师; 测试工程师; 硬件工程师; 驱动开发工程师 -> 2025-01: AI Agent算法工程师; AI Infra工程师; 云计算工程师; 技术支持工程师; 数据平台工程师 -> 2025-05: 测试开发工程师 -> 2025-08: 软件开发工程师 -> 2026-01: 算法工程师,2026-08-08T05:14:20+00:00
软件开发,软件开发,traditional,2,2024-12,AI Agent应用工程师; AI Agent算法工程师; AI应用工程师; Android开发工程师; DevOps工程师; iOS开发工程师; 信息安全工程师; 全栈开发工程师; 前端开发工程师; 后端开发工程师; 图形图像工程师; 安全工程师; 客户端开发工程师; 数据库工程师; 测试工程师; 测试开发工程师; 硬件工程师; 系统软件工程师; 网络安全工程师; 芯片测试工程师; 解决方案工程师,21,1,low,观测起点已覆盖多个岗位，只能说明观测期内的覆盖和扩散，不能推断真实起源岗位,2026-07,15,29,8,大模型应用工程师; 嵌入式软件工程师; 技术支持工程师; 芯片验证工程师; AI安全工程师; Java开发工程师; 芯片设计工程师; 推荐算法工程师,AI Agent应用工程师; AI Agent算法工程师; AI应用工程师; Android开发工程师; DevOps工程师; iOS开发工程师; 信息安全工程师; 全栈开发工程师; 前端开发工程师; 后端开发工程师; 图形图像工程师; 安全工程师; 客户端开发工程师; 数据库工程师; 测试工程师; 测试开发工程师; 硬件工程师; 系统软件工程师; 网络安全工程师; 芯片测试工程师; 解决方案工程师; 大模型应用工程师; 嵌入式软件工程师; 技术支持工程师; 芯片验证工程师; AI安全工程师; Java开发工程师; 芯片设计工程师; 推荐算法工程师,2024-12,AI Agent应用工程师; AI应用工程师; Android开发工程师; DevOps工程师; iOS开发工程师; 信息安全工程师; 全栈开发工程师; 前端开发工程师; 后端开发工程师; 图形图像工程师; 安全工程师; 客户端开发工程师; 数据库工程师; 测试开发工程师; 系统软件工程师; 网络安全工程师; 芯片测试工程师; 解决方案工程师,18,27,9,嵌入式软件工程师; 硬件工程师; 测试工程师; 芯片验证工程师; 技术支持工程师; 芯片设计工程师; Java开发工程师; 大模型应用工程师; 推荐算法工程师,2024-12: AI Agent应用工程师; AI应用工程师; Android开发工程师; DevOps工程师; iOS开发工程师; 信息安全工程师; 全栈开发工程师; 前端开发工程师; 后端开发工程师; 图形图像工程师; 安全工程师; 客户端开发工程师; 数据库工程师; 测试开发工程师; 系统软件工程师; 网络安全工程师; 芯片测试工程师; 解决方案工程师 -> 2025-01: 嵌入式软件工程师; 硬件工程师 -> 2025-02: 测试工程师; 芯片验证工程师 -> 2025-04: 技术支持工程师 -> 2025-05: 芯片设计工程师 -> 2025-06: Java开发工程师 -> 2025-07: 大模型应用工程师 -> 2026-06: 推荐算法工程师,22,2025-04,2581,2024-12: AI Agent应用工程师; AI Agent算法工程师; AI应用工程师; Android开发工程师; DevOps工程师; iOS开发工程师; 信息安全工程师; 全栈开发工程师; 前端开发工程师; 后端开发工程师; 图形图像工程师; 安全工程师; 客户端开发工程师; 数据库工程师; 测试工程师; 测试开发工程师; 硬件工程师; 系统软件工程师; 网络安全工程师; 芯片测试工程师; 解决方案工程师 -> 2025-01: 大模型应用工程师; 嵌入式软件工程师; 技术支持工程师; 芯片验证工程师 -> 2025-02: AI安全工程师 -> 2025-04: Java开发工程师; 芯片设计工程师 -> 2025-10: 推荐算法工程师,2026-08-08T05:14:20+00:00
软件测试,软件测试,traditional,2,2024-12,大模型测试工程师; 服务器工程师; 测试工程师; 测试开发工程师; 硬件工程师; 自动驾驶算法工程师; 芯片测试工程师; 解决方案工程师; 质量工程师; 软件架构师; 通信工程师,11,1,low,观测起点已覆盖多个岗位，只能说明观测期内的覆盖和扩散，不能推断真实起源岗位,2026-07,6,14,3,嵌入式软件工程师; 技术支持工程师; Java开发工程师,大模型测试工程师; 服务器工程师; 测试工程师; 测试开发工程师; 硬件工程师; 自动驾驶算法工程师; 芯片测试工程师; 解决方案工程师; 质量工程师; 软件架构师; 通信工程师; 嵌入式软件工程师; 技术支持工程师; Java开发工程师,2024-12,服务器工程师; 测试工程师; 测试开发工程师; 硬件工程师; 自动驾驶算法工程师; 芯片测试工程师; 解决方案工程师; 质量工程师; 软件架构师; 通信工程师,10,13,3,大模型测试工程师; 嵌入式软件工程师; 技术支持工程师,2024-12: 服务器工程师; 测试工程师; 测试开发工程师; 硬件工程师; 自动驾驶算法工程师; 芯片测试工程师; 解决方案工程师; 质量工程师; 软件架构师; 通信工程师 -> 2025-01: 大模型测试工程师; 嵌入式软件工程师; 技术支持工程师,12,2025-06,1198,2024-12: 大模型测试工程师; 服务器工程师; 测试工程师; 测试开发工程师; 硬件工程师; 自动驾驶算法工程师; 芯片测试工程师; 解决方案工程师; 质量工程师; 软件架构师; 通信工程师 -> 2025-01: 嵌入式软件工程师; 技术支持工程师 -> 2026-01: Java开发工程师,2026-08-08T05:14:20+00:00
软硬件协同,硬件与芯片,traditional,2,2024-12,硬件工程师; 自动驾驶算法工程师; 芯片验证工程师; 质量工程师,4,1,medium,技能在观测起点已出现，首现岗位是观测窗口内首批岗位，不等同于真实起源岗位,2026-07,4,10,6,嵌入式软件工程师; 技术支持工程师; 服务器工程师; 芯片设计工程师; AI Infra工程师; 系统软件工程师,硬件工程师; 自动驾驶算法工程师; 芯片验证工程师; 质量工程师; 嵌入式软件工程师; 技术支持工程师; 服务器工程师; 芯片设计工程师; AI Infra工程师; 系统软件工程师,2024-12,芯片验证工程师,1,9,8,技术支持工程师; 芯片设计工程师; 质量工程师; 嵌入式软件工程师; 服务器工程师; 硬件工程师; 自动驾驶算法工程师; 系统软件工程师,2024-12: 芯片验证工程师 -> 2025-01: 技术支持工程师; 芯片设计工程师; 质量工程师 -> 2025-02: 嵌入式软件工程师; 服务器工程师; 硬件工程师; 自动驾驶算法工程师 -> 2026-06: 系统软件工程师,8,2025-08,174,2024-12: 硬件工程师; 自动驾驶算法工程师; 芯片验证工程师; 质量工程师 -> 2025-01: 嵌入式软件工程师; 技术支持工程师; 服务器工程师; 芯片设计工程师 -> 2025-02: AI Infra工程师 -> 2025-03: 系统软件工程师,2026-08-08T05:14:20+00:00
通信技术,通信与网络,traditional,2,2024-12,Python开发工程师; 安全工程师; 测试工程师; 电源工程师; 芯片测试工程师; 芯片设计工程师; 芯片验证工程师; 解决方案工程师; 通信工程师; 驱动开发工程师,10,1,low,观测起点已覆盖多个岗位，只能说明观测期内的覆盖和扩散，不能推断真实起源岗位,2026-07,10,17,7,AI Agent算法工程师; C++开发工程师; 嵌入式软件工程师; 软件架构师; Android开发工程师; 测试开发工程师; 运维工程师,Python开发工程师; 安全工程师; 测试工程师; 电源工程师; 芯片测试工程师; 芯片设计工程师; 芯片验证工程师; 解决方案工程师; 通信工程师; 驱动开发工程师; AI Agent算法工程师; C++开发工程师; 嵌入式软件工程师; 软件架构师; Android开发工程师; 测试开发工程师; 运维工程师,2024-12,安全工程师; 测试工程师; 芯片测试工程师; 芯片设计工程师; 芯片验证工程师; 解决方案工程师; 通信工程师; 驱动开发工程师,8,16,8,Python开发工程师; 嵌入式软件工程师; 电源工程师; 软件架构师; C++开发工程师; 运维工程师; 测试开发工程师; Android开发工程师,2024-12: 安全工程师; 测试工程师; 芯片测试工程师; 芯片设计工程师; 芯片验证工程师; 解决方案工程师; 通信工程师; 驱动开发工程师 -> 2025-01: Python开发工程师; 嵌入式软件工程师; 电源工程师; 软件架构师 -> 2025-02: C++开发工程师 -> 2025-04: 运维工程师 -> 2025-05: 测试开发工程师 -> 2025-08: Android开发工程师,15,2025-02,1237,2024-12: Python开发工程师; 安全工程师; 测试工程师; 电源工程师; 芯片测试工程师; 芯片设计工程师; 芯片验证工程师; 解决方案工程师; 通信工程师; 驱动开发工程师 -> 2025-01: AI Agent算法工程师; C++开发工程师; 嵌入式软件工程师; 软件架构师 -> 2025-02: Android开发工程师; 测试开发工程师; 运维工程师,2026-08-08T05:14:20+00:00
音视频技术,音视频技术,traditional,2,2024-12,AI产品经理; 结构工程师; 语音算法工程师; 通信工程师; 音视频工程师,5,1,low,观测起点已覆盖多个岗位，只能说明观测期内的覆盖和扩散，不能推断真实起源岗位,2026-07,3,13,8,NLP算法工程师; 大模型测试工程师; 算法工程师; 算法研究员; 测试开发工程师; 大模型算法工程师; 大模型应用工程师; AI应用工程师,AI产品经理; 结构工程师; 语音算法工程师; 通信工程师; 音视频工程师; NLP算法工程师; 大模型测试工程师; 算法工程师; 算法研究员; 测试开发工程师; 大模型算法工程师; 大模型应用工程师; AI应用工程师,2024-12,AI产品经理; 结构工程师; 语音算法工程师; 通信工程师; 音视频工程师,5,7,2,算法研究员; 大模型测试工程师,2024-12: AI产品经理; 结构工程师; 语音算法工程师; 通信工程师; 音视频工程师 -> 2025-04: 算法研究员 -> 2025-07: 大模型测试工程师,7,2025-01,675,2024-12: AI产品经理; 结构工程师; 语音算法工程师; 通信工程师; 音视频工程师 -> 2025-01: NLP算法工程师; 大模型测试工程师; 算法工程师 -> 2025-03: 算法研究员 -> 2025-05: 测试开发工程师 -> 2025-07: 大模型算法工程师 -> 2026-04: 大模型应用工程师 -> 2026-06: AI应用工程师,2026-08-08T05:14:20+00:00
高性能计算,硬件与芯片,new,2,2024-12,图形图像工程师; 广告算法工程师; 技术支持工程师; 硬件工程师; 算法研究员,5,1,low,观测起点已覆盖多个岗位，只能说明观测期内的覆盖和扩散，不能推断真实起源岗位,2026-07,9,17,12,Python开发工程师; 芯片设计工程师; 通信工程师; Android开发工程师; C++开发工程师; 风控算法工程师; 驱动开发工程师; 机器学习算法工程师; 语音算法工程师; 推荐算法工程师; 软件开发工程师; Java开发工程师,图形图像工程师; 广告算法工程师; 技术支持工程师; 硬件工程师; 算法研究员; Python开发工程师; 芯片设计工程师; 通信工程师; Android开发工程师; C++开发工程师; 风控算法工程师; 驱动开发工程师; 机器学习算法工程师; 语音算法工程师; 推荐算法工程师; 软件开发工程师; Java开发工程师,2024-12,图形图像工程师; 硬件工程师,2,15,13,算法研究员; Python开发工程师; 技术支持工程师; 通信工程师; Android开发工程师; C++开发工程师; 芯片设计工程师; 驱动开发工程师; 推荐算法工程师; 机器学习算法工程师; Java开发工程师; 语音算法工程师; 风控算法工程师,2024-12: 图形图像工程师; 硬件工程师 -> 2025-01: 算法研究员 -> 2025-02: Python开发工程师; 技术支持工程师; 通信工程师 -> 2025-03: Android开发工程师; C++开发工程师 -> 2025-04: 芯片设计工程师 -> 2025-07: 驱动开发工程师 -> 2025-11: 推荐算法工程师; 机器学习算法工程师 -> 2026-01: Java开发工程师; 语音算法工程师 -> 2026-02: 风控算法工程师,11,2026-06,576,2024-12: 图形图像工程师; 广告算法工程师; 技术支持工程师; 硬件工程师; 算法研究员 -> 2025-01: Python开发工程师; 芯片设计工程师; 通信工程师 -> 2025-02: Android开发工程师 -> 2025-03: C++开发工程师 -> 2025-04: 风控算法工程师; 驱动开发工程师 -> 2025-05: 机器学习算法工程师 -> 2025-07: 语音算法工程师 -> 2025-11: 推荐算法工程师 -> 2025-12: 软件开发工程师 -> 2026-01: Java开发工程师,2026-08-08T05:14:20+00:00
高性能通信,通信与网络,traditional,2,2024-12,技术支持工程师; 服务器工程师; 硬件工程师; 芯片设计工程师; 芯片验证工程师,5,1,low,观测起点已覆盖多个岗位，只能说明观测期内的覆盖和扩散，不能推断真实起源岗位,2026-07,5,11,6,软件架构师; 机器学习算法工程师; 网络工程师; 多模态算法工程师; AI Infra工程师; 软件开发工程师,技术支持工程师; 服务器工程师; 硬件工程师; 芯片设计工程师; 芯片验证工程师; 软件架构师; 机器学习算法工程师; 网络工程师; 多模态算法工程师; AI Infra工程师; 软件开发工程师,2024-12,硬件工程师; 芯片验证工程师,2,9,7,服务器工程师; 技术支持工程师; 软件架构师; 芯片设计工程师; 机器学习算法工程师; 网络工程师; AI Infra工程师,2024-12: 硬件工程师; 芯片验证工程师 -> 2025-01: 服务器工程师 -> 2025-02: 技术支持工程师; 软件架构师 -> 2025-03: 芯片设计工程师 -> 2025-05: 机器学习算法工程师; 网络工程师 -> 2026-02: AI Infra工程师,7,2025-02,137,2024-12: 技术支持工程师; 服务器工程师; 硬件工程师; 芯片设计工程师; 芯片验证工程师 -> 2025-01: 软件架构师 -> 2025-02: 机器学习算法工程师; 网络工程师 -> 2025-04: 多模态算法工程师 -> 2025-05: AI Infra工程师 -> 2026-05: 软件开发工程师,2026-08-08T05:14:20+00:00
高速接口,硬件与芯片,traditional,2,2024-12,测试工程师; 电源工程师,2,1,medium,技能在观测起点已出现，首现岗位是观测窗口内首批岗位，不等同于真实起源岗位,2026-07,3,5,3,Python开发工程师; 硬件工程师; 芯片验证工程师,测试工程师; 电源工程师; Python开发工程师; 硬件工程师; 芯片验证工程师,2024-12,电源工程师,1,5,4,测试工程师; 硬件工程师; Python开发工程师; 芯片验证工程师,2024-12: 电源工程师 -> 2025-01: 测试工程师; 硬件工程师 -> 2025-02: Python开发工程师; 芯片验证工程师,5,2025-05,155,2024-12: 测试工程师; 电源工程师 -> 2025-01: Python开发工程师; 硬件工程师; 芯片验证工程师,2026-08-08T05:14:20+00:00
