normalized_skill,kg_display_skill,skill_type,standard_categories,standard_jobs,first_seen_month,last_seen_month,first_seen_job_id,last_seen_job_id,mention_count,source_job_ids,source_count,sources,updated_at
AIGC,AI,new,AI算法; AI应用; 软件研发; 测试质量; 技术支持; 多媒体; 产品,大模型算法工程师; 大模型应用工程师; AIGC算法工程师; 多模态算法工程师; 计算机视觉算法工程师; 后端开发工程师; 前端开发工程师; 测试开发工程师; 解决方案工程师; 音视频工程师; AI产品经理,2024-12,2026-07,GEN000308,GEN002335,123,GEN000004; GEN000123; GEN000308; GEN000309; GEN000311; GEN000312; GEN000313; GEN000314; GEN000316; GEN000319; GEN000320; GEN000322; GEN000324; GEN000327; GEN000330; GEN000331; GEN000334; GEN000335; GEN000337; GEN000338; GEN000341; GEN000342; GEN000343; GEN000344; GEN000345; GEN000346; GEN000348; GEN000349; GEN000351; GEN000354; GEN000355; GEN000357; GEN000359; GEN000360; GEN000362; GEN000363; GEN000365; GEN000367; GEN000368; GEN000369; GEN000371; GEN000373; GEN000375; GEN000376; GEN000378; GEN000381; GEN000384; GEN000385; GEN000387; GEN000389; GEN000390; GEN000394; GEN000446; GEN000449; GEN000450; GEN000453; GEN000454; GEN000455; GEN000456; GEN000458; GEN000460; GEN000461; GEN000463; GEN000465; GEN000466; GEN000467; GEN000468; GEN000470; GEN000472; GEN000473; GEN000474; GEN000801; GEN000829; GEN001573; GEN001576; GEN001921; GEN001923; GEN001925; GEN001927; GEN001928; GEN001931; GEN001933; GEN001935; GEN001936; GEN001937; GEN001938; GEN001939; GEN001940; GEN002058; GEN002059; GEN002060; GEN002061; GEN002062; GEN002063; GEN002064; GEN002065; GEN002066; GEN002067; GEN002068; GEN002070; GEN002307; GEN002308; GEN002310; GEN002311; GEN002312; GEN002313; GEN002315; GEN002316; GEN002317; GEN002318; GEN002319; GEN002321; GEN002322; GEN002323; GEN002324; GEN002325; GEN002326; GEN002327; GEN002329; GEN002331; GEN002333; GEN002334; GEN002335,123,base_event_stream,2026-07-28T09:24:54+00:00
AIops,系统与运维,new,软件研发; 基础设施; 安全; 通信,C++开发工程师; 运维工程师; 信息安全工程师; 网络工程师; 通信工程师,2024-12,2026-07,GEN001640,GEN001677,24,GEN000955; GEN001640; GEN001642; GEN001645; GEN001646; GEN001649; GEN001651; GEN001653; GEN001655; GEN001658; GEN001660; GEN001661; GEN001663; GEN001665; GEN001666; GEN001668; GEN001671; GEN001675; GEN001676; GEN001677; GEN001730; GEN001748; GEN001808; GEN002077,24,base_event_stream,2026-07-28T09:24:54+00:00
AI基础设施,AI,new,AI算法; AI基础设施; 软件研发; 基础设施; 技术支持,大模型算法工程师; AI Infra工程师; 后端开发工程师; 系统软件工程师; 软件架构师; DevOps工程师; 云计算工程师; 解决方案工程师,2024-12,2026-07,GEN000245,GEN001699,86,GEN000003; GEN000044; GEN000245; GEN000247; GEN000250; GEN000252; GEN000253; GEN000254; GEN000257; GEN000258; GEN000260; GEN000261; GEN000262; GEN000264; GEN000266; GEN000268; GEN000269; GEN000272; GEN000275; GEN000279; GEN000280; GEN000284; GEN000285; GEN000288; GEN000289; GEN000291; GEN000292; GEN000294; GEN000296; GEN000297; GEN000298; GEN000303; GEN000305; GEN000307; GEN000788; GEN001141; GEN001144; GEN001145; GEN001146; GEN001147; GEN001148; GEN001150; GEN001151; GEN001153; GEN001156; GEN001158; GEN001160; GEN001162; GEN001163; GEN001165; GEN001167; GEN001168; GEN001169; GEN001170; GEN001172; GEN001174; GEN001175; GEN001177; GEN001178; GEN001274; GEN001623; GEN001625; GEN001626; GEN001627; GEN001628; GEN001629; GEN001631; GEN001632; GEN001633; GEN001634; GEN001636; GEN001637; GEN001680; GEN001682; GEN001684; GEN001686; GEN001687; GEN001688; GEN001689; GEN001690; GEN001692; GEN001694; GEN001695; GEN001697; GEN001699; GEN001934,86,base_event_stream,2026-07-28T09:24:54+00:00
AI安全,安全,new,AI算法; AI安全; 测试质量; 安全; 技术支持; 产品,大模型算法工程师; AI Agent算法工程师; AI安全工程师; 大模型测试工程师; 网络安全工程师; 信息安全工程师; 解决方案工程师; AI产品经理,2024-12,2026-07,GEN001487,GEN002335,99,GEN000004; GEN000071; GEN000225; GEN000226; GEN000227; GEN000230; GEN000232; GEN000233; GEN000234; GEN000237; GEN000239; GEN000240; GEN000241; GEN000243; GEN001487; GEN001489; GEN001490; GEN001492; GEN001493; GEN001494; GEN001495; GEN001496; GEN001499; GEN001501; GEN001502; GEN001504; GEN001506; GEN001507; GEN001508; GEN001510; GEN001511; GEN001512; GEN001515; GEN001517; GEN001519; GEN001520; GEN001521; GEN001523; GEN001525; GEN001529; GEN001530; GEN001704; GEN001706; GEN001707; GEN001708; GEN001709; GEN001710; GEN001712; GEN001713; GEN001714; GEN001715; GEN001718; GEN001719; GEN001720; GEN001722; GEN001723; GEN001724; GEN001725; GEN001728; GEN001731; GEN001734; GEN001735; GEN001736; GEN001737; GEN001738; GEN001739; GEN001742; GEN001743; GEN001744; GEN001745; GEN001746; GEN001747; GEN001748; GEN001749; GEN001750; GEN001751; GEN001753; GEN001754; GEN001756; GEN001757; GEN001758; GEN001759; GEN001928; GEN002316; GEN002317; GEN002318; GEN002320; GEN002321; GEN002322; GEN002323; GEN002324; GEN002325; GEN002326; GEN002327; GEN002330; GEN002331; GEN002333; GEN002334; GEN002335,99,base_event_stream,2026-07-28T09:24:54+00:00
AI工作流设计,AI,new,AI应用; 软件研发; 测试质量; 技术支持; 产品,大模型应用工程师; AI Agent应用工程师; 后端开发工程师; 前端开发工程师; 全栈开发工程师; 软件架构师; 测试开发工程师; 解决方案工程师; AI产品经理,2025-01,2026-07,GEN000117,GEN002335,89,GEN000117; GEN000120; GEN000121; GEN000122; GEN000123; GEN000124; GEN000125; GEN000126; GEN000128; GEN000129; GEN000131; GEN000133; GEN000136; GEN000138; GEN000140; GEN000142; GEN000143; GEN000146; GEN000147; GEN000148; GEN000151; GEN000155; GEN000158; GEN000161; GEN000164; GEN000165; GEN000166; GEN000168; GEN000171; GEN000174; GEN000175; GEN000177; GEN000178; GEN000180; GEN000183; GEN000185; GEN000187; GEN000189; GEN000789; GEN000847; GEN000885; GEN000886; GEN000888; GEN000891; GEN000893; GEN000894; GEN000895; GEN000898; GEN000900; GEN001262; GEN001263; GEN001265; GEN001267; GEN001270; GEN001271; GEN001275; GEN001276; GEN001279; GEN001281; GEN001283; GEN001285; GEN001288; GEN001290; GEN001293; GEN001294; GEN001296; GEN001298; GEN001300; GEN001555; GEN001932; GEN002312; GEN002314; GEN002315; GEN002316; GEN002317; GEN002318; GEN002320; GEN002321; GEN002322; GEN002323; GEN002324; GEN002325; GEN002326; GEN002328; GEN002330; GEN002331; GEN002333; GEN002334; GEN002335,89,base_event_stream,2026-07-28T09:24:54+00:00
AI工具,大模型,new,软件研发; 安全; 芯片,客户端开发工程师; 嵌入式软件工程师; 驱动开发工程师; 软件开发工程师; 网络安全工程师; 芯片验证工程师,2025-05,2026-07,GEN001038,GEN001727,9,GEN001038; GEN001207; GEN001229; GEN001326; GEN001718; GEN001727; GEN002150; GEN002165; GEN002167,9,base_event_stream,2026-07-28T09:24:54+00:00
AI应用开发,AI,new,AI应用; 软件研发; 测试质量; 技术支持; 产品,大模型应用工程师; AI Agent应用工程师; AI应用工程师; 后端开发工程师; 前端开发工程师; 全栈开发工程师; 软件开发工程师; 测试开发工程师; 解决方案工程师; AI产品经理,2024-12,2026-07,GEN000115,GEN002335,75,GEN000115; GEN000118; GEN000119; GEN000121; GEN000122; GEN000123; GEN000124; GEN000125; GEN000126; GEN000127; GEN000129; GEN000132; GEN000133; GEN000135; GEN000137; GEN000140; GEN000141; GEN000142; GEN000145; GEN000146; GEN000148; GEN000149; GEN000150; GEN000152; GEN000158; GEN000190; GEN000191; GEN000192; GEN000194; GEN000195; GEN000197; GEN000199; GEN000202; GEN000203; GEN000205; GEN000209; GEN000211; GEN000212; GEN000213; GEN000214; GEN000216; GEN000217; GEN000218; GEN000219; GEN000220; GEN000223; GEN000781; GEN000827; GEN000885; GEN000886; GEN000887; GEN000889; GEN000891; GEN000892; GEN000894; GEN000895; GEN000897; GEN000900; GEN001303; GEN001571; GEN001935; GEN002318; GEN002319; GEN002321; GEN002322; GEN002323; GEN002324; GEN002325; GEN002326; GEN002328; GEN002329; GEN002332; GEN002333; GEN002334; GEN002335,75,base_event_stream,2026-07-28T09:24:54+00:00
AI测试,AI,new,AI应用; AI安全; 软件研发; 测试质量; 技术支持; 产品,大模型应用工程师; AI安全工程师; 后端开发工程师; 大模型测试工程师; 测试开发工程师; 质量工程师; 测试工程师; 解决方案工程师; AI产品经理,2025-01,2026-07,GEN001489,GEN002335,94,GEN000119; GEN000226; GEN000228; GEN000229; GEN000231; GEN000233; GEN000234; GEN000236; GEN000239; GEN000240; GEN000241; GEN000243; GEN000804; GEN001489; GEN001490; GEN001492; GEN001493; GEN001495; GEN001496; GEN001497; GEN001499; GEN001500; GEN001503; GEN001504; GEN001507; GEN001508; GEN001510; GEN001512; GEN001513; GEN001514; GEN001515; GEN001518; GEN001520; GEN001521; GEN001525; GEN001526; GEN001528; GEN001529; GEN001534; GEN001536; GEN001537; GEN001538; GEN001540; GEN001541; GEN001542; GEN001546; GEN001547; GEN001549; GEN001550; GEN001553; GEN001554; GEN001555; GEN001557; GEN001559; GEN001564; GEN001566; GEN001567; GEN001569; GEN001570; GEN001571; GEN001574; GEN001575; GEN001577; GEN001578; GEN001580; GEN001583; GEN001584; GEN001587; GEN001589; GEN001595; GEN001596; GEN001597; GEN001598; GEN001599; GEN001602; GEN001608; GEN001611; GEN001612; GEN001615; GEN001617; GEN001618; GEN001934; GEN002321; GEN002322; GEN002323; GEN002324; GEN002325; GEN002326; GEN002327; GEN002329; GEN002332; GEN002333; GEN002334; GEN002335,94,base_event_stream,2026-07-28T09:24:54+00:00
AI算法,AI,new,软件研发; 数据; 测试质量; 技术支持; 芯片; 硬件; 产品; AI应用,前端开发工程师; iOS开发工程师; 驱动开发工程师; 数据分析师; 测试工程师; 解决方案工程师; 芯片验证工程师; 硬件工程师; AI产品经理; 大模型应用工程师,2024-12,2026-07,GEN001897,web_202607_20260730184035726988_job_05e47dfd,44,GEN000872; GEN001115; GEN001235; GEN001250; GEN001463; GEN001464; GEN001609; GEN001897; GEN001899; GEN001900; GEN001901; GEN001902; GEN001907; GEN001908; GEN001909; GEN001910; GEN001911; GEN001912; GEN001914; GEN001916; GEN001917; GEN001918; GEN001920; GEN001921; GEN001924; GEN001926; GEN001929; GEN001931; GEN001933; GEN001934; GEN001936; GEN001937; GEN001938; GEN001939; GEN001940; GEN002164; GEN002283; GEN002306; GEN002307; GEN002311; GEN002314; web_202607_20260730182901742050_job_623c31d9; web_202607_20260730183017711285_job_16a9e0a5; web_202607_20260730184035726988_job_05e47dfd,44,base_event_stream; web_app_review,2026-07-30T10:41:03+00:00
AI芯片,硬件与芯片,new,软件研发; 通信; 硬件,C++开发工程师; 通信工程师; 硬件工程师,2025-05,2026-02,GEN002281,GEN002291,7,GEN000950; GEN000964; GEN002076; GEN002281; GEN002287; GEN002289; GEN002291,7,base_event_stream,2026-07-28T09:24:54+00:00
ASR,大模型,new,AI算法; 软件研发; 技术支持,语音算法工程师; 客户端开发工程师; 技术支持工程师,2024-12,2026-07,GEN000476,GEN000514,26,GEN000476; GEN000477; GEN000479; GEN000480; GEN000481; GEN000482; GEN000483; GEN000484; GEN000487; GEN000488; GEN000491; GEN000493; GEN000495; GEN000496; GEN000498; GEN000500; GEN000501; GEN000503; GEN000504; GEN000508; GEN000509; GEN000511; GEN000514; GEN001050; GEN001874; GEN001878,26,base_event_stream,2026-07-28T09:24:54+00:00
AUTOSAR,行业应用,traditional,软件研发; 测试质量; 安全,嵌入式软件工程师; 驱动开发工程师; 测试工程师; 安全工程师,2024-12,2026-07,GEN001180,GEN001252,9,GEN001180; GEN001191; GEN001192; GEN001203; GEN001205; GEN001250; GEN001252; GEN001608; GEN001781,9,base_event_stream,2026-07-28T09:24:54+00:00
Agent,大模型,new,AI算法; AI应用; 软件研发; 测试质量; 基础设施; 技术支持; 产品,AI Agent算法工程师; 大模型应用工程师; AI Agent应用工程师; 后端开发工程师; 前端开发工程师; 全栈开发工程师; 软件架构师; 测试开发工程师; DevOps工程师; 解决方案工程师; AI产品经理,2025-01,2026-07,GEN000053,web_202607_20260730184035726988_job_05e47dfd,118,GEN000053; GEN000055; GEN000057; GEN000059; GEN000063; GEN000065; GEN000066; GEN000070; GEN000071; GEN000076; GEN000078; GEN000082; GEN000083; GEN000088; GEN000091; GEN000092; GEN000094; GEN000095; GEN000096; GEN000100; GEN000103; GEN000104; GEN000106; GEN000109; GEN000110; GEN000112; GEN000113; GEN000121; GEN000155; GEN000156; GEN000158; GEN000160; GEN000162; GEN000163; GEN000165; GEN000167; GEN000168; GEN000170; GEN000172; GEN000173; GEN000175; GEN000176; GEN000178; GEN000180; GEN000182; GEN000186; GEN000188; GEN000189; GEN000788; GEN000791; GEN000792; GEN000794; GEN000796; GEN000797; GEN000799; GEN000801; GEN000803; GEN000804; GEN000805; GEN000809; GEN000810; GEN000811; GEN000815; GEN000816; GEN000840; GEN000841; GEN000843; GEN000846; GEN000847; GEN000849; GEN000851; GEN000853; GEN000857; GEN000859; GEN000862; GEN000863; GEN000864; GEN000868; GEN000869; GEN000870; GEN000886; GEN000888; GEN000890; GEN000892; GEN000894; GEN000895; GEN000898; GEN000899; GEN001271; GEN001549; GEN001632; GEN001633; GEN001634; GEN001636; GEN001637; GEN001933; GEN002312; GEN002313; GEN002314; GEN002315; GEN002317; GEN002318; GEN002320; GEN002321; GEN002322; GEN002323; GEN002324; GEN002325; GEN002326; GEN002328; GEN002330; GEN002332; GEN002333; GEN002334; GEN002335; web_202607_20260730182901742050_job_623c31d9; web_202607_20260730183017711285_job_16a9e0a5; web_202607_20260730184035726988_job_05e47dfd,118,base_event_stream; web_app_review,2026-07-30T10:41:03+00:00
Ai coding,AI,new,AI应用; 软件研发; 测试质量; 基础设施; 产品,大模型应用工程师; 后端开发工程师; 前端开发工程师; 全栈开发工程师; 软件架构师; 软件开发工程师; 测试开发工程师; 质量工程师; 测试工程师; DevOps工程师; AI产品经理,2025-03,2026-07,GEN000121,GEN002335,107,GEN000121; GEN000122; GEN000123; GEN000124; GEN000125; GEN000126; GEN000127; GEN000129; GEN000131; GEN000133; GEN000135; GEN000137; GEN000139; GEN000141; GEN000142; GEN000144; GEN000146; GEN000149; GEN000150; GEN000151; GEN000785; GEN000822; GEN000823; GEN000826; GEN000828; GEN000830; GEN000831; GEN000836; GEN000838; GEN000840; GEN000843; GEN000845; GEN000846; GEN000849; GEN000850; GEN000851; GEN000852; GEN000856; GEN000857; GEN000861; GEN000862; GEN000864; GEN000866; GEN000868; GEN000871; GEN000880; GEN000883; GEN000884; GEN000885; GEN000886; GEN000888; GEN000889; GEN000891; GEN000892; GEN000895; GEN000896; GEN000897; GEN000899; GEN001281; GEN001304; GEN001316; GEN001541; GEN001543; GEN001544; GEN001546; GEN001548; GEN001549; GEN001551; GEN001553; GEN001554; GEN001555; GEN001558; GEN001559; GEN001562; GEN001563; GEN001565; GEN001566; GEN001567; GEN001570; GEN001571; GEN001574; GEN001576; GEN001579; GEN001582; GEN001583; GEN001584; GEN001586; GEN001588; GEN001602; GEN001616; GEN001619; GEN001632; GEN001633; GEN001634; GEN001636; GEN001637; GEN002322; GEN002323; GEN002324; GEN002325; GEN002326; GEN002328; GEN002329; GEN002332; GEN002333; GEN002334; GEN002335,107,base_event_stream,2026-07-28T09:24:54+00:00
Android,软件开发,traditional,软件研发; 通信,客户端开发工程师; Android开发工程师; iOS开发工程师; 驱动开发工程师; 通信工程师,2024-12,2026-07,GEN001021,GEN001251,73,GEN001021; GEN001022; GEN001024; GEN001025; GEN001026; GEN001027; GEN001029; GEN001032; GEN001033; GEN001034; GEN001037; GEN001038; GEN001039; GEN001042; GEN001043; GEN001044; GEN001047; GEN001050; GEN001052; GEN001053; GEN001054; GEN001056; GEN001058; GEN001059; GEN001062; GEN001064; GEN001068; GEN001070; GEN001071; GEN001073; GEN001076; GEN001078; GEN001080; GEN001082; GEN001084; GEN001085; GEN001086; GEN001087; GEN001089; GEN001090; GEN001093; GEN001094; GEN001096; GEN001098; GEN001099; GEN001114; GEN001211; GEN001213; GEN001214; GEN001215; GEN001216; GEN001217; GEN001219; GEN001220; GEN001221; GEN001224; GEN001226; GEN001227; GEN001229; GEN001233; GEN001234; GEN001235; GEN001239; GEN001240; GEN001241; GEN001242; GEN001243; GEN001244; GEN001247; GEN001249; GEN001250; GEN001251; GEN002071,73,base_event_stream,2026-07-28T09:24:54+00:00
Android Framework,软件开发,traditional,软件研发,Android开发工程师,2024-12,2026-06,GEN001078,GEN001097,13,GEN001078; GEN001080; GEN001081; GEN001083; GEN001085; GEN001088; GEN001089; GEN001091; GEN001092; GEN001093; GEN001094; GEN001096; GEN001097,13,base_event_stream,2026-07-28T09:24:54+00:00
Angular,编程语言,traditional,软件研发,前端开发工程师,2024-12,2026-07,GEN000817,GEN000871,23,GEN000817; GEN000818; GEN000819; GEN000821; GEN000822; GEN000824; GEN000826; GEN000827; GEN000829; GEN000833; GEN000834; GEN000839; GEN000843; GEN000846; GEN000847; GEN000850; GEN000854; GEN000858; GEN000861; GEN000864; GEN000867; GEN000868; GEN000871,23,base_event_stream,2026-07-28T09:24:54+00:00
AutoGen,大模型,new,AI算法; AI应用; 软件研发; 测试质量; 技术支持; 产品,AI Agent算法工程师; 大模型应用工程师; AI Agent应用工程师; 软件架构师; 测试开发工程师; 解决方案工程师; AI产品经理,2025-02,2026-07,GEN000057,GEN001300,70,GEN000057; GEN000059; GEN000060; GEN000062; GEN000064; GEN000067; GEN000068; GEN000071; GEN000073; GEN000074; GEN000075; GEN000077; GEN000078; GEN000081; GEN000082; GEN000085; GEN000086; GEN000090; GEN000093; GEN000095; GEN000097; GEN000098; GEN000104; GEN000105; GEN000106; GEN000107; GEN000111; GEN000112; GEN000114; GEN000122; GEN000158; GEN000159; GEN000162; GEN000164; GEN000165; GEN000167; GEN000168; GEN000170; GEN000172; GEN000174; GEN000175; GEN000176; GEN000178; GEN000181; GEN000182; GEN000185; GEN000187; GEN000189; GEN001265; GEN001266; GEN001268; GEN001270; GEN001272; GEN001275; GEN001277; GEN001279; GEN001282; GEN001284; GEN001286; GEN001288; GEN001289; GEN001291; GEN001293; GEN001294; GEN001296; GEN001297; GEN001300; GEN001559; GEN001939; GEN002327,70,base_event_stream,2026-07-28T09:24:54+00:00
C/C++,编程语言,traditional,AI算法; AI应用; AI安全; AI基础设施; 算法; 软件研发; 数据; 测试质量; 基础设施; 安全; 技术支持; 机器人; 自动驾驶; 多媒体; 通信; 芯片; 硬件,大模型算法工程师; AI Agent算法工程师; AI Agent应用工程师; AI应用工程师; AI安全工程师; AI Infra工程师; AIGC算法工程师; 多模态算法工程师; NLP算法工程师; 计算机视觉算法工程师; 语音算法工程师; 推荐算法工程师; 搜索算法工程师; 广告算法工程师; 风控算法工程师; 机器学习算法工程师; 数据挖掘算法工程师; 算法研究员; 算法工程师; 后端开发工程师; Java开发工程师; C++开发工程师; Python开发工程师; Go开发工程师; 客户端开发工程师; Android开发工程师; iOS开发工程师; 系统软件工程师; 嵌入式软件工程师; 驱动开发工程师; 软件架构师; 软件开发工程师; 数据开发工程师; 数据仓库工程师; 数据分析师; 大模型测试工程师; 测试开发工程师; 测试工程师; DevOps工程师; 运维工程师; 云计算工程师; 网络安全工程师; 信息安全工程师; 安全工程师; 网络工程师; 数据库工程师; 服务器工程师; 技术支持工程师; 解决方案工程师; 机器人算法工程师; 机器人软件工程师; 自动驾驶算法工程师; 控制算法工程师; 图形图像工程师; 音视频工程师; 通信工程师; 芯片设计工程师; 芯片验证工程师; 芯片测试工程师; 电源工程师; 硬件工程师,2024-12,2026-07,GEN000002,GEN002218,1225,GEN000002; GEN000003; GEN000004; GEN000005; GEN000006; GEN000008; GEN000010; GEN000013; GEN000014; GEN000017; GEN000019; GEN000020; GEN000021; GEN000024; GEN000027; GEN000028; GEN000031; GEN000032; GEN000033; GEN000034; GEN000037; GEN000038; GEN000039; GEN000042; GEN000043; GEN000046; GEN000048; GEN000050; GEN000051; GEN000054; GEN000055; GEN000056; GEN000057; GEN000058; GEN000061; GEN000062; GEN000065; GEN000066; GEN000068; GEN000069; GEN000072; GEN000074; GEN000075; GEN000079; GEN000080; GEN000084; GEN000085; GEN000087; GEN000089; GEN000091; GEN000092; GEN000093; GEN000096; GEN000097; GEN000101; GEN000104; GEN000106; GEN000109; GEN000111; GEN000113; GEN000153; GEN000154; GEN000157; GEN000158; GEN000160; GEN000161; GEN000163; GEN000165; GEN000167; GEN000168; GEN000171; GEN000173; GEN000175; GEN000176; GEN000179; GEN000181; GEN000183; GEN000184; GEN000185; GEN000187; GEN000189; GEN000190; GEN000191; GEN000194; GEN000196; GEN000198; GEN000199; GEN000200; GEN000202; GEN000205; GEN000207; GEN000208; GEN000211; GEN000212; GEN000214; GEN000218; GEN000219; GEN000221; GEN000222; GEN000224; GEN000226; GEN000228; GEN000229; GEN000232; GEN000234; GEN000235; GEN000236; GEN000239; GEN000240; GEN000242; GEN000243; GEN000245; GEN000246; GEN000248; GEN000251; GEN000253; GEN000254; GEN000255; GEN000258; GEN000260; GEN000262; GEN000263; GEN000264; GEN000266; GEN000268; GEN000269; GEN000271; GEN000273; GEN000276; GEN000279; GEN000280; GEN000283; GEN000285; GEN000288; GEN000289; GEN000294; GEN000295; GEN000296; GEN000297; GEN000299; GEN000301; GEN000305; GEN000307; GEN000308; GEN000310; GEN000311; GEN000312; GEN000313; GEN000315; GEN000316; GEN000320; GEN000323; GEN000324; GEN000325; GEN000329; GEN000331; GEN000334; GEN000335; GEN000337; GEN000339; GEN000340; GEN000342; GEN000343; GEN000344; GEN000345; GEN000346; GEN000348; GEN000350; GEN000351; GEN000354; GEN000356; GEN000358; GEN000359; GEN000361; GEN000363; GEN000365; GEN000367; GEN000368; GEN000369; GEN000373; GEN000377; GEN000378; GEN000379; GEN000380; GEN000383; GEN000387; GEN000388; GEN000389; GEN000390; GEN000392; GEN000393; GEN000395; GEN000396; GEN000397; GEN000400; GEN000401; GEN000405; GEN000407; GEN000408; GEN000410; GEN000411; GEN000413; GEN000415; GEN000416; GEN000418; GEN000420; GEN000421; GEN000422; GEN000424; GEN000427; GEN000428; GEN000430; GEN000431; GEN000434; GEN000436; GEN000438; GEN000441; GEN000443; GEN000446; GEN000448; GEN000450; GEN000453; GEN000454; GEN000455; GEN000456; GEN000457; GEN000459; GEN000461; GEN000464; GEN000465; GEN000466; GEN000467; GEN000468; GEN000471; GEN000472; GEN000473; GEN000474; GEN000475; GEN000477; GEN000479; GEN000480; GEN000481; GEN000482; GEN000483; GEN000484; GEN000487; GEN000488; GEN000491; GEN000492; GEN000494; GEN000496; GEN000497; GEN000499; GEN000500; GEN000502; GEN000503; GEN000506; GEN000507; GEN000508; GEN000509; GEN000511; GEN000512; GEN000515; GEN000517; GEN000519; GEN000520; GEN000521; GEN000524; GEN000526; GEN000527; GEN000529; GEN000532; GEN000534; GEN000537; GEN000538; GEN000539; GEN000541; GEN000543; GEN000545; GEN000546; GEN000548; GEN000551; GEN000552; GEN000553; GEN000555; GEN000558; GEN000559; GEN000560; GEN000562; GEN000563; GEN000564; GEN000565; GEN000568; GEN000569; GEN000571; GEN000573; GEN000574; GEN000576; GEN000578; GEN000580; GEN000582; GEN000583; GEN000585; GEN000587; GEN000588; GEN000589; GEN000590; GEN000591; GEN000593; GEN000596; GEN000597; GEN000599; GEN000603; GEN000604; GEN000605; GEN000609; GEN000611; GEN000613; GEN000615; GEN000616; GEN000617; GEN000618; GEN000621; GEN000622; GEN000625; GEN000626; GEN000627; GEN000628; GEN000631; GEN000633; GEN000635; GEN000636; GEN000637; GEN000638; GEN000639; GEN000642; GEN000644; GEN000646; GEN000648; GEN000649; GEN000651; GEN000653; GEN000654; GEN000655; GEN000657; GEN000658; GEN000660; GEN000661; GEN000664; GEN000665; GEN000667; GEN000668; GEN000671; GEN000673; GEN000674; GEN000677; GEN000678; GEN000679; GEN000681; GEN000683; GEN000684; GEN000685; GEN000686; GEN000687; GEN000689; GEN000690; GEN000692; GEN000693; GEN000694; GEN000697; GEN000699; GEN000700; GEN000702; GEN000704; GEN000705; GEN000706; GEN000707; GEN000708; GEN000711; GEN000713; GEN000714; GEN000715; GEN000716; GEN000717; GEN000718; GEN000719; GEN000720; GEN000721; GEN000723; GEN000724; GEN000725; GEN000728; GEN000729; GEN000733; GEN000734; GEN000736; GEN000737; GEN000739; GEN000743; GEN000744; GEN000745; GEN000747; GEN000749; GEN000752; GEN000753; GEN000756; GEN000758; GEN000761; GEN000762; GEN000765; GEN000766; GEN000769; GEN000771; GEN000772; GEN000773; GEN000776; GEN000778; GEN000780; GEN000781; GEN000782; GEN000783; GEN000784; GEN000785; GEN000786; GEN000788; GEN000790; GEN000793; GEN000794; GEN000796; GEN000797; GEN000799; GEN000802; GEN000804; GEN000806; GEN000807; GEN000808; GEN000811; GEN000812; GEN000815; GEN000816; GEN000901; GEN000902; GEN000904; GEN000905; GEN000906; GEN000908; GEN000909; GEN000910; GEN000911; GEN000913; GEN000914; GEN000916; GEN000919; GEN000920; GEN000922; GEN000924; GEN000926; GEN000929; GEN000930; GEN000932; GEN000933; GEN000934; GEN000935; GEN000936; GEN000937; GEN000938; GEN000939; GEN000940; GEN000942; GEN000944; GEN000945; GEN000946; GEN000948; GEN000949; GEN000950; GEN000953; GEN000954; GEN000956; GEN000957; GEN000958; GEN000960; GEN000961; GEN000962; GEN000963; GEN000966; GEN000967; GEN000970; GEN000971; GEN000972; GEN000974; GEN000975; GEN000977; GEN000979; GEN000982; GEN000983; GEN000984; GEN000985; GEN000986; GEN000987; GEN000988; GEN000989; GEN000990; GEN000991; GEN000992; GEN000993; GEN000994; GEN000997; GEN000999; GEN001000; GEN001001; GEN001002; GEN001003; GEN001004; GEN001005; GEN001006; GEN001007; GEN001010; GEN001011; GEN001012; GEN001013; GEN001014; GEN001015; GEN001016; GEN001017; GEN001018; GEN001019; GEN001020; GEN001021; GEN001022; GEN001024; GEN001026; GEN001027; GEN001030; GEN001031; GEN001035; GEN001036; GEN001037; GEN001040; GEN001041; GEN001042; GEN001043; GEN001045; GEN001046; GEN001047; GEN001049; GEN001051; GEN001053; GEN001055; GEN001057; GEN001059; GEN001060; GEN001061; GEN001062; GEN001066; GEN001067; GEN001070; GEN001073; GEN001075; GEN001077; GEN001078; GEN001079; GEN001080; GEN001081; GEN001082; GEN001084; GEN001086; GEN001088; GEN001089; GEN001090; GEN001091; GEN001093; GEN001094; GEN001096; GEN001098; GEN001099; GEN001102; GEN001103; GEN001107; GEN001108; GEN001110; GEN001112; GEN001113; GEN001114; GEN001115; GEN001117; GEN001118; GEN001120; GEN001122; GEN001125; GEN001126; GEN001127; GEN001128; GEN001130; GEN001132; GEN001133; GEN001134; GEN001135; GEN001136; GEN001139; GEN001140; GEN001142; GEN001144; GEN001146; GEN001147; GEN001152; GEN001154; GEN001155; GEN001158; GEN001160; GEN001162; GEN001163; GEN001164; GEN001166; GEN001167; GEN001170; GEN001172; GEN001173; GEN001175; GEN001176; GEN001177; GEN001179; GEN001180; GEN001181; GEN001183; GEN001184; GEN001186; GEN001188; GEN001189; GEN001190; GEN001192; GEN001194; GEN001195; GEN001196; GEN001197; GEN001198; GEN001199; GEN001200; GEN001201; GEN001202; GEN001204; GEN001206; GEN001207; GEN001208; GEN001209; GEN001210; GEN001211; GEN001212; GEN001213; GEN001214; GEN001215; GEN001216; GEN001217; GEN001218; GEN001219; GEN001220; GEN001221; GEN001222; GEN001223; GEN001224; GEN001225; GEN001227; GEN001228; GEN001229; GEN001230; GEN001231; GEN001232; GEN001234; GEN001235; GEN001236; GEN001237; GEN001238; GEN001239; GEN001242; GEN001245; GEN001246; GEN001247; GEN001248; GEN001249; GEN001250; GEN001251; GEN001252; GEN001253; GEN001254; GEN001255; GEN001256; GEN001259; GEN001261; GEN001262; GEN001264; GEN001266; GEN001268; GEN001269; GEN001271; GEN001275; GEN001277; GEN001278; GEN001279; GEN001281; GEN001283; GEN001286; GEN001287; GEN001289; GEN001291; GEN001292; GEN001294; GEN001295; GEN001298; GEN001300; GEN001301; GEN001302; GEN001303; GEN001304; GEN001307; GEN001308; GEN001310; GEN001313; GEN001316; GEN001318; GEN001319; GEN001322; GEN001323; GEN001324; GEN001325; GEN001327; GEN001329; GEN001330; GEN001332; GEN001336; GEN001337; GEN001339; GEN001341; GEN001343; GEN001344; GEN001345; GEN001346; GEN001348; GEN001350; GEN001351; GEN001352; GEN001354; GEN001355; GEN001357; GEN001360; GEN001361; GEN001363; GEN001364; GEN001366; GEN001367; GEN001369; GEN001371; GEN001374; GEN001375; GEN001377; GEN001381; GEN001389; GEN001454; GEN001463; GEN001468; GEN001488; GEN001489; GEN001490; GEN001491; GEN001492; GEN001493; GEN001494; GEN001496; GEN001498; GEN001501; GEN001503; GEN001505; GEN001507; GEN001508; GEN001509; GEN001511; GEN001513; GEN001514; GEN001516; GEN001517; GEN001518; GEN001522; GEN001523; GEN001524; GEN001527; GEN001530; GEN001532; GEN001533; GEN001537; GEN001539; GEN001540; GEN001541; GEN001542; GEN001546; GEN001548; GEN001550; GEN001552; GEN001553; GEN001555; GEN001556; GEN001560; GEN001561; GEN001563; GEN001564; GEN001567; GEN001568; GEN001570; GEN001571; GEN001573; GEN001576; GEN001578; GEN001579; GEN001582; GEN001584; GEN001587; GEN001589; GEN001603; GEN001604; GEN001605; GEN001607; GEN001609; GEN001610; GEN001611; GEN001613; GEN001614; GEN001615; GEN001616; GEN001618; GEN001619; GEN001621; GEN001622; GEN001640; GEN001641; GEN001643; GEN001644; GEN001647; GEN001650; GEN001652; GEN001653; GEN001656; GEN001658; GEN001660; GEN001662; GEN001663; GEN001664; GEN001667; GEN001668; GEN001670; GEN001672; GEN001673; GEN001674; GEN001676; GEN001678; GEN001679; GEN001680; GEN001682; GEN001685; GEN001686; GEN001687; GEN001688; GEN001689; GEN001691; GEN001692; GEN001694; GEN001695; GEN001697; GEN001699; GEN001701; GEN001703; GEN001704; GEN001706; GEN001707; GEN001708; GEN001709; GEN001710; GEN001712; GEN001713; GEN001716; GEN001717; GEN001718; GEN001719; GEN001721; GEN001722; GEN001723; GEN001724; GEN001725; GEN001727; GEN001753; GEN001761; GEN001762; GEN001763; GEN001764; GEN001766; GEN001767; GEN001768; GEN001770; GEN001771; GEN001772; GEN001773; GEN001775; GEN001776; GEN001777; GEN001779; GEN001780; GEN001781; GEN001782; GEN001783; GEN001784; GEN001785; GEN001786; GEN001787; GEN001788; GEN001791; GEN001792; GEN001793; GEN001794; GEN001795; GEN001797; GEN001798; GEN001799; GEN001800; GEN001801; GEN001802; GEN001804; GEN001805; GEN001807; GEN001808; GEN001810; GEN001812; GEN001813; GEN001814; GEN001817; GEN001818; GEN001819; GEN001820; GEN001821; GEN001822; GEN001823; GEN001824; GEN001825; GEN001826; GEN001828; GEN001829; GEN001830; GEN001831; GEN001833; GEN001836; GEN001838; GEN001839; GEN001841; GEN001842; GEN001843; GEN001844; GEN001845; GEN001846; GEN001847; GEN001849; GEN001851; GEN001852; GEN001853; GEN001854; GEN001855; GEN001856; GEN001857; GEN001858; GEN001859; GEN001860; GEN001862; GEN001864; GEN001866; GEN001867; GEN001868; GEN001871; GEN001872; GEN001874; GEN001879; GEN001880; GEN001881; GEN001882; GEN001884; GEN001887; GEN001888; GEN001890; GEN001891; GEN001892; GEN001893; GEN001894; GEN001895; GEN001896; GEN001897; GEN001898; GEN001900; GEN001909; GEN001915; GEN001922; GEN001942; GEN001943; GEN001944; GEN001945; GEN001946; GEN001947; GEN001948; GEN001949; GEN001951; GEN001952; GEN001953; GEN001954; GEN001955; GEN001956; GEN001957; GEN001958; GEN001959; GEN001960; GEN001961; GEN001962; GEN001963; GEN001964; GEN001965; GEN001966; GEN001967; GEN001968; GEN001969; GEN001970; GEN001971; GEN001972; GEN001973; GEN001974; GEN001976; GEN001977; GEN001978; GEN001979; GEN001980; GEN001982; GEN001983; GEN001984; GEN001985; GEN001986; GEN001988; GEN001989; GEN001991; GEN001992; GEN001993; GEN001994; GEN001995; GEN001996; GEN001997; GEN001999; GEN002001; GEN002003; GEN002004; GEN002005; GEN002006; GEN002007; GEN002008; GEN002009; GEN002010; GEN002011; GEN002012; GEN002013; GEN002015; GEN002016; GEN002018; GEN002020; GEN002021; GEN002022; GEN002023; GEN002024; GEN002025; GEN002026; GEN002027; GEN002028; GEN002029; GEN002030; GEN002031; GEN002032; GEN002034; GEN002035; GEN002037; GEN002038; GEN002039; GEN002040; GEN002041; GEN002043; GEN002044; GEN002045; GEN002046; GEN002047; GEN002048; GEN002049; GEN002050; GEN002051; GEN002052; GEN002053; GEN002054; GEN002055; GEN002056; GEN002058; GEN002059; GEN002060; GEN002061; GEN002062; GEN002064; GEN002065; GEN002066; GEN002067; GEN002070; GEN002071; GEN002073; GEN002075; GEN002076; GEN002078; GEN002080; GEN002081; GEN002082; GEN002084; GEN002086; GEN002087; GEN002088; GEN002089; GEN002091; GEN002092; GEN002094; GEN002096; GEN002097; GEN002099; GEN002101; GEN002103; GEN002105; GEN002107; GEN002108; GEN002110; GEN002113; GEN002114; GEN002117; GEN002118; GEN002120; GEN002121; GEN002123; GEN002127; GEN002129; GEN002130; GEN002132; GEN002133; GEN002136; GEN002137; GEN002139; GEN002141; GEN002142; GEN002144; GEN002145; GEN002146; GEN002147; GEN002148; GEN002149; GEN002150; GEN002153; GEN002155; GEN002157; GEN002159; GEN002161; GEN002162; GEN002164; GEN002165; GEN002166; GEN002167; GEN002168; GEN002170; GEN002173; GEN002175; GEN002176; GEN002177; GEN002178; GEN002179; GEN002180; GEN002181; GEN002182; GEN002183; GEN002184; GEN002185; GEN002186; GEN002187; GEN002189; GEN002192; GEN002194; GEN002195; GEN002196; GEN002197; GEN002198; GEN002200; GEN002202; GEN002203; GEN002205; GEN002206; GEN002207; GEN002208; GEN002209; GEN002211; GEN002212; GEN002213; GEN002214; GEN002215; GEN002217; GEN002218; GEN002269; GEN002270; GEN002271; GEN002272; GEN002273; GEN002274; GEN002275; GEN002277; GEN002278; GEN002281; GEN002282; GEN002283; GEN002284; GEN002285; GEN002287; GEN002288; GEN002290; GEN002291; GEN002293; GEN002294; GEN002297; GEN002298; GEN002302; GEN002303,1225,base_event_stream,2026-07-28T09:24:54+00:00
CI/CD,系统与运维,traditional,软件研发; 测试质量; 基础设施,iOS开发工程师; 测试开发工程师; 测试工程师; DevOps工程师,2025-01,2026-02,GEN001104,GEN001573,6,GEN001104; GEN001124; GEN001573; GEN001609; GEN001621; GEN001625,6,base_event_stream,2026-07-28T09:24:54+00:00
CSS,编程语言,traditional,软件研发; 基础设施,前端开发工程师; Go开发工程师; 嵌入式软件工程师; 网络工程师,2024-12,2026-07,GEN000817,GEN000872,35,GEN000817; GEN000818; GEN000819; GEN000821; GEN000822; GEN000823; GEN000825; GEN000828; GEN000830; GEN000832; GEN000833; GEN000834; GEN000835; GEN000837; GEN000838; GEN000840; GEN000841; GEN000844; GEN000845; GEN000847; GEN000849; GEN000851; GEN000855; GEN000856; GEN000860; GEN000861; GEN000863; GEN000866; GEN000867; GEN000872; GEN001007; GEN001188; GEN001192; GEN001800; GEN001808,35,base_event_stream,2026-07-28T09:24:54+00:00
CUDA,硬件与芯片,new,AI算法; AI基础设施; 软件研发; 基础设施; 技术支持; 芯片,大模型算法工程师; AI Infra工程师; 后端开发工程师; 系统软件工程师; DevOps工程师; 云计算工程师; 解决方案工程师; 芯片设计工程师; 芯片验证工程师,2024-12,2026-07,GEN000245,GEN002174,125,GEN000003; GEN000245; GEN000246; GEN000247; GEN000251; GEN000252; GEN000253; GEN000254; GEN000260; GEN000261; GEN000262; GEN000265; GEN000266; GEN000269; GEN000270; GEN000271; GEN000272; GEN000276; GEN000278; GEN000282; GEN000283; GEN000285; GEN000287; GEN000290; GEN000292; GEN000293; GEN000296; GEN000298; GEN000301; GEN000304; GEN000305; GEN000789; GEN001141; GEN001142; GEN001143; GEN001144; GEN001148; GEN001149; GEN001151; GEN001152; GEN001153; GEN001156; GEN001158; GEN001159; GEN001161; GEN001164; GEN001166; GEN001167; GEN001170; GEN001174; GEN001175; GEN001176; GEN001177; GEN001629; GEN001630; GEN001632; GEN001633; GEN001634; GEN001636; GEN001638; GEN001687; GEN001688; GEN001689; GEN001690; GEN001692; GEN001694; GEN001695; GEN001698; GEN001699; GEN001937; GEN002089; GEN002091; GEN002092; GEN002093; GEN002096; GEN002098; GEN002099; GEN002102; GEN002103; GEN002104; GEN002105; GEN002106; GEN002108; GEN002110; GEN002111; GEN002113; GEN002115; GEN002116; GEN002117; GEN002118; GEN002121; GEN002122; GEN002123; GEN002124; GEN002125; GEN002128; GEN002130; GEN002134; GEN002135; GEN002137; GEN002140; GEN002142; GEN002143; GEN002144; GEN002145; GEN002146; GEN002147; GEN002148; GEN002149; GEN002150; GEN002153; GEN002155; GEN002157; GEN002159; GEN002160; GEN002161; GEN002162; GEN002163; GEN002165; GEN002166; GEN002167; GEN002169; GEN002170; GEN002173; GEN002174,125,base_event_stream,2026-07-28T09:24:54+00:00
ClickHouse,数据工程,traditional,数据; 测试质量,数据开发工程师; 数据平台工程师; 数据工程师; 测试开发工程师,2024-12,2026-07,GEN001345,GEN001486,24,GEN001345; GEN001346; GEN001348; GEN001349; GEN001351; GEN001352; GEN001353; GEN001355; GEN001357; GEN001359; GEN001361; GEN001363; GEN001364; GEN001365; GEN001367; GEN001370; GEN001372; GEN001374; GEN001375; GEN001376; GEN001417; GEN001418; GEN001486; GEN001562,24,base_event_stream,2026-07-28T09:24:54+00:00
Context Engineering,大模型,new,AI算法; AI应用; 软件研发; 测试质量; 技术支持; 产品,AI Agent算法工程师; 大模型应用工程师; AI Agent应用工程师; 后端开发工程师; 全栈开发工程师; 软件架构师; 测试开发工程师; 解决方案工程师; AI产品经理,2025-03,2026-07,GEN000121,GEN002335,70,GEN000068; GEN000121; GEN000122; GEN000123; GEN000124; GEN000125; GEN000126; GEN000127; GEN000130; GEN000132; GEN000134; GEN000135; GEN000138; GEN000139; GEN000142; GEN000143; GEN000145; GEN000146; GEN000148; GEN000150; GEN000151; GEN000161; GEN000162; GEN000163; GEN000165; GEN000166; GEN000168; GEN000171; GEN000173; GEN000175; GEN000177; GEN000178; GEN000181; GEN000183; GEN000184; GEN000186; GEN000187; GEN000189; GEN000792; GEN000897; GEN001265; GEN001266; GEN001267; GEN001270; GEN001273; GEN001275; GEN001278; GEN001279; GEN001281; GEN001283; GEN001286; GEN001287; GEN001289; GEN001293; GEN001294; GEN001296; GEN001297; GEN001299; GEN001566; GEN001935; GEN002323; GEN002324; GEN002325; GEN002326; GEN002327; GEN002330; GEN002331; GEN002333; GEN002334; GEN002335,70,base_event_stream,2026-07-28T09:24:54+00:00
DPO,大模型,new,AI算法; AI安全; 测试质量; 技术支持; 产品,大模型算法工程师; AI Agent算法工程师; AI安全工程师; NLP算法工程师; 大模型测试工程师; 解决方案工程师; AI产品经理,2025-01,2026-07,GEN000003,GEN002335,96,GEN000003; GEN000004; GEN000005; GEN000006; GEN000008; GEN000011; GEN000012; GEN000015; GEN000017; GEN000020; GEN000021; GEN000024; GEN000026; GEN000027; GEN000028; GEN000030; GEN000031; GEN000035; GEN000036; GEN000038; GEN000039; GEN000042; GEN000043; GEN000046; GEN000049; GEN000061; GEN000226; GEN000227; GEN000230; GEN000232; GEN000233; GEN000235; GEN000236; GEN000239; GEN000240; GEN000242; GEN000243; GEN000395; GEN000396; GEN000397; GEN000399; GEN000401; GEN000403; GEN000405; GEN000407; GEN000408; GEN000410; GEN000411; GEN000412; GEN000413; GEN000416; GEN000418; GEN000419; GEN000421; GEN000422; GEN000423; GEN000425; GEN000426; GEN000430; GEN000432; GEN000433; GEN000436; GEN000438; GEN000441; GEN000442; GEN000443; GEN000444; GEN001500; GEN001501; GEN001503; GEN001504; GEN001507; GEN001509; GEN001513; GEN001516; GEN001519; GEN001521; GEN001523; GEN001524; GEN001528; GEN001529; GEN001930; GEN002318; GEN002319; GEN002321; GEN002322; GEN002323; GEN002324; GEN002325; GEN002326; GEN002328; GEN002330; GEN002332; GEN002333; GEN002334; GEN002335,96,base_event_stream,2026-07-28T09:24:54+00:00
DeepSpeed,大模型,new,AI算法; AI基础设施; 软件研发; 基础设施; 技术支持,大模型算法工程师; AI Infra工程师; 多模态算法工程师; NLP算法工程师; 后端开发工程师; 系统软件工程师; DevOps工程师; 云计算工程师; 解决方案工程师,2024-12,2026-07,GEN000001,GEN001700,127,GEN000001; GEN000003; GEN000004; GEN000005; GEN000006; GEN000009; GEN000010; GEN000012; GEN000015; GEN000016; GEN000018; GEN000020; GEN000021; GEN000022; GEN000024; GEN000026; GEN000029; GEN000030; GEN000035; GEN000036; GEN000038; GEN000039; GEN000041; GEN000043; GEN000044; GEN000049; GEN000050; GEN000246; GEN000247; GEN000250; GEN000251; GEN000252; GEN000253; GEN000255; GEN000258; GEN000259; GEN000263; GEN000265; GEN000267; GEN000268; GEN000269; GEN000271; GEN000274; GEN000275; GEN000277; GEN000279; GEN000281; GEN000284; GEN000286; GEN000287; GEN000290; GEN000294; GEN000295; GEN000297; GEN000299; GEN000300; GEN000301; GEN000302; GEN000306; GEN000307; GEN000346; GEN000347; GEN000350; GEN000352; GEN000354; GEN000355; GEN000357; GEN000359; GEN000360; GEN000361; GEN000363; GEN000366; GEN000367; GEN000368; GEN000371; GEN000372; GEN000373; GEN000376; GEN000377; GEN000378; GEN000382; GEN000384; GEN000385; GEN000387; GEN000388; GEN000391; GEN000392; GEN000403; GEN000794; GEN001144; GEN001146; GEN001148; GEN001149; GEN001150; GEN001151; GEN001153; GEN001155; GEN001157; GEN001159; GEN001161; GEN001163; GEN001165; GEN001166; GEN001170; GEN001171; GEN001174; GEN001175; GEN001176; GEN001628; GEN001629; GEN001631; GEN001632; GEN001633; GEN001634; GEN001635; GEN001638; GEN001686; GEN001687; GEN001688; GEN001689; GEN001690; GEN001693; GEN001694; GEN001695; GEN001697; GEN001700; GEN001932,127,base_event_stream,2026-07-28T09:24:54+00:00
DevOps,系统与运维,traditional,软件研发; 测试质量; 基础设施; 芯片,Android开发工程师; 质量工程师; DevOps工程师; 网络工程师; 芯片验证工程师,2024-12,2025-12,GEN001620,GEN001598,8,GEN001082; GEN001592; GEN001593; GEN001595; GEN001598; GEN001620; GEN001804; GEN002139,8,base_event_stream,2026-07-28T09:24:54+00:00
Diffusion,大模型,new,AI算法; AI应用; 软件研发; 技术支持; 多媒体; 产品,大模型算法工程师; 大模型应用工程师; AIGC算法工程师; 多模态算法工程师; 计算机视觉算法工程师; 前端开发工程师; 解决方案工程师; 图形图像工程师; 音视频工程师; AI产品经理,2024-12,2026-07,GEN000308,GEN002335,122,GEN000003; GEN000126; GEN000308; GEN000310; GEN000311; GEN000312; GEN000313; GEN000315; GEN000316; GEN000318; GEN000319; GEN000321; GEN000323; GEN000324; GEN000325; GEN000327; GEN000330; GEN000332; GEN000333; GEN000337; GEN000339; GEN000341; GEN000342; GEN000343; GEN000344; GEN000345; GEN000346; GEN000348; GEN000350; GEN000351; GEN000352; GEN000354; GEN000356; GEN000357; GEN000358; GEN000359; GEN000361; GEN000363; GEN000364; GEN000367; GEN000370; GEN000371; GEN000372; GEN000374; GEN000377; GEN000379; GEN000381; GEN000382; GEN000383; GEN000384; GEN000387; GEN000388; GEN000389; GEN000390; GEN000393; GEN000394; GEN000446; GEN000447; GEN000449; GEN000451; GEN000452; GEN000454; GEN000455; GEN000456; GEN000458; GEN000460; GEN000461; GEN000463; GEN000465; GEN000466; GEN000467; GEN000469; GEN000471; GEN000472; GEN000473; GEN000474; GEN000844; GEN001937; GEN002032; GEN002033; GEN002034; GEN002035; GEN002036; GEN002037; GEN002038; GEN002039; GEN002040; GEN002042; GEN002043; GEN002044; GEN002046; GEN002047; GEN002048; GEN002051; GEN002052; GEN002053; GEN002054; GEN002058; GEN002059; GEN002060; GEN002062; GEN002063; GEN002064; GEN002066; GEN002067; GEN002068; GEN002069; GEN002070; GEN002318; GEN002320; GEN002321; GEN002322; GEN002323; GEN002324; GEN002325; GEN002326; GEN002328; GEN002329; GEN002332; GEN002333; GEN002334; GEN002335,122,base_event_stream,2026-07-28T09:24:54+00:00
Diffusion模型,大模型,new,AI算法; AI应用; 软件研发; 技术支持; 多媒体; 产品,大模型算法工程师; 大模型应用工程师; AIGC算法工程师; 多模态算法工程师; 计算机视觉算法工程师; 前端开发工程师; 解决方案工程师; 图形图像工程师; 音视频工程师; AI产品经理,2024-12,2026-07,GEN000308,GEN002335,116,GEN000004; GEN000123; GEN000308; GEN000309; GEN000311; GEN000312; GEN000313; GEN000315; GEN000316; GEN000319; GEN000323; GEN000325; GEN000328; GEN000331; GEN000334; GEN000337; GEN000338; GEN000341; GEN000342; GEN000343; GEN000344; GEN000345; GEN000346; GEN000348; GEN000349; GEN000352; GEN000353; GEN000355; GEN000357; GEN000358; GEN000360; GEN000361; GEN000364; GEN000366; GEN000368; GEN000369; GEN000372; GEN000374; GEN000378; GEN000381; GEN000382; GEN000383; GEN000388; GEN000390; GEN000391; GEN000392; GEN000393; GEN000446; GEN000447; GEN000448; GEN000451; GEN000452; GEN000454; GEN000455; GEN000456; GEN000458; GEN000459; GEN000462; GEN000463; GEN000465; GEN000466; GEN000467; GEN000468; GEN000471; GEN000472; GEN000473; GEN000474; GEN000841; GEN000871; GEN001933; GEN002031; GEN002032; GEN002033; GEN002034; GEN002035; GEN002036; GEN002038; GEN002039; GEN002040; GEN002042; GEN002043; GEN002044; GEN002045; GEN002046; GEN002047; GEN002048; GEN002050; GEN002052; GEN002053; GEN002054; GEN002056; GEN002057; GEN002058; GEN002059; GEN002060; GEN002061; GEN002062; GEN002064; GEN002065; GEN002066; GEN002067; GEN002069; GEN002319; GEN002320; GEN002321; GEN002322; GEN002323; GEN002324; GEN002325; GEN002326; GEN002328; GEN002330; GEN002332; GEN002333; GEN002334; GEN002335,116,base_event_stream,2026-07-28T09:24:54+00:00
Docker,系统与运维,traditional,软件研发; 数据; 基础设施; 安全; 技术支持; 通信; AI应用,Python开发工程师; Go开发工程师; 驱动开发工程师; 数据仓库工程师; DevOps工程师; 运维工程师; 云计算工程师; 网络安全工程师; 信息安全工程师; 安全工程师; 服务器工程师; 技术支持工程师; 通信工程师; 大模型应用工程师,2024-12,2026-07,GEN000973,web_202607_20260730184035726988_job_05e47dfd,101,GEN000973; GEN000975; GEN000976; GEN000978; GEN000980; GEN000982; GEN000983; GEN000984; GEN000985; GEN000986; GEN000987; GEN000988; GEN000989; GEN000990; GEN000991; GEN000993; GEN000995; GEN000996; GEN000997; GEN000998; GEN001000; GEN001001; GEN001002; GEN001007; GEN001224; GEN001389; GEN001391; GEN001620; GEN001622; GEN001626; GEN001639; GEN001642; GEN001644; GEN001645; GEN001647; GEN001648; GEN001649; GEN001652; GEN001653; GEN001656; GEN001658; GEN001659; GEN001662; GEN001663; GEN001664; GEN001666; GEN001668; GEN001669; GEN001671; GEN001672; GEN001675; GEN001676; GEN001678; GEN001679; GEN001681; GEN001683; GEN001684; GEN001686; GEN001687; GEN001688; GEN001689; GEN001691; GEN001692; GEN001694; GEN001696; GEN001698; GEN001700; GEN001702; GEN001750; GEN001751; GEN001760; GEN001762; GEN001763; GEN001765; GEN001767; GEN001769; GEN001770; GEN001772; GEN001773; GEN001774; GEN001776; GEN001778; GEN001779; GEN001781; GEN001782; GEN001783; GEN001784; GEN001785; GEN001787; GEN001789; GEN001790; GEN001792; GEN001794; GEN001795; GEN001821; GEN001841; GEN001881; GEN002076; web_202607_20260730182901742050_job_623c31d9; web_202607_20260730183017711285_job_16a9e0a5; web_202607_20260730184035726988_job_05e47dfd,101,base_event_stream; web_app_review,2026-07-30T10:41:03+00:00
Elasticsearch,数据工程,traditional,软件研发; 测试质量; 安全,Java开发工程师; 测试开发工程师; 信息安全工程师,2024-12,2026-07,GEN000901,GEN001760,23,GEN000901; GEN000902; GEN000904; GEN000905; GEN000906; GEN000907; GEN000910; GEN000911; GEN000915; GEN000916; GEN000918; GEN000921; GEN000922; GEN000925; GEN000927; GEN000928; GEN000931; GEN000932; GEN000933; GEN000934; GEN001537; GEN001741; GEN001760,23,base_event_stream,2026-07-28T09:24:54+00:00
Embedding,大模型,new,AI算法; AI应用; 算法; 软件研发; 数据; 技术支持; 产品,大模型算法工程师; 大模型应用工程师; AI Agent应用工程师; NLP算法工程师; 搜索算法工程师; 后端开发工程师; 软件架构师; 数据开发工程师; 解决方案工程师; AI产品经理,2024-12,2026-07,GEN000116,web_202607_20260730184035726988_job_05e47dfd,101,GEN000004; GEN000116; GEN000118; GEN000119; GEN000121; GEN000122; GEN000123; GEN000124; GEN000125; GEN000126; GEN000128; GEN000129; GEN000132; GEN000133; GEN000136; GEN000137; GEN000140; GEN000141; GEN000142; GEN000144; GEN000145; GEN000148; GEN000151; GEN000152; GEN000157; GEN000395; GEN000396; GEN000397; GEN000399; GEN000402; GEN000403; GEN000405; GEN000406; GEN000407; GEN000409; GEN000411; GEN000412; GEN000415; GEN000416; GEN000418; GEN000419; GEN000421; GEN000423; GEN000424; GEN000425; GEN000430; GEN000434; GEN000436; GEN000438; GEN000439; GEN000440; GEN000442; GEN000444; GEN000445; GEN000566; GEN000567; GEN000568; GEN000569; GEN000571; GEN000574; GEN000576; GEN000578; GEN000582; GEN000788; GEN001285; GEN001352; GEN001353; GEN001356; GEN001358; GEN001359; GEN001361; GEN001363; GEN001364; GEN001365; GEN001366; GEN001368; GEN001369; GEN001371; GEN001374; GEN001375; GEN001377; GEN001916; GEN001917; GEN001918; GEN001920; GEN001922; GEN001925; GEN001927; GEN001929; GEN001931; GEN001932; GEN001935; GEN001936; GEN001937; GEN001938; GEN001939; GEN001940; GEN002324; web_202607_20260730182901742050_job_623c31d9; web_202607_20260730183017711285_job_16a9e0a5; web_202607_20260730184035726988_job_05e47dfd,101,base_event_stream; web_app_review,2026-07-30T10:41:03+00:00
Flink,数据工程,traditional,算法; 软件研发; 数据; 测试质量; 安全,推荐算法工程师; 风控算法工程师; 软件开发工程师; 数据开发工程师; 数据仓库工程师; 数据平台工程师; 数据工程师; 大模型测试工程师; 网络安全工程师; 信息安全工程师,2024-12,2026-07,GEN000619,GEN001486,124,GEN000563; GEN000619; GEN000621; GEN000622; GEN000624; GEN000626; GEN000627; GEN000629; GEN000631; GEN000632; GEN000634; GEN000636; GEN000637; GEN000638; GEN000640; GEN000642; GEN000643; GEN000646; GEN000647; GEN000649; GEN001301; GEN001302; GEN001303; GEN001305; GEN001307; GEN001309; GEN001310; GEN001311; GEN001313; GEN001315; GEN001318; GEN001320; GEN001321; GEN001326; GEN001327; GEN001328; GEN001330; GEN001331; GEN001333; GEN001336; GEN001337; GEN001338; GEN001340; GEN001343; GEN001344; GEN001345; GEN001346; GEN001348; GEN001350; GEN001351; GEN001352; GEN001354; GEN001356; GEN001357; GEN001359; GEN001361; GEN001363; GEN001364; GEN001365; GEN001367; GEN001369; GEN001372; GEN001373; GEN001375; GEN001376; GEN001377; GEN001378; GEN001379; GEN001380; GEN001382; GEN001383; GEN001384; GEN001385; GEN001386; GEN001387; GEN001389; GEN001390; GEN001392; GEN001393; GEN001394; GEN001395; GEN001396; GEN001398; GEN001399; GEN001400; GEN001401; GEN001402; GEN001403; GEN001404; GEN001405; GEN001406; GEN001407; GEN001408; GEN001410; GEN001411; GEN001412; GEN001413; GEN001415; GEN001416; GEN001418; GEN001470; GEN001471; GEN001472; GEN001473; GEN001474; GEN001475; GEN001476; GEN001477; GEN001478; GEN001479; GEN001480; GEN001481; GEN001482; GEN001483; GEN001484; GEN001486; GEN001487; GEN001719; GEN001741; GEN001743; GEN001744; GEN001747; GEN001751; GEN001753,124,base_event_stream,2026-07-28T09:24:54+00:00
Flutter,软件开发,traditional,软件研发,全栈开发工程师; C++开发工程师; 客户端开发工程师; iOS开发工程师,2024-12,2026-07,GEN000874,GEN001140,29,GEN000874; GEN000951; GEN000960; GEN001060; GEN001098; GEN001099; GEN001102; GEN001105; GEN001106; GEN001107; GEN001109; GEN001111; GEN001113; GEN001116; GEN001119; GEN001121; GEN001122; GEN001125; GEN001127; GEN001129; GEN001130; GEN001131; GEN001133; GEN001134; GEN001135; GEN001136; GEN001138; GEN001139; GEN001140,29,base_event_stream,2026-07-28T09:24:54+00:00
Function Calling,大模型,new,AI算法; AI应用; 软件研发; 测试质量; 技术支持; 产品,AI Agent算法工程师; 大模型应用工程师; AI Agent应用工程师; 后端开发工程师; 全栈开发工程师; 软件架构师; 测试开发工程师; 解决方案工程师; AI产品经理,2025-01,2026-07,GEN000117,GEN002335,72,GEN000062; GEN000117; GEN000118; GEN000119; GEN000121; GEN000122; GEN000123; GEN000124; GEN000125; GEN000126; GEN000127; GEN000129; GEN000131; GEN000134; GEN000136; GEN000137; GEN000139; GEN000141; GEN000143; GEN000144; GEN000146; GEN000147; GEN000151; GEN000152; GEN000155; GEN000156; GEN000159; GEN000161; GEN000163; GEN000165; GEN000167; GEN000169; GEN000170; GEN000172; GEN000173; GEN000175; GEN000176; GEN000179; GEN000180; GEN000182; GEN000184; GEN000185; GEN000188; GEN000189; GEN000783; GEN000885; GEN000886; GEN000887; GEN000888; GEN000889; GEN000893; GEN000895; GEN000896; GEN000897; GEN000900; GEN001275; GEN001583; GEN001937; GEN002318; GEN002319; GEN002321; GEN002322; GEN002323; GEN002324; GEN002325; GEN002326; GEN002327; GEN002329; GEN002331; GEN002333; GEN002334; GEN002335,72,base_event_stream,2026-07-28T09:24:54+00:00
GPU,系统与运维,traditional,AI算法; 软件研发; 数据; 基础设施; 技术支持; 多媒体; 芯片,机器学习算法工程师; 算法研究员; Python开发工程师; 数据分析师; 服务器工程师; 解决方案工程师; 音视频工程师; 芯片验证工程师,2024-12,2026-05,GEN000650,GEN001854,28,GEN000650; GEN000652; GEN000654; GEN000655; GEN000656; GEN000660; GEN000661; GEN000664; GEN000666; GEN000667; GEN000711; GEN000985; GEN000991; GEN001449; GEN001829; GEN001838; GEN001841; GEN001842; GEN001845; GEN001854; GEN001902; GEN001913; GEN001916; GEN002056; GEN002062; GEN002141; GEN002143; GEN002164,28,base_event_stream,2026-07-28T09:24:54+00:00
GPU内存优化,硬件与芯片,new,AI基础设施; 软件研发; 基础设施; 技术支持; 芯片,AI Infra工程师; 系统软件工程师; DevOps工程师; 云计算工程师; 解决方案工程师; 芯片设计工程师,2024-12,2026-07,GEN000245,GEN002137,93,GEN000245; GEN000247; GEN000248; GEN000250; GEN000252; GEN000253; GEN000256; GEN000257; GEN000258; GEN000259; GEN000262; GEN000264; GEN000267; GEN000268; GEN000269; GEN000272; GEN000274; GEN000275; GEN000277; GEN000278; GEN000282; GEN000283; GEN000285; GEN000288; GEN000290; GEN000291; GEN000294; GEN000296; GEN000298; GEN000301; GEN000306; GEN000307; GEN001142; GEN001143; GEN001144; GEN001146; GEN001147; GEN001149; GEN001150; GEN001153; GEN001156; GEN001157; GEN001160; GEN001161; GEN001164; GEN001166; GEN001168; GEN001169; GEN001171; GEN001173; GEN001177; GEN001627; GEN001628; GEN001629; GEN001630; GEN001632; GEN001633; GEN001634; GEN001636; GEN001638; GEN001687; GEN001688; GEN001689; GEN001691; GEN001693; GEN001694; GEN001696; GEN001697; GEN001700; GEN001937; GEN002091; GEN002092; GEN002094; GEN002096; GEN002097; GEN002100; GEN002102; GEN002104; GEN002107; GEN002112; GEN002115; GEN002117; GEN002118; GEN002120; GEN002124; GEN002125; GEN002127; GEN002128; GEN002130; GEN002132; GEN002133; GEN002136; GEN002137,93,base_event_stream,2026-07-28T09:24:54+00:00
GRPO,大模型,new,AI算法; AI安全; 测试质量; 产品,大模型算法工程师; AI Agent算法工程师; AI安全工程师; NLP算法工程师; 算法研究员; 大模型测试工程师; AI产品经理,2025-04,2026-07,GEN000006,GEN001530,111,GEN000006; GEN000007; GEN000009; GEN000011; GEN000012; GEN000015; GEN000016; GEN000018; GEN000019; GEN000021; GEN000022; GEN000025; GEN000026; GEN000027; GEN000028; GEN000031; GEN000032; GEN000033; GEN000034; GEN000037; GEN000039; GEN000040; GEN000043; GEN000045; GEN000047; GEN000048; GEN000065; GEN000069; GEN000072; GEN000074; GEN000077; GEN000080; GEN000083; GEN000085; GEN000088; GEN000090; GEN000091; GEN000092; GEN000094; GEN000096; GEN000097; GEN000099; GEN000100; GEN000103; GEN000105; GEN000108; GEN000109; GEN000110; GEN000113; GEN000238; GEN000239; GEN000240; GEN000242; GEN000243; GEN000404; GEN000405; GEN000406; GEN000408; GEN000410; GEN000411; GEN000412; GEN000413; GEN000416; GEN000418; GEN000419; GEN000423; GEN000424; GEN000426; GEN000427; GEN000429; GEN000432; GEN000434; GEN000437; GEN000438; GEN000441; GEN000442; GEN000443; GEN000687; GEN000688; GEN000689; GEN000691; GEN000692; GEN000694; GEN000695; GEN000696; GEN000699; GEN000701; GEN000702; GEN000703; GEN000705; GEN000708; GEN000709; GEN000711; GEN000712; GEN000714; GEN000716; GEN000717; GEN000718; GEN001501; GEN001503; GEN001504; GEN001507; GEN001510; GEN001511; GEN001514; GEN001517; GEN001522; GEN001525; GEN001526; GEN001530; GEN002331,111,base_event_stream,2026-07-28T09:24:54+00:00
Go,编程语言,traditional,AI应用; AI安全; AI基础设施; AI算法; 算法; 软件研发; 数据; 测试质量; 基础设施; 安全; 技术支持; 机器人; 自动驾驶; 通信; 芯片,AI Agent应用工程师; AI应用工程师; AI安全工程师; AI Infra工程师; 语音算法工程师; 搜索算法工程师; 广告算法工程师; 机器学习算法工程师; 算法研究员; 后端开发工程师; 前端开发工程师; 全栈开发工程师; Java开发工程师; C++开发工程师; Python开发工程师; Go开发工程师; 软件架构师; 软件开发工程师; 数据开发工程师; 数据仓库工程师; 大模型测试工程师; 测试开发工程师; 质量工程师; 测试工程师; 运维工程师; 云计算工程师; 网络安全工程师; 信息安全工程师; 安全工程师; 网络工程师; 数据库工程师; 服务器工程师; 技术支持工程师; 解决方案工程师; 机器人算法工程师; 自动驾驶算法工程师; 通信工程师; 芯片设计工程师,2024-12,2026-07,GEN000153,GEN002137,658,GEN000153; GEN000154; GEN000156; GEN000157; GEN000158; GEN000159; GEN000162; GEN000164; GEN000165; GEN000167; GEN000169; GEN000171; GEN000172; GEN000174; GEN000175; GEN000177; GEN000179; GEN000180; GEN000182; GEN000184; GEN000186; GEN000188; GEN000189; GEN000190; GEN000192; GEN000194; GEN000195; GEN000196; GEN000198; GEN000200; GEN000203; GEN000205; GEN000206; GEN000209; GEN000210; GEN000212; GEN000213; GEN000214; GEN000218; GEN000219; GEN000221; GEN000222; GEN000224; GEN000228; GEN000230; GEN000231; GEN000234; GEN000235; GEN000237; GEN000238; GEN000240; GEN000242; GEN000244; GEN000245; GEN000246; GEN000249; GEN000250; GEN000256; GEN000257; GEN000260; GEN000262; GEN000263; GEN000264; GEN000266; GEN000270; GEN000271; GEN000273; GEN000275; GEN000278; GEN000281; GEN000283; GEN000285; GEN000288; GEN000289; GEN000291; GEN000292; GEN000294; GEN000296; GEN000298; GEN000299; GEN000303; GEN000304; GEN000306; GEN000476; GEN000477; GEN000478; GEN000480; GEN000481; GEN000482; GEN000483; GEN000485; GEN000487; GEN000488; GEN000491; GEN000492; GEN000495; GEN000497; GEN000498; GEN000500; GEN000504; GEN000505; GEN000506; GEN000507; GEN000508; GEN000511; GEN000512; GEN000514; GEN000568; GEN000569; GEN000573; GEN000575; GEN000576; GEN000578; GEN000581; GEN000583; GEN000585; GEN000587; GEN000588; GEN000589; GEN000590; GEN000591; GEN000594; GEN000595; GEN000597; GEN000600; GEN000601; GEN000602; GEN000604; GEN000605; GEN000607; GEN000609; GEN000610; GEN000612; GEN000613; GEN000615; GEN000616; GEN000617; GEN000650; GEN000653; GEN000654; GEN000655; GEN000656; GEN000657; GEN000659; GEN000662; GEN000663; GEN000665; GEN000667; GEN000688; GEN000707; GEN000779; GEN000781; GEN000782; GEN000783; GEN000784; GEN000785; GEN000787; GEN000788; GEN000791; GEN000793; GEN000795; GEN000796; GEN000798; GEN000799; GEN000801; GEN000805; GEN000806; GEN000807; GEN000808; GEN000811; GEN000813; GEN000815; GEN000817; GEN000818; GEN000819; GEN000820; GEN000822; GEN000823; GEN000826; GEN000827; GEN000830; GEN000831; GEN000834; GEN000838; GEN000842; GEN000843; GEN000844; GEN000847; GEN000853; GEN000855; GEN000857; GEN000860; GEN000861; GEN000865; GEN000868; GEN000870; GEN000873; GEN000875; GEN000876; GEN000877; GEN000879; GEN000880; GEN000881; GEN000883; GEN000885; GEN000886; GEN000888; GEN000890; GEN000891; GEN000892; GEN000895; GEN000896; GEN000898; GEN000900; GEN000901; GEN000902; GEN000904; GEN000905; GEN000906; GEN000908; GEN000910; GEN000911; GEN000913; GEN000917; GEN000918; GEN000921; GEN000923; GEN000925; GEN000926; GEN000928; GEN000930; GEN000932; GEN000933; GEN000934; GEN000935; GEN000936; GEN000937; GEN000938; GEN000939; GEN000941; GEN000942; GEN000943; GEN000944; GEN000946; GEN000948; GEN000949; GEN000953; GEN000955; GEN000958; GEN000959; GEN000960; GEN000961; GEN000962; GEN000964; GEN000966; GEN000968; GEN000969; GEN000971; GEN000972; GEN000973; GEN000974; GEN000975; GEN000976; GEN000977; GEN000979; GEN000981; GEN000983; GEN000985; GEN000986; GEN000987; GEN000988; GEN000989; GEN000990; GEN000991; GEN000992; GEN000994; GEN000996; GEN000997; GEN000998; GEN000999; GEN001000; GEN001001; GEN001002; GEN001003; GEN001004; GEN001005; GEN001006; GEN001008; GEN001009; GEN001010; GEN001011; GEN001012; GEN001013; GEN001014; GEN001015; GEN001016; GEN001017; GEN001018; GEN001019; GEN001020; GEN001254; GEN001255; GEN001256; GEN001257; GEN001258; GEN001259; GEN001260; GEN001262; GEN001263; GEN001265; GEN001268; GEN001270; GEN001271; GEN001272; GEN001275; GEN001276; GEN001277; GEN001279; GEN001282; GEN001284; GEN001285; GEN001288; GEN001290; GEN001292; GEN001293; GEN001294; GEN001298; GEN001300; GEN001301; GEN001302; GEN001303; GEN001304; GEN001306; GEN001309; GEN001310; GEN001312; GEN001314; GEN001317; GEN001319; GEN001320; GEN001322; GEN001324; GEN001325; GEN001326; GEN001329; GEN001330; GEN001331; GEN001334; GEN001335; GEN001337; GEN001339; GEN001341; GEN001342; GEN001344; GEN001346; GEN001348; GEN001350; GEN001351; GEN001352; GEN001353; GEN001356; GEN001357; GEN001359; GEN001362; GEN001363; GEN001364; GEN001365; GEN001367; GEN001369; GEN001372; GEN001373; GEN001375; GEN001376; GEN001385; GEN001487; GEN001488; GEN001489; GEN001490; GEN001492; GEN001493; GEN001494; GEN001496; GEN001499; GEN001500; GEN001502; GEN001504; GEN001506; GEN001508; GEN001509; GEN001512; GEN001513; GEN001514; GEN001516; GEN001518; GEN001519; GEN001521; GEN001522; GEN001525; GEN001526; GEN001527; GEN001530; GEN001531; GEN001532; GEN001535; GEN001538; GEN001540; GEN001541; GEN001543; GEN001545; GEN001547; GEN001549; GEN001550; GEN001554; GEN001556; GEN001560; GEN001562; GEN001563; GEN001565; GEN001567; GEN001568; GEN001569; GEN001572; GEN001573; GEN001575; GEN001576; GEN001577; GEN001579; GEN001581; GEN001583; GEN001585; GEN001586; GEN001589; GEN001594; GEN001603; GEN001605; GEN001606; GEN001608; GEN001610; GEN001611; GEN001612; GEN001613; GEN001615; GEN001616; GEN001617; GEN001618; GEN001640; GEN001642; GEN001645; GEN001646; GEN001648; GEN001650; GEN001652; GEN001654; GEN001655; GEN001658; GEN001659; GEN001661; GEN001663; GEN001664; GEN001666; GEN001670; GEN001673; GEN001675; GEN001676; GEN001677; GEN001679; GEN001681; GEN001682; GEN001684; GEN001685; GEN001686; GEN001687; GEN001688; GEN001689; GEN001690; GEN001693; GEN001694; GEN001695; GEN001698; GEN001700; GEN001701; GEN001702; GEN001704; GEN001705; GEN001706; GEN001707; GEN001708; GEN001709; GEN001710; GEN001711; GEN001714; GEN001715; GEN001717; GEN001718; GEN001719; GEN001720; GEN001721; GEN001722; GEN001723; GEN001724; GEN001725; GEN001727; GEN001728; GEN001729; GEN001731; GEN001732; GEN001734; GEN001735; GEN001736; GEN001737; GEN001738; GEN001739; GEN001741; GEN001743; GEN001745; GEN001749; GEN001750; GEN001751; GEN001752; GEN001755; GEN001756; GEN001757; GEN001758; GEN001759; GEN001760; GEN001761; GEN001762; GEN001764; GEN001765; GEN001769; GEN001770; GEN001772; GEN001773; GEN001775; GEN001776; GEN001778; GEN001780; GEN001781; GEN001782; GEN001784; GEN001785; GEN001786; GEN001787; GEN001789; GEN001790; GEN001791; GEN001792; GEN001794; GEN001795; GEN001796; GEN001799; GEN001800; GEN001801; GEN001802; GEN001804; GEN001806; GEN001807; GEN001809; GEN001810; GEN001811; GEN001812; GEN001813; GEN001815; GEN001816; GEN001817; GEN001818; GEN001819; GEN001820; GEN001821; GEN001823; GEN001824; GEN001825; GEN001826; GEN001827; GEN001828; GEN001829; GEN001833; GEN001834; GEN001837; GEN001838; GEN001839; GEN001841; GEN001843; GEN001845; GEN001847; GEN001848; GEN001850; GEN001852; GEN001854; GEN001855; GEN001857; GEN001858; GEN001862; GEN001863; GEN001864; GEN001867; GEN001870; GEN001871; GEN001872; GEN001873; GEN001876; GEN001878; GEN001881; GEN001883; GEN001885; GEN001886; GEN001889; GEN001890; GEN001891; GEN001892; GEN001893; GEN001894; GEN001896; GEN001898; GEN001902; GEN001903; GEN001907; GEN001910; GEN001916; GEN001942; GEN001943; GEN001944; GEN001945; GEN001946; GEN001948; GEN001949; GEN001950; GEN001952; GEN001953; GEN001954; GEN001955; GEN001956; GEN001958; GEN001975; GEN002080; GEN002081; GEN002089; GEN002091; GEN002092; GEN002093; GEN002095; GEN002098; GEN002100; GEN002103; GEN002104; GEN002108; GEN002112; GEN002114; GEN002117; GEN002119; GEN002122; GEN002125; GEN002126; GEN002127; GEN002130; GEN002133; GEN002136; GEN002137,658,base_event_stream,2026-07-28T09:24:54+00:00
HBase,数据工程,traditional,数据; 多媒体,数据仓库工程师; 数据平台工程师; 数据工程师; 音视频工程师,2025-06,2026-07,GEN001381,GEN001418,5,GEN001381; GEN001389; GEN001418; GEN001474; GEN002067,5,base_event_stream,2026-07-28T09:24:54+00:00
HIL测试,软件测试,traditional,算法,控制算法工程师,2024-12,2026-07,GEN002007,GEN002029,22,GEN002007; GEN002008; GEN002009; GEN002010; GEN002011; GEN002012; GEN002013; GEN002014; GEN002015; GEN002016; GEN002017; GEN002018; GEN002019; GEN002020; GEN002021; GEN002022; GEN002023; GEN002024; GEN002025; GEN002027; GEN002028; GEN002029,22,base_event_stream,2026-07-28T09:24:54+00:00
HTML,编程语言,traditional,软件研发; 安全,前端开发工程师; 嵌入式软件工程师; 安全工程师,2024-12,2026-07,GEN000817,GEN000872,34,GEN000817; GEN000818; GEN000819; GEN000821; GEN000822; GEN000823; GEN000825; GEN000828; GEN000829; GEN000831; GEN000832; GEN000834; GEN000835; GEN000837; GEN000838; GEN000840; GEN000841; GEN000844; GEN000845; GEN000850; GEN000852; GEN000854; GEN000855; GEN000856; GEN000861; GEN000862; GEN000866; GEN000867; GEN000871; GEN000872; GEN001185; GEN001186; GEN001770; GEN001779,34,base_event_stream,2026-07-28T09:24:54+00:00
Hadoop,数据工程,traditional,AI安全; 算法; 软件研发; 数据; 安全,AI安全工程师; 推荐算法工程师; 广告算法工程师; 风控算法工程师; 数据挖掘算法工程师; 后端开发工程师; Python开发工程师; 软件开发工程师; 数据开发工程师; 数据仓库工程师; 数据平台工程师; 数据分析师; 数据工程师; 信息安全工程师,2024-12,2026-07,GEN000583,GEN001760,168,GEN000231; GEN000518; GEN000555; GEN000583; GEN000586; GEN000587; GEN000588; GEN000589; GEN000590; GEN000592; GEN000593; GEN000596; GEN000597; GEN000600; GEN000601; GEN000602; GEN000607; GEN000608; GEN000611; GEN000614; GEN000615; GEN000616; GEN000617; GEN000619; GEN000621; GEN000622; GEN000625; GEN000626; GEN000627; GEN000629; GEN000631; GEN000633; GEN000634; GEN000636; GEN000637; GEN000638; GEN000639; GEN000641; GEN000644; GEN000646; GEN000648; GEN000649; GEN000669; GEN000671; GEN000672; GEN000674; GEN000676; GEN000678; GEN000680; GEN000799; GEN000997; GEN000998; GEN001301; GEN001302; GEN001303; GEN001304; GEN001307; GEN001309; GEN001310; GEN001312; GEN001315; GEN001317; GEN001318; GEN001322; GEN001323; GEN001324; GEN001325; GEN001330; GEN001332; GEN001334; GEN001335; GEN001337; GEN001338; GEN001340; GEN001343; GEN001344; GEN001346; GEN001347; GEN001349; GEN001351; GEN001352; GEN001353; GEN001356; GEN001358; GEN001359; GEN001361; GEN001363; GEN001364; GEN001365; GEN001367; GEN001370; GEN001371; GEN001373; GEN001375; GEN001377; GEN001378; GEN001379; GEN001380; GEN001381; GEN001382; GEN001383; GEN001384; GEN001385; GEN001386; GEN001387; GEN001388; GEN001389; GEN001390; GEN001391; GEN001392; GEN001393; GEN001394; GEN001395; GEN001397; GEN001398; GEN001399; GEN001400; GEN001401; GEN001402; GEN001403; GEN001404; GEN001405; GEN001406; GEN001407; GEN001409; GEN001410; GEN001411; GEN001412; GEN001414; GEN001415; GEN001416; GEN001417; GEN001436; GEN001438; GEN001439; GEN001440; GEN001442; GEN001443; GEN001444; GEN001445; GEN001446; GEN001447; GEN001449; GEN001450; GEN001453; GEN001455; GEN001457; GEN001460; GEN001462; GEN001465; GEN001469; GEN001470; GEN001471; GEN001472; GEN001473; GEN001474; GEN001476; GEN001477; GEN001478; GEN001479; GEN001480; GEN001481; GEN001482; GEN001483; GEN001486; GEN001732; GEN001741; GEN001760,168,base_event_stream,2026-07-28T09:24:54+00:00
Hive,数据工程,traditional,算法; AI算法; 软件研发; 数据; 安全,广告算法工程师; 风控算法工程师; 机器学习算法工程师; 数据挖掘算法工程师; 软件开发工程师; 数据开发工程师; 数据仓库工程师; 数据治理工程师; 数据分析师; 数据工程师; 网络安全工程师; 信息安全工程师,2024-12,2026-07,GEN000584,GEN001759,169,GEN000584; GEN000585; GEN000587; GEN000588; GEN000589; GEN000590; GEN000592; GEN000593; GEN000595; GEN000597; GEN000599; GEN000602; GEN000606; GEN000608; GEN000611; GEN000614; GEN000615; GEN000616; GEN000617; GEN000618; GEN000621; GEN000623; GEN000624; GEN000626; GEN000627; GEN000628; GEN000630; GEN000632; GEN000634; GEN000636; GEN000637; GEN000638; GEN000640; GEN000641; GEN000644; GEN000645; GEN000647; GEN000649; GEN000650; GEN000653; GEN000654; GEN000655; GEN000658; GEN000659; GEN000662; GEN000664; GEN000665; GEN000667; GEN000668; GEN000671; GEN000672; GEN000675; GEN000676; GEN000677; GEN000680; GEN001301; GEN001302; GEN001303; GEN001305; GEN001307; GEN001308; GEN001311; GEN001315; GEN001316; GEN001322; GEN001323; GEN001324; GEN001325; GEN001329; GEN001330; GEN001331; GEN001332; GEN001335; GEN001336; GEN001339; GEN001340; GEN001342; GEN001344; GEN001345; GEN001347; GEN001349; GEN001351; GEN001352; GEN001353; GEN001356; GEN001358; GEN001360; GEN001362; GEN001363; GEN001364; GEN001366; GEN001367; GEN001370; GEN001372; GEN001374; GEN001375; GEN001376; GEN001378; GEN001379; GEN001380; GEN001381; GEN001382; GEN001383; GEN001384; GEN001385; GEN001386; GEN001387; GEN001388; GEN001389; GEN001391; GEN001393; GEN001394; GEN001395; GEN001397; GEN001419; GEN001420; GEN001421; GEN001422; GEN001423; GEN001424; GEN001425; GEN001426; GEN001427; GEN001428; GEN001429; GEN001430; GEN001431; GEN001432; GEN001433; GEN001434; GEN001435; GEN001437; GEN001439; GEN001441; GEN001442; GEN001443; GEN001444; GEN001445; GEN001446; GEN001447; GEN001448; GEN001450; GEN001451; GEN001452; GEN001453; GEN001454; GEN001456; GEN001458; GEN001459; GEN001460; GEN001462; GEN001465; GEN001469; GEN001470; GEN001471; GEN001472; GEN001473; GEN001474; GEN001475; GEN001477; GEN001478; GEN001479; GEN001481; GEN001483; GEN001485; GEN001705; GEN001720; GEN001732; GEN001759,169,base_event_stream,2026-07-28T09:24:54+00:00
IT基础设施,云计算,traditional,软件研发; 测试质量; 基础设施; 硬件,驱动开发工程师; 质量工程师; 运维工程师; 网络工程师; 服务器工程师; 硬件工程师,2024-12,2026-07,GEN001590,GEN001860,87,GEN001231; GEN001234; GEN001239; GEN001590; GEN001597; GEN001640; GEN001641; GEN001643; GEN001648; GEN001650; GEN001652; GEN001654; GEN001655; GEN001658; GEN001659; GEN001662; GEN001663; GEN001665; GEN001667; GEN001669; GEN001672; GEN001674; GEN001676; GEN001678; GEN001796; GEN001797; GEN001799; GEN001800; GEN001801; GEN001802; GEN001804; GEN001805; GEN001807; GEN001808; GEN001809; GEN001820; GEN001821; GEN001822; GEN001823; GEN001824; GEN001825; GEN001826; GEN001827; GEN001828; GEN001829; GEN001832; GEN001833; GEN001834; GEN001835; GEN001836; GEN001837; GEN001839; GEN001840; GEN001841; GEN001842; GEN001844; GEN001845; GEN001846; GEN001847; GEN001850; GEN001851; GEN001852; GEN001853; GEN001856; GEN001857; GEN001858; GEN001860; GEN002269; GEN002271; GEN002273; GEN002274; GEN002276; GEN002277; GEN002279; GEN002282; GEN002283; GEN002285; GEN002286; GEN002287; GEN002288; GEN002289; GEN002292; GEN002295; GEN002298; GEN002300; GEN002301; GEN002302,87,base_event_stream,2026-07-28T09:24:54+00:00
Java,编程语言,traditional,AI算法; AI应用; AI安全; 算法; 软件研发; 数据; 测试质量; 基础设施; 安全; 技术支持; 机器人; 自动驾驶; 多媒体; 通信; 芯片,AI Agent算法工程师; AI Agent应用工程师; AI应用工程师; AI安全工程师; 推荐算法工程师; 搜索算法工程师; 广告算法工程师; 风控算法工程师; 机器学习算法工程师; 数据挖掘算法工程师; 算法工程师; 后端开发工程师; 全栈开发工程师; Java开发工程师; 客户端开发工程师; Android开发工程师; iOS开发工程师; 系统软件工程师; 软件架构师; 软件开发工程师; 数据开发工程师; 数据仓库工程师; 数据平台工程师; 数据分析师; 大模型测试工程师; 测试开发工程师; 质量工程师; 测试工程师; DevOps工程师; 运维工程师; 云计算工程师; 网络安全工程师; 信息安全工程师; 安全工程师; 网络工程师; 数据库工程师; 服务器工程师; 技术支持工程师; 解决方案工程师; 机器人算法工程师; 自动驾驶算法工程师; 图形图像工程师; 通信工程师; 芯片设计工程师; 大模型应用工程师,2024-12,2026-07,GEN000154,web_202607_20260730184035726988_job_05e47dfd,680,GEN000055; GEN000154; GEN000155; GEN000156; GEN000159; GEN000162; GEN000163; GEN000165; GEN000167; GEN000168; GEN000170; GEN000172; GEN000173; GEN000175; GEN000176; GEN000179; GEN000181; GEN000182; GEN000184; GEN000186; GEN000187; GEN000189; GEN000191; GEN000192; GEN000193; GEN000196; GEN000198; GEN000201; GEN000202; GEN000203; GEN000205; GEN000206; GEN000209; GEN000211; GEN000212; GEN000213; GEN000214; GEN000215; GEN000217; GEN000220; GEN000222; GEN000224; GEN000226; GEN000228; GEN000229; GEN000232; GEN000234; GEN000236; GEN000238; GEN000241; GEN000243; GEN000515; GEN000517; GEN000520; GEN000521; GEN000522; GEN000523; GEN000524; GEN000528; GEN000529; GEN000531; GEN000533; GEN000535; GEN000538; GEN000539; GEN000541; GEN000542; GEN000544; GEN000547; GEN000548; GEN000551; GEN000552; GEN000553; GEN000557; GEN000558; GEN000559; GEN000561; GEN000563; GEN000565; GEN000566; GEN000569; GEN000571; GEN000575; GEN000576; GEN000580; GEN000581; GEN000583; GEN000585; GEN000587; GEN000588; GEN000589; GEN000590; GEN000592; GEN000593; GEN000595; GEN000598; GEN000601; GEN000603; GEN000604; GEN000605; GEN000607; GEN000609; GEN000610; GEN000612; GEN000614; GEN000615; GEN000616; GEN000617; GEN000618; GEN000620; GEN000623; GEN000624; GEN000626; GEN000627; GEN000628; GEN000631; GEN000632; GEN000635; GEN000636; GEN000637; GEN000638; GEN000639; GEN000642; GEN000643; GEN000645; GEN000647; GEN000649; GEN000651; GEN000652; GEN000654; GEN000655; GEN000657; GEN000660; GEN000662; GEN000664; GEN000665; GEN000667; GEN000668; GEN000671; GEN000672; GEN000673; GEN000674; GEN000675; GEN000678; GEN000680; GEN000720; GEN000721; GEN000723; GEN000724; GEN000726; GEN000727; GEN000730; GEN000734; GEN000735; GEN000736; GEN000739; GEN000741; GEN000742; GEN000746; GEN000748; GEN000750; GEN000752; GEN000755; GEN000756; GEN000757; GEN000761; GEN000763; GEN000765; GEN000766; GEN000769; GEN000770; GEN000773; GEN000777; GEN000778; GEN000780; GEN000781; GEN000782; GEN000783; GEN000784; GEN000785; GEN000786; GEN000788; GEN000791; GEN000792; GEN000794; GEN000795; GEN000797; GEN000799; GEN000803; GEN000804; GEN000805; GEN000809; GEN000812; GEN000814; GEN000873; GEN000875; GEN000876; GEN000877; GEN000879; GEN000881; GEN000882; GEN000884; GEN000885; GEN000886; GEN000888; GEN000890; GEN000891; GEN000893; GEN000894; GEN000896; GEN000898; GEN000900; GEN000901; GEN000902; GEN000904; GEN000905; GEN000906; GEN000908; GEN000909; GEN000912; GEN000914; GEN000915; GEN000916; GEN000919; GEN000920; GEN000922; GEN000923; GEN000924; GEN000925; GEN000927; GEN000929; GEN000931; GEN000932; GEN000933; GEN000934; GEN001022; GEN001023; GEN001025; GEN001027; GEN001028; GEN001031; GEN001032; GEN001034; GEN001038; GEN001040; GEN001042; GEN001043; GEN001046; GEN001047; GEN001050; GEN001052; GEN001054; GEN001056; GEN001058; GEN001060; GEN001061; GEN001063; GEN001065; GEN001068; GEN001069; GEN001072; GEN001073; GEN001075; GEN001077; GEN001078; GEN001080; GEN001082; GEN001084; GEN001085; GEN001087; GEN001089; GEN001091; GEN001092; GEN001094; GEN001095; GEN001097; GEN001109; GEN001143; GEN001146; GEN001149; GEN001152; GEN001154; GEN001156; GEN001158; GEN001160; GEN001162; GEN001163; GEN001168; GEN001170; GEN001171; GEN001175; GEN001178; GEN001254; GEN001255; GEN001258; GEN001259; GEN001261; GEN001262; GEN001263; GEN001265; GEN001268; GEN001269; GEN001271; GEN001272; GEN001275; GEN001277; GEN001278; GEN001279; GEN001281; GEN001284; GEN001286; GEN001288; GEN001289; GEN001292; GEN001293; GEN001295; GEN001298; GEN001300; GEN001301; GEN001302; GEN001303; GEN001304; GEN001306; GEN001308; GEN001311; GEN001312; GEN001314; GEN001317; GEN001318; GEN001322; GEN001323; GEN001324; GEN001325; GEN001329; GEN001330; GEN001331; GEN001333; GEN001335; GEN001338; GEN001341; GEN001342; GEN001344; GEN001345; GEN001347; GEN001349; GEN001351; GEN001352; GEN001353; GEN001355; GEN001357; GEN001360; GEN001361; GEN001363; GEN001364; GEN001365; GEN001368; GEN001369; GEN001372; GEN001374; GEN001375; GEN001376; GEN001378; GEN001379; GEN001380; GEN001382; GEN001383; GEN001384; GEN001385; GEN001386; GEN001387; GEN001388; GEN001390; GEN001391; GEN001393; GEN001394; GEN001395; GEN001397; GEN001398; GEN001399; GEN001400; GEN001401; GEN001402; GEN001403; GEN001404; GEN001405; GEN001406; GEN001407; GEN001408; GEN001409; GEN001410; GEN001411; GEN001412; GEN001413; GEN001415; GEN001416; GEN001417; GEN001451; GEN001461; GEN001487; GEN001489; GEN001491; GEN001492; GEN001493; GEN001495; GEN001497; GEN001499; GEN001501; GEN001502; GEN001505; GEN001506; GEN001508; GEN001510; GEN001511; GEN001514; GEN001515; GEN001519; GEN001520; GEN001521; GEN001523; GEN001528; GEN001530; GEN001533; GEN001534; GEN001535; GEN001538; GEN001540; GEN001543; GEN001544; GEN001546; GEN001548; GEN001551; GEN001553; GEN001554; GEN001556; GEN001558; GEN001559; GEN001561; GEN001563; GEN001564; GEN001566; GEN001568; GEN001570; GEN001571; GEN001575; GEN001576; GEN001578; GEN001579; GEN001580; GEN001585; GEN001587; GEN001589; GEN001590; GEN001591; GEN001592; GEN001593; GEN001594; GEN001595; GEN001596; GEN001597; GEN001600; GEN001602; GEN001603; GEN001604; GEN001606; GEN001609; GEN001610; GEN001613; GEN001615; GEN001616; GEN001617; GEN001619; GEN001624; GEN001625; GEN001640; GEN001641; GEN001643; GEN001647; GEN001650; GEN001652; GEN001654; GEN001656; GEN001658; GEN001660; GEN001661; GEN001663; GEN001665; GEN001666; GEN001669; GEN001670; GEN001673; GEN001674; GEN001676; GEN001678; GEN001679; GEN001681; GEN001683; GEN001685; GEN001686; GEN001687; GEN001688; GEN001689; GEN001691; GEN001693; GEN001694; GEN001696; GEN001697; GEN001699; GEN001701; GEN001703; GEN001704; GEN001705; GEN001706; GEN001707; GEN001708; GEN001710; GEN001711; GEN001712; GEN001713; GEN001716; GEN001718; GEN001719; GEN001721; GEN001722; GEN001723; GEN001724; GEN001725; GEN001726; GEN001728; GEN001729; GEN001730; GEN001731; GEN001732; GEN001733; GEN001735; GEN001736; GEN001737; GEN001738; GEN001740; GEN001741; GEN001742; GEN001744; GEN001745; GEN001746; GEN001747; GEN001748; GEN001749; GEN001750; GEN001753; GEN001754; GEN001755; GEN001756; GEN001757; GEN001758; GEN001759; GEN001761; GEN001762; GEN001763; GEN001765; GEN001768; GEN001771; GEN001772; GEN001773; GEN001775; GEN001776; GEN001777; GEN001778; GEN001779; GEN001780; GEN001781; GEN001783; GEN001784; GEN001785; GEN001786; GEN001787; GEN001788; GEN001790; GEN001792; GEN001793; GEN001794; GEN001795; GEN001800; GEN001806; GEN001815; GEN001837; GEN001847; GEN001855; GEN001861; GEN001864; GEN001865; GEN001867; GEN001868; GEN001871; GEN001872; GEN001876; GEN001879; GEN001881; GEN001882; GEN001884; GEN001886; GEN001887; GEN001889; GEN001890; GEN001891; GEN001892; GEN001893; GEN001895; GEN001896; GEN001897; GEN001906; GEN001912; GEN001915; GEN001921; GEN001942; GEN001943; GEN001944; GEN001945; GEN001946; GEN001947; GEN001948; GEN001949; GEN001951; GEN001952; GEN001953; GEN001954; GEN001955; GEN001957; GEN001958; GEN001990; GEN002030; GEN002031; GEN002032; GEN002033; GEN002034; GEN002035; GEN002036; GEN002037; GEN002038; GEN002039; GEN002040; GEN002041; GEN002043; GEN002044; GEN002045; GEN002046; GEN002047; GEN002048; GEN002049; GEN002050; GEN002052; GEN002053; GEN002054; GEN002074; GEN002076; GEN002083; GEN002084; GEN002089; GEN002091; GEN002092; GEN002094; GEN002095; GEN002097; GEN002100; GEN002101; GEN002104; GEN002107; GEN002110; GEN002114; GEN002116; GEN002119; GEN002122; GEN002125; GEN002126; GEN002127; GEN002132; GEN002133; GEN002135; GEN002137; web_202607_20260730182901742050_job_623c31d9; web_202607_20260730183017711285_job_16a9e0a5; web_202607_20260730184035726988_job_05e47dfd,680,base_event_stream; web_app_review,2026-07-30T10:41:03+00:00
JavaScript,编程语言,traditional,AI应用; 软件研发; 测试质量; 基础设施; 技术支持,AI应用工程师; 前端开发工程师; 全栈开发工程师; Android开发工程师; 测试开发工程师; 网络工程师; 解决方案工程师,2024-12,2026-07,GEN000817,GEN001588,96,GEN000191; GEN000195; GEN000197; GEN000199; GEN000204; GEN000206; GEN000209; GEN000211; GEN000213; GEN000216; GEN000219; GEN000221; GEN000223; GEN000817; GEN000818; GEN000819; GEN000820; GEN000822; GEN000824; GEN000826; GEN000828; GEN000829; GEN000831; GEN000832; GEN000835; GEN000836; GEN000837; GEN000838; GEN000840; GEN000841; GEN000844; GEN000849; GEN000851; GEN000852; GEN000855; GEN000856; GEN000860; GEN000862; GEN000864; GEN000865; GEN000866; GEN000867; GEN000869; GEN000871; GEN000872; GEN000874; GEN000875; GEN000876; GEN000877; GEN000878; GEN000880; GEN000882; GEN000883; GEN000884; GEN000885; GEN000886; GEN000887; GEN000890; GEN000891; GEN000893; GEN000894; GEN000895; GEN000898; GEN000899; GEN001080; GEN001532; GEN001534; GEN001535; GEN001540; GEN001541; GEN001544; GEN001545; GEN001547; GEN001551; GEN001553; GEN001557; GEN001558; GEN001559; GEN001560; GEN001565; GEN001567; GEN001569; GEN001572; GEN001573; GEN001576; GEN001578; GEN001580; GEN001582; GEN001583; GEN001587; GEN001588; GEN001804; GEN001805; GEN001901; GEN001911; GEN001913,96,base_event_stream,2026-07-28T09:24:54+00:00
Kafka,数据工程,traditional,AI算法; 软件研发; 数据; 基础设施; 安全; 技术支持,语音算法工程师; 后端开发工程师; 全栈开发工程师; 软件开发工程师; 数据开发工程师; 数据仓库工程师; 数据平台工程师; 数据工程师; 运维工程师; 安全工程师; 网络工程师; 解决方案工程师,2024-12,2026-07,GEN000779,GEN001677,131,GEN000489; GEN000504; GEN000779; GEN000781; GEN000782; GEN000783; GEN000784; GEN000785; GEN000787; GEN000789; GEN000790; GEN000792; GEN000795; GEN000796; GEN000797; GEN000800; GEN000803; GEN000804; GEN000806; GEN000807; GEN000808; GEN000811; GEN000813; GEN000816; GEN000873; GEN000880; GEN001301; GEN001302; GEN001303; GEN001305; GEN001306; GEN001308; GEN001310; GEN001314; GEN001315; GEN001317; GEN001319; GEN001320; GEN001323; GEN001325; GEN001327; GEN001328; GEN001329; GEN001333; GEN001335; GEN001337; GEN001338; GEN001340; GEN001343; GEN001344; GEN001345; GEN001346; GEN001348; GEN001349; GEN001351; GEN001352; GEN001354; GEN001356; GEN001358; GEN001360; GEN001362; GEN001363; GEN001364; GEN001366; GEN001368; GEN001369; GEN001371; GEN001374; GEN001375; GEN001376; GEN001378; GEN001379; GEN001380; GEN001381; GEN001382; GEN001383; GEN001384; GEN001385; GEN001386; GEN001387; GEN001388; GEN001390; GEN001391; GEN001392; GEN001394; GEN001395; GEN001396; GEN001398; GEN001399; GEN001400; GEN001401; GEN001402; GEN001403; GEN001404; GEN001405; GEN001406; GEN001407; GEN001408; GEN001410; GEN001411; GEN001412; GEN001413; GEN001414; GEN001415; GEN001416; GEN001417; GEN001418; GEN001475; GEN001639; GEN001642; GEN001644; GEN001647; GEN001649; GEN001652; GEN001654; GEN001656; GEN001657; GEN001660; GEN001661; GEN001663; GEN001664; GEN001667; GEN001668; GEN001671; GEN001675; GEN001676; GEN001677; GEN001790; GEN001793; GEN001805; GEN001903,131,base_event_stream,2026-07-28T09:24:54+00:00
Kotlin,编程语言,traditional,软件研发,客户端开发工程师; Android开发工程师; iOS开发工程师,2024-12,2026-07,GEN001021,GEN001076,42,GEN001021; GEN001022; GEN001024; GEN001025; GEN001027; GEN001028; GEN001032; GEN001033; GEN001034; GEN001036; GEN001037; GEN001040; GEN001041; GEN001044; GEN001045; GEN001050; GEN001052; GEN001055; GEN001056; GEN001060; GEN001062; GEN001064; GEN001067; GEN001068; GEN001071; GEN001072; GEN001073; GEN001076; GEN001077; GEN001079; GEN001080; GEN001082; GEN001083; GEN001085; GEN001088; GEN001089; GEN001091; GEN001093; GEN001094; GEN001096; GEN001111; GEN001137,42,base_event_stream,2026-07-28T09:24:54+00:00
Kubernetes,系统与运维,traditional,AI基础设施; AI算法; 软件研发; 数据; 基础设施; 安全; 技术支持; 自动驾驶,AI Infra工程师; 机器学习算法工程师; Python开发工程师; 软件开发工程师; 数据仓库工程师; 运维工程师; 云计算工程师; 安全工程师; 网络工程师; 服务器工程师; 技术支持工程师; 解决方案工程师; 自动驾驶算法工程师,2024-12,2026-07,GEN000650,GEN002005,123,GEN000293; GEN000650; GEN000653; GEN000654; GEN000655; GEN000658; GEN000660; GEN000662; GEN000663; GEN000666; GEN000667; GEN000981; GEN000984; GEN001301; GEN001302; GEN001303; GEN001305; GEN001306; GEN001309; GEN001310; GEN001311; GEN001313; GEN001314; GEN001316; GEN001320; GEN001321; GEN001326; GEN001327; GEN001328; GEN001334; GEN001335; GEN001336; GEN001338; GEN001340; GEN001342; GEN001344; GEN001391; GEN001639; GEN001642; GEN001643; GEN001644; GEN001646; GEN001649; GEN001651; GEN001653; GEN001655; GEN001657; GEN001660; GEN001661; GEN001663; GEN001665; GEN001666; GEN001668; GEN001669; GEN001672; GEN001673; GEN001675; GEN001676; GEN001678; GEN001679; GEN001681; GEN001682; GEN001684; GEN001685; GEN001686; GEN001687; GEN001688; GEN001689; GEN001691; GEN001692; GEN001694; GEN001696; GEN001697; GEN001699; GEN001762; GEN001766; GEN001796; GEN001797; GEN001798; GEN001800; GEN001801; GEN001802; GEN001803; GEN001806; GEN001807; GEN001808; GEN001809; GEN001824; GEN001838; GEN001846; GEN001894; GEN001895; GEN001898; GEN001901; GEN001905; GEN001906; GEN001908; GEN001911; GEN001973; GEN001974; GEN001975; GEN001976; GEN001978; GEN001979; GEN001980; GEN001981; GEN001982; GEN001983; GEN001984; GEN001985; GEN001987; GEN001988; GEN001990; GEN001992; GEN001993; GEN001995; GEN001997; GEN001998; GEN002000; GEN002002; GEN002003; GEN002004; GEN002005,123,base_event_stream,2026-07-28T09:24:54+00:00
LLM,大模型,new,AI算法; AI应用; AI安全; 软件研发; 测试质量; 技术支持; 产品,大模型算法工程师; AI Agent算法工程师; 大模型应用工程师; AI Agent应用工程师; AI安全工程师; AIGC算法工程师; 多模态算法工程师; NLP算法工程师; 后端开发工程师; 前端开发工程师; 软件架构师; 测试开发工程师; 解决方案工程师; AI产品经理,2024-12,2026-07,GEN000001,GEN002335,259,GEN000001; GEN000002; GEN000003; GEN000004; GEN000005; GEN000006; GEN000009; GEN000010; GEN000012; GEN000015; GEN000016; GEN000018; GEN000020; GEN000022; GEN000023; GEN000026; GEN000027; GEN000030; GEN000032; GEN000033; GEN000034; GEN000037; GEN000038; GEN000039; GEN000040; GEN000043; GEN000046; GEN000048; GEN000050; GEN000057; GEN000058; GEN000059; GEN000061; GEN000062; GEN000066; GEN000067; GEN000069; GEN000070; GEN000072; GEN000073; GEN000075; GEN000076; GEN000079; GEN000080; GEN000081; GEN000084; GEN000085; GEN000086; GEN000089; GEN000090; GEN000092; GEN000093; GEN000095; GEN000096; GEN000099; GEN000100; GEN000101; GEN000102; GEN000103; GEN000105; GEN000106; GEN000108; GEN000109; GEN000110; GEN000111; GEN000114; GEN000115; GEN000116; GEN000117; GEN000119; GEN000121; GEN000122; GEN000123; GEN000124; GEN000125; GEN000126; GEN000128; GEN000129; GEN000131; GEN000134; GEN000135; GEN000138; GEN000140; GEN000143; GEN000145; GEN000146; GEN000147; GEN000149; GEN000150; GEN000151; GEN000156; GEN000159; GEN000160; GEN000161; GEN000164; GEN000165; GEN000166; GEN000169; GEN000170; GEN000172; GEN000174; GEN000175; GEN000177; GEN000178; GEN000180; GEN000182; GEN000184; GEN000186; GEN000187; GEN000189; GEN000231; GEN000233; GEN000237; GEN000238; GEN000240; GEN000241; GEN000244; GEN000311; GEN000312; GEN000313; GEN000314; GEN000317; GEN000318; GEN000321; GEN000322; GEN000324; GEN000326; GEN000327; GEN000328; GEN000332; GEN000333; GEN000335; GEN000336; GEN000339; GEN000341; GEN000342; GEN000343; GEN000344; GEN000346; GEN000348; GEN000349; GEN000352; GEN000353; GEN000355; GEN000356; GEN000359; GEN000360; GEN000361; GEN000363; GEN000365; GEN000367; GEN000369; GEN000371; GEN000373; GEN000374; GEN000376; GEN000378; GEN000379; GEN000381; GEN000384; GEN000385; GEN000386; GEN000387; GEN000391; GEN000394; GEN000395; GEN000396; GEN000398; GEN000400; GEN000401; GEN000404; GEN000406; GEN000407; GEN000409; GEN000411; GEN000413; GEN000414; GEN000417; GEN000418; GEN000420; GEN000423; GEN000424; GEN000425; GEN000426; GEN000427; GEN000429; GEN000430; GEN000431; GEN000435; GEN000436; GEN000437; GEN000438; GEN000441; GEN000443; GEN000445; GEN000789; GEN000791; GEN000792; GEN000796; GEN000798; GEN000799; GEN000802; GEN000804; GEN000808; GEN000810; GEN000812; GEN000813; GEN000814; GEN000815; GEN000848; GEN001267; GEN001268; GEN001270; GEN001273; GEN001274; GEN001278; GEN001280; GEN001281; GEN001283; GEN001286; GEN001288; GEN001290; GEN001292; GEN001293; GEN001294; GEN001296; GEN001298; GEN001299; GEN001579; GEN001580; GEN001585; GEN001586; GEN001588; GEN001922; GEN001925; GEN001926; GEN001928; GEN001930; GEN001933; GEN001935; GEN001936; GEN001937; GEN001938; GEN001939; GEN001941; GEN002319; GEN002320; GEN002321; GEN002322; GEN002323; GEN002324; GEN002325; GEN002326; GEN002327; GEN002329; GEN002331; GEN002333; GEN002334; GEN002335,259,base_event_stream,2026-07-28T09:24:54+00:00
LangChain,大模型,new,AI应用; 软件研发; 测试质量; 技术支持; 产品,大模型应用工程师; AI Agent应用工程师; 后端开发工程师; 前端开发工程师; 全栈开发工程师; Java开发工程师; 软件架构师; 测试开发工程师; 解决方案工程师; AI产品经理,2025-01,2026-07,GEN000117,GEN002335,105,GEN000117; GEN000118; GEN000120; GEN000121; GEN000122; GEN000123; GEN000124; GEN000125; GEN000126; GEN000128; GEN000130; GEN000132; GEN000134; GEN000136; GEN000137; GEN000140; GEN000141; GEN000143; GEN000145; GEN000147; GEN000150; GEN000152; GEN000155; GEN000157; GEN000159; GEN000160; GEN000162; GEN000163; GEN000165; GEN000167; GEN000169; GEN000170; GEN000173; GEN000174; GEN000175; GEN000177; GEN000179; GEN000181; GEN000183; GEN000184; GEN000186; GEN000188; GEN000189; GEN000783; GEN000855; GEN000879; GEN000881; GEN000882; GEN000885; GEN000886; GEN000887; GEN000890; GEN000891; GEN000892; GEN000894; GEN000896; GEN000898; GEN000900; GEN000928; GEN001263; GEN001264; GEN001266; GEN001267; GEN001269; GEN001272; GEN001274; GEN001276; GEN001280; GEN001281; GEN001283; GEN001285; GEN001288; GEN001289; GEN001291; GEN001292; GEN001295; GEN001297; GEN001299; GEN001556; GEN001922; GEN001923; GEN001925; GEN001927; GEN001928; GEN001931; GEN001933; GEN001934; GEN001936; GEN001937; GEN001938; GEN001939; GEN001941; GEN002319; GEN002321; GEN002322; GEN002323; GEN002324; GEN002325; GEN002326; GEN002327; GEN002329; GEN002331; GEN002333; GEN002334; GEN002335,105,base_event_stream,2026-07-28T09:24:54+00:00
LangGraph,大模型,new,AI算法; AI应用; 软件研发; 测试质量; 产品,AI Agent算法工程师; 大模型应用工程师; AI Agent应用工程师; 全栈开发工程师; 软件架构师; 测试开发工程师; AI产品经理,2025-02,2026-07,GEN000158,GEN001299,47,GEN000063; GEN000122; GEN000158; GEN000160; GEN000162; GEN000164; GEN000165; GEN000166; GEN000169; GEN000170; GEN000172; GEN000174; GEN000175; GEN000177; GEN000179; GEN000180; GEN000182; GEN000183; GEN000185; GEN000188; GEN000189; GEN000887; GEN000890; GEN000891; GEN000893; GEN000895; GEN000896; GEN000897; GEN000900; GEN001265; GEN001267; GEN001269; GEN001273; GEN001274; GEN001278; GEN001280; GEN001281; GEN001283; GEN001286; GEN001288; GEN001289; GEN001291; GEN001294; GEN001298; GEN001299; GEN001584; GEN002328,47,base_event_stream,2026-07-28T09:24:54+00:00
Linux,系统与运维,traditional,AI应用; AI基础设施; AI算法; 算法; 软件研发; 数据; 测试质量; 基础设施; 安全; 技术支持; 自动驾驶; 芯片; 硬件,AI Agent应用工程师; AI Infra工程师; AIGC算法工程师; 语音算法工程师; 推荐算法工程师; 搜索算法工程师; 广告算法工程师; 机器学习算法工程师; 算法研究员; 算法工程师; 后端开发工程师; Java开发工程师; C++开发工程师; Python开发工程师; Go开发工程师; iOS开发工程师; 系统软件工程师; 嵌入式软件工程师; 驱动开发工程师; 软件开发工程师; 数据平台工程师; 数据分析师; 测试开发工程师; 质量工程师; 测试工程师; DevOps工程师; 运维工程师; 云计算工程师; 安全工程师; 数据库工程师; 技术支持工程师; 解决方案工程师; 自动驾驶算法工程师; 芯片验证工程师; 硬件工程师,2024-12,2026-07,GEN000154,GEN002175,578,GEN000154; GEN000245; GEN000247; GEN000248; GEN000252; GEN000253; GEN000254; GEN000255; GEN000258; GEN000260; GEN000261; GEN000263; GEN000264; GEN000267; GEN000268; GEN000270; GEN000272; GEN000274; GEN000275; GEN000278; GEN000279; GEN000280; GEN000281; GEN000284; GEN000285; GEN000287; GEN000291; GEN000294; GEN000296; GEN000300; GEN000303; GEN000306; GEN000308; GEN000309; GEN000311; GEN000312; GEN000313; GEN000315; GEN000316; GEN000319; GEN000321; GEN000324; GEN000329; GEN000330; GEN000333; GEN000336; GEN000338; GEN000340; GEN000342; GEN000343; GEN000344; GEN000475; GEN000477; GEN000478; GEN000480; GEN000481; GEN000482; GEN000483; GEN000485; GEN000486; GEN000488; GEN000490; GEN000493; GEN000495; GEN000497; GEN000499; GEN000502; GEN000503; GEN000505; GEN000507; GEN000509; GEN000512; GEN000514; GEN000515; GEN000517; GEN000519; GEN000520; GEN000522; GEN000523; GEN000526; GEN000528; GEN000530; GEN000531; GEN000533; GEN000535; GEN000536; GEN000540; GEN000541; GEN000543; GEN000544; GEN000545; GEN000546; GEN000547; GEN000550; GEN000551; GEN000553; GEN000555; GEN000556; GEN000557; GEN000559; GEN000561; GEN000564; GEN000566; GEN000568; GEN000570; GEN000571; GEN000572; GEN000575; GEN000577; GEN000580; GEN000582; GEN000583; GEN000585; GEN000587; GEN000588; GEN000589; GEN000590; GEN000591; GEN000593; GEN000596; GEN000598; GEN000600; GEN000601; GEN000602; GEN000606; GEN000607; GEN000608; GEN000610; GEN000611; GEN000613; GEN000615; GEN000616; GEN000617; GEN000651; GEN000652; GEN000654; GEN000655; GEN000656; GEN000658; GEN000660; GEN000661; GEN000664; GEN000666; GEN000667; GEN000712; GEN000720; GEN000721; GEN000723; GEN000724; GEN000725; GEN000727; GEN000730; GEN000732; GEN000737; GEN000739; GEN000741; GEN000742; GEN000747; GEN000748; GEN000751; GEN000752; GEN000753; GEN000754; GEN000759; GEN000762; GEN000763; GEN000764; GEN000766; GEN000770; GEN000774; GEN000776; GEN000778; GEN000780; GEN000781; GEN000782; GEN000783; GEN000784; GEN000785; GEN000787; GEN000789; GEN000791; GEN000793; GEN000794; GEN000795; GEN000797; GEN000800; GEN000801; GEN000804; GEN000805; GEN000808; GEN000809; GEN000810; GEN000813; GEN000814; GEN000816; GEN000901; GEN000902; GEN000904; GEN000905; GEN000906; GEN000908; GEN000910; GEN000912; GEN000914; GEN000916; GEN000918; GEN000920; GEN000923; GEN000924; GEN000926; GEN000929; GEN000931; GEN000932; GEN000933; GEN000934; GEN000935; GEN000936; GEN000937; GEN000938; GEN000939; GEN000941; GEN000943; GEN000944; GEN000946; GEN000948; GEN000949; GEN000950; GEN000951; GEN000952; GEN000953; GEN000954; GEN000955; GEN000956; GEN000958; GEN000960; GEN000961; GEN000963; GEN000964; GEN000966; GEN000967; GEN000968; GEN000969; GEN000970; GEN000971; GEN000972; GEN000973; GEN000974; GEN000975; GEN000976; GEN000977; GEN000980; GEN000982; GEN000983; GEN000984; GEN000986; GEN000987; GEN000988; GEN000989; GEN000990; GEN000991; GEN000992; GEN000993; GEN000994; GEN000995; GEN000996; GEN000997; GEN000998; GEN001000; GEN001001; GEN001002; GEN001003; GEN001004; GEN001005; GEN001006; GEN001007; GEN001009; GEN001010; GEN001011; GEN001012; GEN001013; GEN001014; GEN001015; GEN001016; GEN001017; GEN001018; GEN001019; GEN001020; GEN001106; GEN001118; GEN001138; GEN001141; GEN001142; GEN001144; GEN001145; GEN001147; GEN001152; GEN001153; GEN001155; GEN001158; GEN001160; GEN001162; GEN001163; GEN001164; GEN001166; GEN001167; GEN001171; GEN001172; GEN001173; GEN001176; GEN001178; GEN001180; GEN001181; GEN001182; GEN001183; GEN001185; GEN001186; GEN001187; GEN001189; GEN001190; GEN001191; GEN001192; GEN001194; GEN001196; GEN001197; GEN001198; GEN001199; GEN001200; GEN001202; GEN001204; GEN001205; GEN001208; GEN001209; GEN001210; GEN001211; GEN001213; GEN001214; GEN001215; GEN001216; GEN001217; GEN001218; GEN001219; GEN001220; GEN001221; GEN001223; GEN001224; GEN001225; GEN001226; GEN001228; GEN001229; GEN001230; GEN001231; GEN001232; GEN001233; GEN001234; GEN001235; GEN001236; GEN001237; GEN001238; GEN001240; GEN001241; GEN001242; GEN001243; GEN001248; GEN001249; GEN001250; GEN001252; GEN001301; GEN001302; GEN001303; GEN001304; GEN001306; GEN001309; GEN001312; GEN001313; GEN001314; GEN001317; GEN001319; GEN001320; GEN001323; GEN001326; GEN001327; GEN001328; GEN001334; GEN001336; GEN001337; GEN001338; GEN001341; GEN001343; GEN001344; GEN001418; GEN001440; GEN001448; GEN001468; GEN001531; GEN001534; GEN001536; GEN001538; GEN001541; GEN001542; GEN001545; GEN001547; GEN001551; GEN001553; GEN001555; GEN001556; GEN001560; GEN001562; GEN001565; GEN001567; GEN001569; GEN001571; GEN001575; GEN001578; GEN001580; GEN001581; GEN001585; GEN001586; GEN001588; GEN001592; GEN001593; GEN001594; GEN001595; GEN001603; GEN001604; GEN001607; GEN001609; GEN001611; GEN001612; GEN001614; GEN001616; GEN001619; GEN001621; GEN001624; GEN001627; GEN001639; GEN001641; GEN001643; GEN001647; GEN001648; GEN001650; GEN001652; GEN001653; GEN001655; GEN001657; GEN001659; GEN001662; GEN001663; GEN001665; GEN001666; GEN001669; GEN001670; GEN001673; GEN001674; GEN001676; GEN001678; GEN001679; GEN001680; GEN001683; GEN001684; GEN001686; GEN001687; GEN001688; GEN001689; GEN001690; GEN001692; GEN001694; GEN001696; GEN001697; GEN001700; GEN001775; GEN001790; GEN001794; GEN001810; GEN001811; GEN001813; GEN001814; GEN001816; GEN001818; GEN001819; GEN001861; GEN001863; GEN001867; GEN001868; GEN001869; GEN001870; GEN001871; GEN001875; GEN001876; GEN001877; GEN001880; GEN001882; GEN001884; GEN001886; GEN001887; GEN001888; GEN001890; GEN001891; GEN001892; GEN001893; GEN001894; GEN001896; GEN001897; GEN001898; GEN001908; GEN001911; GEN001974; GEN001975; GEN001976; GEN001978; GEN001979; GEN001981; GEN001982; GEN001983; GEN001984; GEN001985; GEN001987; GEN001988; GEN001989; GEN001990; GEN001991; GEN001993; GEN001996; GEN001997; GEN001998; GEN001999; GEN002000; GEN002001; GEN002002; GEN002003; GEN002004; GEN002006; GEN002138; GEN002141; GEN002142; GEN002144; GEN002145; GEN002146; GEN002147; GEN002148; GEN002149; GEN002151; GEN002153; GEN002154; GEN002155; GEN002156; GEN002158; GEN002161; GEN002163; GEN002164; GEN002165; GEN002166; GEN002167; GEN002168; GEN002169; GEN002170; GEN002172; GEN002173; GEN002174; GEN002175; GEN002268; GEN002270; GEN002272; GEN002275; GEN002276; GEN002278; GEN002279; GEN002282; GEN002283; GEN002286; GEN002287; GEN002288; GEN002291; GEN002292; GEN002293; GEN002295; GEN002298; GEN002301; GEN002302,578,base_event_stream,2026-07-28T09:24:54+00:00
LoRA微调,大模型,new,AI算法; AI应用; 软件研发; 测试质量; 技术支持; 产品,大模型算法工程师; AI Agent算法工程师; 大模型应用工程师; NLP算法工程师; 后端开发工程师; 测试开发工程师; 解决方案工程师; AI产品经理,2024-12,2026-07,GEN000001,GEN002335,112,GEN000001; GEN000003; GEN000004; GEN000005; GEN000006; GEN000008; GEN000010; GEN000012; GEN000014; GEN000016; GEN000018; GEN000019; GEN000023; GEN000024; GEN000027; GEN000028; GEN000031; GEN000032; GEN000033; GEN000035; GEN000036; GEN000038; GEN000041; GEN000044; GEN000046; GEN000047; GEN000048; GEN000049; GEN000059; GEN000115; GEN000116; GEN000118; GEN000119; GEN000121; GEN000122; GEN000123; GEN000124; GEN000125; GEN000126; GEN000128; GEN000130; GEN000131; GEN000134; GEN000136; GEN000138; GEN000139; GEN000141; GEN000143; GEN000144; GEN000147; GEN000150; GEN000395; GEN000396; GEN000397; GEN000400; GEN000401; GEN000404; GEN000405; GEN000406; GEN000408; GEN000409; GEN000410; GEN000414; GEN000415; GEN000416; GEN000417; GEN000419; GEN000421; GEN000422; GEN000424; GEN000425; GEN000428; GEN000429; GEN000430; GEN000434; GEN000439; GEN000440; GEN000442; GEN000443; GEN000445; GEN000786; GEN001574; GEN001916; GEN001917; GEN001919; GEN001923; GEN001925; GEN001926; GEN001929; GEN001930; GEN001933; GEN001935; GEN001936; GEN001937; GEN001938; GEN001939; GEN001940; GEN002317; GEN002318; GEN002320; GEN002321; GEN002322; GEN002323; GEN002324; GEN002325; GEN002326; GEN002328; GEN002329; GEN002331; GEN002333; GEN002334; GEN002335,112,base_event_stream,2026-07-28T09:24:54+00:00
Lua,编程语言,traditional,软件研发; 基础设施,客户端开发工程师; 运维工程师,2024-12,2026-07,GEN001023,GEN001076,23,GEN001023; GEN001025; GEN001026; GEN001030; GEN001033; GEN001035; GEN001037; GEN001040; GEN001043; GEN001045; GEN001048; GEN001051; GEN001055; GEN001056; GEN001059; GEN001063; GEN001065; GEN001066; GEN001069; GEN001072; GEN001073; GEN001076; GEN001673,23,base_event_stream,2026-07-28T09:24:54+00:00
MCP,大模型,new,AI应用; 软件研发; 测试质量; 基础设施; 技术支持; 产品,大模型应用工程师; AI Agent应用工程师; 后端开发工程师; 全栈开发工程师; 软件架构师; 测试开发工程师; DevOps工程师; 解决方案工程师; AI产品经理,2025-04,2026-07,GEN000122,GEN001941,78,GEN000122; GEN000123; GEN000124; GEN000125; GEN000126; GEN000128; GEN000130; GEN000132; GEN000133; GEN000136; GEN000138; GEN000139; GEN000143; GEN000144; GEN000145; GEN000148; GEN000150; GEN000152; GEN000163; GEN000164; GEN000165; GEN000166; GEN000169; GEN000170; GEN000172; GEN000173; GEN000175; GEN000176; GEN000178; GEN000180; GEN000183; GEN000184; GEN000186; GEN000188; GEN000189; GEN000785; GEN000813; GEN000889; GEN000892; GEN000894; GEN000897; GEN000899; GEN001267; GEN001268; GEN001270; GEN001272; GEN001273; GEN001274; GEN001277; GEN001279; GEN001282; GEN001284; GEN001285; GEN001288; GEN001289; GEN001291; GEN001292; GEN001296; GEN001297; GEN001300; GEN001586; GEN001629; GEN001631; GEN001632; GEN001633; GEN001634; GEN001635; GEN001638; GEN001929; GEN001931; GEN001932; GEN001935; GEN001936; GEN001937; GEN001938; GEN001939; GEN001941; GEN002329,78,base_event_stream,2026-07-28T09:24:54+00:00
Machine Learning,AI,new,AI算法; AI应用; 算法; 软件研发; 数据; 测试质量; 安全; 基础设施; 技术支持; 机器人; 自动驾驶; 芯片,大模型算法工程师; AI Agent算法工程师; AI应用工程师; AIGC算法工程师; 语音算法工程师; 推荐算法工程师; 搜索算法工程师; 广告算法工程师; 风控算法工程师; 机器学习算法工程师; 数据挖掘算法工程师; 算法研究员; 算法工程师; C++开发工程师; Python开发工程师; 驱动开发工程师; 数据分析师; 数据工程师; 大模型测试工程师; 网络安全工程师; 安全工程师; 服务器工程师; 技术支持工程师; 机器人算法工程师; 机器人软件工程师; 自动驾驶算法工程师; 控制算法工程师; 芯片设计工程师,2024-12,2026-07,GEN000001,GEN002137,475,GEN000001; GEN000003; GEN000004; GEN000005; GEN000006; GEN000008; GEN000011; GEN000012; GEN000014; GEN000017; GEN000019; GEN000021; GEN000023; GEN000024; GEN000025; GEN000029; GEN000030; GEN000032; GEN000035; GEN000037; GEN000038; GEN000039; GEN000040; GEN000044; GEN000045; GEN000048; GEN000052; GEN000054; GEN000056; GEN000058; GEN000060; GEN000061; GEN000062; GEN000063; GEN000065; GEN000066; GEN000068; GEN000070; GEN000072; GEN000073; GEN000074; GEN000077; GEN000079; GEN000081; GEN000083; GEN000087; GEN000090; GEN000091; GEN000092; GEN000094; GEN000095; GEN000096; GEN000099; GEN000100; GEN000104; GEN000106; GEN000107; GEN000109; GEN000110; GEN000111; GEN000114; GEN000190; GEN000195; GEN000197; GEN000199; GEN000204; GEN000205; GEN000208; GEN000210; GEN000213; GEN000215; GEN000217; GEN000218; GEN000220; GEN000223; GEN000308; GEN000309; GEN000311; GEN000312; GEN000313; GEN000314; GEN000316; GEN000320; GEN000321; GEN000324; GEN000326; GEN000328; GEN000330; GEN000332; GEN000333; GEN000335; GEN000337; GEN000338; GEN000340; GEN000342; GEN000343; GEN000344; GEN000479; GEN000514; GEN000515; GEN000518; GEN000521; GEN000522; GEN000523; GEN000524; GEN000527; GEN000528; GEN000529; GEN000531; GEN000533; GEN000534; GEN000537; GEN000538; GEN000540; GEN000541; GEN000542; GEN000543; GEN000545; GEN000547; GEN000548; GEN000549; GEN000550; GEN000551; GEN000553; GEN000554; GEN000557; GEN000558; GEN000560; GEN000562; GEN000564; GEN000565; GEN000566; GEN000567; GEN000569; GEN000572; GEN000573; GEN000575; GEN000577; GEN000578; GEN000581; GEN000582; GEN000584; GEN000585; GEN000587; GEN000588; GEN000589; GEN000590; GEN000592; GEN000593; GEN000595; GEN000598; GEN000599; GEN000600; GEN000603; GEN000604; GEN000606; GEN000607; GEN000609; GEN000612; GEN000613; GEN000615; GEN000616; GEN000617; GEN000619; GEN000621; GEN000623; GEN000624; GEN000626; GEN000627; GEN000628; GEN000631; GEN000632; GEN000634; GEN000636; GEN000637; GEN000638; GEN000639; GEN000641; GEN000643; GEN000646; GEN000648; GEN000649; GEN000650; GEN000653; GEN000654; GEN000655; GEN000656; GEN000657; GEN000660; GEN000661; GEN000663; GEN000665; GEN000667; GEN000669; GEN000671; GEN000672; GEN000674; GEN000676; GEN000678; GEN000679; GEN000681; GEN000682; GEN000684; GEN000685; GEN000686; GEN000687; GEN000689; GEN000691; GEN000692; GEN000693; GEN000694; GEN000696; GEN000698; GEN000701; GEN000703; GEN000706; GEN000707; GEN000708; GEN000710; GEN000712; GEN000714; GEN000716; GEN000718; GEN000719; GEN000720; GEN000721; GEN000723; GEN000724; GEN000725; GEN000728; GEN000729; GEN000730; GEN000733; GEN000734; GEN000735; GEN000736; GEN000738; GEN000740; GEN000744; GEN000746; GEN000748; GEN000749; GEN000751; GEN000753; GEN000757; GEN000758; GEN000760; GEN000761; GEN000764; GEN000767; GEN000769; GEN000770; GEN000772; GEN000774; GEN000775; GEN000776; GEN000777; GEN000942; GEN000944; GEN000952; GEN000953; GEN000954; GEN000960; GEN000961; GEN000966; GEN000975; GEN000976; GEN000993; GEN000994; GEN001212; GEN001213; GEN001214; GEN001215; GEN001216; GEN001217; GEN001219; GEN001220; GEN001221; GEN001223; GEN001226; GEN001227; GEN001228; GEN001229; GEN001232; GEN001234; GEN001236; GEN001237; GEN001239; GEN001240; GEN001241; GEN001242; GEN001243; GEN001245; GEN001248; GEN001249; GEN001251; GEN001252; GEN001253; GEN001437; GEN001456; GEN001458; GEN001461; GEN001465; GEN001469; GEN001470; GEN001471; GEN001472; GEN001473; GEN001474; GEN001475; GEN001477; GEN001478; GEN001479; GEN001480; GEN001481; GEN001482; GEN001483; GEN001484; GEN001486; GEN001487; GEN001488; GEN001489; GEN001491; GEN001492; GEN001493; GEN001495; GEN001497; GEN001499; GEN001501; GEN001502; GEN001505; GEN001506; GEN001508; GEN001512; GEN001516; GEN001518; GEN001520; GEN001524; GEN001525; GEN001529; GEN001712; GEN001715; GEN001721; GEN001722; GEN001727; GEN001728; GEN001774; GEN001778; GEN001792; GEN001837; GEN001844; GEN001846; GEN001847; GEN001859; GEN001860; GEN001861; GEN001863; GEN001865; GEN001870; GEN001873; GEN001876; GEN001877; GEN001878; GEN001879; GEN001880; GEN001882; GEN001885; GEN001887; GEN001889; GEN001890; GEN001891; GEN001892; GEN001893; GEN001894; GEN001895; GEN001896; GEN001942; GEN001943; GEN001944; GEN001945; GEN001946; GEN001947; GEN001948; GEN001950; GEN001952; GEN001953; GEN001954; GEN001956; GEN001957; GEN001958; GEN001959; GEN001960; GEN001961; GEN001962; GEN001963; GEN001964; GEN001965; GEN001966; GEN001967; GEN001968; GEN001969; GEN001970; GEN001971; GEN001972; GEN001973; GEN001975; GEN001976; GEN001977; GEN001979; GEN001981; GEN001982; GEN001983; GEN001984; GEN001985; GEN001986; GEN001987; GEN001988; GEN001989; GEN001991; GEN001992; GEN001994; GEN001996; GEN001998; GEN001999; GEN002002; GEN002003; GEN002005; GEN002006; GEN002007; GEN002008; GEN002009; GEN002010; GEN002011; GEN002012; GEN002014; GEN002016; GEN002017; GEN002018; GEN002019; GEN002020; GEN002021; GEN002022; GEN002023; GEN002024; GEN002025; GEN002026; GEN002028; GEN002029; GEN002090; GEN002091; GEN002092; GEN002093; GEN002096; GEN002097; GEN002099; GEN002103; GEN002105; GEN002107; GEN002110; GEN002111; GEN002114; GEN002115; GEN002116; GEN002117; GEN002120; GEN002122; GEN002123; GEN002126; GEN002127; GEN002128; GEN002130; GEN002132; GEN002134; GEN002135; GEN002137,475,base_event_stream,2026-07-28T09:24:54+00:00
Megatron,大模型,new,AI算法; AI基础设施; 软件研发; 基础设施; 技术支持,大模型算法工程师; AI Infra工程师; 多模态算法工程师; NLP算法工程师; 后端开发工程师; 系统软件工程师; DevOps工程师; 云计算工程师; 解决方案工程师,2024-12,2026-07,GEN000001,GEN001700,148,GEN000001; GEN000002; GEN000003; GEN000004; GEN000005; GEN000007; GEN000009; GEN000010; GEN000013; GEN000014; GEN000016; GEN000018; GEN000020; GEN000022; GEN000024; GEN000025; GEN000027; GEN000028; GEN000030; GEN000032; GEN000034; GEN000035; GEN000036; GEN000037; GEN000039; GEN000041; GEN000043; GEN000048; GEN000050; GEN000246; GEN000247; GEN000249; GEN000250; GEN000252; GEN000254; GEN000256; GEN000257; GEN000258; GEN000259; GEN000262; GEN000263; GEN000265; GEN000266; GEN000268; GEN000271; GEN000274; GEN000278; GEN000279; GEN000281; GEN000284; GEN000285; GEN000288; GEN000289; GEN000292; GEN000297; GEN000298; GEN000301; GEN000303; GEN000306; GEN000307; GEN000346; GEN000347; GEN000349; GEN000351; GEN000353; GEN000355; GEN000356; GEN000359; GEN000360; GEN000361; GEN000362; GEN000365; GEN000366; GEN000369; GEN000375; GEN000376; GEN000377; GEN000380; GEN000385; GEN000387; GEN000388; GEN000389; GEN000390; GEN000392; GEN000394; GEN000396; GEN000398; GEN000400; GEN000401; GEN000403; GEN000405; GEN000406; GEN000408; GEN000410; GEN000411; GEN000414; GEN000415; GEN000417; GEN000418; GEN000421; GEN000422; GEN000425; GEN000427; GEN000431; GEN000432; GEN000435; GEN000437; GEN000439; GEN000440; GEN000442; GEN000443; GEN000444; GEN000805; GEN001147; GEN001148; GEN001150; GEN001151; GEN001153; GEN001156; GEN001157; GEN001159; GEN001162; GEN001163; GEN001164; GEN001166; GEN001169; GEN001171; GEN001173; GEN001174; GEN001176; GEN001177; GEN001629; GEN001630; GEN001632; GEN001633; GEN001634; GEN001636; GEN001638; GEN001687; GEN001688; GEN001689; GEN001691; GEN001692; GEN001694; GEN001696; GEN001698; GEN001700; GEN001934,148,base_event_stream,2026-07-28T09:24:54+00:00
MongoDB,数据工程,traditional,软件研发,C++开发工程师; Go开发工程师,2025-05,2025-12,GEN001008,GEN000960,2,GEN000960; GEN001008,2,base_event_stream,2026-07-28T09:24:54+00:00
Multi-Agent,大模型,new,AI算法; AI应用; 软件研发; 测试质量; 产品,AI Agent算法工程师; 大模型应用工程师; AI Agent应用工程师; 软件架构师; 测试开发工程师; AI产品经理,2025-02,2026-07,GEN000059,GEN001299,65,GEN000059; GEN000060; GEN000061; GEN000065; GEN000068; GEN000073; GEN000075; GEN000078; GEN000079; GEN000082; GEN000084; GEN000085; GEN000086; GEN000091; GEN000093; GEN000094; GEN000095; GEN000096; GEN000099; GEN000101; GEN000102; GEN000103; GEN000108; GEN000110; GEN000112; GEN000113; GEN000122; GEN000158; GEN000161; GEN000164; GEN000165; GEN000167; GEN000169; GEN000170; GEN000172; GEN000174; GEN000175; GEN000177; GEN000179; GEN000181; GEN000182; GEN000183; GEN000185; GEN000187; GEN000189; GEN001266; GEN001268; GEN001269; GEN001273; GEN001275; GEN001276; GEN001280; GEN001281; GEN001283; GEN001285; GEN001287; GEN001290; GEN001291; GEN001293; GEN001294; GEN001295; GEN001298; GEN001299; GEN001560; GEN002327,65,base_event_stream,2026-07-28T09:24:54+00:00
Multimodal AI,大模型,new,AI算法; AI应用; 软件研发; 技术支持; 产品,大模型算法工程师; 大模型应用工程师; AI Agent应用工程师; AIGC算法工程师; 多模态算法工程师; 计算机视觉算法工程师; 前端开发工程师; 解决方案工程师; AI产品经理,2025-01,2026-07,GEN000003,GEN002335,104,GEN000003; GEN000004; GEN000005; GEN000006; GEN000008; GEN000011; GEN000013; GEN000014; GEN000017; GEN000019; GEN000022; GEN000024; GEN000025; GEN000028; GEN000032; GEN000035; GEN000036; GEN000037; GEN000040; GEN000041; GEN000044; GEN000047; GEN000124; GEN000166; GEN000311; GEN000312; GEN000313; GEN000315; GEN000316; GEN000318; GEN000320; GEN000321; GEN000322; GEN000325; GEN000328; GEN000331; GEN000334; GEN000335; GEN000336; GEN000337; GEN000338; GEN000340; GEN000342; GEN000343; GEN000344; GEN000346; GEN000348; GEN000350; GEN000352; GEN000353; GEN000355; GEN000357; GEN000358; GEN000359; GEN000362; GEN000363; GEN000364; GEN000366; GEN000369; GEN000372; GEN000374; GEN000375; GEN000377; GEN000379; GEN000381; GEN000382; GEN000384; GEN000385; GEN000386; GEN000389; GEN000391; GEN000394; GEN000452; GEN000453; GEN000454; GEN000455; GEN000456; GEN000458; GEN000459; GEN000460; GEN000462; GEN000464; GEN000465; GEN000466; GEN000467; GEN000469; GEN000470; GEN000472; GEN000473; GEN000474; GEN000851; GEN001935; GEN002321; GEN002322; GEN002323; GEN002324; GEN002325; GEN002326; GEN002328; GEN002330; GEN002332; GEN002333; GEN002334; GEN002335,104,base_event_stream,2026-07-28T09:24:54+00:00
MyBatis,软件开发,traditional,软件研发,Java开发工程师,2024-12,2026-07,GEN000901,GEN000934,21,GEN000901; GEN000903; GEN000904; GEN000905; GEN000906; GEN000908; GEN000909; GEN000911; GEN000913; GEN000914; GEN000916; GEN000919; GEN000920; GEN000923; GEN000925; GEN000926; GEN000928; GEN000930; GEN000932; GEN000933; GEN000934,21,base_event_stream,2026-07-28T09:24:54+00:00
MySQL,数据工程,traditional,AI应用; AI算法; 软件研发; 数据; 测试质量; 安全; 基础设施; 技术支持; 多媒体; 芯片,AI应用工程师; 算法研究员; 后端开发工程师; 全栈开发工程师; Java开发工程师; Python开发工程师; Go开发工程师; 软件架构师; 软件开发工程师; 数据仓库工程师; 测试开发工程师; 信息安全工程师; 安全工程师; 网络工程师; 数据库工程师; 技术支持工程师; 解决方案工程师; 音视频工程师; 芯片测试工程师,2024-12,2026-07,GEN000779,GEN002186,174,GEN000192; GEN000193; GEN000196; GEN000199; GEN000203; GEN000207; GEN000209; GEN000212; GEN000215; GEN000216; GEN000218; GEN000221; GEN000223; GEN000700; GEN000779; GEN000781; GEN000782; GEN000783; GEN000784; GEN000785; GEN000787; GEN000789; GEN000790; GEN000793; GEN000794; GEN000798; GEN000800; GEN000802; GEN000805; GEN000808; GEN000809; GEN000811; GEN000812; GEN000815; GEN000816; GEN000873; GEN000874; GEN000875; GEN000878; GEN000881; GEN000882; GEN000884; GEN000885; GEN000886; GEN000887; GEN000889; GEN000891; GEN000893; GEN000894; GEN000896; GEN000897; GEN000899; GEN000901; GEN000902; GEN000904; GEN000905; GEN000906; GEN000907; GEN000909; GEN000912; GEN000914; GEN000917; GEN000919; GEN000921; GEN000922; GEN000925; GEN000926; GEN000929; GEN000931; GEN000932; GEN000933; GEN000934; GEN000999; GEN001003; GEN001004; GEN001005; GEN001006; GEN001007; GEN001008; GEN001010; GEN001011; GEN001012; GEN001013; GEN001014; GEN001015; GEN001016; GEN001017; GEN001018; GEN001019; GEN001020; GEN001256; GEN001261; GEN001301; GEN001302; GEN001303; GEN001305; GEN001307; GEN001309; GEN001310; GEN001312; GEN001313; GEN001314; GEN001318; GEN001319; GEN001321; GEN001324; GEN001328; GEN001330; GEN001332; GEN001333; GEN001335; GEN001336; GEN001338; GEN001340; GEN001343; GEN001344; GEN001391; GEN001532; GEN001533; GEN001535; GEN001536; GEN001539; GEN001542; GEN001546; GEN001548; GEN001549; GEN001552; GEN001555; GEN001557; GEN001560; GEN001561; GEN001563; GEN001568; GEN001569; GEN001572; GEN001573; GEN001577; GEN001579; GEN001582; GEN001584; GEN001587; GEN001588; GEN001734; GEN001778; GEN001798; GEN001810; GEN001811; GEN001812; GEN001813; GEN001814; GEN001815; GEN001817; GEN001818; GEN001819; GEN001869; GEN001874; GEN001887; GEN001897; GEN001900; GEN001913; GEN002062; GEN002064; GEN002070; GEN002176; GEN002177; GEN002178; GEN002179; GEN002180; GEN002181; GEN002182; GEN002183; GEN002184; GEN002185; GEN002186,174,base_event_stream,2026-07-28T09:24:54+00:00
NLP,大模型,new,AI算法; AI应用; 算法; 软件研发; 数据; 安全; 技术支持; 通信; 芯片,大模型算法工程师; AI Agent算法工程师; AI应用工程师; AIGC算法工程师; 多模态算法工程师; NLP算法工程师; 计算机视觉算法工程师; 语音算法工程师; 推荐算法工程师; 搜索算法工程师; 广告算法工程师; 风控算法工程师; 机器学习算法工程师; 数据挖掘算法工程师; 算法工程师; 客户端开发工程师; Android开发工程师; 驱动开发工程师; 数据平台工程师; 数据工程师; 安全工程师; 技术支持工程师; 通信工程师; 芯片设计工程师,2024-12,2026-07,GEN000002,GEN001896,383,GEN000002; GEN000003; GEN000004; GEN000005; GEN000007; GEN000009; GEN000011; GEN000013; GEN000015; GEN000017; GEN000018; GEN000020; GEN000023; GEN000025; GEN000027; GEN000028; GEN000030; GEN000034; GEN000036; GEN000038; GEN000040; GEN000042; GEN000044; GEN000046; GEN000050; GEN000052; GEN000054; GEN000055; GEN000059; GEN000062; GEN000064; GEN000065; GEN000067; GEN000068; GEN000070; GEN000073; GEN000074; GEN000076; GEN000077; GEN000079; GEN000081; GEN000083; GEN000085; GEN000086; GEN000088; GEN000089; GEN000090; GEN000092; GEN000094; GEN000096; GEN000097; GEN000098; GEN000101; GEN000104; GEN000105; GEN000107; GEN000108; GEN000111; GEN000112; GEN000114; GEN000191; GEN000193; GEN000197; GEN000199; GEN000201; GEN000204; GEN000205; GEN000207; GEN000209; GEN000210; GEN000214; GEN000216; GEN000217; GEN000219; GEN000220; GEN000223; GEN000308; GEN000310; GEN000311; GEN000312; GEN000313; GEN000315; GEN000317; GEN000319; GEN000321; GEN000325; GEN000328; GEN000330; GEN000334; GEN000335; GEN000336; GEN000339; GEN000340; GEN000342; GEN000343; GEN000344; GEN000345; GEN000346; GEN000347; GEN000350; GEN000351; GEN000354; GEN000355; GEN000358; GEN000359; GEN000361; GEN000364; GEN000366; GEN000369; GEN000370; GEN000372; GEN000373; GEN000377; GEN000378; GEN000380; GEN000382; GEN000383; GEN000384; GEN000386; GEN000388; GEN000390; GEN000392; GEN000394; GEN000395; GEN000396; GEN000397; GEN000399; GEN000402; GEN000403; GEN000405; GEN000407; GEN000409; GEN000411; GEN000412; GEN000416; GEN000420; GEN000422; GEN000423; GEN000426; GEN000428; GEN000429; GEN000432; GEN000433; GEN000434; GEN000437; GEN000440; GEN000441; GEN000444; GEN000445; GEN000446; GEN000448; GEN000450; GEN000451; GEN000453; GEN000454; GEN000455; GEN000456; GEN000457; GEN000459; GEN000462; GEN000464; GEN000465; GEN000466; GEN000467; GEN000468; GEN000471; GEN000472; GEN000473; GEN000474; GEN000475; GEN000476; GEN000477; GEN000479; GEN000480; GEN000481; GEN000482; GEN000483; GEN000485; GEN000486; GEN000489; GEN000490; GEN000492; GEN000494; GEN000497; GEN000498; GEN000499; GEN000500; GEN000501; GEN000506; GEN000508; GEN000510; GEN000511; GEN000513; GEN000515; GEN000518; GEN000519; GEN000520; GEN000521; GEN000522; GEN000525; GEN000527; GEN000528; GEN000530; GEN000531; GEN000532; GEN000535; GEN000537; GEN000538; GEN000541; GEN000542; GEN000543; GEN000545; GEN000546; GEN000547; GEN000549; GEN000550; GEN000552; GEN000554; GEN000556; GEN000557; GEN000558; GEN000559; GEN000561; GEN000562; GEN000564; GEN000567; GEN000569; GEN000571; GEN000572; GEN000573; GEN000574; GEN000576; GEN000579; GEN000581; GEN000583; GEN000586; GEN000587; GEN000588; GEN000589; GEN000590; GEN000592; GEN000594; GEN000596; GEN000598; GEN000599; GEN000602; GEN000604; GEN000605; GEN000606; GEN000608; GEN000612; GEN000613; GEN000615; GEN000616; GEN000617; GEN000618; GEN000619; GEN000620; GEN000623; GEN000625; GEN000626; GEN000627; GEN000629; GEN000631; GEN000633; GEN000635; GEN000636; GEN000637; GEN000638; GEN000639; GEN000642; GEN000643; GEN000645; GEN000648; GEN000649; GEN000651; GEN000652; GEN000654; GEN000655; GEN000656; GEN000660; GEN000662; GEN000663; GEN000665; GEN000667; GEN000668; GEN000670; GEN000672; GEN000675; GEN000676; GEN000677; GEN000680; GEN000720; GEN000721; GEN000722; GEN000724; GEN000726; GEN000727; GEN000729; GEN000731; GEN000732; GEN000733; GEN000735; GEN000737; GEN000738; GEN000739; GEN000741; GEN000742; GEN000746; GEN000747; GEN000750; GEN000751; GEN000752; GEN000754; GEN000756; GEN000758; GEN000760; GEN000762; GEN000763; GEN000764; GEN000765; GEN000769; GEN000771; GEN000773; GEN000774; GEN000775; GEN000777; GEN000778; GEN001049; GEN001097; GEN001229; GEN001235; GEN001236; GEN001237; GEN001241; GEN001244; GEN001247; GEN001417; GEN001470; GEN001471; GEN001472; GEN001473; GEN001474; GEN001476; GEN001477; GEN001478; GEN001479; GEN001480; GEN001481; GEN001484; GEN001485; GEN001486; GEN001768; GEN001786; GEN001793; GEN001863; GEN001864; GEN001865; GEN001866; GEN001867; GEN001868; GEN001872; GEN001874; GEN001875; GEN001876; GEN001879; GEN001880; GEN001881; GEN001882; GEN001883; GEN001885; GEN001887; GEN001889; GEN001890; GEN001891; GEN001892; GEN001893; GEN001895; GEN001896; GEN002071; GEN002072; GEN002073; GEN002113,383,base_event_stream,2026-07-28T09:24:54+00:00
NoSQL,数据工程,traditional,AI算法; 软件研发,算法研究员; 后端开发工程师; Java开发工程师; Go开发工程师,2024-12,2026-07,GEN000779,GEN000934,45,GEN000706; GEN000779; GEN000781; GEN000782; GEN000783; GEN000784; GEN000785; GEN000787; GEN000789; GEN000791; GEN000792; GEN000794; GEN000795; GEN000798; GEN000800; GEN000801; GEN000802; GEN000806; GEN000807; GEN000809; GEN000813; GEN000814; GEN000816; GEN000901; GEN000902; GEN000904; GEN000905; GEN000906; GEN000907; GEN000909; GEN000912; GEN000914; GEN000915; GEN000917; GEN000919; GEN000920; GEN000922; GEN000924; GEN000927; GEN000928; GEN000930; GEN000932; GEN000933; GEN000934; GEN001010,45,base_event_stream,2026-07-28T09:24:54+00:00
Node.js,编程语言,traditional,软件研发; 安全,前端开发工程师; 安全工程师,2024-12,2026-07,GEN000817,GEN000870,34,GEN000817; GEN000818; GEN000819; GEN000821; GEN000822; GEN000824; GEN000825; GEN000828; GEN000830; GEN000832; GEN000834; GEN000836; GEN000838; GEN000839; GEN000841; GEN000842; GEN000844; GEN000845; GEN000847; GEN000848; GEN000853; GEN000854; GEN000855; GEN000856; GEN000859; GEN000862; GEN000864; GEN000866; GEN000868; GEN000869; GEN000870; GEN001765; GEN001768; GEN001783,34,base_event_stream,2026-07-28T09:24:54+00:00
Objective-C,编程语言,traditional,软件研发; 测试质量; 基础设施,客户端开发工程师; Android开发工程师; iOS开发工程师; 测试开发工程师; DevOps工程师,2024-12,2026-07,GEN001021,GEN001589,101,GEN001021; GEN001023; GEN001026; GEN001027; GEN001030; GEN001032; GEN001033; GEN001035; GEN001038; GEN001040; GEN001042; GEN001044; GEN001045; GEN001048; GEN001050; GEN001052; GEN001053; GEN001054; GEN001056; GEN001059; GEN001060; GEN001061; GEN001062; GEN001066; GEN001067; GEN001069; GEN001071; GEN001074; GEN001076; GEN001077; GEN001080; GEN001081; GEN001083; GEN001085; GEN001087; GEN001089; GEN001090; GEN001092; GEN001095; GEN001097; GEN001099; GEN001100; GEN001101; GEN001102; GEN001103; GEN001104; GEN001105; GEN001107; GEN001108; GEN001109; GEN001110; GEN001112; GEN001114; GEN001115; GEN001116; GEN001117; GEN001119; GEN001120; GEN001121; GEN001122; GEN001124; GEN001125; GEN001126; GEN001127; GEN001128; GEN001130; GEN001131; GEN001132; GEN001133; GEN001134; GEN001135; GEN001137; GEN001139; GEN001140; GEN001531; GEN001534; GEN001535; GEN001538; GEN001539; GEN001541; GEN001544; GEN001545; GEN001547; GEN001549; GEN001552; GEN001555; GEN001558; GEN001562; GEN001564; GEN001568; GEN001569; GEN001571; GEN001574; GEN001578; GEN001579; GEN001582; GEN001585; GEN001587; GEN001589; GEN001620; GEN001621,101,base_event_stream,2026-07-28T09:24:54+00:00
PHP,编程语言,traditional,软件研发; 测试质量,后端开发工程师; Go开发工程师; 测试开发工程师; 测试工程师,2024-12,2026-07,GEN000779,GEN001589,67,GEN000779; GEN000781; GEN000782; GEN000783; GEN000784; GEN000785; GEN000786; GEN000788; GEN000791; GEN000792; GEN000795; GEN000796; GEN000798; GEN000800; GEN000802; GEN000803; GEN000804; GEN000805; GEN000807; GEN000809; GEN000810; GEN000814; GEN000815; GEN001003; GEN001004; GEN001005; GEN001006; GEN001007; GEN001008; GEN001009; GEN001011; GEN001012; GEN001013; GEN001014; GEN001015; GEN001016; GEN001017; GEN001018; GEN001019; GEN001020; GEN001531; GEN001536; GEN001537; GEN001539; GEN001541; GEN001543; GEN001545; GEN001547; GEN001550; GEN001554; GEN001556; GEN001558; GEN001559; GEN001562; GEN001564; GEN001566; GEN001570; GEN001572; GEN001574; GEN001577; GEN001578; GEN001581; GEN001582; GEN001583; GEN001587; GEN001589; GEN001610,67,base_event_stream,2026-07-28T09:24:54+00:00
PLC编程,工业与物联网,traditional,软件研发; 硬件,驱动开发工程师; 电源工程师,2024-12,2026-07,GEN001211,GEN002218,50,GEN001211; GEN001212; GEN001213; GEN001214; GEN001215; GEN001216; GEN001217; GEN001219; GEN001220; GEN001221; GEN001223; GEN001224; GEN001225; GEN001227; GEN001228; GEN001229; GEN001231; GEN001232; GEN001234; GEN001236; GEN001238; GEN001240; GEN001241; GEN001242; GEN001243; GEN001246; GEN001247; GEN001249; GEN001252; GEN002188; GEN002190; GEN002191; GEN002192; GEN002193; GEN002194; GEN002196; GEN002198; GEN002199; GEN002201; GEN002203; GEN002204; GEN002205; GEN002207; GEN002209; GEN002210; GEN002214; GEN002215; GEN002216; GEN002217; GEN002218,50,base_event_stream,2026-07-28T09:24:54+00:00
PPO,大模型,new,AI算法; AI安全; 测试质量; 产品,大模型算法工程师; AI Agent算法工程师; AI安全工程师; NLP算法工程师; 算法研究员; 大模型测试工程师; AI产品经理,2024-12,2026-07,GEN000001,GEN001529,103,GEN000001; GEN000003; GEN000004; GEN000005; GEN000007; GEN000009; GEN000011; GEN000013; GEN000015; GEN000016; GEN000018; GEN000019; GEN000022; GEN000023; GEN000025; GEN000026; GEN000028; GEN000029; GEN000031; GEN000033; GEN000036; GEN000038; GEN000040; GEN000041; GEN000043; GEN000044; GEN000046; GEN000049; GEN000050; GEN000051; GEN000236; GEN000239; GEN000240; GEN000241; GEN000244; GEN000396; GEN000397; GEN000399; GEN000401; GEN000403; GEN000405; GEN000406; GEN000410; GEN000411; GEN000413; GEN000415; GEN000416; GEN000418; GEN000420; GEN000421; GEN000422; GEN000423; GEN000425; GEN000426; GEN000430; GEN000432; GEN000433; GEN000435; GEN000437; GEN000438; GEN000440; GEN000445; GEN000682; GEN000684; GEN000685; GEN000686; GEN000688; GEN000689; GEN000691; GEN000692; GEN000693; GEN000695; GEN000696; GEN000699; GEN000700; GEN000702; GEN000704; GEN000705; GEN000708; GEN000709; GEN000711; GEN000712; GEN000713; GEN000715; GEN000716; GEN000717; GEN000718; GEN001498; GEN001500; GEN001502; GEN001505; GEN001507; GEN001508; GEN001513; GEN001516; GEN001518; GEN001521; GEN001523; GEN001524; GEN001526; GEN001527; GEN001529; GEN002326,103,base_event_stream,2026-07-28T09:24:54+00:00
Perl,编程语言,traditional,芯片,芯片设计工程师; 芯片验证工程师,2024-12,2026-07,GEN002089,GEN002175,47,GEN002089; GEN002091; GEN002092; GEN002093; GEN002096; GEN002097; GEN002100; GEN002101; GEN002105; GEN002108; GEN002111; GEN002114; GEN002116; GEN002117; GEN002120; GEN002124; GEN002129; GEN002131; GEN002133; GEN002135; GEN002137; GEN002138; GEN002140; GEN002141; GEN002142; GEN002143; GEN002144; GEN002145; GEN002146; GEN002147; GEN002148; GEN002149; GEN002150; GEN002151; GEN002153; GEN002154; GEN002157; GEN002159; GEN002161; GEN002162; GEN002163; GEN002165; GEN002168; GEN002171; GEN002172; GEN002173; GEN002175,47,base_event_stream,2026-07-28T09:24:54+00:00
PostgreSQL,数据工程,traditional,AI算法; 基础设施,算法研究员; 数据库工程师,2024-12,2026-06,GEN001810,GEN000714,10,GEN000705; GEN000714; GEN001810; GEN001812; GEN001813; GEN001814; GEN001816; GEN001817; GEN001818; GEN001819,10,base_event_stream,2026-07-28T09:24:54+00:00
PyTorch,AI,traditional,AI算法; AI应用; AI基础设施; 算法; 软件研发; 数据; 安全; 技术支持; 自动驾驶; 多媒体; 通信; 芯片,大模型算法工程师; AI Agent算法工程师; AI应用工程师; AI Infra工程师; AIGC算法工程师; 多模态算法工程师; 计算机视觉算法工程师; 语音算法工程师; 推荐算法工程师; 搜索算法工程师; 广告算法工程师; 风控算法工程师; 机器学习算法工程师; 数据挖掘算法工程师; 算法研究员; 算法工程师; C++开发工程师; Python开发工程师; 数据分析师; 数据工程师; 网络安全工程师; 技术支持工程师; 解决方案工程师; 自动驾驶算法工程师; 音视频工程师; 通信工程师; 芯片设计工程师,2024-12,2026-07,GEN000002,GEN002137,473,GEN000002; GEN000003; GEN000004; GEN000005; GEN000007; GEN000008; GEN000010; GEN000012; GEN000015; GEN000016; GEN000020; GEN000021; GEN000022; GEN000025; GEN000026; GEN000028; GEN000029; GEN000031; GEN000032; GEN000034; GEN000035; GEN000037; GEN000038; GEN000042; GEN000044; GEN000046; GEN000048; GEN000049; GEN000052; GEN000053; GEN000055; GEN000057; GEN000058; GEN000062; GEN000063; GEN000065; GEN000067; GEN000069; GEN000071; GEN000075; GEN000076; GEN000077; GEN000080; GEN000083; GEN000084; GEN000086; GEN000087; GEN000091; GEN000093; GEN000094; GEN000096; GEN000097; GEN000098; GEN000101; GEN000102; GEN000103; GEN000106; GEN000110; GEN000112; GEN000114; GEN000190; GEN000195; GEN000198; GEN000199; GEN000202; GEN000205; GEN000209; GEN000211; GEN000216; GEN000219; GEN000221; GEN000223; GEN000246; GEN000248; GEN000250; GEN000251; GEN000255; GEN000256; GEN000258; GEN000260; GEN000262; GEN000263; GEN000264; GEN000267; GEN000269; GEN000270; GEN000273; GEN000274; GEN000276; GEN000277; GEN000278; GEN000281; GEN000282; GEN000283; GEN000286; GEN000288; GEN000291; GEN000292; GEN000293; GEN000296; GEN000297; GEN000300; GEN000302; GEN000304; GEN000305; GEN000307; GEN000308; GEN000309; GEN000311; GEN000312; GEN000313; GEN000315; GEN000317; GEN000318; GEN000322; GEN000324; GEN000326; GEN000327; GEN000329; GEN000330; GEN000331; GEN000333; GEN000334; GEN000336; GEN000339; GEN000341; GEN000342; GEN000343; GEN000344; GEN000345; GEN000346; GEN000347; GEN000350; GEN000352; GEN000354; GEN000355; GEN000357; GEN000358; GEN000359; GEN000362; GEN000363; GEN000364; GEN000365; GEN000370; GEN000371; GEN000374; GEN000376; GEN000377; GEN000380; GEN000384; GEN000385; GEN000386; GEN000387; GEN000389; GEN000391; GEN000393; GEN000394; GEN000447; GEN000449; GEN000450; GEN000452; GEN000454; GEN000455; GEN000456; GEN000457; GEN000460; GEN000461; GEN000464; GEN000465; GEN000466; GEN000467; GEN000469; GEN000471; GEN000472; GEN000473; GEN000474; GEN000475; GEN000476; GEN000477; GEN000479; GEN000480; GEN000481; GEN000482; GEN000483; GEN000484; GEN000486; GEN000488; GEN000489; GEN000490; GEN000491; GEN000493; GEN000494; GEN000496; GEN000498; GEN000500; GEN000501; GEN000504; GEN000508; GEN000509; GEN000510; GEN000511; GEN000516; GEN000518; GEN000519; GEN000521; GEN000525; GEN000526; GEN000527; GEN000528; GEN000529; GEN000532; GEN000533; GEN000535; GEN000536; GEN000537; GEN000540; GEN000541; GEN000542; GEN000544; GEN000545; GEN000546; GEN000548; GEN000549; GEN000551; GEN000552; GEN000555; GEN000557; GEN000559; GEN000561; GEN000562; GEN000564; GEN000567; GEN000570; GEN000573; GEN000575; GEN000577; GEN000580; GEN000581; GEN000583; GEN000585; GEN000587; GEN000588; GEN000589; GEN000590; GEN000591; GEN000594; GEN000596; GEN000598; GEN000600; GEN000602; GEN000604; GEN000606; GEN000608; GEN000610; GEN000612; GEN000614; GEN000615; GEN000616; GEN000617; GEN000618; GEN000621; GEN000623; GEN000625; GEN000626; GEN000627; GEN000628; GEN000630; GEN000633; GEN000634; GEN000636; GEN000637; GEN000638; GEN000640; GEN000641; GEN000643; GEN000644; GEN000645; GEN000647; GEN000649; GEN000651; GEN000653; GEN000654; GEN000655; GEN000656; GEN000658; GEN000660; GEN000662; GEN000664; GEN000666; GEN000667; GEN000669; GEN000671; GEN000672; GEN000675; GEN000677; GEN000678; GEN000679; GEN000681; GEN000682; GEN000683; GEN000684; GEN000685; GEN000686; GEN000688; GEN000689; GEN000690; GEN000693; GEN000694; GEN000695; GEN000696; GEN000697; GEN000698; GEN000699; GEN000701; GEN000702; GEN000703; GEN000705; GEN000708; GEN000709; GEN000710; GEN000711; GEN000713; GEN000714; GEN000716; GEN000717; GEN000719; GEN000720; GEN000721; GEN000723; GEN000724; GEN000725; GEN000728; GEN000730; GEN000731; GEN000733; GEN000737; GEN000738; GEN000741; GEN000744; GEN000746; GEN000748; GEN000750; GEN000751; GEN000755; GEN000756; GEN000757; GEN000759; GEN000761; GEN000762; GEN000765; GEN000767; GEN000768; GEN000770; GEN000772; GEN000776; GEN000955; GEN000959; GEN000999; GEN001443; GEN001449; GEN001466; GEN001469; GEN001470; GEN001471; GEN001472; GEN001473; GEN001475; GEN001476; GEN001477; GEN001478; GEN001479; GEN001480; GEN001481; GEN001484; GEN001485; GEN001718; GEN001721; GEN001863; GEN001864; GEN001865; GEN001866; GEN001867; GEN001870; GEN001873; GEN001875; GEN001878; GEN001880; GEN001883; GEN001885; GEN001886; GEN001888; GEN001890; GEN001891; GEN001892; GEN001893; GEN001894; GEN001895; GEN001896; GEN001906; GEN001912; GEN001973; GEN001974; GEN001975; GEN001977; GEN001978; GEN001979; GEN001980; GEN001982; GEN001983; GEN001984; GEN001985; GEN001987; GEN001988; GEN001989; GEN001991; GEN001992; GEN001993; GEN001994; GEN001995; GEN001998; GEN001999; GEN002000; GEN002001; GEN002002; GEN002004; GEN002055; GEN002056; GEN002058; GEN002059; GEN002060; GEN002061; GEN002063; GEN002064; GEN002065; GEN002066; GEN002067; GEN002068; GEN002069; GEN002072; GEN002073; GEN002074; GEN002075; GEN002076; GEN002078; GEN002080; GEN002081; GEN002082; GEN002083; GEN002086; GEN002087; GEN002090; GEN002091; GEN002092; GEN002093; GEN002095; GEN002097; GEN002099; GEN002101; GEN002102; GEN002106; GEN002107; GEN002112; GEN002115; GEN002116; GEN002121; GEN002122; GEN002123; GEN002124; GEN002129; GEN002131; GEN002133; GEN002136; GEN002137,473,base_event_stream,2026-07-28T09:24:54+00:00
Python,编程语言,traditional,AI算法; AI应用; AI安全; AI基础设施; 算法; 软件研发; 数据; 测试质量; 基础设施; 安全; 技术支持; 机器人; 自动驾驶; 多媒体; 通信; 芯片; 硬件; 产品,大模型算法工程师; AI Agent算法工程师; AI Agent应用工程师; AI应用工程师; AI安全工程师; AI Infra工程师; AIGC算法工程师; 多模态算法工程师; NLP算法工程师; 计算机视觉算法工程师; 语音算法工程师; 推荐算法工程师; 搜索算法工程师; 广告算法工程师; 风控算法工程师; 机器学习算法工程师; 数据挖掘算法工程师; 算法研究员; 算法工程师; 后端开发工程师; 前端开发工程师; 全栈开发工程师; Java开发工程师; C++开发工程师; Python开发工程师; Go开发工程师; 客户端开发工程师; Android开发工程师; 系统软件工程师; 嵌入式软件工程师; 驱动开发工程师; 软件架构师; 软件开发工程师; 数据开发工程师; 数据仓库工程师; 数据平台工程师; 数据治理工程师; 数据分析师; 数据工程师; 大模型测试工程师; 测试开发工程师; 质量工程师; 测试工程师; DevOps工程师; 运维工程师; 云计算工程师; 网络安全工程师; 信息安全工程师; 安全工程师; 网络工程师; 数据库工程师; 服务器工程师; 技术支持工程师; 解决方案工程师; 机器人算法工程师; 机器人软件工程师; 自动驾驶算法工程师; 控制算法工程师; 图形图像工程师; 音视频工程师; 通信工程师; 芯片设计工程师; 芯片验证工程师; 芯片测试工程师; 电源工程师; 热设计工程师; 硬件工程师; AI产品经理; 大模型应用工程师,2024-12,2026-07,GEN000001,web_202607_20260730184035726988_job_05e47dfd,1360,GEN000001; GEN000003; GEN000004; GEN000005; GEN000007; GEN000009; GEN000010; GEN000013; GEN000015; GEN000017; GEN000018; GEN000019; GEN000022; GEN000023; GEN000024; GEN000027; GEN000030; GEN000032; GEN000033; GEN000037; GEN000038; GEN000041; GEN000042; GEN000043; GEN000044; GEN000047; GEN000049; GEN000052; GEN000053; GEN000054; GEN000057; GEN000060; GEN000063; GEN000065; GEN000067; GEN000068; GEN000069; GEN000071; GEN000073; GEN000074; GEN000076; GEN000077; GEN000079; GEN000082; GEN000085; GEN000090; GEN000091; GEN000093; GEN000094; GEN000095; GEN000096; GEN000099; GEN000101; GEN000102; GEN000108; GEN000109; GEN000112; GEN000113; GEN000153; GEN000154; GEN000155; GEN000157; GEN000158; GEN000160; GEN000162; GEN000163; GEN000165; GEN000166; GEN000168; GEN000171; GEN000173; GEN000174; GEN000175; GEN000176; GEN000179; GEN000181; GEN000182; GEN000184; GEN000186; GEN000188; GEN000189; GEN000191; GEN000192; GEN000193; GEN000194; GEN000196; GEN000197; GEN000200; GEN000203; GEN000204; GEN000206; GEN000207; GEN000208; GEN000210; GEN000212; GEN000213; GEN000214; GEN000217; GEN000220; GEN000222; GEN000224; GEN000227; GEN000229; GEN000231; GEN000233; GEN000234; GEN000235; GEN000236; GEN000239; GEN000240; GEN000242; GEN000244; GEN000247; GEN000248; GEN000250; GEN000253; GEN000255; GEN000257; GEN000259; GEN000261; GEN000262; GEN000265; GEN000266; GEN000268; GEN000270; GEN000271; GEN000273; GEN000275; GEN000276; GEN000277; GEN000281; GEN000282; GEN000284; GEN000286; GEN000288; GEN000289; GEN000290; GEN000293; GEN000295; GEN000296; GEN000297; GEN000300; GEN000302; GEN000303; GEN000305; GEN000306; GEN000308; GEN000309; GEN000311; GEN000312; GEN000313; GEN000315; GEN000316; GEN000319; GEN000320; GEN000322; GEN000323; GEN000324; GEN000326; GEN000327; GEN000328; GEN000331; GEN000334; GEN000335; GEN000337; GEN000338; GEN000340; GEN000342; GEN000343; GEN000344; GEN000345; GEN000346; GEN000348; GEN000349; GEN000352; GEN000354; GEN000355; GEN000357; GEN000358; GEN000360; GEN000362; GEN000363; GEN000364; GEN000366; GEN000370; GEN000373; GEN000374; GEN000376; GEN000377; GEN000380; GEN000382; GEN000383; GEN000384; GEN000387; GEN000388; GEN000389; GEN000390; GEN000392; GEN000394; GEN000395; GEN000396; GEN000398; GEN000400; GEN000402; GEN000404; GEN000405; GEN000406; GEN000408; GEN000409; GEN000413; GEN000414; GEN000418; GEN000419; GEN000422; GEN000423; GEN000427; GEN000428; GEN000429; GEN000431; GEN000434; GEN000435; GEN000437; GEN000441; GEN000442; GEN000444; GEN000447; GEN000448; GEN000450; GEN000452; GEN000454; GEN000455; GEN000456; GEN000457; GEN000460; GEN000461; GEN000463; GEN000465; GEN000466; GEN000467; GEN000469; GEN000471; GEN000472; GEN000473; GEN000474; GEN000475; GEN000477; GEN000478; GEN000480; GEN000481; GEN000482; GEN000483; GEN000485; GEN000486; GEN000487; GEN000488; GEN000489; GEN000491; GEN000493; GEN000495; GEN000497; GEN000498; GEN000500; GEN000502; GEN000503; GEN000505; GEN000507; GEN000509; GEN000512; GEN000513; GEN000514; GEN000516; GEN000517; GEN000521; GEN000522; GEN000523; GEN000524; GEN000525; GEN000527; GEN000530; GEN000531; GEN000532; GEN000534; GEN000536; GEN000537; GEN000539; GEN000540; GEN000542; GEN000545; GEN000547; GEN000549; GEN000551; GEN000552; GEN000554; GEN000557; GEN000560; GEN000563; GEN000565; GEN000566; GEN000570; GEN000571; GEN000572; GEN000574; GEN000577; GEN000579; GEN000580; GEN000582; GEN000584; GEN000586; GEN000587; GEN000588; GEN000589; GEN000590; GEN000591; GEN000594; GEN000596; GEN000597; GEN000599; GEN000600; GEN000603; GEN000604; GEN000605; GEN000607; GEN000609; GEN000611; GEN000614; GEN000615; GEN000616; GEN000617; GEN000619; GEN000620; GEN000622; GEN000624; GEN000626; GEN000627; GEN000629; GEN000630; GEN000632; GEN000634; GEN000636; GEN000637; GEN000638; GEN000639; GEN000641; GEN000644; GEN000645; GEN000648; GEN000649; GEN000651; GEN000652; GEN000654; GEN000655; GEN000656; GEN000657; GEN000659; GEN000661; GEN000663; GEN000666; GEN000667; GEN000668; GEN000670; GEN000673; GEN000674; GEN000676; GEN000677; GEN000679; GEN000681; GEN000682; GEN000684; GEN000685; GEN000686; GEN000687; GEN000689; GEN000690; GEN000691; GEN000693; GEN000694; GEN000697; GEN000699; GEN000700; GEN000702; GEN000703; GEN000706; GEN000707; GEN000709; GEN000710; GEN000713; GEN000714; GEN000717; GEN000718; GEN000720; GEN000721; GEN000722; GEN000724; GEN000726; GEN000728; GEN000729; GEN000730; GEN000732; GEN000734; GEN000735; GEN000737; GEN000738; GEN000740; GEN000743; GEN000744; GEN000746; GEN000748; GEN000749; GEN000752; GEN000753; GEN000755; GEN000759; GEN000760; GEN000761; GEN000765; GEN000766; GEN000768; GEN000771; GEN000773; GEN000774; GEN000776; GEN000778; GEN000780; GEN000781; GEN000782; GEN000783; GEN000784; GEN000785; GEN000786; GEN000788; GEN000790; GEN000793; GEN000794; GEN000798; GEN000799; GEN000802; GEN000804; GEN000805; GEN000807; GEN000808; GEN000810; GEN000812; GEN000814; GEN000816; GEN000817; GEN000818; GEN000819; GEN000820; GEN000822; GEN000823; GEN000826; GEN000827; GEN000829; GEN000833; GEN000836; GEN000837; GEN000840; GEN000842; GEN000846; GEN000847; GEN000848; GEN000852; GEN000853; GEN000856; GEN000858; GEN000859; GEN000862; GEN000864; GEN000867; GEN000869; GEN000870; GEN000874; GEN000877; GEN000879; GEN000881; GEN000882; GEN000883; GEN000885; GEN000886; GEN000887; GEN000889; GEN000893; GEN000894; GEN000896; GEN000897; GEN000899; GEN000901; GEN000902; GEN000904; GEN000905; GEN000906; GEN000907; GEN000909; GEN000911; GEN000913; GEN000917; GEN000918; GEN000921; GEN000922; GEN000924; GEN000927; GEN000928; GEN000930; GEN000932; GEN000933; GEN000934; GEN000935; GEN000936; GEN000937; GEN000938; GEN000939; GEN000940; GEN000941; GEN000942; GEN000943; GEN000944; GEN000945; GEN000946; GEN000947; GEN000948; GEN000949; GEN000950; GEN000951; GEN000953; GEN000954; GEN000955; GEN000956; GEN000959; GEN000960; GEN000961; GEN000962; GEN000964; GEN000966; GEN000967; GEN000968; GEN000970; GEN000971; GEN000972; GEN000973; GEN000974; GEN000975; GEN000976; GEN000977; GEN000978; GEN000979; GEN000980; GEN000981; GEN000982; GEN000983; GEN000984; GEN000985; GEN000986; GEN000987; GEN000988; GEN000989; GEN000990; GEN000991; GEN000993; GEN000994; GEN000996; GEN000998; GEN000999; GEN001000; GEN001001; GEN001002; GEN001003; GEN001004; GEN001005; GEN001006; GEN001007; GEN001008; GEN001009; GEN001011; GEN001012; GEN001013; GEN001014; GEN001015; GEN001016; GEN001017; GEN001018; GEN001019; GEN001020; GEN001023; GEN001026; GEN001027; GEN001028; GEN001031; GEN001034; GEN001036; GEN001039; GEN001042; GEN001044; GEN001047; GEN001049; GEN001050; GEN001052; GEN001054; GEN001057; GEN001059; GEN001061; GEN001064; GEN001067; GEN001068; GEN001069; GEN001070; GEN001074; GEN001075; GEN001081; GEN001090; GEN001141; GEN001142; GEN001145; GEN001146; GEN001148; GEN001149; GEN001151; GEN001152; GEN001154; GEN001156; GEN001158; GEN001159; GEN001161; GEN001163; GEN001164; GEN001167; GEN001169; GEN001171; GEN001173; GEN001176; GEN001178; GEN001180; GEN001181; GEN001182; GEN001183; GEN001184; GEN001186; GEN001189; GEN001190; GEN001193; GEN001194; GEN001195; GEN001196; GEN001197; GEN001198; GEN001199; GEN001200; GEN001201; GEN001202; GEN001204; GEN001205; GEN001207; GEN001208; GEN001209; GEN001210; GEN001212; GEN001213; GEN001214; GEN001215; GEN001216; GEN001217; GEN001218; GEN001220; GEN001221; GEN001222; GEN001224; GEN001226; GEN001227; GEN001230; GEN001233; GEN001236; GEN001239; GEN001242; GEN001244; GEN001245; GEN001246; GEN001248; GEN001249; GEN001252; GEN001253; GEN001254; GEN001255; GEN001256; GEN001257; GEN001258; GEN001259; GEN001260; GEN001261; GEN001262; GEN001264; GEN001266; GEN001267; GEN001270; GEN001271; GEN001274; GEN001276; GEN001280; GEN001282; GEN001283; GEN001285; GEN001287; GEN001290; GEN001293; GEN001294; GEN001296; GEN001298; GEN001299; GEN001301; GEN001302; GEN001303; GEN001304; GEN001306; GEN001308; GEN001311; GEN001312; GEN001313; GEN001315; GEN001316; GEN001318; GEN001321; GEN001322; GEN001325; GEN001326; GEN001329; GEN001330; GEN001332; GEN001334; GEN001336; GEN001337; GEN001338; GEN001341; GEN001342; GEN001344; GEN001345; GEN001346; GEN001347; GEN001348; GEN001350; GEN001351; GEN001352; GEN001354; GEN001356; GEN001358; GEN001360; GEN001362; GEN001363; GEN001364; GEN001366; GEN001368; GEN001370; GEN001371; GEN001373; GEN001375; GEN001377; GEN001378; GEN001379; GEN001380; GEN001381; GEN001383; GEN001384; GEN001385; GEN001386; GEN001387; GEN001389; GEN001390; GEN001391; GEN001392; GEN001394; GEN001395; GEN001397; GEN001398; GEN001399; GEN001400; GEN001401; GEN001402; GEN001403; GEN001404; GEN001405; GEN001406; GEN001407; GEN001408; GEN001410; GEN001411; GEN001412; GEN001413; GEN001414; GEN001415; GEN001416; GEN001417; GEN001418; GEN001419; GEN001420; GEN001421; GEN001422; GEN001423; GEN001424; GEN001425; GEN001426; GEN001427; GEN001428; GEN001429; GEN001430; GEN001431; GEN001432; GEN001433; GEN001434; GEN001435; GEN001436; GEN001438; GEN001441; GEN001442; GEN001443; GEN001444; GEN001446; GEN001447; GEN001448; GEN001449; GEN001450; GEN001451; GEN001452; GEN001453; GEN001455; GEN001456; GEN001458; GEN001459; GEN001460; GEN001461; GEN001462; GEN001463; GEN001464; GEN001466; GEN001467; GEN001469; GEN001470; GEN001471; GEN001472; GEN001473; GEN001474; GEN001475; GEN001476; GEN001478; GEN001480; GEN001482; GEN001484; GEN001485; GEN001486; GEN001487; GEN001489; GEN001490; GEN001492; GEN001493; GEN001494; GEN001496; GEN001498; GEN001501; GEN001502; GEN001505; GEN001506; GEN001510; GEN001512; GEN001513; GEN001514; GEN001515; GEN001517; GEN001518; GEN001521; GEN001522; GEN001526; GEN001527; GEN001530; GEN001531; GEN001532; GEN001534; GEN001536; GEN001538; GEN001540; GEN001542; GEN001544; GEN001546; GEN001547; GEN001550; GEN001551; GEN001552; GEN001553; GEN001556; GEN001557; GEN001559; GEN001561; GEN001565; GEN001566; GEN001570; GEN001571; GEN001573; GEN001574; GEN001576; GEN001577; GEN001581; GEN001583; GEN001584; GEN001587; GEN001588; GEN001590; GEN001591; GEN001592; GEN001593; GEN001594; GEN001595; GEN001596; GEN001597; GEN001598; GEN001599; GEN001600; GEN001601; GEN001603; GEN001604; GEN001605; GEN001607; GEN001608; GEN001609; GEN001610; GEN001611; GEN001612; GEN001613; GEN001615; GEN001617; GEN001619; GEN001621; GEN001624; GEN001640; GEN001641; GEN001645; GEN001646; GEN001648; GEN001650; GEN001651; GEN001653; GEN001656; GEN001657; GEN001660; GEN001661; GEN001663; GEN001664; GEN001667; GEN001669; GEN001670; GEN001671; GEN001674; GEN001676; GEN001677; GEN001679; GEN001681; GEN001683; GEN001685; GEN001686; GEN001687; GEN001688; GEN001689; GEN001691; GEN001693; GEN001694; GEN001695; GEN001697; GEN001700; GEN001701; GEN001702; GEN001703; GEN001705; GEN001706; GEN001707; GEN001708; GEN001710; GEN001712; GEN001714; GEN001715; GEN001716; GEN001717; GEN001719; GEN001720; GEN001722; GEN001723; GEN001724; GEN001726; GEN001727; GEN001729; GEN001730; GEN001732; GEN001733; GEN001734; GEN001735; GEN001736; GEN001737; GEN001738; GEN001739; GEN001741; GEN001742; GEN001743; GEN001744; GEN001746; GEN001747; GEN001750; GEN001751; GEN001753; GEN001754; GEN001756; GEN001757; GEN001758; GEN001760; GEN001762; GEN001764; GEN001765; GEN001766; GEN001767; GEN001768; GEN001769; GEN001770; GEN001771; GEN001772; GEN001773; GEN001774; GEN001775; GEN001777; GEN001778; GEN001779; GEN001780; GEN001782; GEN001783; GEN001784; GEN001785; GEN001786; GEN001787; GEN001788; GEN001789; GEN001791; GEN001793; GEN001794; GEN001795; GEN001797; GEN001798; GEN001799; GEN001800; GEN001802; GEN001803; GEN001805; GEN001806; GEN001807; GEN001809; GEN001810; GEN001811; GEN001812; GEN001813; GEN001814; GEN001817; GEN001818; GEN001819; GEN001820; GEN001821; GEN001822; GEN001823; GEN001824; GEN001825; GEN001826; GEN001827; GEN001828; GEN001830; GEN001831; GEN001832; GEN001834; GEN001835; GEN001836; GEN001837; GEN001839; GEN001840; GEN001843; GEN001844; GEN001846; GEN001847; GEN001849; GEN001850; GEN001851; GEN001853; GEN001854; GEN001855; GEN001857; GEN001858; GEN001859; GEN001860; GEN001861; GEN001862; GEN001864; GEN001865; GEN001866; GEN001867; GEN001868; GEN001869; GEN001873; GEN001874; GEN001876; GEN001877; GEN001879; GEN001881; GEN001883; GEN001884; GEN001887; GEN001888; GEN001890; GEN001891; GEN001892; GEN001893; GEN001895; GEN001896; GEN001898; GEN001904; GEN001910; GEN001942; GEN001943; GEN001944; GEN001945; GEN001946; GEN001947; GEN001948; GEN001949; GEN001950; GEN001951; GEN001952; GEN001954; GEN001955; GEN001957; GEN001958; GEN001959; GEN001960; GEN001961; GEN001962; GEN001963; GEN001964; GEN001965; GEN001966; GEN001967; GEN001968; GEN001969; GEN001970; GEN001971; GEN001972; GEN001973; GEN001974; GEN001975; GEN001977; GEN001979; GEN001980; GEN001981; GEN001982; GEN001983; GEN001984; GEN001985; GEN001986; GEN001987; GEN001988; GEN001989; GEN001990; GEN001991; GEN001993; GEN001994; GEN001995; GEN001996; GEN001997; GEN001998; GEN001999; GEN002000; GEN002001; GEN002003; GEN002005; GEN002006; GEN002007; GEN002008; GEN002009; GEN002010; GEN002011; GEN002012; GEN002013; GEN002014; GEN002016; GEN002017; GEN002019; GEN002021; GEN002022; GEN002023; GEN002024; GEN002025; GEN002026; GEN002028; GEN002029; GEN002042; GEN002055; GEN002056; GEN002057; GEN002058; GEN002059; GEN002060; GEN002062; GEN002064; GEN002065; GEN002068; GEN002070; GEN002072; GEN002074; GEN002075; GEN002076; GEN002077; GEN002078; GEN002079; GEN002080; GEN002081; GEN002082; GEN002083; GEN002086; GEN002087; GEN002088; GEN002090; GEN002091; GEN002092; GEN002093; GEN002095; GEN002097; GEN002100; GEN002102; GEN002105; GEN002106; GEN002109; GEN002110; GEN002112; GEN002113; GEN002114; GEN002118; GEN002119; GEN002121; GEN002122; GEN002126; GEN002128; GEN002129; GEN002131; GEN002134; GEN002136; GEN002137; GEN002138; GEN002139; GEN002141; GEN002142; GEN002143; GEN002144; GEN002145; GEN002146; GEN002147; GEN002148; GEN002149; GEN002150; GEN002152; GEN002153; GEN002154; GEN002155; GEN002157; GEN002158; GEN002159; GEN002160; GEN002163; GEN002164; GEN002166; GEN002168; GEN002169; GEN002171; GEN002174; GEN002175; GEN002176; GEN002177; GEN002178; GEN002179; GEN002180; GEN002181; GEN002182; GEN002183; GEN002184; GEN002185; GEN002186; GEN002187; GEN002189; GEN002190; GEN002191; GEN002193; GEN002195; GEN002196; GEN002197; GEN002198; GEN002199; GEN002200; GEN002201; GEN002202; GEN002203; GEN002204; GEN002205; GEN002207; GEN002208; GEN002209; GEN002210; GEN002211; GEN002213; GEN002215; GEN002216; GEN002217; GEN002218; GEN002219; GEN002242; GEN002243; GEN002244; GEN002245; GEN002246; GEN002247; GEN002248; GEN002249; GEN002250; GEN002251; GEN002252; GEN002253; GEN002254; GEN002255; GEN002256; GEN002257; GEN002258; GEN002259; GEN002260; GEN002261; GEN002262; GEN002263; GEN002264; GEN002265; GEN002266; GEN002267; GEN002270; GEN002271; GEN002273; GEN002274; GEN002275; GEN002279; GEN002280; GEN002282; GEN002284; GEN002285; GEN002286; GEN002288; GEN002289; GEN002292; GEN002294; GEN002296; GEN002297; GEN002300; GEN002302; GEN002305; GEN002306; GEN002309; GEN002314; GEN002317; web_202607_20260730182901742050_job_623c31d9; web_202607_20260730183017711285_job_16a9e0a5; web_202607_20260730184035726988_job_05e47dfd,1360,base_event_stream; web_app_review,2026-07-30T10:41:03+00:00
RAG,大模型,new,AI算法; AI应用; 算法; 软件研发; 测试质量; 技术支持; 产品,AI Agent算法工程师; 大模型应用工程师; AI Agent应用工程师; NLP算法工程师; 搜索算法工程师; 后端开发工程师; 全栈开发工程师; Java开发工程师; 软件架构师; 测试开发工程师; 解决方案工程师; AI产品经理,2024-12,2026-07,GEN000115,web_202607_20260730184035726988_job_05e47dfd,135,GEN000057; GEN000058; GEN000060; GEN000061; GEN000063; GEN000066; GEN000067; GEN000068; GEN000071; GEN000073; GEN000075; GEN000078; GEN000080; GEN000082; GEN000084; GEN000086; GEN000089; GEN000092; GEN000093; GEN000095; GEN000097; GEN000100; GEN000101; GEN000104; GEN000105; GEN000106; GEN000111; GEN000114; GEN000115; GEN000116; GEN000117; GEN000120; GEN000121; GEN000122; GEN000123; GEN000124; GEN000125; GEN000126; GEN000128; GEN000129; GEN000132; GEN000134; GEN000135; GEN000138; GEN000139; GEN000141; GEN000145; GEN000146; GEN000147; GEN000150; GEN000152; GEN000155; GEN000157; GEN000159; GEN000160; GEN000161; GEN000163; GEN000165; GEN000166; GEN000169; GEN000171; GEN000174; GEN000175; GEN000176; GEN000178; GEN000180; GEN000183; GEN000184; GEN000185; GEN000188; GEN000189; GEN000395; GEN000396; GEN000397; GEN000399; GEN000401; GEN000403; GEN000406; GEN000409; GEN000410; GEN000414; GEN000415; GEN000418; GEN000420; GEN000421; GEN000423; GEN000424; GEN000426; GEN000428; GEN000430; GEN000432; GEN000433; GEN000435; GEN000437; GEN000439; GEN000440; GEN000445; GEN000567; GEN000568; GEN000570; GEN000572; GEN000575; GEN000576; GEN000578; GEN000580; GEN000581; GEN000785; GEN000890; GEN000928; GEN000929; GEN000930; GEN000932; GEN000933; GEN000934; GEN001272; GEN001569; GEN001916; GEN001918; GEN001919; GEN001923; GEN001924; GEN001927; GEN001929; GEN001931; GEN001933; GEN001934; GEN001936; GEN001937; GEN001938; GEN001939; GEN001940; GEN002316; web_202607_20260730182901742050_job_623c31d9; web_202607_20260730183017711285_job_16a9e0a5; web_202607_20260730184035726988_job_05e47dfd,135,base_event_stream; web_app_review,2026-07-30T10:41:03+00:00
RISC-V,系统与运维,traditional,软件研发; 基础设施; 芯片; 硬件,驱动开发工程师; 服务器工程师; 芯片设计工程师; 芯片验证工程师; 硬件工程师,2024-12,2026-07,GEN002089,GEN002174,59,GEN001224; GEN001233; GEN001838; GEN001843; GEN001852; GEN001859; GEN001860; GEN002089; GEN002091; GEN002092; GEN002094; GEN002095; GEN002097; GEN002099; GEN002103; GEN002104; GEN002108; GEN002110; GEN002111; GEN002114; GEN002117; GEN002119; GEN002122; GEN002123; GEN002124; GEN002127; GEN002130; GEN002134; GEN002135; GEN002137; GEN002138; GEN002140; GEN002143; GEN002144; GEN002145; GEN002146; GEN002147; GEN002148; GEN002149; GEN002151; GEN002152; GEN002153; GEN002154; GEN002155; GEN002156; GEN002158; GEN002161; GEN002162; GEN002164; GEN002165; GEN002166; GEN002167; GEN002170; GEN002171; GEN002172; GEN002174; GEN002270; GEN002272; GEN002273,59,base_event_stream,2026-07-28T09:24:54+00:00
RLHF,大模型,new,AI算法; AI安全; 测试质量; 技术支持; 产品,大模型算法工程师; AI Agent算法工程师; AI安全工程师; NLP算法工程师; 大模型测试工程师; 解决方案工程师; AI产品经理,2024-12,2026-07,GEN000002,GEN001527,89,GEN000002; GEN000057; GEN000058; GEN000061; GEN000064; GEN000065; GEN000066; GEN000069; GEN000070; GEN000071; GEN000073; GEN000074; GEN000075; GEN000078; GEN000079; GEN000081; GEN000084; GEN000086; GEN000088; GEN000089; GEN000090; GEN000093; GEN000094; GEN000097; GEN000099; GEN000100; GEN000102; GEN000104; GEN000107; GEN000110; GEN000112; GEN000113; GEN000224; GEN000225; GEN000227; GEN000228; GEN000230; GEN000232; GEN000233; GEN000235; GEN000237; GEN000238; GEN000240; GEN000243; GEN000395; GEN000396; GEN000397; GEN000399; GEN000401; GEN000403; GEN000407; GEN000408; GEN000410; GEN000411; GEN000414; GEN000415; GEN000416; GEN000417; GEN000420; GEN000421; GEN000423; GEN000426; GEN000427; GEN000429; GEN000431; GEN000432; GEN000433; GEN000436; GEN000437; GEN000439; GEN000440; GEN000442; GEN000444; GEN001498; GEN001499; GEN001501; GEN001503; GEN001504; GEN001506; GEN001508; GEN001512; GEN001516; GEN001517; GEN001520; GEN001522; GEN001524; GEN001527; GEN001936; GEN002317,89,base_event_stream,2026-07-28T09:24:54+00:00
Ray,AI,traditional,自动驾驶,自动驾驶算法工程师,2026-02,2026-03,GEN001996,GEN001998,2,GEN001996; GEN001998,2,base_event_stream,2026-07-28T09:24:54+00:00
React,编程语言,traditional,AI算法; AI应用; 软件研发,AI Agent算法工程师; AI应用工程师; 算法研究员; 前端开发工程师; 全栈开发工程师; Go开发工程师,2024-12,2026-07,GEN000817,GEN000899,67,GEN000056; GEN000190; GEN000194; GEN000197; GEN000200; GEN000201; GEN000204; GEN000206; GEN000208; GEN000210; GEN000213; GEN000215; GEN000218; GEN000220; GEN000223; GEN000705; GEN000718; GEN000817; GEN000818; GEN000819; GEN000821; GEN000822; GEN000824; GEN000825; GEN000827; GEN000830; GEN000831; GEN000833; GEN000835; GEN000837; GEN000839; GEN000841; GEN000842; GEN000844; GEN000845; GEN000847; GEN000848; GEN000852; GEN000853; GEN000854; GEN000855; GEN000858; GEN000859; GEN000860; GEN000864; GEN000865; GEN000867; GEN000869; GEN000872; GEN000874; GEN000875; GEN000877; GEN000878; GEN000880; GEN000883; GEN000884; GEN000885; GEN000886; GEN000887; GEN000889; GEN000890; GEN000892; GEN000894; GEN000895; GEN000898; GEN000899; GEN001009,67,base_event_stream,2026-07-28T09:24:54+00:00
React Native,软件开发,traditional,软件研发,前端开发工程师; iOS开发工程师,2024-12,2026-07,GEN000817,GEN001140,53,GEN000817; GEN000818; GEN000819; GEN000820; GEN000822; GEN000823; GEN000826; GEN000827; GEN000830; GEN000833; GEN000836; GEN000837; GEN000840; GEN000842; GEN000844; GEN000848; GEN000849; GEN000854; GEN000855; GEN000858; GEN000859; GEN000862; GEN000863; GEN000864; GEN000870; GEN000871; GEN001098; GEN001099; GEN001103; GEN001104; GEN001106; GEN001111; GEN001113; GEN001116; GEN001117; GEN001118; GEN001120; GEN001123; GEN001124; GEN001125; GEN001126; GEN001127; GEN001128; GEN001129; GEN001130; GEN001131; GEN001133; GEN001134; GEN001135; GEN001136; GEN001137; GEN001138; GEN001140,53,base_event_stream,2026-07-28T09:24:54+00:00
Redis,数据工程,traditional,软件研发; 数据; 基础设施; 安全; 技术支持,后端开发工程师; 全栈开发工程师; Java开发工程师; 软件开发工程师; 数据开发工程师; 运维工程师; 网络安全工程师; 信息安全工程师; 技术支持工程师; 解决方案工程师,2024-12,2026-07,GEN000780,GEN001677,112,GEN000780; GEN000781; GEN000782; GEN000783; GEN000784; GEN000785; GEN000787; GEN000789; GEN000790; GEN000793; GEN000794; GEN000795; GEN000797; GEN000800; GEN000802; GEN000803; GEN000804; GEN000807; GEN000812; GEN000813; GEN000815; GEN000816; GEN000873; GEN000875; GEN000876; GEN000878; GEN000880; GEN000884; GEN000885; GEN000886; GEN000887; GEN000890; GEN000892; GEN000895; GEN000896; GEN000897; GEN000899; GEN000901; GEN000903; GEN000904; GEN000905; GEN000906; GEN000907; GEN000910; GEN000911; GEN000914; GEN000915; GEN000916; GEN000919; GEN000920; GEN000923; GEN000925; GEN000926; GEN000929; GEN000930; GEN000932; GEN000933; GEN000934; GEN001301; GEN001302; GEN001303; GEN001304; GEN001306; GEN001309; GEN001311; GEN001312; GEN001313; GEN001315; GEN001316; GEN001319; GEN001323; GEN001326; GEN001327; GEN001329; GEN001330; GEN001331; GEN001334; GEN001336; GEN001337; GEN001339; GEN001341; GEN001342; GEN001344; GEN001366; GEN001639; GEN001641; GEN001644; GEN001646; GEN001649; GEN001651; GEN001653; GEN001656; GEN001657; GEN001659; GEN001661; GEN001663; GEN001664; GEN001666; GEN001668; GEN001673; GEN001674; GEN001676; GEN001677; GEN001726; GEN001730; GEN001749; GEN001869; GEN001885; GEN001900; GEN001906; GEN001908; GEN001915,112,base_event_stream,2026-07-28T09:24:54+00:00
Rust,编程语言,traditional,AI算法; 软件研发; 技术支持; 芯片,语音算法工程师; C++开发工程师; iOS开发工程师; 技术支持工程师; 芯片验证工程师,2024-12,2026-07,GEN000935,GEN000972,35,GEN000487; GEN000935; GEN000936; GEN000937; GEN000938; GEN000939; GEN000940; GEN000943; GEN000944; GEN000945; GEN000947; GEN000948; GEN000949; GEN000952; GEN000954; GEN000955; GEN000956; GEN000957; GEN000958; GEN000959; GEN000960; GEN000962; GEN000963; GEN000965; GEN000968; GEN000969; GEN000970; GEN000971; GEN000972; GEN001121; GEN001125; GEN001865; GEN001876; GEN001889; GEN002141,35,base_event_stream,2026-07-28T09:24:54+00:00
SFT,大模型,new,AI算法; AI应用; 测试质量; 技术支持; 产品,大模型算法工程师; AI Agent算法工程师; 大模型应用工程师; 多模态算法工程师; NLP算法工程师; 大模型测试工程师; 解决方案工程师; AI产品经理,2024-12,2026-07,GEN000001,GEN001530,104,GEN000001; GEN000057; GEN000058; GEN000059; GEN000061; GEN000062; GEN000063; GEN000067; GEN000069; GEN000070; GEN000072; GEN000074; GEN000075; GEN000077; GEN000079; GEN000081; GEN000085; GEN000088; GEN000089; GEN000090; GEN000092; GEN000093; GEN000095; GEN000097; GEN000098; GEN000100; GEN000103; GEN000105; GEN000108; GEN000110; GEN000111; GEN000114; GEN000123; GEN000346; GEN000347; GEN000349; GEN000352; GEN000353; GEN000356; GEN000357; GEN000360; GEN000362; GEN000365; GEN000366; GEN000367; GEN000370; GEN000371; GEN000372; GEN000373; GEN000376; GEN000378; GEN000381; GEN000382; GEN000383; GEN000385; GEN000386; GEN000388; GEN000389; GEN000390; GEN000392; GEN000393; GEN000395; GEN000396; GEN000398; GEN000400; GEN000402; GEN000404; GEN000405; GEN000407; GEN000409; GEN000412; GEN000413; GEN000416; GEN000419; GEN000424; GEN000425; GEN000426; GEN000431; GEN000432; GEN000433; GEN000434; GEN000438; GEN000439; GEN000442; GEN000444; GEN001494; GEN001495; GEN001496; GEN001498; GEN001501; GEN001503; GEN001504; GEN001507; GEN001509; GEN001511; GEN001514; GEN001517; GEN001522; GEN001523; GEN001525; GEN001529; GEN001530; GEN001936; GEN002324,104,base_event_stream,2026-07-28T09:24:54+00:00
SGLang,大模型,new,AI算法; AI基础设施; 软件研发; 基础设施; 技术支持,大模型算法工程师; AI Infra工程师; 后端开发工程师; 系统软件工程师; 软件架构师; DevOps工程师; 云计算工程师; 解决方案工程师,2025-03,2026-07,GEN000005,GEN001940,51,GEN000005; GEN000258; GEN000259; GEN000260; GEN000261; GEN000263; GEN000265; GEN000266; GEN000269; GEN000270; GEN000271; GEN000272; GEN000276; GEN000277; GEN000280; GEN000284; GEN000286; GEN000288; GEN000289; GEN000290; GEN000293; GEN000295; GEN000297; GEN000300; GEN000302; GEN000303; GEN000305; GEN000306; GEN000784; GEN001153; GEN001155; GEN001157; GEN001160; GEN001162; GEN001165; GEN001168; GEN001170; GEN001172; GEN001174; GEN001177; GEN001178; GEN001282; GEN001629; GEN001630; GEN001632; GEN001633; GEN001634; GEN001636; GEN001638; GEN001688; GEN001940,51,base_event_stream,2026-07-28T09:24:54+00:00
SIMD,硬件与芯片,traditional,多媒体,音视频工程师,2026-01,2026-02,GEN002063,GEN002065,2,GEN002063; GEN002065,2,base_event_stream,2026-07-28T09:24:54+00:00
SRE,系统与运维,traditional,AI安全; 软件研发; 基础设施; 安全; 技术支持; 自动驾驶; AI应用,AI安全工程师; 前端开发工程师; 全栈开发工程师; iOS开发工程师; 嵌入式软件工程师; 软件架构师; 运维工程师; 网络安全工程师; 信息安全工程师; 技术支持工程师; 自动驾驶算法工程师; 大模型应用工程师,2024-12,2026-07,GEN000817,web_202607_20260730184035726988_job_05e47dfd,64,GEN000227; GEN000230; GEN000817; GEN000818; GEN000819; GEN000820; GEN000822; GEN000824; GEN000825; GEN000827; GEN000829; GEN000831; GEN000835; GEN000838; GEN000840; GEN000842; GEN000845; GEN000850; GEN000852; GEN000853; GEN000855; GEN000858; GEN000860; GEN000862; GEN000863; GEN000865; GEN000870; GEN000879; GEN001101; GEN001122; GEN001191; GEN001200; GEN001256; GEN001264; GEN001639; GEN001642; GEN001644; GEN001645; GEN001646; GEN001650; GEN001651; GEN001653; GEN001656; GEN001657; GEN001660; GEN001662; GEN001663; GEN001664; GEN001667; GEN001668; GEN001669; GEN001671; GEN001672; GEN001674; GEN001676; GEN001678; GEN001721; GEN001729; GEN001866; GEN001886; GEN002000; web_202607_20260730182901742050_job_623c31d9; web_202607_20260730183017711285_job_16a9e0a5; web_202607_20260730184035726988_job_05e47dfd,64,base_event_stream; web_app_review,2026-07-30T10:41:03+00:00
Scala,编程语言,traditional,数据,数据工程师,2025-07,2026-06,GEN001473,GEN001483,4,GEN001473; GEN001474; GEN001481; GEN001483,4,base_event_stream,2026-07-28T09:24:54+00:00
Shell脚本,编程语言,traditional,AI基础设施; 软件研发; 测试质量; 基础设施; 安全; 技术支持; 芯片,AI Infra工程师; C++开发工程师; Python开发工程师; 嵌入式软件工程师; 驱动开发工程师; 测试开发工程师; 质量工程师; 测试工程师; DevOps工程师; 运维工程师; 网络安全工程师; 网络工程师; 服务器工程师; 技术支持工程师; 芯片验证工程师,2024-12,2026-07,GEN000974,GEN002175,163,GEN000293; GEN000947; GEN000952; GEN000956; GEN000974; GEN000976; GEN000977; GEN000978; GEN000980; GEN000981; GEN000982; GEN000983; GEN000985; GEN000986; GEN000987; GEN000988; GEN000989; GEN000990; GEN000991; GEN000992; GEN000993; GEN000994; GEN000995; GEN000996; GEN000997; GEN000998; GEN000999; GEN001000; GEN001001; GEN001002; GEN001179; GEN001182; GEN001184; GEN001186; GEN001187; GEN001188; GEN001189; GEN001191; GEN001192; GEN001194; GEN001196; GEN001197; GEN001198; GEN001199; GEN001200; GEN001201; GEN001203; GEN001204; GEN001206; GEN001208; GEN001209; GEN001210; GEN001221; GEN001233; GEN001250; GEN001531; GEN001534; GEN001537; GEN001540; GEN001542; GEN001543; GEN001545; GEN001548; GEN001549; GEN001552; GEN001555; GEN001560; GEN001561; GEN001564; GEN001565; GEN001568; GEN001570; GEN001572; GEN001574; GEN001575; GEN001577; GEN001581; GEN001582; GEN001584; GEN001586; GEN001588; GEN001593; GEN001603; GEN001605; GEN001606; GEN001608; GEN001611; GEN001613; GEN001614; GEN001617; GEN001619; GEN001626; GEN001640; GEN001641; GEN001643; GEN001647; GEN001648; GEN001649; GEN001652; GEN001653; GEN001656; GEN001658; GEN001659; GEN001661; GEN001663; GEN001664; GEN001667; GEN001669; GEN001670; GEN001671; GEN001672; GEN001673; GEN001675; GEN001676; GEN001677; GEN001703; GEN001713; GEN001796; GEN001797; GEN001798; GEN001801; GEN001802; GEN001803; GEN001804; GEN001805; GEN001806; GEN001807; GEN001808; GEN001809; GEN001832; GEN001834; GEN001836; GEN001850; GEN001855; GEN001858; GEN001873; GEN001875; GEN002139; GEN002140; GEN002141; GEN002142; GEN002143; GEN002144; GEN002145; GEN002146; GEN002147; GEN002148; GEN002149; GEN002150; GEN002151; GEN002152; GEN002155; GEN002156; GEN002157; GEN002158; GEN002160; GEN002163; GEN002164; GEN002167; GEN002169; GEN002172; GEN002174; GEN002175,163,base_event_stream,2026-07-28T09:24:54+00:00
Spark,数据工程,traditional,算法; AI算法; 软件研发; 数据; 安全; 基础设施; 技术支持,广告算法工程师; 风控算法工程师; 机器学习算法工程师; 数据挖掘算法工程师; 算法工程师; C++开发工程师; Python开发工程师; 软件开发工程师; 数据开发工程师; 数据仓库工程师; 数据平台工程师; 数据治理工程师; 数据分析师; 数据工程师; 网络安全工程师; 信息安全工程师; 网络工程师; 技术支持工程师,2024-12,2026-07,GEN000584,GEN001486,248,GEN000584; GEN000586; GEN000587; GEN000588; GEN000589; GEN000590; GEN000592; GEN000594; GEN000595; GEN000597; GEN000599; GEN000603; GEN000605; GEN000610; GEN000612; GEN000613; GEN000615; GEN000616; GEN000617; GEN000619; GEN000620; GEN000622; GEN000625; GEN000626; GEN000627; GEN000628; GEN000630; GEN000633; GEN000635; GEN000636; GEN000637; GEN000638; GEN000639; GEN000641; GEN000643; GEN000646; GEN000648; GEN000649; GEN000651; GEN000653; GEN000654; GEN000655; GEN000656; GEN000659; GEN000662; GEN000664; GEN000666; GEN000667; GEN000668; GEN000671; GEN000673; GEN000674; GEN000676; GEN000680; GEN000720; GEN000721; GEN000723; GEN000724; GEN000725; GEN000727; GEN000731; GEN000732; GEN000733; GEN000736; GEN000738; GEN000741; GEN000744; GEN000745; GEN000746; GEN000749; GEN000750; GEN000753; GEN000756; GEN000757; GEN000760; GEN000764; GEN000765; GEN000769; GEN000771; GEN000773; GEN000775; GEN000778; GEN000941; GEN000973; GEN000976; GEN000978; GEN000980; GEN000981; GEN000983; GEN000984; GEN000986; GEN000987; GEN000988; GEN000989; GEN000990; GEN000991; GEN000992; GEN000995; GEN000996; GEN000997; GEN000998; GEN000999; GEN001000; GEN001001; GEN001002; GEN001301; GEN001302; GEN001303; GEN001305; GEN001306; GEN001308; GEN001312; GEN001314; GEN001315; GEN001316; GEN001318; GEN001319; GEN001320; GEN001321; GEN001324; GEN001327; GEN001329; GEN001330; GEN001332; GEN001333; GEN001335; GEN001337; GEN001338; GEN001340; GEN001342; GEN001344; GEN001346; GEN001347; GEN001349; GEN001351; GEN001352; GEN001354; GEN001355; GEN001357; GEN001360; GEN001361; GEN001362; GEN001363; GEN001364; GEN001366; GEN001368; GEN001370; GEN001372; GEN001373; GEN001374; GEN001375; GEN001377; GEN001378; GEN001379; GEN001380; GEN001381; GEN001383; GEN001384; GEN001385; GEN001386; GEN001387; GEN001389; GEN001390; GEN001393; GEN001394; GEN001395; GEN001396; GEN001397; GEN001399; GEN001400; GEN001401; GEN001402; GEN001403; GEN001404; GEN001405; GEN001406; GEN001407; GEN001409; GEN001410; GEN001411; GEN001412; GEN001414; GEN001415; GEN001416; GEN001417; GEN001419; GEN001420; GEN001421; GEN001422; GEN001423; GEN001424; GEN001425; GEN001426; GEN001427; GEN001428; GEN001429; GEN001430; GEN001431; GEN001432; GEN001433; GEN001434; GEN001435; GEN001436; GEN001437; GEN001438; GEN001441; GEN001442; GEN001443; GEN001444; GEN001446; GEN001447; GEN001448; GEN001451; GEN001452; GEN001453; GEN001454; GEN001456; GEN001457; GEN001458; GEN001460; GEN001461; GEN001466; GEN001467; GEN001468; GEN001469; GEN001470; GEN001471; GEN001472; GEN001473; GEN001474; GEN001476; GEN001478; GEN001479; GEN001480; GEN001482; GEN001483; GEN001484; GEN001485; GEN001486; GEN001701; GEN001702; GEN001718; GEN001729; GEN001734; GEN001743; GEN001804; GEN001808; GEN001868,248,base_event_stream,2026-07-28T09:24:54+00:00
Spring,软件开发,traditional,软件研发; 技术支持,Java开发工程师; 解决方案工程师,2024-12,2026-07,GEN000901,GEN000934,28,GEN000901; GEN000903; GEN000904; GEN000905; GEN000906; GEN000907; GEN000910; GEN000912; GEN000913; GEN000915; GEN000916; GEN000919; GEN000921; GEN000923; GEN000924; GEN000927; GEN000929; GEN000930; GEN000932; GEN000933; GEN000934; GEN001897; GEN001900; GEN001901; GEN001902; GEN001904; GEN001906; GEN001912,28,base_event_stream,2026-07-28T09:24:54+00:00
Spring Boot,软件开发,traditional,软件研发; 技术支持,Java开发工程师; 解决方案工程师,2024-12,2026-07,GEN000901,GEN000934,21,GEN000901; GEN000903; GEN000904; GEN000905; GEN000906; GEN000907; GEN000909; GEN000912; GEN000913; GEN000917; GEN000918; GEN000921; GEN000922; GEN000925; GEN000927; GEN000929; GEN000930; GEN000932; GEN000933; GEN000934; GEN001915,21,base_event_stream,2026-07-28T09:24:54+00:00
Swift,编程语言,traditional,软件研发; 测试质量; 安全,客户端开发工程师; Android开发工程师; iOS开发工程师; 测试开发工程师; 安全工程师,2024-12,2026-07,GEN001021,GEN001140,75,GEN001021; GEN001022; GEN001025; GEN001026; GEN001028; GEN001029; GEN001032; GEN001034; GEN001036; GEN001037; GEN001039; GEN001041; GEN001043; GEN001045; GEN001046; GEN001048; GEN001050; GEN001051; GEN001053; GEN001055; GEN001057; GEN001058; GEN001060; GEN001063; GEN001064; GEN001065; GEN001069; GEN001074; GEN001075; GEN001077; GEN001079; GEN001080; GEN001081; GEN001083; GEN001085; GEN001088; GEN001089; GEN001090; GEN001091; GEN001093; GEN001094; GEN001097; GEN001098; GEN001101; GEN001102; GEN001104; GEN001105; GEN001107; GEN001108; GEN001110; GEN001111; GEN001112; GEN001113; GEN001115; GEN001116; GEN001118; GEN001119; GEN001120; GEN001121; GEN001122; GEN001123; GEN001124; GEN001127; GEN001129; GEN001130; GEN001132; GEN001133; GEN001134; GEN001135; GEN001137; GEN001138; GEN001140; GEN001543; GEN001761; GEN001762,75,base_event_stream,2026-07-28T09:24:54+00:00
TCP/IP,系统与运维,traditional,软件研发; 基础设施; 安全; 技术支持,iOS开发工程师; 嵌入式软件工程师; 驱动开发工程师; DevOps工程师; 运维工程师; 网络安全工程师; 网络工程师; 技术支持工程师,2024-12,2026-07,GEN001179,GEN001728,66,GEN001128; GEN001179; GEN001181; GEN001182; GEN001183; GEN001184; GEN001185; GEN001187; GEN001188; GEN001189; GEN001191; GEN001192; GEN001195; GEN001196; GEN001197; GEN001198; GEN001199; GEN001200; GEN001202; GEN001203; GEN001204; GEN001205; GEN001206; GEN001207; GEN001209; GEN001210; GEN001212; GEN001225; GEN001232; GEN001242; GEN001244; GEN001623; GEN001624; GEN001625; GEN001639; GEN001642; GEN001644; GEN001648; GEN001650; GEN001651; GEN001654; GEN001655; GEN001658; GEN001659; GEN001661; GEN001663; GEN001665; GEN001666; GEN001668; GEN001671; GEN001675; GEN001676; GEN001677; GEN001728; GEN001796; GEN001797; GEN001798; GEN001799; GEN001800; GEN001801; GEN001802; GEN001803; GEN001805; GEN001807; GEN001809; GEN001866,66,base_event_stream,2026-07-28T09:24:54+00:00
TTS,大模型,new,AI算法; 技术支持; 多媒体; 芯片,语音算法工程师; 算法工程师; 技术支持工程师; 音视频工程师; 芯片设计工程师,2024-12,2026-07,GEN000475,GEN000513,31,GEN000475; GEN000476; GEN000477; GEN000478; GEN000480; GEN000481; GEN000482; GEN000483; GEN000485; GEN000486; GEN000487; GEN000489; GEN000491; GEN000492; GEN000495; GEN000497; GEN000498; GEN000502; GEN000503; GEN000504; GEN000507; GEN000508; GEN000510; GEN000512; GEN000513; GEN000754; GEN001886; GEN001888; GEN002056; GEN002057; GEN002109,31,base_event_stream,2026-07-28T09:24:54+00:00
TensorFlow,AI,traditional,AI算法; AI应用; AI基础设施; 算法; 数据; 测试质量; 自动驾驶; 多媒体; 通信; 芯片,大模型算法工程师; AI Agent算法工程师; AI应用工程师; AI Infra工程师; AIGC算法工程师; 计算机视觉算法工程师; 语音算法工程师; 推荐算法工程师; 搜索算法工程师; 广告算法工程师; 风控算法工程师; 机器学习算法工程师; 数据挖掘算法工程师; 算法研究员; 算法工程师; 数据分析师; 数据工程师; 质量工程师; 自动驾驶算法工程师; 音视频工程师; 通信工程师; 芯片设计工程师,2024-12,2026-07,GEN000002,GEN002137,370,GEN000002; GEN000003; GEN000004; GEN000005; GEN000006; GEN000008; GEN000011; GEN000012; GEN000014; GEN000017; GEN000018; GEN000021; GEN000022; GEN000026; GEN000029; GEN000031; GEN000033; GEN000034; GEN000037; GEN000038; GEN000040; GEN000041; GEN000045; GEN000046; GEN000047; GEN000051; GEN000053; GEN000056; GEN000058; GEN000060; GEN000064; GEN000065; GEN000068; GEN000070; GEN000071; GEN000073; GEN000075; GEN000076; GEN000077; GEN000078; GEN000081; GEN000083; GEN000086; GEN000087; GEN000089; GEN000091; GEN000092; GEN000094; GEN000095; GEN000096; GEN000098; GEN000101; GEN000102; GEN000103; GEN000108; GEN000109; GEN000111; GEN000112; GEN000113; GEN000191; GEN000194; GEN000196; GEN000201; GEN000203; GEN000207; GEN000208; GEN000211; GEN000213; GEN000215; GEN000219; GEN000221; GEN000223; GEN000245; GEN000247; GEN000248; GEN000249; GEN000250; GEN000254; GEN000255; GEN000257; GEN000258; GEN000259; GEN000261; GEN000264; GEN000267; GEN000268; GEN000269; GEN000271; GEN000272; GEN000277; GEN000278; GEN000280; GEN000282; GEN000283; GEN000286; GEN000287; GEN000290; GEN000292; GEN000295; GEN000296; GEN000299; GEN000301; GEN000302; GEN000307; GEN000308; GEN000310; GEN000311; GEN000312; GEN000313; GEN000314; GEN000316; GEN000318; GEN000319; GEN000321; GEN000323; GEN000324; GEN000326; GEN000327; GEN000328; GEN000330; GEN000332; GEN000334; GEN000335; GEN000336; GEN000339; GEN000341; GEN000342; GEN000343; GEN000344; GEN000446; GEN000449; GEN000450; GEN000452; GEN000454; GEN000455; GEN000456; GEN000458; GEN000460; GEN000462; GEN000463; GEN000465; GEN000466; GEN000467; GEN000469; GEN000470; GEN000472; GEN000473; GEN000474; GEN000476; GEN000477; GEN000478; GEN000480; GEN000481; GEN000482; GEN000483; GEN000485; GEN000487; GEN000488; GEN000490; GEN000492; GEN000493; GEN000495; GEN000496; GEN000497; GEN000498; GEN000500; GEN000502; GEN000503; GEN000504; GEN000505; GEN000508; GEN000510; GEN000513; GEN000514; GEN000516; GEN000518; GEN000520; GEN000525; GEN000526; GEN000528; GEN000530; GEN000533; GEN000534; GEN000535; GEN000536; GEN000537; GEN000539; GEN000540; GEN000542; GEN000544; GEN000545; GEN000546; GEN000548; GEN000549; GEN000551; GEN000553; GEN000554; GEN000556; GEN000559; GEN000561; GEN000562; GEN000565; GEN000567; GEN000570; GEN000572; GEN000574; GEN000576; GEN000580; GEN000581; GEN000584; GEN000586; GEN000587; GEN000588; GEN000589; GEN000590; GEN000591; GEN000594; GEN000596; GEN000598; GEN000599; GEN000601; GEN000603; GEN000604; GEN000606; GEN000607; GEN000608; GEN000611; GEN000613; GEN000615; GEN000616; GEN000617; GEN000619; GEN000620; GEN000623; GEN000624; GEN000626; GEN000627; GEN000629; GEN000630; GEN000632; GEN000634; GEN000636; GEN000637; GEN000638; GEN000640; GEN000641; GEN000643; GEN000646; GEN000648; GEN000649; GEN000651; GEN000653; GEN000654; GEN000655; GEN000657; GEN000658; GEN000659; GEN000661; GEN000663; GEN000665; GEN000667; GEN000669; GEN000670; GEN000672; GEN000675; GEN000676; GEN000677; GEN000678; GEN000680; GEN000681; GEN000683; GEN000684; GEN000685; GEN000686; GEN000687; GEN000688; GEN000689; GEN000691; GEN000692; GEN000693; GEN000694; GEN000697; GEN000698; GEN000700; GEN000703; GEN000704; GEN000706; GEN000708; GEN000710; GEN000712; GEN000714; GEN000715; GEN000719; GEN000720; GEN000721; GEN000723; GEN000724; GEN000726; GEN000728; GEN000730; GEN000731; GEN000733; GEN000734; GEN000736; GEN000737; GEN000738; GEN000740; GEN000742; GEN000744; GEN000745; GEN000747; GEN000748; GEN000751; GEN000752; GEN000753; GEN000755; GEN000759; GEN000760; GEN000763; GEN000764; GEN000767; GEN000769; GEN000771; GEN000772; GEN000773; GEN000776; GEN000777; GEN001441; GEN001452; GEN001455; GEN001477; GEN001594; GEN001980; GEN002006; GEN002057; GEN002063; GEN002071; GEN002072; GEN002073; GEN002074; GEN002077; GEN002078; GEN002081; GEN002082; GEN002083; GEN002084; GEN002085; GEN002087; GEN002090; GEN002091; GEN002092; GEN002094; GEN002095; GEN002098; GEN002099; GEN002101; GEN002106; GEN002109; GEN002110; GEN002115; GEN002118; GEN002121; GEN002123; GEN002125; GEN002128; GEN002129; GEN002132; GEN002134; GEN002135; GEN002137,370,base_event_stream,2026-07-28T09:24:54+00:00
TensorRT,大模型,new,AI基础设施; 软件研发; 基础设施; 技术支持; 芯片,AI Infra工程师; 后端开发工程师; 系统软件工程师; DevOps工程师; 解决方案工程师; 芯片设计工程师,2024-12,2026-07,GEN000245,GEN002137,89,GEN000245; GEN000247; GEN000248; GEN000249; GEN000252; GEN000256; GEN000257; GEN000258; GEN000261; GEN000265; GEN000267; GEN000269; GEN000270; GEN000273; GEN000276; GEN000279; GEN000282; GEN000284; GEN000285; GEN000288; GEN000289; GEN000290; GEN000292; GEN000295; GEN000298; GEN000299; GEN000300; GEN000301; GEN000302; GEN000304; GEN000305; GEN000306; GEN000788; GEN001141; GEN001142; GEN001145; GEN001146; GEN001148; GEN001150; GEN001152; GEN001154; GEN001155; GEN001158; GEN001159; GEN001162; GEN001163; GEN001165; GEN001166; GEN001168; GEN001169; GEN001171; GEN001172; GEN001174; GEN001175; GEN001176; GEN001177; GEN001629; GEN001631; GEN001632; GEN001633; GEN001634; GEN001635; GEN001637; GEN001934; GEN002091; GEN002092; GEN002093; GEN002096; GEN002098; GEN002099; GEN002101; GEN002104; GEN002109; GEN002110; GEN002112; GEN002113; GEN002115; GEN002119; GEN002120; GEN002121; GEN002125; GEN002126; GEN002127; GEN002128; GEN002131; GEN002132; GEN002134; GEN002136; GEN002137,89,base_event_stream,2026-07-28T09:24:54+00:00
TensorRT-LLM,大模型,new,通信,通信工程师,2025-10,2026-06,GEN002078,GEN002087,2,GEN002078; GEN002087,2,base_event_stream,2026-07-28T09:24:54+00:00
Tool Use,大模型,new,AI算法; AI应用; 软件研发; 测试质量; 技术支持; 产品,AI Agent算法工程师; 大模型应用工程师; AI Agent应用工程师; 后端开发工程师; 软件架构师; 测试开发工程师; 解决方案工程师; AI产品经理,2025-02,2026-07,GEN000060,GEN001299,25,GEN000060; GEN000121; GEN000159; GEN000793; GEN001263; GEN001264; GEN001265; GEN001267; GEN001269; GEN001272; GEN001274; GEN001277; GEN001280; GEN001282; GEN001284; GEN001285; GEN001287; GEN001289; GEN001292; GEN001296; GEN001297; GEN001299; GEN001563; GEN001932; GEN002330,25,base_event_stream,2026-07-28T09:24:54+00:00
Transformer,大模型,new,算法; AI算法; 数据; 自动驾驶; 多媒体; 芯片; 硬件,推荐算法工程师; 算法工程师; 数据开发工程师; 数据分析师; 自动驾驶算法工程师; 控制算法工程师; 音视频工程师; 芯片设计工程师; 硬件工程师,2024-12,2026-07,GEN000720,GEN002029,50,GEN000563; GEN000564; GEN000720; GEN000721; GEN000722; GEN000724; GEN000726; GEN000728; GEN000730; GEN000733; GEN000735; GEN000740; GEN000741; GEN000742; GEN000747; GEN000748; GEN000750; GEN000752; GEN000753; GEN000755; GEN000757; GEN000759; GEN000760; GEN000762; GEN000764; GEN000765; GEN000768; GEN000770; GEN000772; GEN000773; GEN000775; GEN000777; GEN000778; GEN001356; GEN001441; GEN001452; GEN001458; GEN001460; GEN001466; GEN001469; GEN002003; GEN002007; GEN002024; GEN002029; GEN002061; GEN002105; GEN002273; GEN002277; GEN002281; GEN002290,50,base_event_stream,2026-07-28T09:24:54+00:00
Triton,大模型,new,AI算法; AI基础设施; 软件研发; 基础设施; 技术支持; 芯片,大模型算法工程师; AI Infra工程师; 系统软件工程师; DevOps工程师; 云计算工程师; 解决方案工程师; 芯片设计工程师,2024-12,2026-07,GEN000002,GEN002137,88,GEN000002; GEN000245; GEN000246; GEN000251; GEN000252; GEN000253; GEN000254; GEN000259; GEN000263; GEN000265; GEN000267; GEN000268; GEN000270; GEN000273; GEN000274; GEN000276; GEN000277; GEN000280; GEN000281; GEN000283; GEN000286; GEN000287; GEN000289; GEN000291; GEN000292; GEN000295; GEN000298; GEN000299; GEN000301; GEN000304; GEN000305; GEN000307; GEN001141; GEN001142; GEN001145; GEN001147; GEN001149; GEN001150; GEN001152; GEN001154; GEN001156; GEN001157; GEN001160; GEN001161; GEN001164; GEN001165; GEN001167; GEN001170; GEN001171; GEN001173; GEN001175; GEN001176; GEN001178; GEN001628; GEN001629; GEN001630; GEN001632; GEN001633; GEN001634; GEN001635; GEN001637; GEN001686; GEN001933; GEN002092; GEN002093; GEN002095; GEN002097; GEN002100; GEN002101; GEN002106; GEN002107; GEN002108; GEN002111; GEN002113; GEN002115; GEN002116; GEN002119; GEN002121; GEN002123; GEN002124; GEN002126; GEN002128; GEN002129; GEN002131; GEN002132; GEN002133; GEN002135; GEN002137,88,base_event_stream,2026-07-28T09:24:54+00:00
TypeScript,编程语言,traditional,AI应用; 软件研发; 技术支持,AI Agent应用工程师; AI应用工程师; 前端开发工程师; 全栈开发工程师; iOS开发工程师; 技术支持工程师,2024-12,2026-07,GEN000153,GEN000899,66,GEN000153; GEN000156; GEN000190; GEN000193; GEN000198; GEN000201; GEN000204; GEN000206; GEN000209; GEN000212; GEN000213; GEN000214; GEN000218; GEN000221; GEN000222; GEN000817; GEN000818; GEN000819; GEN000821; GEN000822; GEN000824; GEN000826; GEN000828; GEN000829; GEN000831; GEN000832; GEN000834; GEN000837; GEN000841; GEN000842; GEN000844; GEN000845; GEN000848; GEN000850; GEN000851; GEN000853; GEN000857; GEN000858; GEN000859; GEN000862; GEN000863; GEN000866; GEN000867; GEN000868; GEN000869; GEN000870; GEN000873; GEN000875; GEN000876; GEN000878; GEN000881; GEN000882; GEN000884; GEN000885; GEN000886; GEN000888; GEN000890; GEN000891; GEN000893; GEN000894; GEN000895; GEN000897; GEN000899; GEN001117; GEN001136; GEN001879,66,base_event_stream,2026-07-28T09:24:54+00:00
Unix,系统与运维,traditional,软件研发,C++开发工程师; Python开发工程师,2025-03,2025-11,GEN000979,GEN000956,4,GEN000953; GEN000956; GEN000979; GEN000981,4,base_event_stream,2026-07-28T09:24:54+00:00
Unreal Engine,软件开发,traditional,软件研发; 基础设施; 技术支持; 多媒体,客户端开发工程师; DevOps工程师; 技术支持工程师; 图形图像工程师,2024-12,2026-07,GEN001021,GEN002054,48,GEN001021; GEN001024; GEN001027; GEN001028; GEN001032; GEN001035; GEN001036; GEN001039; GEN001040; GEN001042; GEN001044; GEN001047; GEN001048; GEN001051; GEN001055; GEN001056; GEN001059; GEN001063; GEN001064; GEN001066; GEN001068; GEN001071; GEN001074; GEN001075; GEN001622; GEN001879; GEN002030; GEN002031; GEN002032; GEN002033; GEN002034; GEN002035; GEN002036; GEN002037; GEN002038; GEN002039; GEN002040; GEN002042; GEN002043; GEN002044; GEN002046; GEN002047; GEN002049; GEN002050; GEN002051; GEN002052; GEN002053; GEN002054,48,base_event_stream,2026-07-28T09:24:54+00:00
VLA模型,大模型,new,机器人; 自动驾驶,机器人算法工程师; 自动驾驶算法工程师,2024-12,2026-06,GEN001974,GEN002001,17,GEN001942; GEN001943; GEN001944; GEN001945; GEN001946; GEN001947; GEN001948; GEN001949; GEN001950; GEN001952; GEN001953; GEN001954; GEN001955; GEN001956; GEN001958; GEN001974; GEN002001,17,base_event_stream,2026-07-28T09:24:54+00:00
VLM,大模型,new,AI算法; AI应用; 软件研发,AI Agent算法工程师; 大模型应用工程师; AI Agent应用工程师; AIGC算法工程师; 多模态算法工程师; 计算机视觉算法工程师; 前端开发工程师,2025-01,2026-07,GEN000346,GEN000474,71,GEN000081; GEN000106; GEN000120; GEN000170; GEN000311; GEN000312; GEN000313; GEN000315; GEN000317; GEN000318; GEN000320; GEN000321; GEN000323; GEN000324; GEN000326; GEN000327; GEN000332; GEN000333; GEN000335; GEN000336; GEN000338; GEN000340; GEN000342; GEN000343; GEN000344; GEN000346; GEN000347; GEN000349; GEN000351; GEN000354; GEN000356; GEN000358; GEN000360; GEN000361; GEN000362; GEN000365; GEN000367; GEN000370; GEN000371; GEN000373; GEN000375; GEN000377; GEN000378; GEN000380; GEN000381; GEN000384; GEN000385; GEN000386; GEN000387; GEN000389; GEN000393; GEN000394; GEN000448; GEN000451; GEN000453; GEN000454; GEN000455; GEN000456; GEN000457; GEN000459; GEN000461; GEN000463; GEN000465; GEN000466; GEN000467; GEN000468; GEN000470; GEN000472; GEN000473; GEN000474; GEN000845,71,base_event_stream,2026-07-28T09:24:54+00:00
Vue.js,编程语言,traditional,软件研发; 测试质量; 基础设施,前端开发工程师; 全栈开发工程师; iOS开发工程师; 质量工程师; 网络工程师,2024-12,2026-07,GEN000817,GEN000900,54,GEN000817; GEN000818; GEN000819; GEN000820; GEN000822; GEN000824; GEN000825; GEN000828; GEN000829; GEN000832; GEN000833; GEN000835; GEN000836; GEN000837; GEN000839; GEN000840; GEN000841; GEN000846; GEN000848; GEN000850; GEN000851; GEN000854; GEN000855; GEN000856; GEN000859; GEN000860; GEN000863; GEN000865; GEN000868; GEN000871; GEN000872; GEN000874; GEN000875; GEN000876; GEN000877; GEN000878; GEN000880; GEN000883; GEN000884; GEN000885; GEN000886; GEN000888; GEN000890; GEN000891; GEN000892; GEN000895; GEN000896; GEN000898; GEN000900; GEN001108; GEN001111; GEN001592; GEN001595; GEN001796,54,base_event_stream,2026-07-28T09:24:54+00:00
Webpack,软件开发,traditional,软件研发,前端开发工程师; 嵌入式软件工程师,2024-12,2026-07,GEN000817,GEN000872,33,GEN000817; GEN000818; GEN000819; GEN000820; GEN000822; GEN000823; GEN000825; GEN000827; GEN000830; GEN000831; GEN000833; GEN000834; GEN000836; GEN000839; GEN000843; GEN000845; GEN000846; GEN000848; GEN000850; GEN000852; GEN000854; GEN000857; GEN000858; GEN000859; GEN000860; GEN000863; GEN000865; GEN000871; GEN000872; GEN001179; GEN001186; GEN001189; GEN001207,33,base_event_stream,2026-07-28T09:24:54+00:00
Web爬虫,数据工程,traditional,AI安全; 安全,AI安全工程师; 网络安全工程师,2025-01,2026-06,GEN001703,GEN001726,5,GEN000231; GEN001703; GEN001715; GEN001716; GEN001726,5,base_event_stream,2026-07-28T09:24:54+00:00
harness工程,软件工程,traditional,AI算法,AI Agent算法工程师,2025-01,2025-01,GEN000055,GEN000055,1,GEN000055,1,base_event_stream,2026-07-28T09:24:54+00:00
iOS,软件开发,traditional,AI算法; 软件研发; 多媒体,语音算法工程师; C++开发工程师; 客户端开发工程师; Android开发工程师; iOS开发工程师; 音视频工程师,2024-12,2026-07,GEN001023,GEN001140,76,GEN000506; GEN000940; GEN000948; GEN000965; GEN000968; GEN001023; GEN001024; GEN001027; GEN001029; GEN001031; GEN001033; GEN001034; GEN001036; GEN001040; GEN001041; GEN001042; GEN001045; GEN001046; GEN001050; GEN001053; GEN001054; GEN001057; GEN001058; GEN001059; GEN001061; GEN001062; GEN001067; GEN001068; GEN001070; GEN001071; GEN001074; GEN001076; GEN001078; GEN001079; GEN001081; GEN001083; GEN001086; GEN001087; GEN001089; GEN001091; GEN001092; GEN001095; GEN001096; GEN001099; GEN001100; GEN001101; GEN001102; GEN001103; GEN001105; GEN001106; GEN001107; GEN001109; GEN001110; GEN001111; GEN001112; GEN001113; GEN001114; GEN001115; GEN001117; GEN001118; GEN001120; GEN001123; GEN001125; GEN001126; GEN001128; GEN001130; GEN001131; GEN001133; GEN001134; GEN001135; GEN001136; GEN001137; GEN001138; GEN001139; GEN001140; GEN002068,76,base_event_stream,2026-07-28T09:24:54+00:00
prompt工程,大模型,new,AI应用; AI算法; 软件研发; 测试质量; 技术支持; 产品,大模型应用工程师; AI Agent应用工程师; NLP算法工程师; 后端开发工程师; 前端开发工程师; 软件架构师; 测试开发工程师; 解决方案工程师; AI产品经理,2024-12,2026-07,GEN000115,web_202607_20260730184035726988_job_05e47dfd,154,GEN000115; GEN000116; GEN000117; GEN000120; GEN000121; GEN000122; GEN000123; GEN000124; GEN000125; GEN000126; GEN000127; GEN000130; GEN000132; GEN000134; GEN000135; GEN000137; GEN000139; GEN000142; GEN000143; GEN000144; GEN000146; GEN000148; GEN000151; GEN000153; GEN000154; GEN000155; GEN000157; GEN000158; GEN000159; GEN000161; GEN000163; GEN000165; GEN000166; GEN000168; GEN000171; GEN000172; GEN000173; GEN000175; GEN000177; GEN000178; GEN000181; GEN000182; GEN000183; GEN000186; GEN000187; GEN000189; GEN000395; GEN000396; GEN000398; GEN000399; GEN000401; GEN000402; GEN000403; GEN000404; GEN000408; GEN000409; GEN000410; GEN000412; GEN000415; GEN000417; GEN000419; GEN000420; GEN000422; GEN000424; GEN000427; GEN000428; GEN000429; GEN000430; GEN000435; GEN000437; GEN000439; GEN000440; GEN000443; GEN000445; GEN000787; GEN000849; GEN001267; GEN001550; GEN001553; GEN001555; GEN001556; GEN001560; GEN001561; GEN001565; GEN001568; GEN001569; GEN001571; GEN001574; GEN001578; GEN001580; GEN001582; GEN001583; GEN001587; GEN001588; GEN001901; GEN001902; GEN001903; GEN001904; GEN001905; GEN001906; GEN001907; GEN001908; GEN001909; GEN001910; GEN001911; GEN001912; GEN001913; GEN001914; GEN001915; GEN001916; GEN001917; GEN001919; GEN001921; GEN001923; GEN001924; GEN001927; GEN001928; GEN001930; GEN001932; GEN001934; GEN001936; GEN001937; GEN001938; GEN001939; GEN001940; GEN002304; GEN002305; GEN002306; GEN002307; GEN002308; GEN002309; GEN002310; GEN002311; GEN002313; GEN002314; GEN002315; GEN002316; GEN002318; GEN002319; GEN002321; GEN002322; GEN002323; GEN002324; GEN002325; GEN002326; GEN002327; GEN002330; GEN002332; GEN002333; GEN002334; GEN002335; web_202607_20260730182901742050_job_623c31d9; web_202607_20260730183017711285_job_16a9e0a5; web_202607_20260730184035726988_job_05e47dfd,154,base_event_stream; web_app_review,2026-07-30T10:41:03+00:00
上下文工程,大模型,new,AI算法; AI应用; 软件研发; 测试质量; 技术支持; 产品,AI Agent算法工程师; 大模型应用工程师; AI Agent应用工程师; 后端开发工程师; 软件架构师; 测试开发工程师; 解决方案工程师; AI产品经理,2025-03,2026-07,GEN000121,GEN001941,41,GEN000066; GEN000121; GEN000122; GEN000123; GEN000124; GEN000125; GEN000126; GEN000127; GEN000130; GEN000132; GEN000134; GEN000135; GEN000138; GEN000140; GEN000142; GEN000143; GEN000146; GEN000149; GEN000150; GEN000152; GEN000162; GEN000795; GEN001267; GEN001268; GEN001269; GEN001272; GEN001274; GEN001276; GEN001280; GEN001281; GEN001284; GEN001285; GEN001288; GEN001289; GEN001292; GEN001295; GEN001297; GEN001299; GEN001564; GEN001941; GEN002322,41,base_event_stream,2026-07-28T09:24:54+00:00
世界模型,大模型,new,AI算法; 通信,算法研究员; 通信工程师,2025-05,2026-04,GEN000687,GEN002086,6,GEN000687; GEN000692; GEN000703; GEN002082; GEN002085; GEN002086,6,base_event_stream,2026-07-28T09:24:54+00:00
云计算,云计算,traditional,软件研发; 基础设施; 技术支持; 机器人; 通信,C++开发工程师; Go开发工程师; 软件架构师; 运维工程师; 云计算工程师; 服务器工程师; 技术支持工程师; 解决方案工程师; 机器人软件工程师; 通信工程师,2024-12,2026-07,GEN001003,GEN001972,174,GEN000954; GEN001003; GEN001004; GEN001005; GEN001006; GEN001007; GEN001008; GEN001009; GEN001010; GEN001011; GEN001012; GEN001013; GEN001014; GEN001015; GEN001016; GEN001017; GEN001018; GEN001019; GEN001020; GEN001255; GEN001257; GEN001258; GEN001259; GEN001262; GEN001264; GEN001265; GEN001268; GEN001269; GEN001272; GEN001273; GEN001275; GEN001277; GEN001278; GEN001280; GEN001282; GEN001283; GEN001285; GEN001287; GEN001290; GEN001291; GEN001292; GEN001295; GEN001296; GEN001297; GEN001300; GEN001640; GEN001642; GEN001644; GEN001648; GEN001649; GEN001651; GEN001654; GEN001655; GEN001657; GEN001660; GEN001662; GEN001663; GEN001665; GEN001667; GEN001668; GEN001672; GEN001674; GEN001676; GEN001677; GEN001679; GEN001680; GEN001682; GEN001685; GEN001686; GEN001687; GEN001688; GEN001689; GEN001691; GEN001692; GEN001694; GEN001695; GEN001698; GEN001699; GEN001820; GEN001822; GEN001823; GEN001824; GEN001825; GEN001826; GEN001827; GEN001829; GEN001830; GEN001831; GEN001832; GEN001833; GEN001835; GEN001836; GEN001837; GEN001838; GEN001839; GEN001841; GEN001844; GEN001846; GEN001848; GEN001849; GEN001850; GEN001851; GEN001852; GEN001853; GEN001854; GEN001856; GEN001860; GEN001862; GEN001863; GEN001864; GEN001865; GEN001866; GEN001869; GEN001871; GEN001874; GEN001877; GEN001878; GEN001881; GEN001883; GEN001884; GEN001886; GEN001887; GEN001889; GEN001890; GEN001891; GEN001892; GEN001893; GEN001895; GEN001896; GEN001897; GEN001898; GEN001899; GEN001900; GEN001903; GEN001904; GEN001905; GEN001907; GEN001908; GEN001909; GEN001912; GEN001914; GEN001915; GEN001916; GEN001917; GEN001918; GEN001919; GEN001921; GEN001922; GEN001924; GEN001927; GEN001929; GEN001930; GEN001932; GEN001935; GEN001936; GEN001937; GEN001938; GEN001939; GEN001940; GEN001959; GEN001960; GEN001961; GEN001962; GEN001963; GEN001964; GEN001965; GEN001966; GEN001967; GEN001968; GEN001969; GEN001970; GEN001971; GEN001972; GEN002088,174,base_event_stream,2026-07-28T09:24:54+00:00
交互技术,交互体验,traditional,AI算法; 自动驾驶,AI Agent算法工程师; 算法研究员; 自动驾驶算法工程师,2025-01,2025-12,GEN000053,GEN001992,5,GEN000053; GEN000682; GEN001975; GEN001976; GEN001992,5,base_event_stream,2026-07-28T09:24:54+00:00
人因工程,交互体验,traditional,数据,数据分析师,2024-12,2026-05,GEN001437,GEN001463,2,GEN001437; GEN001463,2,base_event_stream,2026-07-28T09:24:54+00:00
代价模型,算法与数学,traditional,基础设施,数据库工程师,2025-06,2025-06,GEN001815,GEN001815,1,GEN001815,1,base_event_stream,2026-07-28T09:24:54+00:00
仿真技术,科学计算与仿真,traditional,软件研发; 安全; 基础设施; 机器人; 算法; 芯片; 硬件,Python开发工程师; 网络安全工程师; 服务器工程师; 机器人算法工程师; 机器人软件工程师; 控制算法工程师; 芯片验证工程师; 电源工程师; 结构工程师; 热设计工程师; 硬件工程师,2024-12,2026-07,GEN000974,GEN002267,136,GEN000974; GEN000976; GEN000996; GEN001702; GEN001842; GEN001845; GEN001849; GEN001854; GEN001860; GEN001942; GEN001943; GEN001944; GEN001945; GEN001946; GEN001947; GEN001948; GEN001949; GEN001950; GEN001952; GEN001953; GEN001955; GEN001956; GEN001957; GEN001958; GEN001959; GEN001960; GEN001961; GEN001962; GEN001963; GEN001964; GEN001965; GEN001966; GEN001967; GEN001968; GEN001969; GEN001970; GEN001971; GEN001972; GEN002007; GEN002008; GEN002009; GEN002010; GEN002011; GEN002012; GEN002013; GEN002014; GEN002015; GEN002017; GEN002018; GEN002019; GEN002020; GEN002021; GEN002022; GEN002023; GEN002024; GEN002025; GEN002026; GEN002028; GEN002029; GEN002161; GEN002187; GEN002188; GEN002190; GEN002191; GEN002192; GEN002193; GEN002195; GEN002197; GEN002198; GEN002199; GEN002200; GEN002202; GEN002203; GEN002204; GEN002207; GEN002209; GEN002210; GEN002211; GEN002213; GEN002214; GEN002215; GEN002216; GEN002217; GEN002218; GEN002219; GEN002220; GEN002221; GEN002222; GEN002223; GEN002224; GEN002225; GEN002226; GEN002228; GEN002229; GEN002230; GEN002231; GEN002232; GEN002233; GEN002234; GEN002235; GEN002236; GEN002237; GEN002238; GEN002239; GEN002240; GEN002242; GEN002243; GEN002244; GEN002245; GEN002246; GEN002247; GEN002248; GEN002249; GEN002250; GEN002251; GEN002252; GEN002253; GEN002254; GEN002255; GEN002256; GEN002257; GEN002258; GEN002259; GEN002260; GEN002261; GEN002262; GEN002263; GEN002264; GEN002265; GEN002266; GEN002267; GEN002275; GEN002291; GEN002296; GEN002302; GEN002303,136,base_event_stream,2026-07-28T09:24:54+00:00
信号处理,硬件与芯片,traditional,AI算法; 软件研发; 测试质量; 技术支持; 多媒体; 通信,语音算法工程师; 驱动开发工程师; 质量工程师; 解决方案工程师; 音视频工程师; 通信工程师,2024-12,2026-07,GEN000476,GEN001252,50,GEN000476; GEN000477; GEN000478; GEN000480; GEN000481; GEN000482; GEN000483; GEN000484; GEN000487; GEN000489; GEN000490; GEN000492; GEN000494; GEN000496; GEN000499; GEN000501; GEN000504; GEN000506; GEN000507; GEN000509; GEN000510; GEN000511; GEN000514; GEN001212; GEN001225; GEN001231; GEN001244; GEN001251; GEN001252; GEN001600; GEN001602; GEN001900; GEN001904; GEN001910; GEN001915; GEN001917; GEN002055; GEN002057; GEN002063; GEN002071; GEN002072; GEN002075; GEN002076; GEN002079; GEN002080; GEN002081; GEN002083; GEN002084; GEN002085; GEN002088,50,base_event_stream,2026-07-28T09:24:54+00:00
信号完整性,硬件与芯片,traditional,测试质量; 技术支持; 硬件,质量工程师; 解决方案工程师; 电源工程师; 硬件工程师,2024-12,2026-07,GEN001590,GEN002219,27,GEN001590; GEN001897; GEN001900; GEN002204; GEN002217; GEN002219; GEN002268; GEN002271; GEN002274; GEN002276; GEN002278; GEN002280; GEN002281; GEN002283; GEN002285; GEN002286; GEN002287; GEN002288; GEN002290; GEN002292; GEN002293; GEN002294; GEN002295; GEN002296; GEN002298; GEN002300; GEN002301,27,base_event_stream,2026-07-28T09:24:54+00:00
信息安全,安全,traditional,软件研发; 数据; 安全; 硬件; 产品,Python开发工程师; 客户端开发工程师; 数据平台工程师; 数据分析师; 网络安全工程师; 信息安全工程师; 安全工程师; 硬件工程师; AI产品经理,2024-12,2026-07,GEN000973,GEN001795,88,GEN000973; GEN000991; GEN001031; GEN001413; GEN001454; GEN001457; GEN001701; GEN001702; GEN001703; GEN001704; GEN001705; GEN001706; GEN001707; GEN001708; GEN001709; GEN001710; GEN001711; GEN001712; GEN001713; GEN001714; GEN001716; GEN001717; GEN001719; GEN001721; GEN001722; GEN001723; GEN001724; GEN001725; GEN001728; GEN001729; GEN001730; GEN001731; GEN001733; GEN001735; GEN001736; GEN001737; GEN001738; GEN001740; GEN001741; GEN001742; GEN001744; GEN001746; GEN001747; GEN001748; GEN001749; GEN001750; GEN001751; GEN001752; GEN001754; GEN001755; GEN001756; GEN001757; GEN001758; GEN001759; GEN001760; GEN001761; GEN001762; GEN001763; GEN001764; GEN001765; GEN001766; GEN001767; GEN001768; GEN001771; GEN001772; GEN001773; GEN001774; GEN001775; GEN001776; GEN001779; GEN001780; GEN001781; GEN001783; GEN001784; GEN001785; GEN001786; GEN001788; GEN001790; GEN001791; GEN001792; GEN001794; GEN001795; GEN002268; GEN002296; GEN002302; GEN002304; GEN002305; GEN002308,88,base_event_stream,2026-07-28T09:24:54+00:00
信息检索,AI,traditional,算法,推荐算法工程师,2024-12,2026-07,GEN000515,GEN000565,20,GEN000515; GEN000518; GEN000522; GEN000525; GEN000526; GEN000530; GEN000531; GEN000534; GEN000537; GEN000539; GEN000542; GEN000546; GEN000549; GEN000550; GEN000554; GEN000555; GEN000558; GEN000561; GEN000563; GEN000565,20,base_event_stream,2026-07-28T09:24:54+00:00
信息论,算法与数学,traditional,多媒体,音视频工程师,2026-04,2026-04,GEN002068,GEN002068,1,GEN002068,1,base_event_stream,2026-07-28T09:24:54+00:00
健康算法,行业应用,traditional,软件研发,驱动开发工程师,2026-04,2026-06,GEN001242,GEN001246,2,GEN001242; GEN001246,2,base_event_stream,2026-07-28T09:24:54+00:00
充电系统,硬件与芯片,traditional,硬件,电源工程师,2025-01,2026-07,GEN002190,GEN002217,4,GEN002190; GEN002213; GEN002215; GEN002217,4,base_event_stream,2026-07-28T09:24:54+00:00
光学技术,硬件与芯片,traditional,软件研发; 技术支持; 多媒体; 硬件,嵌入式软件工程师; 技术支持工程师; 图形图像工程师; 结构工程师; 硬件工程师,2024-12,2026-07,GEN001179,GEN002241,69,GEN001179; GEN001181; GEN001182; GEN001183; GEN001184; GEN001186; GEN001187; GEN001188; GEN001189; GEN001190; GEN001192; GEN001193; GEN001194; GEN001195; GEN001196; GEN001197; GEN001198; GEN001199; GEN001201; GEN001202; GEN001204; GEN001205; GEN001208; GEN001209; GEN001210; GEN001862; GEN001883; GEN002048; GEN002220; GEN002221; GEN002222; GEN002223; GEN002224; GEN002225; GEN002226; GEN002227; GEN002228; GEN002230; GEN002231; GEN002232; GEN002233; GEN002235; GEN002236; GEN002237; GEN002238; GEN002239; GEN002240; GEN002241; GEN002269; GEN002270; GEN002271; GEN002272; GEN002273; GEN002274; GEN002277; GEN002280; GEN002281; GEN002282; GEN002284; GEN002286; GEN002288; GEN002290; GEN002291; GEN002293; GEN002294; GEN002295; GEN002299; GEN002301; GEN002303,69,base_event_stream,2026-07-28T09:24:54+00:00
内存管理,软件工程,traditional,AI算法; 软件研发; 技术支持; 芯片; 硬件,算法研究员; C++开发工程师; Android开发工程师; iOS开发工程师; 嵌入式软件工程师; 驱动开发工程师; 软件架构师; 解决方案工程师; 芯片设计工程师; 硬件工程师,2024-12,2026-07,GEN001098,GEN001250,70,GEN000707; GEN000944; GEN000945; GEN001082; GEN001098; GEN001100; GEN001101; GEN001102; GEN001103; GEN001104; GEN001106; GEN001108; GEN001109; GEN001110; GEN001112; GEN001113; GEN001115; GEN001116; GEN001118; GEN001119; GEN001120; GEN001122; GEN001123; GEN001124; GEN001125; GEN001126; GEN001128; GEN001130; GEN001132; GEN001133; GEN001134; GEN001135; GEN001137; GEN001138; GEN001139; GEN001140; GEN001179; GEN001180; GEN001183; GEN001184; GEN001185; GEN001186; GEN001188; GEN001189; GEN001190; GEN001191; GEN001193; GEN001194; GEN001195; GEN001196; GEN001197; GEN001198; GEN001199; GEN001200; GEN001202; GEN001203; GEN001204; GEN001206; GEN001207; GEN001209; GEN001210; GEN001233; GEN001245; GEN001250; GEN001258; GEN001260; GEN001905; GEN001918; GEN002101; GEN002272,70,base_event_stream,2026-07-28T09:24:54+00:00
分布式存储,数据工程,traditional,软件研发; 数据; 基础设施; 技术支持; 通信,Python开发工程师; 数据分析师; DevOps工程师; 技术支持工程师; 通信工程师,2025-02,2026-01,GEN001441,GEN001457,8,GEN000980; GEN000984; GEN001441; GEN001455; GEN001457; GEN001623; GEN001886; GEN002077,8,base_event_stream,2026-07-28T09:24:54+00:00
分布式系统,软件工程,traditional,AI应用; AI基础设施; 算法; AI算法; 软件研发; 基础设施; 安全; 机器人; 多媒体; 硬件; 产品,AI Agent应用工程师; AI Infra工程师; 搜索算法工程师; 机器学习算法工程师; 后端开发工程师; Java开发工程师; C++开发工程师; Go开发工程师; 软件架构师; 软件开发工程师; 运维工程师; 云计算工程师; 安全工程师; 数据库工程师; 服务器工程师; 机器人算法工程师; 音视频工程师; 硬件工程师; AI产品经理,2024-12,2026-07,GEN000153,GEN001700,249,GEN000153; GEN000154; GEN000155; GEN000160; GEN000161; GEN000164; GEN000165; GEN000167; GEN000168; GEN000171; GEN000173; GEN000175; GEN000176; GEN000179; GEN000181; GEN000183; GEN000185; GEN000187; GEN000189; GEN000246; GEN000247; GEN000249; GEN000251; GEN000253; GEN000256; GEN000260; GEN000262; GEN000265; GEN000266; GEN000269; GEN000270; GEN000274; GEN000275; GEN000278; GEN000279; GEN000280; GEN000281; GEN000284; GEN000285; GEN000287; GEN000291; GEN000294; GEN000295; GEN000298; GEN000299; GEN000300; GEN000301; GEN000303; GEN000307; GEN000567; GEN000568; GEN000569; GEN000571; GEN000573; GEN000575; GEN000577; GEN000578; GEN000579; GEN000581; GEN000650; GEN000652; GEN000654; GEN000655; GEN000657; GEN000660; GEN000661; GEN000663; GEN000666; GEN000667; GEN000780; GEN000781; GEN000782; GEN000783; GEN000784; GEN000785; GEN000787; GEN000788; GEN000791; GEN000793; GEN000795; GEN000796; GEN000797; GEN000799; GEN000801; GEN000803; GEN000806; GEN000807; GEN000810; GEN000811; GEN000814; GEN000816; GEN000901; GEN000903; GEN000904; GEN000905; GEN000906; GEN000908; GEN000910; GEN000912; GEN000913; GEN000915; GEN000917; GEN000918; GEN000920; GEN000923; GEN000925; GEN000927; GEN000928; GEN000931; GEN000932; GEN000933; GEN000934; GEN000942; GEN001003; GEN001004; GEN001005; GEN001006; GEN001008; GEN001010; GEN001011; GEN001012; GEN001013; GEN001014; GEN001015; GEN001016; GEN001017; GEN001018; GEN001019; GEN001020; GEN001254; GEN001257; GEN001260; GEN001262; GEN001264; GEN001265; GEN001267; GEN001270; GEN001273; GEN001274; GEN001278; GEN001279; GEN001282; GEN001284; GEN001286; GEN001287; GEN001290; GEN001291; GEN001294; GEN001297; GEN001299; GEN001301; GEN001302; GEN001303; GEN001304; GEN001307; GEN001309; GEN001311; GEN001314; GEN001315; GEN001316; GEN001317; GEN001320; GEN001321; GEN001323; GEN001326; GEN001328; GEN001329; GEN001333; GEN001335; GEN001336; GEN001339; GEN001341; GEN001342; GEN001344; GEN001639; GEN001641; GEN001644; GEN001646; GEN001649; GEN001651; GEN001654; GEN001655; GEN001657; GEN001660; GEN001662; GEN001663; GEN001665; GEN001667; GEN001670; GEN001671; GEN001675; GEN001676; GEN001678; GEN001679; GEN001680; GEN001682; GEN001685; GEN001686; GEN001687; GEN001688; GEN001689; GEN001690; GEN001693; GEN001694; GEN001696; GEN001697; GEN001700; GEN001771; GEN001776; GEN001810; GEN001812; GEN001813; GEN001814; GEN001815; GEN001816; GEN001817; GEN001818; GEN001819; GEN001835; GEN001845; GEN001850; GEN001942; GEN001943; GEN001944; GEN001945; GEN001946; GEN001947; GEN001948; GEN001949; GEN001950; GEN001951; GEN001952; GEN001953; GEN001954; GEN001956; GEN001957; GEN002055; GEN002270; GEN002280; GEN002285; GEN002292; GEN002300; GEN002301; GEN002304; GEN002305; GEN002306; GEN002308; GEN002310; GEN002311,249,base_event_stream,2026-07-28T09:24:54+00:00
分布式计算,数据工程,traditional,AI算法; 算法; 软件研发; 基础设施; 通信; 硬件,多模态算法工程师; 广告算法工程师; Python开发工程师; 软件架构师; 服务器工程师; 通信工程师; 硬件工程师,2024-12,2026-07,GEN000584,GEN000617,31,GEN000368; GEN000584; GEN000586; GEN000587; GEN000588; GEN000589; GEN000590; GEN000592; GEN000594; GEN000596; GEN000597; GEN000601; GEN000602; GEN000603; GEN000606; GEN000607; GEN000609; GEN000612; GEN000614; GEN000615; GEN000616; GEN000617; GEN000978; GEN000981; GEN001260; GEN001829; GEN001840; GEN002075; GEN002077; GEN002278; GEN002290,31,base_event_stream,2026-07-28T09:24:54+00:00
分布式训练,大模型,new,AI基础设施; AI算法; 软件研发; 基础设施; 技术支持,AI Infra工程师; 多模态算法工程师; NLP算法工程师; 后端开发工程师; 系统软件工程师; DevOps工程师; 解决方案工程师,2024-12,2026-07,GEN000245,GEN001638,117,GEN000245; GEN000246; GEN000249; GEN000250; GEN000251; GEN000254; GEN000255; GEN000256; GEN000258; GEN000259; GEN000261; GEN000262; GEN000265; GEN000267; GEN000268; GEN000270; GEN000272; GEN000273; GEN000275; GEN000276; GEN000279; GEN000281; GEN000282; GEN000284; GEN000286; GEN000287; GEN000289; GEN000291; GEN000293; GEN000294; GEN000296; GEN000297; GEN000302; GEN000304; GEN000305; GEN000306; GEN000347; GEN000348; GEN000349; GEN000352; GEN000353; GEN000355; GEN000358; GEN000360; GEN000362; GEN000363; GEN000365; GEN000367; GEN000368; GEN000372; GEN000375; GEN000376; GEN000379; GEN000381; GEN000382; GEN000383; GEN000385; GEN000386; GEN000387; GEN000389; GEN000391; GEN000392; GEN000393; GEN000395; GEN000396; GEN000398; GEN000399; GEN000402; GEN000403; GEN000404; GEN000407; GEN000410; GEN000411; GEN000412; GEN000417; GEN000420; GEN000421; GEN000422; GEN000423; GEN000427; GEN000428; GEN000431; GEN000433; GEN000434; GEN000436; GEN000439; GEN000440; GEN000442; GEN000443; GEN000444; GEN000797; GEN001148; GEN001149; GEN001150; GEN001151; GEN001153; GEN001155; GEN001158; GEN001159; GEN001162; GEN001164; GEN001165; GEN001167; GEN001168; GEN001169; GEN001172; GEN001173; GEN001174; GEN001178; GEN001629; GEN001630; GEN001632; GEN001633; GEN001634; GEN001635; GEN001638; GEN001935,117,base_event_stream,2026-07-28T09:24:54+00:00
功能安全,安全,traditional,安全,信息安全工程师,2026-03,2026-03,GEN001755,GEN001755,1,GEN001755,1,base_event_stream,2026-07-28T09:24:54+00:00
动画技术,计算机视觉与图形,traditional,软件研发,客户端开发工程师,2024-12,2026-07,GEN001023,GEN001076,24,GEN001023; GEN001025; GEN001028; GEN001029; GEN001032; GEN001035; GEN001036; GEN001039; GEN001043; GEN001044; GEN001047; GEN001048; GEN001051; GEN001054; GEN001057; GEN001058; GEN001062; GEN001064; GEN001066; GEN001068; GEN001070; GEN001071; GEN001073; GEN001076,24,base_event_stream,2026-07-28T09:24:54+00:00
参数估计,算法与数学,traditional,硬件,电源工程师,2024-12,2026-07,GEN002187,GEN002219,24,GEN002187; GEN002189; GEN002191; GEN002192; GEN002194; GEN002195; GEN002197; GEN002198; GEN002199; GEN002201; GEN002202; GEN002203; GEN002204; GEN002206; GEN002207; GEN002208; GEN002210; GEN002211; GEN002214; GEN002215; GEN002216; GEN002217; GEN002218; GEN002219,24,base_event_stream,2026-07-28T09:24:54+00:00
可靠性设计,系统与运维,traditional,硬件,硬件工程师,2024-12,2026-06,GEN002268,GEN002300,2,GEN002268; GEN002300,2,base_event_stream,2026-07-28T09:24:54+00:00
向量数据库,数据工程,new,AI应用; 算法; 软件研发; 数据; 基础设施; 技术支持; 产品,大模型应用工程师; AI Agent应用工程师; 搜索算法工程师; 后端开发工程师; 全栈开发工程师; 软件架构师; 数据开发工程师; 数据平台工程师; DevOps工程师; 解决方案工程师; AI产品经理,2024-12,2026-07,GEN000115,GEN001941,85,GEN000115; GEN000118; GEN000120; GEN000121; GEN000122; GEN000123; GEN000124; GEN000125; GEN000126; GEN000127; GEN000130; GEN000131; GEN000133; GEN000136; GEN000138; GEN000140; GEN000142; GEN000144; GEN000145; GEN000149; GEN000151; GEN000152; GEN000160; GEN000566; GEN000568; GEN000570; GEN000572; GEN000574; GEN000577; GEN000578; GEN000579; GEN000581; GEN000782; GEN000894; GEN001269; GEN001345; GEN001347; GEN001350; GEN001351; GEN001352; GEN001354; GEN001355; GEN001358; GEN001359; GEN001362; GEN001363; GEN001364; GEN001365; GEN001368; GEN001369; GEN001371; GEN001374; GEN001375; GEN001377; GEN001398; GEN001400; GEN001401; GEN001402; GEN001403; GEN001404; GEN001405; GEN001406; GEN001407; GEN001409; GEN001410; GEN001411; GEN001412; GEN001413; GEN001414; GEN001415; GEN001416; GEN001417; GEN001633; GEN001924; GEN001927; GEN001928; GEN001931; GEN001933; GEN001934; GEN001936; GEN001937; GEN001938; GEN001939; GEN001941; GEN002321,85,base_event_stream,2026-07-28T09:24:54+00:00
因果推断,算法与数学,new,AI算法; 数据; 测试质量,算法工程师; 数据平台工程师; 数据分析师; 测试工程师,2024-12,2026-07,GEN000720,GEN001469,54,GEN000720; GEN000721; GEN000722; GEN000724; GEN000725; GEN000727; GEN000729; GEN000734; GEN000735; GEN000738; GEN000741; GEN000742; GEN000745; GEN000746; GEN000750; GEN000752; GEN000754; GEN000756; GEN000758; GEN000762; GEN000764; GEN000766; GEN000771; GEN000772; GEN000773; GEN000775; GEN000777; GEN001418; GEN001436; GEN001438; GEN001439; GEN001440; GEN001442; GEN001443; GEN001444; GEN001445; GEN001447; GEN001449; GEN001450; GEN001451; GEN001452; GEN001454; GEN001455; GEN001456; GEN001459; GEN001461; GEN001462; GEN001463; GEN001464; GEN001465; GEN001467; GEN001468; GEN001469; GEN001614,54,base_event_stream,2026-07-28T09:24:54+00:00
国产化适配,系统与运维,traditional,基础设施; 硬件,服务器工程师; 硬件工程师,2025-03,2026-05,GEN002275,GEN001854,8,GEN001825; GEN001854; GEN002275; GEN002276; GEN002277; GEN002290; GEN002293; GEN002296,8,base_event_stream,2026-07-28T09:24:54+00:00
图像图形技术,计算机视觉与图形,traditional,AI算法; 软件研发; 算法; 多媒体,AIGC算法工程师; 计算机视觉算法工程师; 算法研究员; 算法工程师; C++开发工程师; iOS开发工程师; 驱动开发工程师; 控制算法工程师; 图形图像工程师; 音视频工程师,2024-12,2026-07,GEN000308,GEN002054,117,GEN000308; GEN000310; GEN000311; GEN000312; GEN000313; GEN000314; GEN000317; GEN000318; GEN000322; GEN000323; GEN000325; GEN000326; GEN000329; GEN000332; GEN000334; GEN000335; GEN000336; GEN000339; GEN000341; GEN000342; GEN000343; GEN000344; GEN000447; GEN000449; GEN000451; GEN000452; GEN000454; GEN000455; GEN000456; GEN000457; GEN000460; GEN000461; GEN000464; GEN000465; GEN000466; GEN000467; GEN000469; GEN000471; GEN000472; GEN000473; GEN000474; GEN000692; GEN000694; GEN000713; GEN000720; GEN000721; GEN000722; GEN000724; GEN000726; GEN000727; GEN000731; GEN000734; GEN000735; GEN000739; GEN000743; GEN000745; GEN000747; GEN000749; GEN000755; GEN000756; GEN000757; GEN000760; GEN000761; GEN000766; GEN000767; GEN000769; GEN000770; GEN000774; GEN000777; GEN000778; GEN000941; GEN001114; GEN001116; GEN001137; GEN001138; GEN001226; GEN001250; GEN002009; GEN002014; GEN002016; GEN002024; GEN002026; GEN002030; GEN002031; GEN002032; GEN002033; GEN002034; GEN002035; GEN002036; GEN002037; GEN002038; GEN002039; GEN002040; GEN002041; GEN002042; GEN002043; GEN002045; GEN002046; GEN002047; GEN002048; GEN002051; GEN002052; GEN002053; GEN002054; GEN002055; GEN002056; GEN002058; GEN002059; GEN002060; GEN002061; GEN002062; GEN002063; GEN002064; GEN002066; GEN002067; GEN002068; GEN002069,117,base_event_stream,2026-07-28T09:24:54+00:00
地图算法,行业应用,traditional,AI算法; 软件研发,算法工程师; C++开发工程师,2025-09,2026-01,GEN000739,GEN000962,2,GEN000739; GEN000962,2,base_event_stream,2026-07-28T09:24:54+00:00
多方安全计算,安全,new,AI算法,算法研究员,2025-10,2025-10,GEN000697,GEN000697,1,GEN000697,1,base_event_stream,2026-07-28T09:24:54+00:00
多模态,大模型,new,AI算法; AI应用; 软件研发; 多媒体; 产品,大模型算法工程师; 大模型应用工程师; AI Agent应用工程师; AIGC算法工程师; 多模态算法工程师; NLP算法工程师; 计算机视觉算法工程师; 前端开发工程师; 音视频工程师; AI产品经理,2024-12,2026-07,GEN000308,GEN000474,128,GEN000004; GEN000005; GEN000007; GEN000009; GEN000010; GEN000012; GEN000015; GEN000016; GEN000018; GEN000019; GEN000022; GEN000023; GEN000025; GEN000026; GEN000027; GEN000030; GEN000032; GEN000034; GEN000036; GEN000038; GEN000039; GEN000045; GEN000049; GEN000123; GEN000182; GEN000308; GEN000309; GEN000311; GEN000312; GEN000313; GEN000314; GEN000317; GEN000318; GEN000319; GEN000321; GEN000323; GEN000325; GEN000329; GEN000331; GEN000332; GEN000333; GEN000336; GEN000338; GEN000340; GEN000342; GEN000343; GEN000344; GEN000345; GEN000346; GEN000347; GEN000350; GEN000351; GEN000353; GEN000356; GEN000357; GEN000358; GEN000359; GEN000363; GEN000366; GEN000367; GEN000370; GEN000371; GEN000372; GEN000374; GEN000377; GEN000380; GEN000382; GEN000384; GEN000386; GEN000390; GEN000392; GEN000396; GEN000398; GEN000399; GEN000402; GEN000404; GEN000406; GEN000408; GEN000410; GEN000411; GEN000413; GEN000414; GEN000417; GEN000420; GEN000421; GEN000423; GEN000424; GEN000428; GEN000429; GEN000432; GEN000433; GEN000436; GEN000438; GEN000439; GEN000442; GEN000445; GEN000446; GEN000447; GEN000448; GEN000451; GEN000453; GEN000454; GEN000455; GEN000456; GEN000458; GEN000460; GEN000462; GEN000464; GEN000465; GEN000466; GEN000467; GEN000468; GEN000470; GEN000472; GEN000473; GEN000474; GEN000850; GEN002058; GEN002059; GEN002060; GEN002061; GEN002063; GEN002065; GEN002066; GEN002067; GEN002068; GEN002069; GEN002320,128,base_event_stream,2026-07-28T09:24:54+00:00
多目标优化,算法与数学,traditional,产品,AI产品经理,2024-12,2025-02,GEN002304,GEN002311,3,GEN002304; GEN002310; GEN002311,3,base_event_stream,2026-07-28T09:24:54+00:00
多租户架构,系统与运维,traditional,AI应用,AI Agent应用工程师,2024-12,2024-12,GEN000154,GEN000154,1,GEN000154,1,base_event_stream,2026-07-28T09:24:54+00:00
大模型安全,大模型,new,AI算法; AI安全; 测试质量; 安全; 产品,AI Agent算法工程师; AI安全工程师; 大模型测试工程师; 网络安全工程师; 信息安全工程师; AI产品经理,2025-01,2026-07,GEN000224,GEN001760,80,GEN000074; GEN000224; GEN000226; GEN000229; GEN000232; GEN000234; GEN000235; GEN000237; GEN000238; GEN000242; GEN000244; GEN001489; GEN001491; GEN001492; GEN001493; GEN001494; GEN001496; GEN001499; GEN001500; GEN001502; GEN001505; GEN001506; GEN001509; GEN001510; GEN001511; GEN001515; GEN001519; GEN001520; GEN001522; GEN001524; GEN001526; GEN001528; GEN001529; GEN001704; GEN001705; GEN001706; GEN001707; GEN001708; GEN001709; GEN001711; GEN001712; GEN001714; GEN001715; GEN001716; GEN001718; GEN001719; GEN001720; GEN001722; GEN001723; GEN001724; GEN001725; GEN001726; GEN001727; GEN001733; GEN001734; GEN001735; GEN001736; GEN001737; GEN001738; GEN001739; GEN001740; GEN001742; GEN001743; GEN001744; GEN001745; GEN001746; GEN001747; GEN001748; GEN001749; GEN001750; GEN001752; GEN001753; GEN001754; GEN001755; GEN001756; GEN001757; GEN001758; GEN001759; GEN001760; GEN002321,80,base_event_stream,2026-07-28T09:24:54+00:00
大模型应用,大模型,new,AI应用; 软件研发; 测试质量; 技术支持; 产品,大模型应用工程师; AI Agent应用工程师; AI应用工程师; 后端开发工程师; 前端开发工程师; 软件开发工程师; 测试开发工程师; 解决方案工程师; AI产品经理,2024-12,2026-07,GEN000116,GEN002335,80,GEN000116; GEN000118; GEN000119; GEN000121; GEN000122; GEN000123; GEN000124; GEN000125; GEN000126; GEN000127; GEN000130; GEN000131; GEN000133; GEN000135; GEN000137; GEN000140; GEN000141; GEN000143; GEN000145; GEN000148; GEN000149; GEN000150; GEN000152; GEN000158; GEN000190; GEN000193; GEN000195; GEN000196; GEN000197; GEN000200; GEN000201; GEN000203; GEN000205; GEN000207; GEN000208; GEN000211; GEN000212; GEN000214; GEN000215; GEN000216; GEN000217; GEN000221; GEN000222; GEN000786; GEN000852; GEN001308; GEN001572; GEN001925; GEN001926; GEN001929; GEN001930; GEN001932; GEN001934; GEN001936; GEN001937; GEN001938; GEN001939; GEN001941; GEN002310; GEN002311; GEN002312; GEN002313; GEN002314; GEN002315; GEN002316; GEN002317; GEN002318; GEN002320; GEN002321; GEN002322; GEN002323; GEN002324; GEN002325; GEN002326; GEN002327; GEN002330; GEN002331; GEN002333; GEN002334; GEN002335,80,base_event_stream,2026-07-28T09:24:54+00:00
大模型训练,大模型,new,AI算法; AI基础设施; 软件研发; 基础设施,AI Agent算法工程师; AI Infra工程师; 多模态算法工程师; NLP算法工程师; 系统软件工程师; DevOps工程师; 云计算工程师,2024-12,2026-07,GEN000245,GEN001177,117,GEN000072; GEN000073; GEN000076; GEN000080; GEN000081; GEN000083; GEN000086; GEN000088; GEN000090; GEN000092; GEN000096; GEN000099; GEN000102; GEN000103; GEN000107; GEN000109; GEN000110; GEN000114; GEN000245; GEN000246; GEN000247; GEN000249; GEN000251; GEN000252; GEN000255; GEN000256; GEN000259; GEN000261; GEN000263; GEN000264; GEN000267; GEN000269; GEN000270; GEN000271; GEN000274; GEN000276; GEN000277; GEN000278; GEN000280; GEN000283; GEN000286; GEN000287; GEN000289; GEN000290; GEN000293; GEN000297; GEN000299; GEN000303; GEN000304; GEN000305; GEN000307; GEN000346; GEN000347; GEN000350; GEN000352; GEN000353; GEN000356; GEN000359; GEN000360; GEN000361; GEN000364; GEN000365; GEN000368; GEN000369; GEN000372; GEN000374; GEN000376; GEN000379; GEN000380; GEN000382; GEN000383; GEN000384; GEN000386; GEN000388; GEN000389; GEN000391; GEN000392; GEN000393; GEN000396; GEN000397; GEN000400; GEN000401; GEN000404; GEN000406; GEN000408; GEN000409; GEN000411; GEN000413; GEN000414; GEN000416; GEN000418; GEN000419; GEN000421; GEN000422; GEN000424; GEN000426; GEN000427; GEN000429; GEN000432; GEN000434; GEN000435; GEN000438; GEN000441; GEN000443; GEN001154; GEN001155; GEN001157; GEN001159; GEN001161; GEN001164; GEN001168; GEN001171; GEN001172; GEN001175; GEN001177; GEN001632; GEN001689,117,base_event_stream,2026-07-28T09:24:54+00:00
大模型评测,大模型,new,AI算法; AI应用; AI安全; 测试质量; 技术支持; 产品,AI Agent算法工程师; 大模型应用工程师; AI安全工程师; 大模型测试工程师; 测试开发工程师; 质量工程师; 解决方案工程师; AI产品经理,2024-12,2026-07,GEN001488,GEN001528,47,GEN000057; GEN000118; GEN000225; GEN000227; GEN000228; GEN000230; GEN000231; GEN000235; GEN000237; GEN000238; GEN000242; GEN000243; GEN001488; GEN001489; GEN001491; GEN001492; GEN001493; GEN001495; GEN001497; GEN001499; GEN001500; GEN001502; GEN001504; GEN001506; GEN001508; GEN001510; GEN001512; GEN001513; GEN001515; GEN001516; GEN001517; GEN001518; GEN001521; GEN001522; GEN001523; GEN001524; GEN001527; GEN001528; GEN001557; GEN001595; GEN001596; GEN001598; GEN001599; GEN001600; GEN001601; GEN001932; GEN002319,47,base_event_stream,2026-07-28T09:24:54+00:00
大模型调优,大模型,new,AI算法; AI应用; 软件研发; 测试质量; 技术支持,AI Agent算法工程师; 大模型应用工程师; 后端开发工程师; 大模型测试工程师; 解决方案工程师,2024-12,2026-07,GEN000116,GEN001941,54,GEN000054; GEN000116; GEN000117; GEN000120; GEN000121; GEN000122; GEN000123; GEN000124; GEN000125; GEN000126; GEN000128; GEN000130; GEN000131; GEN000133; GEN000134; GEN000136; GEN000138; GEN000139; GEN000141; GEN000142; GEN000144; GEN000146; GEN000147; GEN000149; GEN000151; GEN000152; GEN000802; GEN001496; GEN001498; GEN001500; GEN001502; GEN001505; GEN001506; GEN001508; GEN001513; GEN001514; GEN001517; GEN001518; GEN001520; GEN001525; GEN001526; GEN001527; GEN001528; GEN001924; GEN001926; GEN001929; GEN001931; GEN001932; GEN001934; GEN001936; GEN001937; GEN001938; GEN001939; GEN001941,54,base_event_stream,2026-07-28T09:24:54+00:00
大模型预训练,大模型,new,AI算法,算法研究员,2025-01,2025-01,GEN000683,GEN000683,1,GEN000683,1,base_event_stream,2026-07-28T09:24:54+00:00
封装EDA,硬件与芯片,traditional,芯片,芯片测试工程师,2025-01,2026-07,GEN002176,GEN002186,11,GEN002176; GEN002177; GEN002178; GEN002179; GEN002180; GEN002181; GEN002182; GEN002183; GEN002184; GEN002185; GEN002186,11,base_event_stream,2026-07-28T09:24:54+00:00
小模型,大模型,new,通信,通信工程师,2025-01,2025-01,GEN002075,GEN002075,1,GEN002075,1,base_event_stream,2026-07-28T09:24:54+00:00
工业自动化,工业与物联网,traditional,自动驾驶; 芯片; 硬件,自动驾驶算法工程师; 芯片测试工程师; 电源工程师; 结构工程师,2024-12,2026-07,GEN002220,GEN002241,41,GEN001980; GEN001991; GEN001996; GEN002176; GEN002177; GEN002178; GEN002179; GEN002180; GEN002181; GEN002182; GEN002183; GEN002184; GEN002185; GEN002186; GEN002189; GEN002196; GEN002197; GEN002198; GEN002211; GEN002214; GEN002220; GEN002221; GEN002222; GEN002223; GEN002224; GEN002225; GEN002226; GEN002227; GEN002228; GEN002229; GEN002230; GEN002231; GEN002232; GEN002233; GEN002234; GEN002236; GEN002237; GEN002238; GEN002239; GEN002240; GEN002241,41,base_event_stream,2026-07-28T09:24:54+00:00
序列建模,AI,new,技术支持; 自动驾驶; 通信,技术支持工程师; 自动驾驶算法工程师; 通信工程师,2024-12,2026-05,GEN002072,GEN001894,5,GEN001887; GEN001894; GEN001976; GEN001991; GEN002072,5,base_event_stream,2026-07-28T09:24:54+00:00
异常检测,软件工程,new,算法; 数据; 安全; 基础设施; 产品,风控算法工程师; 数据分析师; 信息安全工程师; 安全工程师; 数据库工程师; AI产品经理,2024-12,2026-07,GEN000618,GEN000649,31,GEN000618; GEN000620; GEN000622; GEN000625; GEN000626; GEN000627; GEN000629; GEN000630; GEN000633; GEN000635; GEN000636; GEN000637; GEN000638; GEN000639; GEN000642; GEN000644; GEN000645; GEN000647; GEN000649; GEN001438; GEN001461; GEN001464; GEN001740; GEN001787; GEN001817; GEN002304; GEN002305; GEN002309; GEN002314; GEN002315; GEN002317,31,base_event_stream,2026-07-28T09:24:54+00:00
异构计算,硬件与芯片,new,软件研发; 测试质量; 安全; 硬件,嵌入式软件工程师; 驱动开发工程师; 质量工程师; 测试工程师; 安全工程师; 硬件工程师,2024-12,2026-07,GEN001590,GEN001253,9,GEN001203; GEN001249; GEN001253; GEN001590; GEN001609; GEN001786; GEN002288; GEN002297; GEN002303,9,base_event_stream,2026-07-28T09:24:54+00:00
引擎开发,软件开发,traditional,多媒体,图形图像工程师,2026-04,2026-04,GEN002051,GEN002051,1,GEN002051,1,base_event_stream,2026-07-28T09:24:54+00:00
归因分析,软件工程,traditional,数据,数据分析师,2026-07,2026-07,GEN001467,GEN001467,1,GEN001467,1,base_event_stream,2026-07-28T09:24:54+00:00
形式化验证,软件工程,traditional,AI算法; 软件研发; 芯片,算法研究员; Python开发工程师; 芯片设计工程师; 芯片验证工程师,2025-01,2026-03,GEN002140,GEN000709,6,GEN000692; GEN000709; GEN000981; GEN000993; GEN002109; GEN002140,6,base_event_stream,2026-07-28T09:24:54+00:00
微服务安全,系统与运维,traditional,安全,网络安全工程师; 信息安全工程师,2025-08,2025-11,GEN001740,GEN001716,2,GEN001716; GEN001740,2,base_event_stream,2026-07-28T09:24:54+00:00
微服务架构,软件工程,traditional,算法,推荐算法工程师,2026-06,2026-06,GEN000560,GEN000560,1,GEN000560,1,base_event_stream,2026-07-28T09:24:54+00:00
性能优化,软件工程,traditional,软件研发; 测试质量; 基础设施; 自动驾驶; 通信,前端开发工程师; 客户端开发工程师; Android开发工程师; iOS开发工程师; 嵌入式软件工程师; 测试开发工程师; 服务器工程师; 自动驾驶算法工程师; 通信工程师,2024-12,2026-07,GEN000817,GEN002004,77,GEN000817; GEN000818; GEN000819; GEN000821; GEN000822; GEN000824; GEN000825; GEN000827; GEN000829; GEN000832; GEN000833; GEN000834; GEN000835; GEN000836; GEN000838; GEN000839; GEN000841; GEN000843; GEN000844; GEN000846; GEN000848; GEN000851; GEN000852; GEN000856; GEN000857; GEN000859; GEN000860; GEN000863; GEN000865; GEN000867; GEN000869; GEN000871; GEN001023; GEN001024; GEN001026; GEN001028; GEN001033; GEN001034; GEN001037; GEN001039; GEN001042; GEN001043; GEN001046; GEN001049; GEN001053; GEN001055; GEN001057; GEN001058; GEN001064; GEN001066; GEN001067; GEN001069; GEN001072; GEN001073; GEN001076; GEN001077; GEN001079; GEN001081; GEN001082; GEN001083; GEN001084; GEN001086; GEN001088; GEN001089; GEN001090; GEN001093; GEN001094; GEN001097; GEN001126; GEN001179; GEN001192; GEN001575; GEN001825; GEN001859; GEN002004; GEN002081; GEN002082,77,base_event_stream,2026-07-28T09:24:54+00:00
惯性导航,机器人与自动驾驶,new,软件研发,C++开发工程师,2025-10,2025-10,GEN000954,GEN000954,1,GEN000954,1,base_event_stream,2026-07-28T09:24:54+00:00
感知算法,AI,new,软件研发; 自动驾驶; 硬件,C++开发工程师; 自动驾驶算法工程师; 电源工程师; 结构工程师,2024-12,2026-07,GEN002220,GEN002241,31,GEN000961; GEN000964; GEN001989; GEN002197; GEN002199; GEN002203; GEN002206; GEN002207; GEN002212; GEN002216; GEN002220; GEN002221; GEN002222; GEN002223; GEN002224; GEN002225; GEN002226; GEN002227; GEN002228; GEN002230; GEN002231; GEN002232; GEN002233; GEN002234; GEN002235; GEN002236; GEN002237; GEN002238; GEN002239; GEN002240; GEN002241,31,base_event_stream,2026-07-28T09:24:54+00:00
推理优化,大模型,new,AI算法; AI基础设施; 软件研发; 基础设施; 技术支持,AI Agent算法工程师; AI Infra工程师; 后端开发工程师; 系统软件工程师; 软件架构师; DevOps工程师; 云计算工程师; 解决方案工程师,2024-12,2026-07,GEN000245,GEN001700,48,GEN000077; GEN000245; GEN000782; GEN001143; GEN001144; GEN001145; GEN001147; GEN001148; GEN001151; GEN001154; GEN001156; GEN001157; GEN001159; GEN001160; GEN001161; GEN001163; GEN001165; GEN001167; GEN001168; GEN001170; GEN001171; GEN001172; GEN001175; GEN001176; GEN001177; GEN001267; GEN001628; GEN001629; GEN001631; GEN001632; GEN001633; GEN001634; GEN001636; GEN001637; GEN001681; GEN001683; GEN001684; GEN001686; GEN001687; GEN001688; GEN001689; GEN001690; GEN001693; GEN001694; GEN001696; GEN001698; GEN001700; GEN001936,48,base_event_stream,2026-07-28T09:24:54+00:00
推荐算法,AI,traditional,AI算法; 算法; 软件研发,AI Agent算法工程师; 推荐算法工程师; 搜索算法工程师; 广告算法工程师; 算法工程师; 驱动开发工程师,2024-12,2026-07,GEN000052,GEN000778,94,GEN000052; GEN000516; GEN000518; GEN000519; GEN000520; GEN000523; GEN000524; GEN000525; GEN000526; GEN000527; GEN000528; GEN000530; GEN000532; GEN000533; GEN000535; GEN000536; GEN000538; GEN000539; GEN000541; GEN000543; GEN000544; GEN000547; GEN000548; GEN000550; GEN000553; GEN000554; GEN000555; GEN000556; GEN000558; GEN000559; GEN000561; GEN000562; GEN000563; GEN000564; GEN000565; GEN000566; GEN000568; GEN000569; GEN000572; GEN000573; GEN000575; GEN000577; GEN000579; GEN000581; GEN000584; GEN000585; GEN000587; GEN000588; GEN000589; GEN000590; GEN000591; GEN000593; GEN000596; GEN000598; GEN000601; GEN000602; GEN000604; GEN000605; GEN000607; GEN000608; GEN000610; GEN000611; GEN000613; GEN000615; GEN000616; GEN000617; GEN000720; GEN000721; GEN000723; GEN000724; GEN000725; GEN000728; GEN000731; GEN000733; GEN000735; GEN000740; GEN000742; GEN000745; GEN000749; GEN000750; GEN000753; GEN000754; GEN000758; GEN000760; GEN000761; GEN000766; GEN000767; GEN000769; GEN000770; GEN000772; GEN000777; GEN000778; GEN001218; GEN001219,94,base_event_stream,2026-07-28T09:24:54+00:00
搜索算法,AI,traditional,算法; 软件研发; 数据; 基础设施,推荐算法工程师; 搜索算法工程师; 广告算法工程师; 驱动开发工程师; 数据分析师; 数据工程师; DevOps工程师,2024-12,2026-07,GEN000516,GEN001486,58,GEN000516; GEN000519; GEN000522; GEN000525; GEN000527; GEN000529; GEN000531; GEN000534; GEN000537; GEN000539; GEN000544; GEN000547; GEN000549; GEN000550; GEN000553; GEN000554; GEN000556; GEN000561; GEN000562; GEN000563; GEN000567; GEN000570; GEN000572; GEN000574; GEN000577; GEN000578; GEN000579; GEN000582; GEN000584; GEN000585; GEN000587; GEN000588; GEN000589; GEN000590; GEN000592; GEN000594; GEN000595; GEN000598; GEN000599; GEN000602; GEN000606; GEN000610; GEN000611; GEN000614; GEN000615; GEN000616; GEN000617; GEN001223; GEN001251; GEN001463; GEN001464; GEN001467; GEN001475; GEN001476; GEN001481; GEN001486; GEN001620; GEN001625,58,base_event_stream,2026-07-28T09:24:54+00:00
操作系统,系统与运维,traditional,AI应用; 软件研发; 数据; 安全; 基础设施,AI应用工程师; 后端开发工程师; 全栈开发工程师; C++开发工程师; 客户端开发工程师; 软件架构师; 软件开发工程师; 数据仓库工程师; 信息安全工程师; 安全工程师; 服务器工程师,2024-12,2026-07,GEN000780,GEN001344,121,GEN000190; GEN000195; GEN000196; GEN000201; GEN000202; GEN000207; GEN000208; GEN000210; GEN000215; GEN000217; GEN000220; GEN000222; GEN000780; GEN000781; GEN000782; GEN000783; GEN000784; GEN000785; GEN000787; GEN000788; GEN000790; GEN000792; GEN000794; GEN000796; GEN000797; GEN000800; GEN000802; GEN000803; GEN000805; GEN000806; GEN000808; GEN000810; GEN000813; GEN000815; GEN000816; GEN000874; GEN000935; GEN000936; GEN000937; GEN000938; GEN000939; GEN000940; GEN000943; GEN000945; GEN000946; GEN000947; GEN000950; GEN000951; GEN000952; GEN000954; GEN000955; GEN000956; GEN000957; GEN000959; GEN000961; GEN000962; GEN000963; GEN000964; GEN000965; GEN000967; GEN000969; GEN000971; GEN000972; GEN001023; GEN001025; GEN001028; GEN001030; GEN001031; GEN001034; GEN001038; GEN001040; GEN001042; GEN001043; GEN001046; GEN001049; GEN001050; GEN001052; GEN001055; GEN001056; GEN001059; GEN001062; GEN001065; GEN001068; GEN001072; GEN001073; GEN001075; GEN001256; GEN001301; GEN001302; GEN001303; GEN001305; GEN001306; GEN001308; GEN001310; GEN001312; GEN001314; GEN001315; GEN001316; GEN001317; GEN001318; GEN001320; GEN001322; GEN001326; GEN001328; GEN001329; GEN001331; GEN001332; GEN001335; GEN001336; GEN001339; GEN001340; GEN001343; GEN001344; GEN001389; GEN001390; GEN001734; GEN001750; GEN001764; GEN001770; GEN001793; GEN001830,121,base_event_stream,2026-07-28T09:24:54+00:00
数字人技术,AI,new,多媒体,音视频工程师,2024-12,2026-04,GEN002055,GEN002067,4,GEN002055; GEN002062; GEN002065; GEN002067,4,base_event_stream,2026-07-28T09:24:54+00:00
数字取证,安全,traditional,安全,网络安全工程师,2025-01,2026-07,GEN001703,GEN001728,3,GEN001703; GEN001726; GEN001728,3,base_event_stream,2026-07-28T09:24:54+00:00
数据工程,数据工程,traditional,AI安全; 算法; AI算法; 软件研发; 数据; 测试质量; 基础设施; 安全; 技术支持; 产品; AI应用,AI安全工程师; 风控算法工程师; 机器学习算法工程师; 数据挖掘算法工程师; 后端开发工程师; Java开发工程师; Python开发工程师; Go开发工程师; iOS开发工程师; 驱动开发工程师; 软件架构师; 软件开发工程师; 数据开发工程师; 数据仓库工程师; 数据平台工程师; 数据治理工程师; 数据分析师; 数据工程师; 测试开发工程师; 质量工程师; 测试工程师; 运维工程师; 信息安全工程师; 数据库工程师; 服务器工程师; 技术支持工程师; 解决方案工程师; AI产品经理; 大模型应用工程师,2024-12,2026-07,GEN000618,web_202607_20260730184035726988_job_05e47dfd,444,GEN000225; GEN000228; GEN000230; GEN000231; GEN000233; GEN000237; GEN000238; GEN000241; GEN000244; GEN000618; GEN000620; GEN000622; GEN000624; GEN000626; GEN000627; GEN000629; GEN000630; GEN000632; GEN000634; GEN000636; GEN000637; GEN000638; GEN000640; GEN000642; GEN000643; GEN000646; GEN000647; GEN000649; GEN000651; GEN000652; GEN000654; GEN000655; GEN000658; GEN000659; GEN000662; GEN000663; GEN000665; GEN000667; GEN000669; GEN000670; GEN000673; GEN000675; GEN000677; GEN000678; GEN000679; GEN000780; GEN000781; GEN000782; GEN000783; GEN000784; GEN000785; GEN000786; GEN000789; GEN000791; GEN000792; GEN000794; GEN000796; GEN000797; GEN000799; GEN000801; GEN000804; GEN000805; GEN000807; GEN000808; GEN000810; GEN000812; GEN000814; GEN000815; GEN000901; GEN000903; GEN000904; GEN000905; GEN000906; GEN000908; GEN000910; GEN000912; GEN000913; GEN000916; GEN000919; GEN000921; GEN000922; GEN000924; GEN000926; GEN000928; GEN000931; GEN000932; GEN000933; GEN000934; GEN000973; GEN000974; GEN000975; GEN000976; GEN000977; GEN000978; GEN000979; GEN000982; GEN000983; GEN000984; GEN000985; GEN000986; GEN000987; GEN000988; GEN000989; GEN000990; GEN000991; GEN000992; GEN000995; GEN000996; GEN000998; GEN000999; GEN001000; GEN001001; GEN001002; GEN001003; GEN001012; GEN001098; GEN001107; GEN001109; GEN001110; GEN001115; GEN001126; GEN001228; GEN001255; GEN001256; GEN001259; GEN001263; GEN001266; GEN001268; GEN001270; GEN001271; GEN001275; GEN001278; GEN001279; GEN001282; GEN001284; GEN001286; GEN001287; GEN001290; GEN001291; GEN001295; GEN001297; GEN001300; GEN001301; GEN001302; GEN001303; GEN001305; GEN001307; GEN001308; GEN001311; GEN001312; GEN001313; GEN001319; GEN001322; GEN001323; GEN001325; GEN001328; GEN001330; GEN001331; GEN001332; GEN001337; GEN001339; GEN001341; GEN001342; GEN001344; GEN001346; GEN001347; GEN001350; GEN001351; GEN001352; GEN001354; GEN001355; GEN001358; GEN001360; GEN001361; GEN001363; GEN001364; GEN001366; GEN001367; GEN001370; GEN001371; GEN001373; GEN001375; GEN001376; GEN001377; GEN001378; GEN001379; GEN001380; GEN001381; GEN001382; GEN001383; GEN001384; GEN001385; GEN001386; GEN001387; GEN001388; GEN001389; GEN001390; GEN001391; GEN001392; GEN001394; GEN001395; GEN001396; GEN001398; GEN001400; GEN001401; GEN001402; GEN001403; GEN001404; GEN001405; GEN001406; GEN001407; GEN001408; GEN001409; GEN001410; GEN001411; GEN001412; GEN001413; GEN001414; GEN001415; GEN001416; GEN001417; GEN001418; GEN001419; GEN001420; GEN001421; GEN001422; GEN001423; GEN001424; GEN001425; GEN001426; GEN001427; GEN001428; GEN001429; GEN001430; GEN001431; GEN001432; GEN001433; GEN001434; GEN001435; GEN001436; GEN001437; GEN001438; GEN001439; GEN001440; GEN001441; GEN001442; GEN001443; GEN001444; GEN001445; GEN001446; GEN001447; GEN001449; GEN001450; GEN001453; GEN001454; GEN001455; GEN001457; GEN001458; GEN001459; GEN001461; GEN001462; GEN001463; GEN001465; GEN001466; GEN001467; GEN001468; GEN001469; GEN001486; GEN001532; GEN001534; GEN001536; GEN001539; GEN001543; GEN001544; GEN001545; GEN001548; GEN001549; GEN001552; GEN001557; GEN001558; GEN001560; GEN001562; GEN001563; GEN001567; GEN001570; GEN001572; GEN001573; GEN001576; GEN001577; GEN001580; GEN001581; GEN001583; GEN001586; GEN001588; GEN001591; GEN001600; GEN001603; GEN001604; GEN001606; GEN001608; GEN001610; GEN001613; GEN001614; GEN001615; GEN001616; GEN001618; GEN001619; GEN001640; GEN001642; GEN001645; GEN001647; GEN001650; GEN001652; GEN001654; GEN001655; GEN001658; GEN001659; GEN001662; GEN001663; GEN001664; GEN001666; GEN001669; GEN001672; GEN001675; GEN001676; GEN001677; GEN001729; GEN001730; GEN001731; GEN001732; GEN001733; GEN001735; GEN001736; GEN001737; GEN001738; GEN001739; GEN001740; GEN001741; GEN001742; GEN001744; GEN001745; GEN001746; GEN001748; GEN001749; GEN001751; GEN001752; GEN001753; GEN001755; GEN001756; GEN001757; GEN001758; GEN001759; GEN001810; GEN001812; GEN001813; GEN001815; GEN001816; GEN001817; GEN001818; GEN001819; GEN001820; GEN001821; GEN001823; GEN001824; GEN001825; GEN001826; GEN001827; GEN001828; GEN001829; GEN001831; GEN001833; GEN001834; GEN001836; GEN001839; GEN001842; GEN001843; GEN001844; GEN001845; GEN001846; GEN001848; GEN001850; GEN001851; GEN001853; GEN001855; GEN001856; GEN001858; GEN001859; GEN001861; GEN001864; GEN001866; GEN001868; GEN001870; GEN001871; GEN001874; GEN001876; GEN001877; GEN001880; GEN001881; GEN001882; GEN001884; GEN001886; GEN001888; GEN001890; GEN001891; GEN001892; GEN001893; GEN001894; GEN001896; GEN001897; GEN001898; GEN001899; GEN001900; GEN001901; GEN001903; GEN001904; GEN001905; GEN001906; GEN001907; GEN001908; GEN001910; GEN001912; GEN001914; GEN001916; GEN001920; GEN001921; GEN001924; GEN001926; GEN001928; GEN001930; GEN001932; GEN001935; GEN001936; GEN001937; GEN001938; GEN001939; GEN001941; GEN002305; GEN002308; GEN002311; GEN002313; GEN002315; web_202607_20260730182901742050_job_623c31d9; web_202607_20260730183017711285_job_16a9e0a5; web_202607_20260730184035726988_job_05e47dfd,444,base_event_stream; web_app_review,2026-07-30T10:41:03+00:00
时间序列算法,算法与数学,traditional,AI算法; 软件研发; 测试质量; 基础设施,算法研究员; 驱动开发工程师; 测试工程师; DevOps工程师,2025-02,2026-06,GEN001605,GEN001618,6,GEN000699; GEN001221; GEN001605; GEN001618; GEN001623; GEN001624,6,base_event_stream,2026-07-28T09:24:54+00:00
机器人与自动驾驶,机器人与自动驾驶,new,软件研发; 技术支持; 算法; 硬件,C++开发工程师; 嵌入式软件工程师; 驱动开发工程师; 技术支持工程师; 控制算法工程师; 电源工程师; 结构工程师; 硬件工程师,2024-12,2026-07,GEN001181,GEN002241,64,GEN000947; GEN000952; GEN000962; GEN000968; GEN001181; GEN001218; GEN001231; GEN001253; GEN001882; GEN002007; GEN002008; GEN002009; GEN002010; GEN002011; GEN002012; GEN002014; GEN002015; GEN002018; GEN002019; GEN002020; GEN002021; GEN002022; GEN002023; GEN002024; GEN002025; GEN002027; GEN002028; GEN002029; GEN002188; GEN002191; GEN002198; GEN002207; GEN002211; GEN002212; GEN002214; GEN002215; GEN002218; GEN002219; GEN002220; GEN002221; GEN002222; GEN002223; GEN002224; GEN002225; GEN002226; GEN002228; GEN002229; GEN002231; GEN002232; GEN002233; GEN002234; GEN002235; GEN002236; GEN002237; GEN002238; GEN002239; GEN002240; GEN002241; GEN002279; GEN002280; GEN002291; GEN002295; GEN002296; GEN002303,64,base_event_stream,2026-07-28T09:24:54+00:00
机器学习,AI,traditional,AI算法; AI应用; AI安全; 算法; 软件研发; 数据; 测试质量; 安全; 技术支持; 自动驾驶; 芯片; 硬件; 产品,大模型算法工程师; AI Agent算法工程师; AI应用工程师; AI安全工程师; AIGC算法工程师; 多模态算法工程师; 语音算法工程师; 推荐算法工程师; 搜索算法工程师; 广告算法工程师; 风控算法工程师; 机器学习算法工程师; 数据挖掘算法工程师; 算法研究员; 算法工程师; C++开发工程师; 驱动开发工程师; 数据平台工程师; 数据分析师; 数据工程师; 大模型测试工程师; 网络安全工程师; 安全工程师; 解决方案工程师; 自动驾驶算法工程师; 控制算法工程师; 芯片测试工程师; 电源工程师; AI产品经理,2024-12,2026-07,GEN000002,GEN002186,433,GEN000002; GEN000003; GEN000004; GEN000005; GEN000007; GEN000008; GEN000011; GEN000013; GEN000014; GEN000017; GEN000019; GEN000022; GEN000023; GEN000024; GEN000025; GEN000029; GEN000030; GEN000032; GEN000034; GEN000035; GEN000036; GEN000037; GEN000039; GEN000042; GEN000045; GEN000047; GEN000048; GEN000051; GEN000055; GEN000056; GEN000057; GEN000060; GEN000062; GEN000064; GEN000066; GEN000067; GEN000068; GEN000069; GEN000072; GEN000074; GEN000076; GEN000078; GEN000080; GEN000082; GEN000087; GEN000089; GEN000090; GEN000092; GEN000094; GEN000095; GEN000097; GEN000099; GEN000100; GEN000103; GEN000104; GEN000106; GEN000107; GEN000111; GEN000112; GEN000113; GEN000192; GEN000194; GEN000196; GEN000199; GEN000202; GEN000206; GEN000208; GEN000210; GEN000214; GEN000216; GEN000218; GEN000221; GEN000222; GEN000225; GEN000226; GEN000230; GEN000232; GEN000235; GEN000237; GEN000239; GEN000241; GEN000243; GEN000308; GEN000310; GEN000311; GEN000312; GEN000313; GEN000314; GEN000317; GEN000319; GEN000321; GEN000322; GEN000326; GEN000327; GEN000329; GEN000331; GEN000332; GEN000333; GEN000334; GEN000337; GEN000339; GEN000341; GEN000342; GEN000343; GEN000344; GEN000345; GEN000346; GEN000348; GEN000350; GEN000351; GEN000353; GEN000357; GEN000358; GEN000360; GEN000362; GEN000363; GEN000364; GEN000368; GEN000370; GEN000375; GEN000379; GEN000380; GEN000381; GEN000383; GEN000386; GEN000387; GEN000390; GEN000391; GEN000393; GEN000475; GEN000477; GEN000478; GEN000480; GEN000481; GEN000482; GEN000483; GEN000484; GEN000487; GEN000489; GEN000491; GEN000492; GEN000494; GEN000496; GEN000497; GEN000499; GEN000500; GEN000502; GEN000505; GEN000506; GEN000507; GEN000510; GEN000512; GEN000513; GEN000515; GEN000517; GEN000518; GEN000519; GEN000520; GEN000521; GEN000523; GEN000524; GEN000525; GEN000528; GEN000529; GEN000531; GEN000532; GEN000534; GEN000535; GEN000536; GEN000538; GEN000539; GEN000540; GEN000543; GEN000544; GEN000545; GEN000546; GEN000548; GEN000549; GEN000552; GEN000558; GEN000560; GEN000563; GEN000564; GEN000566; GEN000567; GEN000570; GEN000571; GEN000573; GEN000575; GEN000576; GEN000579; GEN000580; GEN000582; GEN000583; GEN000586; GEN000587; GEN000588; GEN000589; GEN000590; GEN000591; GEN000593; GEN000595; GEN000597; GEN000600; GEN000601; GEN000602; GEN000603; GEN000605; GEN000608; GEN000610; GEN000611; GEN000614; GEN000615; GEN000616; GEN000617; GEN000618; GEN000620; GEN000622; GEN000624; GEN000626; GEN000627; GEN000628; GEN000631; GEN000633; GEN000634; GEN000636; GEN000637; GEN000638; GEN000640; GEN000641; GEN000644; GEN000646; GEN000647; GEN000649; GEN000650; GEN000652; GEN000654; GEN000655; GEN000656; GEN000658; GEN000659; GEN000662; GEN000663; GEN000666; GEN000667; GEN000669; GEN000670; GEN000673; GEN000675; GEN000676; GEN000677; GEN000679; GEN000681; GEN000682; GEN000684; GEN000685; GEN000686; GEN000687; GEN000688; GEN000689; GEN000691; GEN000692; GEN000693; GEN000694; GEN000696; GEN000697; GEN000698; GEN000699; GEN000701; GEN000703; GEN000704; GEN000706; GEN000707; GEN000709; GEN000710; GEN000713; GEN000715; GEN000716; GEN000718; GEN000719; GEN000720; GEN000721; GEN000722; GEN000724; GEN000726; GEN000727; GEN000729; GEN000731; GEN000732; GEN000735; GEN000736; GEN000740; GEN000743; GEN000748; GEN000751; GEN000754; GEN000755; GEN000758; GEN000759; GEN000763; GEN000765; GEN000767; GEN000768; GEN000772; GEN000774; GEN000775; GEN000947; GEN000970; GEN001211; GEN001213; GEN001214; GEN001215; GEN001216; GEN001217; GEN001218; GEN001219; GEN001220; GEN001222; GEN001224; GEN001225; GEN001228; GEN001230; GEN001231; GEN001232; GEN001234; GEN001235; GEN001238; GEN001240; GEN001241; GEN001243; GEN001245; GEN001247; GEN001250; GEN001251; GEN001409; GEN001436; GEN001437; GEN001438; GEN001440; GEN001441; GEN001442; GEN001443; GEN001444; GEN001445; GEN001447; GEN001448; GEN001450; GEN001451; GEN001453; GEN001454; GEN001455; GEN001456; GEN001457; GEN001458; GEN001459; GEN001460; GEN001461; GEN001462; GEN001464; GEN001465; GEN001466; GEN001467; GEN001481; GEN001487; GEN001488; GEN001489; GEN001490; GEN001492; GEN001493; GEN001494; GEN001497; GEN001498; GEN001500; GEN001503; GEN001505; GEN001507; GEN001509; GEN001512; GEN001514; GEN001518; GEN001521; GEN001524; GEN001527; GEN001528; GEN001720; GEN001761; GEN001764; GEN001765; GEN001766; GEN001769; GEN001771; GEN001772; GEN001773; GEN001775; GEN001776; GEN001779; GEN001781; GEN001782; GEN001784; GEN001785; GEN001787; GEN001788; GEN001791; GEN001792; GEN001793; GEN001794; GEN001795; GEN001902; GEN001904; GEN001905; GEN001910; GEN001913; GEN001917; GEN001998; GEN002018; GEN002019; GEN002027; GEN002176; GEN002177; GEN002178; GEN002179; GEN002180; GEN002181; GEN002182; GEN002183; GEN002184; GEN002185; GEN002186; GEN002193; GEN002195; GEN002197; GEN002304; GEN002315,433,base_event_stream,2026-07-28T09:24:54+00:00
查询优化,数据工程,traditional,数据,数据分析师,2025-10,2026-06,GEN001450,GEN001464,2,GEN001450; GEN001464,2,base_event_stream,2026-07-28T09:24:54+00:00
标定校准,机器人与自动驾驶,traditional,技术支持,解决方案工程师,2024-12,2024-12,GEN001898,GEN001898,1,GEN001898,1,base_event_stream,2026-07-28T09:24:54+00:00
模型压缩,大模型,new,AI基础设施; AI算法; 软件研发; 自动驾驶; 通信,AI Infra工程师; 计算机视觉算法工程师; 算法工程师; C++开发工程师; 嵌入式软件工程师; 自动驾驶算法工程师; 通信工程师,2024-12,2026-07,GEN000245,GEN002005,103,GEN000245; GEN000247; GEN000248; GEN000249; GEN000251; GEN000254; GEN000257; GEN000258; GEN000260; GEN000261; GEN000263; GEN000264; GEN000266; GEN000268; GEN000269; GEN000271; GEN000273; GEN000275; GEN000277; GEN000282; GEN000283; GEN000286; GEN000287; GEN000290; GEN000291; GEN000292; GEN000293; GEN000295; GEN000297; GEN000298; GEN000300; GEN000302; GEN000304; GEN000305; GEN000306; GEN000447; GEN000449; GEN000450; GEN000453; GEN000454; GEN000455; GEN000456; GEN000458; GEN000459; GEN000461; GEN000464; GEN000465; GEN000466; GEN000467; GEN000468; GEN000470; GEN000472; GEN000473; GEN000474; GEN000720; GEN000721; GEN000723; GEN000724; GEN000726; GEN000727; GEN000731; GEN000734; GEN000737; GEN000740; GEN000741; GEN000743; GEN000745; GEN000747; GEN000750; GEN000751; GEN000754; GEN000757; GEN000763; GEN000764; GEN000767; GEN000768; GEN000769; GEN000772; GEN000773; GEN000775; GEN000776; GEN000946; GEN000947; GEN000953; GEN000959; GEN000963; GEN001205; GEN001977; GEN001999; GEN002001; GEN002002; GEN002005; GEN002071; GEN002072; GEN002074; GEN002075; GEN002077; GEN002078; GEN002080; GEN002082; GEN002083; GEN002085; GEN002088,103,base_event_stream,2026-07-28T09:24:54+00:00
模型安全,大模型,new,AI算法; AI安全; 测试质量; 安全; 技术支持; 产品,AI Agent算法工程师; AI安全工程师; 大模型测试工程师; 网络安全工程师; 信息安全工程师; 解决方案工程师; AI产品经理,2025-01,2026-07,GEN000225,GEN001760,80,GEN000073; GEN000225; GEN000226; GEN000227; GEN000229; GEN000232; GEN000234; GEN000236; GEN000238; GEN000241; GEN000242; GEN000243; GEN001490; GEN001492; GEN001493; GEN001495; GEN001497; GEN001498; GEN001500; GEN001503; GEN001504; GEN001507; GEN001509; GEN001511; GEN001513; GEN001514; GEN001516; GEN001517; GEN001519; GEN001521; GEN001522; GEN001524; GEN001525; GEN001528; GEN001705; GEN001706; GEN001707; GEN001708; GEN001709; GEN001710; GEN001711; GEN001713; GEN001715; GEN001717; GEN001718; GEN001719; GEN001720; GEN001721; GEN001722; GEN001723; GEN001724; GEN001725; GEN001726; GEN001728; GEN001731; GEN001732; GEN001734; GEN001735; GEN001736; GEN001737; GEN001738; GEN001739; GEN001740; GEN001742; GEN001744; GEN001745; GEN001746; GEN001747; GEN001749; GEN001750; GEN001752; GEN001753; GEN001754; GEN001756; GEN001757; GEN001758; GEN001759; GEN001760; GEN001933; GEN002316,80,base_event_stream,2026-07-28T09:24:54+00:00
模型工程,大模型,new,AI应用; AI基础设施; AI算法; 软件研发; 测试质量; 基础设施; 技术支持,大模型应用工程师; AI Infra工程师; 多模态算法工程师; 软件架构师; 测试开发工程师; DevOps工程师; 解决方案工程师,2024-12,2026-07,GEN000115,GEN001637,38,GEN000115; GEN000118; GEN000120; GEN000121; GEN000122; GEN000123; GEN000124; GEN000125; GEN000126; GEN000128; GEN000129; GEN000132; GEN000133; GEN000136; GEN000137; GEN000140; GEN000141; GEN000142; GEN000144; GEN000148; GEN000149; GEN000151; GEN000152; GEN000246; GEN000348; GEN001273; GEN001580; GEN001626; GEN001627; GEN001628; GEN001629; GEN001630; GEN001632; GEN001633; GEN001634; GEN001635; GEN001637; GEN001936,38,base_event_stream,2026-07-28T09:24:54+00:00
模型并行,大模型,new,AI基础设施; 软件研发; 基础设施,AI Infra工程师; 后端开发工程师; 系统软件工程师; DevOps工程师,2024-12,2026-07,GEN000247,GEN001637,31,GEN000247; GEN000796; GEN001141; GEN001143; GEN001144; GEN001145; GEN001147; GEN001149; GEN001150; GEN001152; GEN001153; GEN001155; GEN001157; GEN001159; GEN001162; GEN001163; GEN001165; GEN001166; GEN001167; GEN001169; GEN001174; GEN001175; GEN001176; GEN001177; GEN001629; GEN001630; GEN001632; GEN001633; GEN001634; GEN001635; GEN001637,31,base_event_stream,2026-07-28T09:24:54+00:00
模型微调,大模型,new,AI算法; AI应用; 软件研发; 测试质量; 技术支持,AI Agent算法工程师; 大模型应用工程师; 后端开发工程师; 测试开发工程师; 解决方案工程师,2024-12,2026-07,GEN000116,GEN001940,39,GEN000055; GEN000098; GEN000116; GEN000117; GEN000119; GEN000121; GEN000122; GEN000123; GEN000124; GEN000125; GEN000126; GEN000127; GEN000129; GEN000131; GEN000134; GEN000135; GEN000137; GEN000139; GEN000141; GEN000142; GEN000144; GEN000145; GEN000147; GEN000149; GEN000150; GEN000152; GEN000789; GEN001567; GEN001925; GEN001926; GEN001928; GEN001930; GEN001933; GEN001935; GEN001936; GEN001937; GEN001938; GEN001939; GEN001940,39,base_event_stream,2026-07-28T09:24:54+00:00
模型推理,大模型,new,AI算法; 软件研发; 基础设施,AI Agent算法工程师; 后端开发工程师; 系统软件工程师; 软件架构师; DevOps工程师; 云计算工程师,2024-12,2026-07,GEN001142,GEN001699,46,GEN000075; GEN000781; GEN001142; GEN001143; GEN001145; GEN001146; GEN001149; GEN001151; GEN001152; GEN001154; GEN001155; GEN001157; GEN001159; GEN001161; GEN001163; GEN001165; GEN001166; GEN001168; GEN001170; GEN001172; GEN001173; GEN001174; GEN001178; GEN001274; GEN001627; GEN001628; GEN001629; GEN001631; GEN001632; GEN001633; GEN001634; GEN001636; GEN001637; GEN001681; GEN001683; GEN001685; GEN001686; GEN001687; GEN001688; GEN001689; GEN001691; GEN001693; GEN001694; GEN001696; GEN001698; GEN001699,46,base_event_stream,2026-07-28T09:24:54+00:00
模型服务化,大模型,new,AI应用; 软件研发; 测试质量; 基础设施; 技术支持; 产品,大模型应用工程师; 后端开发工程师; 软件架构师; 测试开发工程师; DevOps工程师; 云计算工程师; 解决方案工程师; AI产品经理,2024-12,2026-07,GEN000115,GEN001941,85,GEN000115; GEN000779; GEN000781; GEN000782; GEN000783; GEN000784; GEN000785; GEN000786; GEN000788; GEN000790; GEN000793; GEN000795; GEN000798; GEN000799; GEN000801; GEN000803; GEN000806; GEN000809; GEN000813; GEN000815; GEN000816; GEN001259; GEN001261; GEN001262; GEN001264; GEN001266; GEN001268; GEN001269; GEN001273; GEN001274; GEN001276; GEN001280; GEN001282; GEN001284; GEN001286; GEN001287; GEN001290; GEN001291; GEN001292; GEN001295; GEN001296; GEN001298; GEN001300; GEN001552; GEN001562; GEN001623; GEN001624; GEN001625; GEN001626; GEN001627; GEN001628; GEN001629; GEN001631; GEN001632; GEN001633; GEN001634; GEN001635; GEN001638; GEN001680; GEN001683; GEN001684; GEN001686; GEN001687; GEN001688; GEN001689; GEN001690; GEN001693; GEN001694; GEN001695; GEN001698; GEN001699; GEN001919; GEN001921; GEN001925; GEN001926; GEN001929; GEN001930; GEN001932; GEN001935; GEN001936; GEN001937; GEN001938; GEN001939; GEN001941; GEN002332,85,base_event_stream,2026-07-28T09:24:54+00:00
模型训练,大模型,new,算法; 数据; 安全; 机器人; 自动驾驶,数据挖掘算法工程师; 数据仓库工程师; 数据分析师; 网络安全工程师; 机器人算法工程师; 自动驾驶算法工程师,2025-06,2026-07,GEN000672,GEN002004,15,GEN000672; GEN000679; GEN001390; GEN001448; GEN001449; GEN001453; GEN001460; GEN001466; GEN001716; GEN001947; GEN001950; GEN001951; GEN001953; GEN001955; GEN002004,15,base_event_stream,2026-07-28T09:24:54+00:00
模型评测,大模型,new,AI算法; AI应用; AI安全; 测试质量; 技术支持,AI Agent算法工程师; 大模型应用工程师; AI安全工程师; 大模型测试工程师; 测试开发工程师; 质量工程师; 解决方案工程师,2024-12,2026-07,GEN001487,web_202607_20260730184035726988_job_05e47dfd,48,GEN000056; GEN000105; GEN000119; GEN000224; GEN000227; GEN000229; GEN000231; GEN000233; GEN000235; GEN000236; GEN000239; GEN000241; GEN000242; GEN000244; GEN001487; GEN001489; GEN001491; GEN001492; GEN001493; GEN001494; GEN001497; GEN001499; GEN001500; GEN001503; GEN001505; GEN001506; GEN001509; GEN001510; GEN001511; GEN001512; GEN001515; GEN001516; GEN001517; GEN001519; GEN001520; GEN001523; GEN001528; GEN001530; GEN001547; GEN001596; GEN001598; GEN001599; GEN001601; GEN001602; GEN001931; web_202607_20260730182901742050_job_623c31d9; web_202607_20260730183017711285_job_16a9e0a5; web_202607_20260730184035726988_job_05e47dfd,48,base_event_stream; web_app_review,2026-07-30T10:41:03+00:00
模型调优,大模型,new,AI算法; AI安全; 测试质量; 产品,AI Agent算法工程师; AI安全工程师; 大模型测试工程师; AI产品经理,2025-05,2026-05,GEN000231,GEN000244,12,GEN000078; GEN000231; GEN000232; GEN000233; GEN000234; GEN000236; GEN000238; GEN000240; GEN000241; GEN000244; GEN001511; GEN002324,12,base_event_stream,2026-07-28T09:24:54+00:00
模型部署,大模型,new,软件研发; 测试质量; 基础设施; 技术支持,后端开发工程师; 软件架构师; 测试开发工程师; DevOps工程师; 云计算工程师; 解决方案工程师,2024-12,2026-07,GEN000780,GEN001940,43,GEN000780; GEN001275; GEN001571; GEN001623; GEN001624; GEN001625; GEN001626; GEN001627; GEN001628; GEN001629; GEN001631; GEN001632; GEN001633; GEN001634; GEN001635; GEN001638; GEN001680; GEN001681; GEN001682; GEN001685; GEN001686; GEN001687; GEN001688; GEN001689; GEN001690; GEN001692; GEN001694; GEN001695; GEN001698; GEN001699; GEN001920; GEN001922; GEN001924; GEN001927; GEN001928; GEN001930; GEN001932; GEN001934; GEN001936; GEN001937; GEN001938; GEN001939; GEN001940,43,base_event_stream,2026-07-28T09:24:54+00:00
模式识别,AI,new,软件研发,嵌入式软件工程师,2026-02,2026-02,GEN001203,GEN001203,1,GEN001203,1,base_event_stream,2026-07-28T09:24:54+00:00
模拟电路设计,硬件与芯片,traditional,测试质量; 多媒体; 芯片; 硬件,质量工程师; 图形图像工程师; 芯片验证工程师; 电源工程师; 硬件工程师,2024-12,2026-07,GEN002139,GEN002218,33,GEN001593; GEN001594; GEN002033; GEN002050; GEN002139; GEN002161; GEN002187; GEN002188; GEN002189; GEN002190; GEN002191; GEN002193; GEN002194; GEN002196; GEN002197; GEN002199; GEN002201; GEN002202; GEN002203; GEN002205; GEN002206; GEN002208; GEN002210; GEN002212; GEN002213; GEN002214; GEN002215; GEN002217; GEN002218; GEN002268; GEN002278; GEN002280; GEN002299,33,base_event_stream,2026-07-28T09:24:54+00:00
汇编语言,编程语言,traditional,软件研发; 基础设施; 安全,Python开发工程师; iOS开发工程师; DevOps工程师; 安全工程师; 服务器工程师,2024-12,2026-05,GEN001620,GEN001853,14,GEN000997; GEN001127; GEN001132; GEN001136; GEN001620; GEN001621; GEN001761; GEN001775; GEN001791; GEN001821; GEN001834; GEN001841; GEN001846; GEN001853,14,base_event_stream,2026-07-28T09:24:54+00:00
汽车电子,行业应用,traditional,机器人; 自动驾驶; 硬件,机器人软件工程师; 自动驾驶算法工程师; 电源工程师; 硬件工程师,2024-12,2026-07,GEN001959,GEN002219,44,GEN001959; GEN001960; GEN001961; GEN001962; GEN001963; GEN001964; GEN001965; GEN001966; GEN001967; GEN001968; GEN001969; GEN001970; GEN001971; GEN001972; GEN001976; GEN001990; GEN001993; GEN001999; GEN002005; GEN002188; GEN002189; GEN002190; GEN002193; GEN002194; GEN002195; GEN002196; GEN002197; GEN002198; GEN002200; GEN002202; GEN002203; GEN002205; GEN002206; GEN002207; GEN002208; GEN002210; GEN002212; GEN002213; GEN002214; GEN002216; GEN002218; GEN002219; GEN002270; GEN002285,44,base_event_stream,2026-07-28T09:24:54+00:00
流式计算,数据工程,traditional,安全,信息安全工程师,2025-10,2025-10,GEN001743,GEN001743,1,GEN001743,1,base_event_stream,2026-07-28T09:24:54+00:00
流程自动化,软件工程,traditional,软件研发; 安全; 多媒体,嵌入式软件工程师; 网络安全工程师; 图形图像工程师,2025-06,2026-07,GEN001192,GEN001727,4,GEN001192; GEN001727; GEN002041; GEN002044,4,base_event_stream,2026-07-28T09:24:54+00:00
消息队列,数据工程,traditional,AI应用; 软件研发; 基础设施,AI应用工程师; 后端开发工程师; Java开发工程师; Go开发工程师; 软件开发工程师; 网络工程师; 服务器工程师,2024-12,2026-07,GEN000779,GEN001344,73,GEN000197; GEN000779; GEN000781; GEN000782; GEN000783; GEN000784; GEN000785; GEN000786; GEN000789; GEN000790; GEN000793; GEN000795; GEN000798; GEN000800; GEN000801; GEN000803; GEN000804; GEN000806; GEN000807; GEN000809; GEN000811; GEN000812; GEN000814; GEN000815; GEN000901; GEN000903; GEN000904; GEN000905; GEN000906; GEN000907; GEN000909; GEN000911; GEN000912; GEN000913; GEN000915; GEN000917; GEN000918; GEN000921; GEN000923; GEN000925; GEN000927; GEN000929; GEN000931; GEN000932; GEN000933; GEN000934; GEN001007; GEN001301; GEN001302; GEN001303; GEN001304; GEN001307; GEN001309; GEN001310; GEN001311; GEN001314; GEN001315; GEN001318; GEN001319; GEN001320; GEN001321; GEN001327; GEN001328; GEN001329; GEN001331; GEN001333; GEN001336; GEN001339; GEN001340; GEN001343; GEN001344; GEN001797; GEN001856,73,base_event_stream,2026-07-28T09:24:54+00:00
深度学习,AI,traditional,AI算法; 算法; 数据; 安全; 技术支持; 自动驾驶; 多媒体; 通信; 芯片; 硬件; 产品,大模型算法工程师; AI Agent算法工程师; AIGC算法工程师; 计算机视觉算法工程师; 语音算法工程师; 推荐算法工程师; 搜索算法工程师; 广告算法工程师; 风控算法工程师; 机器学习算法工程师; 数据挖掘算法工程师; 算法研究员; 算法工程师; 数据开发工程师; 数据工程师; 信息安全工程师; 技术支持工程师; 解决方案工程师; 自动驾驶算法工程师; 控制算法工程师; 音视频工程师; 通信工程师; 芯片测试工程师; 电源工程师; AI产品经理,2024-12,2026-07,GEN000002,GEN002219,334,GEN000002; GEN000003; GEN000004; GEN000005; GEN000007; GEN000008; GEN000010; GEN000013; GEN000014; GEN000017; GEN000020; GEN000021; GEN000023; GEN000025; GEN000026; GEN000028; GEN000029; GEN000030; GEN000031; GEN000033; GEN000036; GEN000039; GEN000040; GEN000045; GEN000048; GEN000050; GEN000051; GEN000053; GEN000054; GEN000059; GEN000060; GEN000063; GEN000064; GEN000066; GEN000070; GEN000071; GEN000072; GEN000076; GEN000077; GEN000079; GEN000082; GEN000087; GEN000089; GEN000092; GEN000093; GEN000095; GEN000096; GEN000098; GEN000100; GEN000102; GEN000105; GEN000107; GEN000109; GEN000111; GEN000112; GEN000114; GEN000308; GEN000310; GEN000311; GEN000312; GEN000313; GEN000314; GEN000317; GEN000320; GEN000322; GEN000326; GEN000328; GEN000329; GEN000330; GEN000333; GEN000337; GEN000339; GEN000340; GEN000342; GEN000343; GEN000344; GEN000446; GEN000448; GEN000451; GEN000452; GEN000454; GEN000455; GEN000456; GEN000457; GEN000460; GEN000462; GEN000463; GEN000465; GEN000466; GEN000467; GEN000469; GEN000471; GEN000472; GEN000473; GEN000474; GEN000476; GEN000477; GEN000479; GEN000480; GEN000481; GEN000482; GEN000483; GEN000484; GEN000486; GEN000489; GEN000490; GEN000493; GEN000494; GEN000496; GEN000499; GEN000501; GEN000504; GEN000505; GEN000509; GEN000512; GEN000514; GEN000516; GEN000517; GEN000519; GEN000521; GEN000522; GEN000523; GEN000524; GEN000526; GEN000527; GEN000529; GEN000530; GEN000532; GEN000533; GEN000535; GEN000536; GEN000538; GEN000540; GEN000541; GEN000543; GEN000544; GEN000545; GEN000546; GEN000547; GEN000548; GEN000550; GEN000553; GEN000554; GEN000556; GEN000559; GEN000560; GEN000564; GEN000567; GEN000568; GEN000569; GEN000571; GEN000573; GEN000574; GEN000577; GEN000578; GEN000579; GEN000582; GEN000583; GEN000586; GEN000587; GEN000588; GEN000589; GEN000590; GEN000592; GEN000593; GEN000595; GEN000597; GEN000599; GEN000600; GEN000603; GEN000604; GEN000606; GEN000607; GEN000608; GEN000610; GEN000612; GEN000613; GEN000615; GEN000616; GEN000617; GEN000619; GEN000620; GEN000623; GEN000624; GEN000626; GEN000627; GEN000628; GEN000630; GEN000632; GEN000635; GEN000636; GEN000637; GEN000638; GEN000640; GEN000642; GEN000644; GEN000645; GEN000647; GEN000649; GEN000650; GEN000652; GEN000654; GEN000655; GEN000656; GEN000659; GEN000661; GEN000664; GEN000666; GEN000667; GEN000669; GEN000670; GEN000672; GEN000675; GEN000678; GEN000680; GEN000681; GEN000683; GEN000684; GEN000685; GEN000686; GEN000687; GEN000689; GEN000690; GEN000691; GEN000692; GEN000695; GEN000697; GEN000698; GEN000699; GEN000701; GEN000702; GEN000704; GEN000708; GEN000711; GEN000712; GEN000714; GEN000715; GEN000718; GEN000720; GEN000721; GEN000722; GEN000724; GEN000726; GEN000728; GEN000729; GEN000731; GEN000732; GEN000733; GEN000734; GEN000736; GEN000738; GEN000739; GEN000740; GEN000742; GEN000743; GEN000746; GEN000747; GEN000749; GEN000751; GEN000754; GEN000755; GEN000757; GEN000761; GEN000763; GEN000765; GEN000767; GEN000768; GEN000769; GEN000774; GEN000775; GEN000777; GEN000778; GEN001345; GEN001481; GEN001754; GEN001757; GEN001869; GEN001894; GEN001903; GEN001974; GEN001975; GEN001977; GEN001979; GEN001980; GEN001982; GEN001983; GEN001984; GEN001985; GEN001986; GEN001988; GEN001990; GEN001992; GEN001994; GEN001995; GEN001997; GEN001998; GEN002000; GEN002001; GEN002006; GEN002015; GEN002020; GEN002057; GEN002071; GEN002072; GEN002073; GEN002075; GEN002077; GEN002079; GEN002082; GEN002084; GEN002086; GEN002087; GEN002176; GEN002177; GEN002178; GEN002179; GEN002180; GEN002181; GEN002182; GEN002183; GEN002184; GEN002185; GEN002186; GEN002191; GEN002195; GEN002201; GEN002203; GEN002208; GEN002219; GEN002305; GEN002306; GEN002307; GEN002311; GEN002312,334,base_event_stream,2026-07-28T09:24:54+00:00
深度学习框架,AI,traditional,算法; 多媒体,推荐算法工程师; 图形图像工程师; 音视频工程师,2025-01,2025-05,GEN002057,GEN002036,4,GEN000521; GEN000523; GEN002036; GEN002057,4,base_event_stream,2026-07-28T09:24:54+00:00
混沌工程,软件工程,traditional,AI基础设施,AI Infra工程师,2026-05,2026-05,GEN000303,GEN000303,1,GEN000303,1,base_event_stream,2026-07-28T09:24:54+00:00
游戏与图形开发,游戏与图形,traditional,AI算法; 软件研发; 数据; 多媒体,算法研究员; iOS开发工程师; 嵌入式软件工程师; 数据工程师; 图形图像工程师,2024-12,2026-07,GEN001181,GEN002054,32,GEN000682; GEN000690; GEN000702; GEN000706; GEN001132; GEN001181; GEN001184; GEN001188; GEN001479; GEN001480; GEN002030; GEN002031; GEN002032; GEN002034; GEN002035; GEN002036; GEN002037; GEN002038; GEN002039; GEN002040; GEN002041; GEN002042; GEN002043; GEN002045; GEN002046; GEN002047; GEN002049; GEN002050; GEN002051; GEN002052; GEN002053; GEN002054,32,base_event_stream,2026-07-28T09:24:54+00:00
版图设计,硬件与芯片,traditional,多媒体,图形图像工程师,2025-02,2026-04,GEN002032,GEN002051,5,GEN002032; GEN002034; GEN002037; GEN002041; GEN002051,5,base_event_stream,2026-07-28T09:24:54+00:00
物联网,工业与物联网,new,软件研发; 硬件,嵌入式软件工程师; 软件架构师; 硬件工程师,2025-01,2026-05,GEN001183,GEN002299,9,GEN001183; GEN001187; GEN001203; GEN001208; GEN001257; GEN002282; GEN002287; GEN002294; GEN002299,9,base_event_stream,2026-07-28T09:24:54+00:00
特征工程,数据工程,traditional,数据; 安全,数据分析师; 信息安全工程师,2024-12,2026-05,GEN001730,GEN001461,4,GEN001456; GEN001460; GEN001461; GEN001730,4,base_event_stream,2026-07-28T09:24:54+00:00
知识图谱,知识图谱,new,AI算法; AI应用; 算法; 软件研发; 数据; 技术支持; 产品,AI Agent算法工程师; AI Agent应用工程师; NLP算法工程师; 搜索算法工程师; 后端开发工程师; 数据开发工程师; 解决方案工程师; AI产品经理; 大模型应用工程师,2024-12,2026-07,GEN000566,web_202607_20260730184035726988_job_05e47dfd,74,GEN000053; GEN000159; GEN000395; GEN000396; GEN000398; GEN000400; GEN000402; GEN000403; GEN000405; GEN000407; GEN000408; GEN000409; GEN000410; GEN000412; GEN000414; GEN000417; GEN000419; GEN000420; GEN000422; GEN000424; GEN000425; GEN000427; GEN000429; GEN000431; GEN000433; GEN000436; GEN000437; GEN000439; GEN000441; GEN000444; GEN000445; GEN000566; GEN000570; GEN000571; GEN000573; GEN000574; GEN000576; GEN000579; GEN000580; GEN000582; GEN000785; GEN001353; GEN001355; GEN001357; GEN001359; GEN001361; GEN001362; GEN001363; GEN001364; GEN001366; GEN001368; GEN001370; GEN001372; GEN001373; GEN001375; GEN001377; GEN001919; GEN001920; GEN001923; GEN001924; GEN001926; GEN001928; GEN001931; GEN001933; GEN001934; GEN001936; GEN001937; GEN001938; GEN001939; GEN001941; GEN002325; web_202607_20260730182901742050_job_623c31d9; web_202607_20260730183017711285_job_16a9e0a5; web_202607_20260730184035726988_job_05e47dfd,74,base_event_stream; web_app_review,2026-07-30T10:41:03+00:00
研发效能,软件工程,traditional,AI算法; 测试质量; 基础设施,语音算法工程师; 质量工程师; DevOps工程师,2025-01,2026-06,GEN001591,GEN000509,7,GEN000501; GEN000507; GEN000509; GEN001591; GEN001594; GEN001596; GEN001624,7,base_event_stream,2026-07-28T09:24:54+00:00
硬件开发,硬件与芯片,traditional,AI应用; 软件研发; 数据; 测试质量; 安全; 基础设施; 技术支持; 多媒体; 芯片; 硬件,AI Agent应用工程师; C++开发工程师; 系统软件工程师; 嵌入式软件工程师; 驱动开发工程师; 数据分析师; 质量工程师; 安全工程师; 服务器工程师; 解决方案工程师; 音视频工程师; 芯片设计工程师; 芯片验证工程师; 电源工程师; 结构工程师; 热设计工程师; 硬件工程师,2024-12,2026-07,GEN000935,GEN002267,199,GEN000156; GEN000935; GEN000936; GEN000937; GEN000938; GEN000939; GEN000941; GEN000942; GEN000943; GEN000945; GEN000948; GEN000950; GEN000952; GEN000954; GEN000955; GEN000957; GEN000958; GEN000960; GEN000962; GEN000964; GEN000965; GEN000966; GEN000967; GEN000968; GEN000970; GEN000971; GEN000972; GEN001143; GEN001144; GEN001148; GEN001151; GEN001154; GEN001156; GEN001157; GEN001160; GEN001161; GEN001165; GEN001168; GEN001169; GEN001172; GEN001174; GEN001178; GEN001201; GEN001236; GEN001251; GEN001253; GEN001450; GEN001592; GEN001601; GEN001771; GEN001777; GEN001781; GEN001784; GEN001791; GEN001793; GEN001830; GEN001844; GEN001899; GEN001906; GEN001909; GEN001910; GEN001913; GEN002063; GEN002090; GEN002091; GEN002092; GEN002094; GEN002096; GEN002098; GEN002099; GEN002102; GEN002105; GEN002108; GEN002111; GEN002112; GEN002113; GEN002117; GEN002118; GEN002122; GEN002126; GEN002129; GEN002132; GEN002133; GEN002135; GEN002137; GEN002138; GEN002141; GEN002142; GEN002144; GEN002145; GEN002146; GEN002147; GEN002148; GEN002149; GEN002150; GEN002152; GEN002154; GEN002157; GEN002158; GEN002160; GEN002162; GEN002163; GEN002164; GEN002166; GEN002168; GEN002169; GEN002170; GEN002171; GEN002172; GEN002173; GEN002188; GEN002190; GEN002192; GEN002195; GEN002196; GEN002197; GEN002199; GEN002201; GEN002202; GEN002203; GEN002204; GEN002205; GEN002206; GEN002208; GEN002209; GEN002210; GEN002211; GEN002212; GEN002213; GEN002214; GEN002216; GEN002217; GEN002220; GEN002221; GEN002222; GEN002223; GEN002224; GEN002225; GEN002226; GEN002227; GEN002228; GEN002230; GEN002231; GEN002232; GEN002233; GEN002234; GEN002235; GEN002236; GEN002238; GEN002239; GEN002241; GEN002242; GEN002243; GEN002244; GEN002245; GEN002246; GEN002247; GEN002248; GEN002249; GEN002250; GEN002251; GEN002252; GEN002253; GEN002254; GEN002255; GEN002256; GEN002257; GEN002258; GEN002259; GEN002260; GEN002261; GEN002262; GEN002263; GEN002264; GEN002265; GEN002266; GEN002267; GEN002268; GEN002271; GEN002273; GEN002274; GEN002275; GEN002278; GEN002281; GEN002284; GEN002285; GEN002286; GEN002287; GEN002289; GEN002290; GEN002291; GEN002292; GEN002295; GEN002296; GEN002299; GEN002300; GEN002301; GEN002302; GEN002303,199,base_event_stream,2026-07-28T09:24:54+00:00
科学计算,科学计算与仿真,traditional,AI算法; 软件研发,算法研究员; 驱动开发工程师,2025-01,2026-01,GEN000682,GEN001231,2,GEN000682; GEN001231,2,base_event_stream,2026-07-28T09:24:54+00:00
算法工程,算法与数学,traditional,AI算法; 算法; 软件研发; 数据; 技术支持; 硬件; 产品,计算机视觉算法工程师; 推荐算法工程师; 风控算法工程师; 数据挖掘算法工程师; 算法工程师; C++开发工程师; 嵌入式软件工程师; 数据分析师; 技术支持工程师; 热设计工程师; AI产品经理,2024-12,2026-07,GEN000447,GEN002267,131,GEN000447; GEN000448; GEN000450; GEN000452; GEN000454; GEN000455; GEN000456; GEN000458; GEN000459; GEN000462; GEN000464; GEN000465; GEN000466; GEN000467; GEN000468; GEN000470; GEN000472; GEN000473; GEN000474; GEN000527; GEN000538; GEN000619; GEN000621; GEN000623; GEN000625; GEN000626; GEN000627; GEN000629; GEN000631; GEN000632; GEN000635; GEN000636; GEN000637; GEN000638; GEN000639; GEN000641; GEN000643; GEN000645; GEN000648; GEN000649; GEN000668; GEN000670; GEN000671; GEN000673; GEN000674; GEN000676; GEN000677; GEN000679; GEN000720; GEN000721; GEN000722; GEN000724; GEN000725; GEN000728; GEN000730; GEN000732; GEN000736; GEN000739; GEN000741; GEN000743; GEN000746; GEN000747; GEN000749; GEN000752; GEN000753; GEN000756; GEN000757; GEN000762; GEN000764; GEN000766; GEN000768; GEN000774; GEN000776; GEN000777; GEN000941; GEN001185; GEN001205; GEN001437; GEN001439; GEN001440; GEN001442; GEN001443; GEN001444; GEN001445; GEN001447; GEN001448; GEN001450; GEN001451; GEN001452; GEN001453; GEN001455; GEN001456; GEN001457; GEN001458; GEN001459; GEN001462; GEN001463; GEN001464; GEN001466; GEN001468; GEN001469; GEN001889; GEN002242; GEN002243; GEN002244; GEN002245; GEN002246; GEN002247; GEN002248; GEN002249; GEN002250; GEN002251; GEN002252; GEN002253; GEN002254; GEN002255; GEN002256; GEN002257; GEN002258; GEN002259; GEN002260; GEN002261; GEN002262; GEN002263; GEN002264; GEN002265; GEN002266; GEN002267; GEN002306; GEN002310; GEN002313,131,base_event_stream,2026-07-28T09:24:54+00:00
系统开发,系统与运维,traditional,AI算法; 软件研发; 测试质量; 安全; 基础设施; 技术支持; 芯片; 硬件; 产品,AI Agent算法工程师; C++开发工程师; iOS开发工程师; 嵌入式软件工程师; 驱动开发工程师; 软件架构师; 软件开发工程师; 质量工程师; 安全工程师; 服务器工程师; 技术支持工程师; 解决方案工程师; 芯片验证工程师; 硬件工程师; AI产品经理,2024-12,2026-07,GEN001100,GEN002175,114,GEN000055; GEN000953; GEN001100; GEN001122; GEN001179; GEN001180; GEN001181; GEN001183; GEN001184; GEN001185; GEN001187; GEN001188; GEN001190; GEN001191; GEN001193; GEN001195; GEN001196; GEN001197; GEN001198; GEN001199; GEN001200; GEN001201; GEN001203; GEN001204; GEN001205; GEN001207; GEN001208; GEN001209; GEN001210; GEN001212; GEN001213; GEN001214; GEN001215; GEN001216; GEN001217; GEN001218; GEN001219; GEN001220; GEN001221; GEN001222; GEN001224; GEN001226; GEN001227; GEN001230; GEN001231; GEN001233; GEN001235; GEN001237; GEN001238; GEN001239; GEN001241; GEN001244; GEN001245; GEN001247; GEN001248; GEN001249; GEN001253; GEN001254; GEN001260; GEN001262; GEN001319; GEN001590; GEN001591; GEN001592; GEN001593; GEN001594; GEN001595; GEN001596; GEN001598; GEN001599; GEN001600; GEN001601; GEN001602; GEN001761; GEN001789; GEN001790; GEN001833; GEN001835; GEN001842; GEN001847; GEN001848; GEN001852; GEN001854; GEN001858; GEN001881; GEN001901; GEN001904; GEN001918; GEN002138; GEN002139; GEN002140; GEN002143; GEN002144; GEN002145; GEN002146; GEN002147; GEN002148; GEN002149; GEN002150; GEN002152; GEN002155; GEN002156; GEN002159; GEN002160; GEN002162; GEN002163; GEN002164; GEN002165; GEN002166; GEN002169; GEN002172; GEN002175; GEN002295; GEN002306,114,base_event_stream,2026-07-28T09:24:54+00:00
编程语言,编程语言,traditional,AI应用; 软件研发; 测试质量; 基础设施; 机器人; 自动驾驶; 芯片; 硬件,AI Agent应用工程师; Java开发工程师; C++开发工程师; 客户端开发工程师; iOS开发工程师; 软件架构师; 质量工程师; 服务器工程师; 机器人软件工程师; 自动驾驶算法工程师; 芯片验证工程师; 硬件工程师,2024-12,2026-07,GEN000154,GEN001972,98,GEN000154; GEN000901; GEN000903; GEN000904; GEN000905; GEN000906; GEN000908; GEN000909; GEN000911; GEN000914; GEN000915; GEN000917; GEN000918; GEN000920; GEN000922; GEN000924; GEN000926; GEN000928; GEN000931; GEN000932; GEN000933; GEN000934; GEN000940; GEN000949; GEN000952; GEN001021; GEN001026; GEN001027; GEN001030; GEN001031; GEN001035; GEN001037; GEN001040; GEN001041; GEN001045; GEN001049; GEN001051; GEN001054; GEN001056; GEN001060; GEN001061; GEN001062; GEN001065; GEN001069; GEN001072; GEN001073; GEN001075; GEN001114; GEN001127; GEN001254; GEN001255; GEN001258; GEN001601; GEN001847; GEN001860; GEN001959; GEN001960; GEN001961; GEN001962; GEN001963; GEN001964; GEN001965; GEN001966; GEN001967; GEN001968; GEN001969; GEN001970; GEN001971; GEN001972; GEN001982; GEN001992; GEN002162; GEN002268; GEN002269; GEN002272; GEN002273; GEN002274; GEN002275; GEN002277; GEN002278; GEN002279; GEN002280; GEN002281; GEN002283; GEN002284; GEN002285; GEN002286; GEN002288; GEN002289; GEN002291; GEN002293; GEN002294; GEN002295; GEN002297; GEN002298; GEN002299; GEN002300; GEN002303,98,base_event_stream,2026-07-28T09:24:54+00:00
编解码技术,音视频技术,traditional,多媒体,音视频工程师,2024-12,2025-01,GEN002055,GEN002057,2,GEN002055; GEN002057,2,base_event_stream,2026-07-28T09:24:54+00:00
网络协议,系统与运维,traditional,AI安全; 软件研发,AI安全工程师; 软件架构师,2024-12,2025-02,GEN001254,GEN000227,2,GEN000227; GEN001254,2,base_event_stream,2026-07-28T09:24:54+00:00
网络技术,通信与网络,traditional,软件研发; 数据; 基础设施; 安全; 技术支持; 多媒体; 芯片,Python开发工程师; iOS开发工程师; 嵌入式软件工程师; 驱动开发工程师; 软件开发工程师; 数据仓库工程师; 运维工程师; 安全工程师; 网络工程师; 服务器工程师; 技术支持工程师; 解决方案工程师; 音视频工程师; 芯片设计工程师; 芯片验证工程师,2024-12,2026-07,GEN000973,GEN002137,109,GEN000973; GEN001100; GEN001180; GEN001182; GEN001193; GEN001202; GEN001222; GEN001229; GEN001233; GEN001301; GEN001302; GEN001303; GEN001305; GEN001307; GEN001308; GEN001310; GEN001311; GEN001313; GEN001317; GEN001321; GEN001322; GEN001324; GEN001325; GEN001328; GEN001329; GEN001331; GEN001334; GEN001335; GEN001337; GEN001339; GEN001341; GEN001343; GEN001344; GEN001396; GEN001639; GEN001641; GEN001643; GEN001645; GEN001646; GEN001648; GEN001649; GEN001651; GEN001654; GEN001656; GEN001657; GEN001659; GEN001662; GEN001663; GEN001665; GEN001667; GEN001668; GEN001670; GEN001671; GEN001672; GEN001674; GEN001676; GEN001678; GEN001778; GEN001784; GEN001786; GEN001796; GEN001797; GEN001798; GEN001799; GEN001800; GEN001801; GEN001802; GEN001803; GEN001804; GEN001805; GEN001806; GEN001807; GEN001808; GEN001827; GEN001840; GEN001844; GEN001864; GEN001875; GEN001882; GEN001899; GEN001911; GEN001918; GEN002057; GEN002061; GEN002090; GEN002091; GEN002092; GEN002094; GEN002096; GEN002098; GEN002100; GEN002102; GEN002104; GEN002105; GEN002109; GEN002112; GEN002113; GEN002116; GEN002117; GEN002120; GEN002124; GEN002127; GEN002131; GEN002134; GEN002136; GEN002137; GEN002143; GEN002164; GEN002167,109,base_event_stream,2026-07-28T09:24:54+00:00
网络编程,软件工程,traditional,软件研发,C++开发工程师; iOS开发工程师,2024-12,2026-07,GEN000935,GEN000972,29,GEN000935; GEN000936; GEN000937; GEN000938; GEN000939; GEN000940; GEN000943; GEN000944; GEN000945; GEN000947; GEN000950; GEN000951; GEN000952; GEN000957; GEN000959; GEN000961; GEN000962; GEN000963; GEN000964; GEN000965; GEN000966; GEN000967; GEN000968; GEN000969; GEN000971; GEN000972; GEN001102; GEN001116; GEN001124,29,base_event_stream,2026-07-28T09:24:54+00:00
自动化技术,系统与运维,traditional,测试质量; 基础设施; 安全; 算法; 硬件; 产品,测试工程师; DevOps工程师; 信息安全工程师; 安全工程师; 控制算法工程师; 结构工程师; 硬件工程师; AI产品经理,2024-12,2026-07,GEN002007,GEN002241,57,GEN001604; GEN001609; GEN001610; GEN001621; GEN001622; GEN001623; GEN001748; GEN001755; GEN001766; GEN001767; GEN001783; GEN001791; GEN002007; GEN002008; GEN002009; GEN002010; GEN002011; GEN002012; GEN002013; GEN002016; GEN002017; GEN002019; GEN002021; GEN002022; GEN002023; GEN002024; GEN002025; GEN002027; GEN002028; GEN002029; GEN002220; GEN002221; GEN002222; GEN002223; GEN002224; GEN002225; GEN002226; GEN002228; GEN002229; GEN002230; GEN002231; GEN002232; GEN002233; GEN002234; GEN002235; GEN002236; GEN002237; GEN002238; GEN002239; GEN002240; GEN002241; GEN002279; GEN002289; GEN002300; GEN002305; GEN002311; GEN002312,57,base_event_stream,2026-07-28T09:24:54+00:00
自动化测试,软件开发,traditional,软件研发; 测试质量,Python开发工程师; 测试开发工程师,2024-12,2026-07,GEN001531,GEN001589,26,GEN000981; GEN000982; GEN001531; GEN001535; GEN001537; GEN001538; GEN001543; GEN001544; GEN001545; GEN001548; GEN001551; GEN001554; GEN001557; GEN001560; GEN001561; GEN001565; GEN001568; GEN001569; GEN001571; GEN001575; GEN001576; GEN001579; GEN001580; GEN001585; GEN001586; GEN001589,26,base_event_stream,2026-07-28T09:24:54+00:00
自动化运维,系统与运维,traditional,软件研发; 基础设施,软件架构师; DevOps工程师,2025-01,2025-02,GEN001257,GEN001623,3,GEN001257; GEN001258; GEN001623,3,base_event_stream,2026-07-28T09:24:54+00:00
自然语言处理,AI,traditional,AI算法; 软件研发,算法研究员; C++开发工程师,2025-06,2026-04,GEN000942,GEN000710,3,GEN000710; GEN000942; GEN000943,3,base_event_stream,2026-07-28T09:24:54+00:00
触觉技术,交互体验,traditional,机器人,机器人软件工程师,2024-12,2026-07,GEN001959,GEN001972,14,GEN001959; GEN001960; GEN001961; GEN001962; GEN001963; GEN001964; GEN001965; GEN001966; GEN001967; GEN001968; GEN001969; GEN001970; GEN001971; GEN001972,14,base_event_stream,2026-07-28T09:24:54+00:00
计算机体系结构,硬件与芯片,traditional,软件研发; 基础设施; 自动驾驶; 通信; 芯片; 硬件,客户端开发工程师; iOS开发工程师; 嵌入式软件工程师; 驱动开发工程师; 服务器工程师; 自动驾驶算法工程师; 通信工程师; 芯片设计工程师; 芯片验证工程师; 硬件工程师,2024-12,2026-07,GEN001179,GEN002173,79,GEN001068; GEN001126; GEN001132; GEN001179; GEN001185; GEN001191; GEN001192; GEN001194; GEN001219; GEN001229; GEN001251; GEN001820; GEN001822; GEN001823; GEN001824; GEN001825; GEN001826; GEN001827; GEN001831; GEN001833; GEN001834; GEN001837; GEN001838; GEN001842; GEN001843; GEN001845; GEN001848; GEN001851; GEN001852; GEN001853; GEN001855; GEN001857; GEN001858; GEN001977; GEN001994; GEN002000; GEN002002; GEN002006; GEN002071; GEN002072; GEN002073; GEN002074; GEN002075; GEN002076; GEN002078; GEN002079; GEN002080; GEN002081; GEN002083; GEN002084; GEN002085; GEN002087; GEN002088; GEN002089; GEN002091; GEN002092; GEN002094; GEN002095; GEN002098; GEN002100; GEN002101; GEN002105; GEN002109; GEN002111; GEN002114; GEN002116; GEN002118; GEN002120; GEN002123; GEN002125; GEN002128; GEN002131; GEN002133; GEN002136; GEN002137; GEN002163; GEN002173; GEN002295; GEN002303,79,base_event_stream,2026-07-28T09:24:54+00:00
计算机网络,通信与网络,traditional,AI应用; 软件研发; 基础设施; 安全,AI应用工程师; 全栈开发工程师; Go开发工程师; 客户端开发工程师; Android开发工程师; 软件架构师; DevOps工程师; 信息安全工程师; 安全工程师; 网络工程师; 服务器工程师,2024-12,2026-07,GEN000874,GEN001760,55,GEN000192; GEN000194; GEN000198; GEN000200; GEN000202; GEN000206; GEN000209; GEN000211; GEN000213; GEN000216; GEN000219; GEN000220; GEN000223; GEN000874; GEN001008; GEN001021; GEN001024; GEN001025; GEN001029; GEN001033; GEN001034; GEN001038; GEN001039; GEN001041; GEN001044; GEN001047; GEN001048; GEN001051; GEN001055; GEN001057; GEN001060; GEN001061; GEN001063; GEN001066; GEN001070; GEN001072; GEN001074; GEN001075; GEN001097; GEN001255; GEN001620; GEN001625; GEN001626; GEN001627; GEN001730; GEN001732; GEN001734; GEN001760; GEN001764; GEN001799; GEN001827; GEN001829; GEN001840; GEN001842; GEN001848,55,base_event_stream,2026-07-28T09:24:54+00:00
计算机视觉,计算机视觉与图形,new,AI算法; 算法; 软件研发; 数据; 测试质量; 技术支持; 自动驾驶; 硬件,大模型算法工程师; AI Agent算法工程师; AIGC算法工程师; 多模态算法工程师; 计算机视觉算法工程师; 广告算法工程师; 风控算法工程师; 机器学习算法工程师; 数据挖掘算法工程师; 算法研究员; 算法工程师; C++开发工程师; 嵌入式软件工程师; 驱动开发工程师; 数据分析师; 测试工程师; 技术支持工程师; 自动驾驶算法工程师; 控制算法工程师; 硬件工程师,2024-12,2026-07,GEN000002,GEN002029,318,GEN000002; GEN000003; GEN000004; GEN000005; GEN000006; GEN000009; GEN000011; GEN000013; GEN000014; GEN000016; GEN000018; GEN000019; GEN000021; GEN000025; GEN000026; GEN000028; GEN000031; GEN000033; GEN000034; GEN000036; GEN000037; GEN000042; GEN000043; GEN000046; GEN000047; GEN000049; GEN000051; GEN000053; GEN000058; GEN000059; GEN000061; GEN000064; GEN000066; GEN000067; GEN000068; GEN000069; GEN000071; GEN000072; GEN000074; GEN000075; GEN000078; GEN000080; GEN000083; GEN000084; GEN000087; GEN000088; GEN000089; GEN000090; GEN000093; GEN000094; GEN000095; GEN000097; GEN000098; GEN000101; GEN000102; GEN000103; GEN000107; GEN000109; GEN000110; GEN000112; GEN000113; GEN000308; GEN000309; GEN000311; GEN000312; GEN000313; GEN000314; GEN000317; GEN000318; GEN000320; GEN000322; GEN000323; GEN000324; GEN000325; GEN000327; GEN000329; GEN000330; GEN000334; GEN000335; GEN000336; GEN000338; GEN000341; GEN000342; GEN000343; GEN000344; GEN000345; GEN000346; GEN000347; GEN000349; GEN000351; GEN000354; GEN000356; GEN000357; GEN000358; GEN000359; GEN000362; GEN000364; GEN000366; GEN000370; GEN000371; GEN000374; GEN000375; GEN000379; GEN000381; GEN000382; GEN000385; GEN000388; GEN000391; GEN000393; GEN000447; GEN000449; GEN000451; GEN000453; GEN000454; GEN000455; GEN000456; GEN000457; GEN000459; GEN000462; GEN000463; GEN000465; GEN000466; GEN000467; GEN000469; GEN000470; GEN000472; GEN000473; GEN000474; GEN000584; GEN000586; GEN000587; GEN000588; GEN000589; GEN000590; GEN000591; GEN000594; GEN000595; GEN000598; GEN000600; GEN000603; GEN000605; GEN000610; GEN000612; GEN000614; GEN000615; GEN000616; GEN000617; GEN000618; GEN000621; GEN000622; GEN000625; GEN000626; GEN000627; GEN000628; GEN000630; GEN000633; GEN000635; GEN000636; GEN000637; GEN000638; GEN000640; GEN000642; GEN000644; GEN000645; GEN000647; GEN000649; GEN000650; GEN000653; GEN000654; GEN000655; GEN000657; GEN000659; GEN000661; GEN000664; GEN000665; GEN000667; GEN000678; GEN000681; GEN000683; GEN000684; GEN000685; GEN000686; GEN000688; GEN000689; GEN000690; GEN000693; GEN000695; GEN000697; GEN000698; GEN000700; GEN000703; GEN000704; GEN000707; GEN000709; GEN000710; GEN000711; GEN000712; GEN000713; GEN000715; GEN000717; GEN000720; GEN000721; GEN000722; GEN000724; GEN000725; GEN000727; GEN000729; GEN000730; GEN000732; GEN000733; GEN000735; GEN000737; GEN000739; GEN000744; GEN000745; GEN000748; GEN000749; GEN000751; GEN000755; GEN000756; GEN000758; GEN000759; GEN000760; GEN000761; GEN000766; GEN000767; GEN000768; GEN000770; GEN000771; GEN000773; GEN000774; GEN000775; GEN000776; GEN000942; GEN000967; GEN001195; GEN001231; GEN001236; GEN001245; GEN001246; GEN001248; GEN001251; GEN001252; GEN001253; GEN001440; GEN001454; GEN001463; GEN001604; GEN001618; GEN001861; GEN001862; GEN001865; GEN001867; GEN001869; GEN001872; GEN001873; GEN001875; GEN001878; GEN001880; GEN001882; GEN001885; GEN001886; GEN001888; GEN001890; GEN001891; GEN001892; GEN001893; GEN001895; GEN001896; GEN001973; GEN001975; GEN001976; GEN001978; GEN001979; GEN001981; GEN001982; GEN001983; GEN001984; GEN001985; GEN001986; GEN001988; GEN001990; GEN001991; GEN001993; GEN001994; GEN001995; GEN001996; GEN001997; GEN001998; GEN002000; GEN002001; GEN002004; GEN002006; GEN002007; GEN002008; GEN002009; GEN002010; GEN002011; GEN002012; GEN002013; GEN002014; GEN002015; GEN002016; GEN002017; GEN002018; GEN002020; GEN002021; GEN002022; GEN002023; GEN002024; GEN002025; GEN002026; GEN002027; GEN002028; GEN002029; GEN002279; GEN002290; GEN002301,318,base_event_stream,2026-07-28T09:24:54+00:00
设备安全,安全,traditional,软件研发; 安全; 通信,iOS开发工程师; 安全工程师; 通信工程师,2025-06,2025-12,GEN001119,GEN002082,3,GEN001119; GEN001778; GEN002082,3,base_event_stream,2026-07-28T09:24:54+00:00
调试工具,软件工程,traditional,数据,数据分析师,2026-06,2026-06,GEN001465,GEN001465,1,GEN001465,1,base_event_stream,2026-07-28T09:24:54+00:00
跨平台开发,软件开发,traditional,软件研发,前端开发工程师; 客户端开发工程师; Android开发工程师; iOS开发工程师; 嵌入式软件工程师,2024-12,2026-07,GEN000817,GEN001140,92,GEN000817; GEN000818; GEN000819; GEN000820; GEN000822; GEN000823; GEN000825; GEN000828; GEN000830; GEN000832; GEN000835; GEN000838; GEN000839; GEN000840; GEN000843; GEN000845; GEN000849; GEN000852; GEN000854; GEN000856; GEN000857; GEN000860; GEN000861; GEN000864; GEN000866; GEN000868; GEN000870; GEN001022; GEN001026; GEN001029; GEN001030; GEN001031; GEN001035; GEN001037; GEN001039; GEN001041; GEN001046; GEN001048; GEN001049; GEN001053; GEN001054; GEN001056; GEN001058; GEN001063; GEN001065; GEN001067; GEN001070; GEN001071; GEN001074; GEN001076; GEN001078; GEN001079; GEN001082; GEN001084; GEN001086; GEN001087; GEN001089; GEN001090; GEN001091; GEN001092; GEN001095; GEN001096; GEN001099; GEN001101; GEN001104; GEN001106; GEN001107; GEN001108; GEN001109; GEN001113; GEN001115; GEN001119; GEN001120; GEN001122; GEN001123; GEN001124; GEN001125; GEN001127; GEN001129; GEN001130; GEN001131; GEN001132; GEN001133; GEN001134; GEN001135; GEN001136; GEN001137; GEN001138; GEN001139; GEN001140; GEN001186; GEN001203,92,base_event_stream,2026-07-28T09:24:54+00:00
软件工程,软件工程,traditional,AI算法; 软件研发; 数据; 基础设施; 机器人; 芯片; 硬件; 产品; AI应用,算法研究员; 嵌入式软件工程师; 软件架构师; 数据平台工程师; DevOps工程师; 服务器工程师; 机器人软件工程师; 芯片设计工程师; 硬件工程师; AI产品经理; 大模型应用工程师,2024-12,2026-07,GEN001255,web_202607_20260730184035726988_job_05e47dfd,25,GEN000682; GEN001184; GEN001186; GEN001206; GEN001209; GEN001255; GEN001260; GEN001418; GEN001620; GEN001622; GEN001851; GEN001856; GEN001971; GEN002121; GEN002283; GEN002286; GEN002304; GEN002306; GEN002307; GEN002310; GEN002312; GEN002313; web_202607_20260730182901742050_job_623c31d9; web_202607_20260730183017711285_job_16a9e0a5; web_202607_20260730184035726988_job_05e47dfd,25,base_event_stream; web_app_review,2026-07-30T10:41:03+00:00
软件开发,软件开发,traditional,AI应用; 软件研发; 测试质量; 基础设施; 安全; 技术支持; 芯片,AI Agent应用工程师; AI应用工程师; 后端开发工程师; 前端开发工程师; 全栈开发工程师; 客户端开发工程师; Android开发工程师; iOS开发工程师; 嵌入式软件工程师; 测试开发工程师; DevOps工程师; 网络安全工程师; 安全工程师; 解决方案工程师; 芯片设计工程师; 芯片测试工程师; 大模型应用工程师,2024-12,2026-07,GEN000153,web_202607_20260730184035726988_job_05e47dfd,240,GEN000153; GEN000156; GEN000159; GEN000160; GEN000161; GEN000164; GEN000165; GEN000166; GEN000169; GEN000171; GEN000172; GEN000175; GEN000177; GEN000178; GEN000180; GEN000182; GEN000184; GEN000185; GEN000188; GEN000189; GEN000191; GEN000192; GEN000193; GEN000195; GEN000198; GEN000200; GEN000202; GEN000204; GEN000206; GEN000207; GEN000208; GEN000210; GEN000211; GEN000214; GEN000215; GEN000217; GEN000218; GEN000220; GEN000222; GEN000779; GEN000781; GEN000782; GEN000783; GEN000784; GEN000785; GEN000786; GEN000789; GEN000790; GEN000792; GEN000796; GEN000798; GEN000800; GEN000801; GEN000802; GEN000805; GEN000808; GEN000811; GEN000814; GEN000817; GEN000818; GEN000819; GEN000821; GEN000822; GEN000823; GEN000826; GEN000827; GEN000829; GEN000831; GEN000833; GEN000835; GEN000836; GEN000837; GEN000839; GEN000842; GEN000845; GEN000846; GEN000849; GEN000850; GEN000851; GEN000853; GEN000857; GEN000858; GEN000861; GEN000863; GEN000864; GEN000866; GEN000868; GEN000869; GEN000874; GEN000876; GEN000877; GEN000879; GEN000881; GEN000882; GEN000883; GEN000885; GEN000886; GEN000888; GEN000889; GEN000893; GEN000896; GEN000898; GEN000900; GEN001022; GEN001025; GEN001029; GEN001030; GEN001033; GEN001035; GEN001038; GEN001039; GEN001041; GEN001045; GEN001047; GEN001048; GEN001051; GEN001054; GEN001057; GEN001058; GEN001061; GEN001065; GEN001066; GEN001069; GEN001070; GEN001074; GEN001075; GEN001078; GEN001079; GEN001081; GEN001082; GEN001084; GEN001086; GEN001087; GEN001089; GEN001090; GEN001091; GEN001092; GEN001094; GEN001095; GEN001096; GEN001099; GEN001100; GEN001101; GEN001103; GEN001105; GEN001106; GEN001110; GEN001111; GEN001114; GEN001117; GEN001118; GEN001121; GEN001122; GEN001123; GEN001124; GEN001126; GEN001129; GEN001130; GEN001131; GEN001133; GEN001134; GEN001135; GEN001136; GEN001138; GEN001139; GEN001140; GEN001182; GEN001207; GEN001532; GEN001533; GEN001534; GEN001536; GEN001539; GEN001541; GEN001542; GEN001546; GEN001547; GEN001551; GEN001554; GEN001557; GEN001558; GEN001559; GEN001561; GEN001564; GEN001566; GEN001569; GEN001572; GEN001575; GEN001577; GEN001579; GEN001582; GEN001584; GEN001586; GEN001589; GEN001626; GEN001702; GEN001709; GEN001723; GEN001761; GEN001763; GEN001766; GEN001767; GEN001769; GEN001770; GEN001771; GEN001772; GEN001773; GEN001774; GEN001777; GEN001778; GEN001780; GEN001782; GEN001784; GEN001785; GEN001786; GEN001789; GEN001790; GEN001792; GEN001793; GEN001794; GEN001795; GEN001903; GEN001904; GEN001905; GEN001915; GEN002125; GEN002176; GEN002177; GEN002178; GEN002179; GEN002180; GEN002181; GEN002182; GEN002183; GEN002184; GEN002185; GEN002186; web_202607_20260730182901742050_job_623c31d9; web_202607_20260730183017711285_job_16a9e0a5; web_202607_20260730184035726988_job_05e47dfd,240,base_event_stream; web_app_review,2026-07-30T10:41:03+00:00
软件测试,软件测试,traditional,软件研发; 测试质量; 安全; 基础设施; 技术支持; 自动驾驶; 通信; 芯片; 硬件,Python开发工程师; 嵌入式软件工程师; 大模型测试工程师; 测试开发工程师; 质量工程师; 测试工程师; 安全工程师; 服务器工程师; 解决方案工程师; 自动驾驶算法工程师; 通信工程师; 芯片测试工程师; 硬件工程师,2024-12,2026-07,GEN001532,GEN002186,99,GEN000985; GEN000993; GEN001200; GEN001496; GEN001532; GEN001533; GEN001535; GEN001537; GEN001538; GEN001539; GEN001543; GEN001544; GEN001546; GEN001548; GEN001549; GEN001550; GEN001552; GEN001556; GEN001557; GEN001559; GEN001561; GEN001563; GEN001566; GEN001567; GEN001570; GEN001572; GEN001573; GEN001575; GEN001576; GEN001578; GEN001581; GEN001583; GEN001585; GEN001586; GEN001589; GEN001590; GEN001591; GEN001592; GEN001594; GEN001595; GEN001596; GEN001597; GEN001600; GEN001601; GEN001602; GEN001603; GEN001605; GEN001606; GEN001608; GEN001610; GEN001611; GEN001612; GEN001614; GEN001616; GEN001617; GEN001619; GEN001787; GEN001820; GEN001821; GEN001822; GEN001823; GEN001824; GEN001825; GEN001826; GEN001827; GEN001828; GEN001829; GEN001832; GEN001833; GEN001835; GEN001836; GEN001837; GEN001838; GEN001839; GEN001840; GEN001841; GEN001844; GEN001846; GEN001847; GEN001848; GEN001849; GEN001850; GEN001852; GEN001853; GEN001854; GEN001855; GEN001856; GEN001858; GEN001897; GEN001899; GEN001902; GEN001993; GEN002005; GEN002079; GEN002177; GEN002186; GEN002268; GEN002284; GEN002292,99,base_event_stream,2026-07-28T09:24:54+00:00
软硬件协同,硬件与芯片,traditional,测试质量; 基础设施; 自动驾驶; 通信; 硬件,质量工程师; 服务器工程师; 自动驾驶算法工程师; 通信工程师; 硬件工程师,2024-12,2026-07,GEN001590,GEN001859,6,GEN001590; GEN001840; GEN001859; GEN001991; GEN002077; GEN002283,6,base_event_stream,2026-07-28T09:24:54+00:00
通信技术,通信与网络,traditional,软件研发; 测试质量; 通信; 芯片; 硬件,Python开发工程师; Android开发工程师; 嵌入式软件工程师; 驱动开发工程师; 测试工程师; 通信工程师; 芯片设计工程师; 芯片验证工程师; 电源工程师; 硬件工程师,2024-12,2026-07,GEN002073,GEN002218,83,GEN000996; GEN001080; GEN001185; GEN001203; GEN001227; GEN001239; GEN001242; GEN001603; GEN001605; GEN001607; GEN001609; GEN001610; GEN001612; GEN001614; GEN001616; GEN001618; GEN002073; GEN002074; GEN002075; GEN002076; GEN002077; GEN002078; GEN002080; GEN002081; GEN002083; GEN002085; GEN002088; GEN002090; GEN002091; GEN002092; GEN002093; GEN002095; GEN002098; GEN002099; GEN002103; GEN002106; GEN002107; GEN002111; GEN002112; GEN002113; GEN002118; GEN002119; GEN002120; GEN002125; GEN002129; GEN002130; GEN002134; GEN002135; GEN002137; GEN002138; GEN002141; GEN002142; GEN002143; GEN002144; GEN002145; GEN002146; GEN002147; GEN002148; GEN002149; GEN002151; GEN002152; GEN002154; GEN002155; GEN002156; GEN002158; GEN002161; GEN002162; GEN002165; GEN002166; GEN002168; GEN002170; GEN002171; GEN002172; GEN002173; GEN002175; GEN002187; GEN002192; GEN002193; GEN002196; GEN002218; GEN002276; GEN002297; GEN002299,83,base_event_stream,2026-07-28T09:24:54+00:00
音视频技术,音视频技术,traditional,AI算法; 硬件; 产品,语音算法工程师; 结构工程师; 硬件工程师; AI产品经理,2024-12,2026-07,GEN000476,GEN002240,47,GEN000476; GEN000477; GEN000479; GEN000480; GEN000481; GEN000482; GEN000483; GEN000484; GEN000486; GEN000489; GEN000490; GEN000493; GEN000494; GEN000497; GEN000498; GEN000501; GEN000502; GEN000503; GEN000506; GEN000508; GEN000509; GEN000513; GEN000514; GEN002220; GEN002221; GEN002222; GEN002223; GEN002224; GEN002225; GEN002227; GEN002228; GEN002229; GEN002230; GEN002231; GEN002232; GEN002233; GEN002234; GEN002235; GEN002237; GEN002238; GEN002239; GEN002240; GEN002268; GEN002271; GEN002280; GEN002286; GEN002309,47,base_event_stream,2026-07-28T09:24:54+00:00
高性能计算,硬件与芯片,new,AI算法; 算法; 软件研发; 多媒体; 硬件,语音算法工程师; 推荐算法工程师; 广告算法工程师; C++开发工程师; 驱动开发工程师; 图形图像工程师; 硬件工程师,2024-12,2026-07,GEN002030,GEN002054,35,GEN000509; GEN000525; GEN000609; GEN000950; GEN000951; GEN000963; GEN001235; GEN002030; GEN002031; GEN002032; GEN002033; GEN002034; GEN002035; GEN002036; GEN002038; GEN002039; GEN002040; GEN002041; GEN002042; GEN002043; GEN002044; GEN002045; GEN002046; GEN002047; GEN002049; GEN002050; GEN002051; GEN002052; GEN002053; GEN002054; GEN002269; GEN002280; GEN002291; GEN002296; GEN002297,35,base_event_stream,2026-07-28T09:24:54+00:00
高性能通信,通信与网络,traditional,AI算法; 软件研发; 基础设施; 通信,算法研究员; C++开发工程师; Python开发工程师; 网络工程师; 服务器工程师; 通信工程师,2025-02,2026-05,GEN000978,GEN000970,8,GEN000693; GEN000941; GEN000970; GEN000978; GEN000998; GEN001806; GEN001830; GEN002079,8,base_event_stream,2026-07-28T09:24:54+00:00
高速接口,硬件与芯片,traditional,测试质量; 通信; 硬件,测试工程师; 通信工程师; 电源工程师; 硬件工程师,2024-12,2026-06,GEN002187,GEN002215,13,GEN001613; GEN002077; GEN002083; GEN002086; GEN002187; GEN002189; GEN002192; GEN002195; GEN002199; GEN002201; GEN002213; GEN002215; GEN002270,13,base_event_stream,2026-07-28T09:24:54+00:00
